year,country,2_letter_code,unit,Exports of goods and services,Imports of goods and services,trade_balance,coverage_ratio,total_trade,total_exports_yoy,total_imports_yoy,%_Export_UE,%_Import_UE,%_total_trade_UE
1995,Albania,AL,CP_EUR,272100000.0,618100000.0,-346000000.0,0.4402200291215014,890200000.0,,,0.0001515271835089419,0.00034420783582093706,0.0004957350193298789
1996,Albania,AL,CP_EUR,292900000.0,838700000.0,-545800000.0,0.34923095266483845,1131600000.0,0.0764424843807423,0.3569001779647307,0.0001539313483003935,0.00044077235172256744,0.000594703700022961
1997,Albania,AL,CP_EUR,200600000.0,693100000.0,-492500000.0,0.2894243254941567,893700000.0,-0.31512461590986685,-0.17360200310003582,9.502707134619253e-05,0.00032833132178487556,0.0004233583931310681
1998,Albania,AL,CP_EUR,261700000.0,836700000.0,-575000000.0,0.3127763834110195,1098400000.0,0.3045862412761715,0.20718511037368348,0.00011662500861763891,0.0003728702510904795,0.0004894952597081183
1999,Albania,AL,CP_EUR,508400000.0,1031400000.0000001,-523000000.0000001,0.49292224161334103,1539800000.0,0.9426824608330149,0.23269989243456446,0.0002144612250182096,0.0004350812499680987,0.0006495424749863082
2000,Albania,AL,CP_EUR,760400000.0,1638400000.0,-878000000.0,0.464111328125,2398800000.0,0.49567269866247043,0.5885204576304051,0.0002711009908948001,0.0005841292260416104,0.0008552302169364105
2001,Albania,AL,CP_EUR,935600000.0,1980500000.0,-1044900000.0,0.4724059580913911,2916100000.0,0.23040504997369804,0.20880126953125,0.000318782352268946,0.0006748059519758953,0.0009935883042448412
2002,Albania,AL,CP_EUR,966100000.0,2194500000.0,-1228400000.0,0.4402369560264297,3160600000.0,0.03259940145361262,0.10805352183791972,0.00032327482720389964,0.000734320058274462,0.0010575948854783617
2003,Albania,AL,CP_EUR,1027500000.0,2275700000.0,-1248200000.0,0.45150942567122204,3303200000.0,0.06355449746403075,0.03700159489633181,0.0003427449255237793,0.0007591091260481407,0.00110185405157192
2004,Albania,AL,CP_EUR,1283700000.0,2590200000.0,-1306500000.0,0.49559879545981006,3873900000.0,0.24934306569343057,0.1381992354000967,0.00039121635922542393,0.0007893811744688736,0.0011805975336942975
2005,Albania,AL,CP_EUR,1490200000.0,3099000000.0,-1608800000.0,0.480864795095192,4589200000.0,0.1608631300148009,0.19643270789900402,0.00041852529682380246,0.000870359612707666,0.0012888849095314685
2006,Albania,AL,CP_EUR,1787600000.0,3478600000.0,-1691000000.0,0.5138848962226183,5266200000.0,0.19957052744598047,0.12249112616973212,0.0004493873251406039,0.0008744902378798974,0.0013238775630205013
2007,Albania,AL,CP_EUR,2206100000.0,4291800000.0,-2085700000.0,0.514026748683536,6497900000.0,0.2341127769075857,0.23377220720979697,0.0005085956374431701,0.000989434185566655,0.001498029823009825
2008,Albania,AL,CP_EUR,2226700000.0,4589300000.0,-2362600000.0,0.48519382040834114,6816000000.0,0.009337745342459458,0.06931823477328858,0.0004928692988178883,0.00101581940677457,0.0015086887055924584
2009,Albania,AL,CP_EUR,2186400000.0,4318500000.0,-2132100000.0,0.5062869051754081,6504900000.0,-0.01809853145910989,-0.0590068202122328,0.0005741699470562997,0.0011340801849444887,0.0017082501320007885
2010,Albania,AL,CP_EUR,2517200000.0,4369100000.0,-1851900000.0,0.5761369618456891,6886300000.0,0.15129893889498724,0.01171703137663549,0.000574095899878332,0.0009964573320190768,0.0015705532318974085
2011,Albania,AL,CP_EUR,2710200000.0,4817400000.0,-2107200000.0,0.5625856271017561,7527600000.0,0.07667249324646441,0.10260694422192218,0.0005595825203037586,0.000994661956059083,0.0015542444763628417
2012,Albania,AL,CP_EUR,2773900000.0,4560200000.0,-1786300000.0,0.608284724354195,7334100000.0,0.023503800457530755,-0.05338979532527921,0.0005497236855184957,0.0009037275859625236,0.0014534512714810192
2013,Albania,AL,CP_EUR,2783300000.0,4519800000.0,-1736500000.0,0.6158015841408911,7303100000.0,0.003388730668012485,-0.008859260558747417,0.0005420289686859428,0.0008802006728224498,0.0014222296415083925
2014,Albania,AL,CP_EUR,2812400000.0,4704700000.0,-1892300000.0,0.5977851935298744,7517100000.0,0.010455215032515452,0.04090888977388385,0.0005276890394761086,0.0008827402304164585,0.0014104292698925672
2015,Albania,AL,CP_EUR,2798800000.0,4571000000.0,-1772200000.0,0.6122949026471232,7369800000.0,-0.004835727492533026,-0.028418390120517834,0.0004915414753311442,0.0008027855094106975,0.0012943269847418416
2016,Albania,AL,CP_EUR,3106400000.0,4913100000.0,-1806700000.0,0.632268832305469,8019500000.0,0.1099042446762899,0.07484139138044199,0.0005354178641349937,0.0008468199550224174,0.001382237819157411
2017,Albania,AL,CP_EUR,3649200000.0,5389300000.0,-1740100000.0,0.677119477483161,9038500000.0,0.17473602884367767,0.09692454865563493,0.0005833375135032276,0.000861498646695973,0.0014448361601992006
2018,Albania,AL,CP_EUR,4050100000.0,5802900000.0,-1752800000.0,0.6979441313825846,9853000000.0,0.10985969527567696,0.07674466071660513,0.0006154714175064592,0.0008818347913997759,0.001497306208906235
2019,Albania,AL,CP_EUR,4305700000.0,6185900000.0,-1880200000.0,0.6960506959375353,10491600000.0,0.06310955285054698,0.0660014820176118,0.0006272367990886981,0.0009011366596564502,0.0015283734587451482
2020,Albania,AL,CP_EUR,3015800000.0,4947700000.0,-1931900000.0,0.6095357438809952,7963500000.0,-0.2995796270060618,-0.20016489112336122,0.000484442571299343,0.0007947730320371905,0.0012792156033365335
2021,Albania,AL,CP_EUR,4745600000.0,6776700000.0,-2031100000.0,0.7002818480971564,11522300000.0,0.5735791498109954,0.3696667138266265,0.0006452810181429264,0.0009214590095349734,0.0015667400276779
2022,Albania,AL,CP_EUR,6720800000.0,8582500000.0,-1861700000.0,0.7830818526070492,15303300000.0,0.41621712744436956,0.26647188159428636,0.0007515744421076716,0.0009597648567713801,0.0017113392988790516
2023,Albania,AL,CP_EUR,8348600000.0,9547000000.0,-1198400000.0,0.8744736566460668,17895600000.0,0.24220330912986543,0.11237984270317503,0.0009347154244637618,0.00106888917391605,0.002003604598379812
2024,Albania,AL,CP_EUR,9071500000.0,10792700000.0,-1721200000.0,0.8405218342027482,19864200000.0,0.086589368277316,0.13048077930239876,0.000999741884421815,0.0011894299990078073,0.0021891718834296226
1995,Austria,AT,CP_EUR,61818800000.0,64013100000.0,-2194300000.0,0.965721078966649,125831900000.0,,,0.03442568413047621,0.035647647007262945,0.07007333113773916
1996,Austria,AT,CP_EUR,64035200000.0,66998899999.99999,-2963699999.9999924,0.955764945394626,131034100000.0,0.035853170880055796,0.04664357764270122,0.03365320817577793,0.03521075797761431,0.06886396615339224
1997,Austria,AT,CP_EUR,69558600000.0,71083100000.0,-1524500000.0,0.9785532707493061,140641700000.0,0.08625568437359443,0.06095920977807112,0.03295089753211001,0.033673074851488224,0.06662397238359823
1998,Austria,AT,CP_EUR,74789000000.0,75228000000.0,-439000000.0,0.9941644068697826,150017000000.0,0.07519415284378916,0.05831062516969565,0.033329261633567434,0.0335248993056467,0.06685416093921413
1999,Austria,AT,CP_EUR,80229600000.0,79304200000.0,925400000.0,1.0116689910496544,159533800000.0,0.07274599205765564,0.054184612112511354,0.033843702397169446,0.03345333572204779,0.06729703811921724
2000,Austria,AT,CP_EUR,92590400000.0,89745100000.0,2845300000.0,1.0317042378915395,182335500000.0,0.15406782534127061,0.13165633093833629,0.03301071697441597,0.031996298708512526,0.06500701568292849
2001,Austria,AT,CP_EUR,98392900000.0,94647400000.0,3745500000.0,1.039573194826271,193040300000.0,0.06266848398970093,0.054624709315606035,0.03352492529773747,0.03224873964102163,0.06577366493875911
2002,Austria,AT,CP_EUR,102755000000.0,94387100000.0,8367900000.0,1.0886551234225863,197142100000.0,0.0443334834119129,-0.002750207612676081,0.034383712730914714,0.03158365949982113,0.06596737223073584
2003,Austria,AT,CP_EUR,103342100000.0,96957900000.0,6384200000.0,1.0658450729646578,200300000000.0,0.0057135905795338005,0.027236772821709776,0.03447200035812258,0.03234241188753483,0.06681441224565741
2004,Austria,AT,CP_EUR,113581900000.0,106451800000.0,7130100000.0,1.0669796095509894,220033700000.0,0.09908643234461079,0.09791775605701036,0.034614861254114025,0.03244191448858221,0.06705677574269624
2005,Austria,AT,CP_EUR,123530600000.0,115385800000.0,8144800000.0,1.0705875419679025,238916400000.0,0.08759054039420011,0.08392530704036938,0.03469378676138935,0.03240630532428661,0.06710009208567597
2006,Austria,AT,CP_EUR,136166400000.0,126538100000.0,9628300000.0,1.0760901262149503,262704500000.0,0.10228882560272523,0.09665227436998314,0.034231066385111614,0.03181059425339799,0.06604166063850961
2007,Austria,AT,CP_EUR,149261300000.0,136799000000.0,12462300000.0,1.0910993501414483,286060300000.0,0.09616836458920841,0.0810894110153384,0.03441079099727856,0.03153772476614307,0.06594851576342163
2008,Austria,AT,CP_EUR,156424900000.0,143428700000.0,12996200000.0,1.0906108749504109,299853600000.0,0.04799368624017086,0.048463073560479186,0.034623896699446856,0.03174725054985461,0.06637114724930147
2009,Austria,AT,CP_EUR,130217300000.0,120560300000.0,9657000000.0,1.080100995103695,250777600000.0,-0.1675411011929686,-0.15944089293147046,0.03419633198262637,0.03166030967256294,0.06585664165518931
2010,Austria,AT,CP_EUR,151683000000.0,141323400000.0,10359600000.0,1.0733042086448528,293006400000.0,0.16484522409848767,0.17222170150538774,0.034594227070254654,0.03223152093471534,0.06682574800496999
2011,Austria,AT,CP_EUR,167310300000.0,158653700000.0,8656600000.0,1.0545628623851824,325964000000.0,0.10302604774430879,0.1226286658826492,0.03454502226654046,0.03275767002491197,0.06730269229145243
2012,Austria,AT,CP_EUR,171988800000.0,163092000000.0,8896800000.0,1.0545508056802295,335080800000.0,0.027963012438564805,0.027974765164632043,0.03408425574242167,0.03232111298842154,0.0664053687308432
2013,Austria,AT,CP_EUR,173089600000.0,164114700000.0,8974900000.0,1.0546867526187478,337204300000.0,0.006400416771324746,0.006270693841512687,0.033708036280049716,0.03196023482456182,0.06566827110461153
2014,Austria,AT,CP_EUR,177786400000.0,167171400000.0,10615000000.0,1.0634977035545554,344957800000.0,0.027135079172867727,0.01862538821933679,0.033357962824603626,0.03136627630986927,0.0647242391344729
2015,Austria,AT,CP_EUR,182659000000.0,170089300000.0,12569700000.0,1.073900592218323,352748300000.0,0.02740704575828068,0.017454540669037844,0.03207963210751446,0.029872068550822348,0.06195170065833681
2016,Austria,AT,CP_EUR,187305600000.0,173956400000.0,13349200000.0,1.0767387690248822,361262000000.0,0.02543865892181607,0.022735704127184952,0.032283918456259164,0.02998305567235791,0.06226697412861708
2017,Austria,AT,CP_EUR,199536700000.0,188165300000.0,11371400000.0,1.0604330341460408,387702000000.0,0.06530023661865947,0.08168081197357502,0.031896646506258765,0.030078888038361524,0.061975534544620285
2018,Austria,AT,CP_EUR,213470100000.0,201871500000.0,11598600000.0,1.0574553614551832,415341600000.0,0.06982875831864521,0.07284127307213395,0.032439876803596356,0.030677301365189792,0.06311717816878615
2019,Austria,AT,CP_EUR,221183500000.0,207000100000.0,14183400000.0,1.068518807478837,428183600000.0,0.036133397604629414,0.025405270184250872,0.032221109355327834,0.03015492954340535,0.06237603889873318
2020,Austria,AT,CP_EUR,196484000000.0,183637000000.0,12847000000.0,1.0699586684600597,380121000000.0,-0.11166972219898863,-0.11286516286707104,0.03156217725949337,0.029498501381291016,0.06106067864078439
2021,Austria,AT,CP_EUR,227302500000.0,223748200000.0,3554300000.0,1.0158852674569,451050700000.0,0.15684992162211686,0.2184265698089165,0.030907364427350082,0.03042406993923785,0.06133143436658793
2022,Austria,AT,CP_EUR,276043400000.0,279301200000.0,-3257800000.0,0.9883358897133274,555344600000.0,0.21443186942510528,0.24828356161077503,0.03086941500305095,0.031233728658791097,0.062103143661842046
2023,Austria,AT,CP_EUR,279471600000.0,270772000000.0,8699600000.0,1.0321288759546778,550243600000.0,0.01241906164030726,-0.030537641800321702,0.031289846826961,0.030315833183156664,0.06160568001011767
2024,Austria,AT,CP_EUR,275099500000.0,262595099999.99997,12504400000.00003,1.047618558000511,537694600000.0,-0.015644165632572316,-0.030198469561106833,0.03031786281579663,0.028939791667743478,0.05925765448354011
2025,Austria,AT,CP_EUR,280518700000.0,268292900000.00003,12225799999.99997,1.0455688540397452,548811600000.0,0.01969905434215624,0.021698043870582717,0.030073536097217603,0.028762846158837875,0.058836382256055475
1995,Belgium,BE,CP_EUR,132402799999.99998,123922700000.0,8480099999.999985,1.0684305619551542,256325500000.0,,,0.07373253720212322,0.0690101348909355,0.14274267209305874
1996,Belgium,BE,CP_EUR,134602000000.0,127624700000.0,6977300000.0,1.054670451722903,262226700000.0,0.016609920636119657,0.029873461440075078,0.07073904863069158,0.06707218213531317,0.13781123076600474
1997,Belgium,BE,CP_EUR,144495300000.0,135832200000.00002,8663099999.999985,1.0637779554479718,280327500000.0,0.07350039375343598,0.06430965165833902,0.06844947747901044,0.06434564387093865,0.13279512134994909
1998,Belgium,BE,CP_EUR,148252800000.0,139844900000.0,8407900000.0,1.0601230363066512,288097700000.0,0.02600430602241044,0.02954159617528096,0.06606795597091746,0.062321026624504595,0.12838898259542206
1999,Belgium,BE,CP_EUR,156441200000.0,146855200000.0,9586000000.0,1.0652751826288753,303296400000.0,0.055232683632282065,0.05012910731817888,0.06599246930629175,0.06194875313197123,0.12794122243826297
2000,Belgium,BE,CP_EUR,185994400000.0,178650100000.0,7344300000.0,1.041109968592237,364644500000.0,0.18890931544887146,0.21650510162391257,0.06631150202641217,0.06369308144852069,0.13000458347493285
2001,Belgium,BE,CP_EUR,189295400000.0,179654900000.0,9640500000.0,1.0536612138049115,368950300000.0,0.017747846171712656,0.005624402113404869,0.06449768371707038,0.06121292391902765,0.125710607636098
2002,Belgium,BE,CP_EUR,193550700000.0,178310000000.0,15240700000.0,1.0854730525489316,371860700000.0,0.022479679907699834,-0.007486019028704494,0.06476562374256684,0.059665805236235735,0.12443142897880256
2003,Belgium,BE,CP_EUR,194130800000.0,179065600000.0,15065200000.0,1.0841322956503092,373196400000.0,0.0029971475174204176,0.004237563793393573,0.06475654169135932,0.05973121726118818,0.12448775895254749
2004,Belgium,BE,CP_EUR,210463800000.0,195937000000.0,14526800000.0,1.0741401572954572,406400800000.0,0.08413399625407192,0.09421910182636983,0.06414028323186709,0.05971314152648741,0.1238534247583545
2005,Belgium,BE,CP_EUR,230304700000.0,217789700000.0,12515000000.0,1.0574636908907997,448094400000.0,0.09427226915032416,0.11152921602351773,0.06468148096055347,0.061166621149957655,0.12584810211051112
2006,Belgium,BE,CP_EUR,249732600000.0,236588400000.0,13144200000.0,1.0555572462555223,486321000000.0,0.08435737525113463,0.08631583587286262,0.06278063611233406,0.05947629684229987,0.12225693295463393
2007,Belgium,BE,CP_EUR,269059800000.0,254850600000.0,14209200000.0,1.0557550188227927,523910400000.0,0.0773915780318628,0.07718975232936187,0.062029210140669894,0.0587534125197291,0.12078262266039899
2008,Belgium,BE,CP_EUR,284492000000.0,282125500000.0,2366500000.0,1.0083881109648012,566617500000.0,0.05735602271316642,0.1070230950996387,0.06297093122526551,0.06244711787113045,0.12541804909639595
2009,Belgium,BE,CP_EUR,238532500000.0,231390900000.0,7141600000.0,1.0308637893711463,469923400000.0,-0.1615493581541836,-0.17982989839628105,0.062640959063395,0.06076550530658138,0.12340646436997638
2010,Belgium,BE,CP_EUR,275440500000.0,270013599999.99997,5426900000.0000305,1.0200986172548347,545454100000.0,0.15472943938457018,0.1669153799911749,0.06281950647959546,0.06158179750174318,0.12440130398133864
2011,Belgium,BE,CP_EUR,304024100000.0,304867900000.0,-843800000.0,0.9972322438669339,608892000000.0,0.10377413633797494,0.1290834980163964,0.06277270021071579,0.06294692193997278,0.12571962215068858
2012,Belgium,BE,CP_EUR,310537900000.0,311644900000.0,-1107000000.0,0.9964478802637232,622182800000.0,0.021425275167330504,0.0222292999689373,0.06154152596747326,0.0617609081080944,0.12330243407556765
2013,Belgium,BE,CP_EUR,311397300000.0,310413900000.0,983400000.0,1.003168028235849,621811200000.0,0.0027674560818502503,-0.003950008487223711,0.06064253130118462,0.06045102076052937,0.12109355206171399
2014,Belgium,BE,CP_EUR,321522800000.0,320626100000.0,896700000.0,1.0027967155512294,642148900000.0,0.03251633845251711,0.03289865563365568,0.06032714318790676,0.060158895868287134,0.12048603905619389
2015,Belgium,BE,CP_EUR,323611600000.0,320757700000.0,2853900000.0,1.0088973701956336,644369300000.0,0.006496584379086068,0.0004104469349188733,0.05683454455419183,0.056333326097550575,0.11316787065174241
2016,Belgium,BE,CP_EUR,341137500000.0,340372400000.0,765100000.0,1.002247832080392,681509900000.0,0.054157205736753644,0.06115114305907543,0.05879832334095783,0.05866645101033406,0.11746477435129189
2017,Belgium,BE,CP_EUR,369998500000.0,370066200000.0,-67700000.0,0.9998170597584972,740064700000.0,0.08460224982595,0.08723915335085919,0.059145567518887415,0.05915638960308783,0.11830195712197525
2018,Belgium,BE,CP_EUR,383597800000.0,389624400000.0,-6026600000.0,0.9845322828857741,773222200000.0,0.0367550138716779,0.05285054403779643,0.05829324750459476,0.05920907675442672,0.11750232425902148
2019,Belgium,BE,CP_EUR,397783100000.0,395532700000.0,2250400000.0,1.0056895422300103,793315800000.0,0.03697961771417879,0.015164091365941212,0.057947418160944675,0.057619589075623076,0.11556700723656775
2020,Belgium,BE,CP_EUR,367276200000.0,360581400000.0,6694800000.0,1.0185666814760828,727857600000.0,-0.07669229788796961,-0.08836513390675416,0.05899735615924523,0.05792193798617843,0.11691929414542365
2021,Belgium,BE,CP_EUR,453546700000.0,444089500000.0,9457200000.0,1.02129570728423,897636200000.0,0.23489270472739587,0.23159292187561542,0.06167082694524706,0.060384888045048705,0.12205571499029577
2022,Belgium,BE,CP_EUR,529995699999.99994,543109699999.99994,-13114000000.0,0.9758538652504273,1073105399999.9999,0.16855816611608,0.2229735222291902,0.05926842378094346,0.06073493777240281,0.12000336155334627
2023,Belgium,BE,CP_EUR,498425500000.0,500597300000.0,-2171800000.0,0.9956615826733384,999022800000.0,-0.05956689837294893,-0.0782758989574297,0.05580408724768976,0.05604724358035037,0.11185133082804012
2024,Belgium,BE,CP_EUR,491708500000.0,494100800000.0,-2392300000.0,0.9951582753964373,985809300000.0,-0.013476437301061073,-0.012977497081985812,0.0541896690047097,0.054453316969225195,0.1086429859739349
2025,Belgium,BE,CP_EUR,482780100000.0,495706700000.0,-12926600000.0,0.9739228862551182,978486800000.0,-0.018157912665735854,0.0032501465288055087,0.05175735080894188,0.053143171332544384,0.10490052214148626
2000,Bosnia and Herzegovina,BA,CP_EUR,1322500000.0,3835900000.0,-2513400000.0,0.34476915456607315,5158400000.0,,,0.0004715032357422056,0.001367591124373177,0.0018390943601153827
2001,Bosnia and Herzegovina,BA,CP_EUR,1430500000.0,4146500000.0,-2716000000.0,0.3449897503918968,5577000000.0,0.081663516068053,0.08097187100810754,0.00048740717712775466,0.0014128163998323906,0.0019002235769601452
2002,Bosnia and Herzegovina,BA,CP_EUR,1367300000.0,4261000000.0,-2893700000.0,0.3208871157005398,5628300000.0,-0.04418035651869978,0.027613650066320883,0.00045752372553140664,0.00142580896254613,0.0018833326880775367
2003,Bosnia and Herzegovina,BA,CP_EUR,1550300000.0,4516800000.0,-2966500000.0,0.34322972015586256,6067100000.0,0.13384041541724567,0.06003285613705711,0.0005171362122039076,0.0015066766711492032,0.002023812883353111
2004,Bosnia and Herzegovina,BA,CP_EUR,1843400000.0,4848600000.0,-3005200000.0,0.3801922204347647,6692000000.0,0.1890601819002773,0.07345908607863971,0.0005617887641942405,0.0014776440284648986,0.002039432792659139
2005,Bosnia and Herzegovina,BA,CP_EUR,2194400000.0,5418200000.0,-3223800000.0,0.40500535233103246,7612600000.0,0.1904090267983074,0.11747720991626442,0.0006163011081399491,0.001521711020836617,0.002138012128976566
2006,Bosnia and Herzegovina,BA,CP_EUR,2692800000.0,5493800000.0,-2801000000.0,0.4901525355855692,8186600000.0,0.22712358731316074,0.013952973312170158,0.0006769468500439796,0.0013810942531088887,0.0020580411031528682
2007,Bosnia and Herzegovina,BA,CP_EUR,3124400000.0,6507900000.0,-3383500000.0,0.4800934249143349,9632300000.0,0.16027926322043973,0.18458990134333253,0.0007203010786580121,0.0015003352290994998,0.002220636307757512
2008,Bosnia and Herzegovina,BA,CP_EUR,3503100000.0,7739300000.0,-4236200000.0,0.45263783546315556,11242400000.0,0.12120727179618496,0.18921618340785806,0.0007753942788381663,0.00171305670469362,0.002488450983531786
2009,Bosnia and Herzegovina,BA,CP_EUR,3171000000.0,6179600000.0,-3008600000.0,0.5131400090620752,9350600000.0,-0.09480174702406441,-0.20152985412117375,0.0008327355022482283,0.0016228231818647592,0.0024555586841129877
2010,Bosnia and Herzegovina,BA,CP_EUR,3851200000.0,6649500000.0,-2798300000.0,0.5791713662681405,10500700000.0,0.21450646483759073,0.0760405204220338,0.0008783402707815953,0.001516546435023426,0.0023948867058050213
2011,Bosnia and Herzegovina,BA,CP_EUR,4296600000.0,7483900000.0,-3187300000.0,0.5741124280121327,11780500000.0,0.11565226422933117,0.12548311903150622,0.0008871309337824254,0.0015452216160066782,0.0024323525497891036
2012,Bosnia and Herzegovina,BA,CP_EUR,4337400000.0,7480600000.0,-3143200000.0,0.579819800550758,11818000000.0,0.009495880463622486,-0.0004409465652934763,0.0008595737097833099,0.0014824842286634914,0.0023420579384468014
2013,Bosnia and Herzegovina,BA,CP_EUR,4620000000.0,7419300000.0,-2799300000.0,0.6227002547410133,12039300000.0,0.06515423986720159,-0.008194529850546695,0.0008997139493870786,0.0014448588105384313,0.0023445727599255097
2014,Bosnia and Herzegovina,BA,CP_EUR,4754500000.0,7912200000.0,-3157700000.0,0.6009074593665479,12666700000.0,0.02911255411255409,0.06643483886620039,0.0008920841765713122,0.0014845616619765562,0.002376645838547868
2015,Bosnia and Herzegovina,BA,CP_EUR,5193900000.0,7865500000.0,-2671600000.0,0.6603394571228784,13059400000.0,0.09241770953833206,-0.005902277495513308,0.0009121828171796591,0.001381384691373844,0.002293567508553503
2016,Bosnia and Herzegovina,BA,CP_EUR,5556600000.0,8098500000.0,-2541900000.0,0.6861270605667716,13655100000.0,0.06983191821174839,0.02962303731485605,0.0009577333581806934,0.0013958542276259484,0.0023535875858066418
2017,Bosnia and Herzegovina,BA,CP_EUR,6556900000.0,9158100000.0,-2601200000.0,0.7159672857907208,15715000000.0,0.1800201562106325,0.13083904426745696,0.0010481436321082191,0.0014639546427748296,0.0025120982748830486
2018,Bosnia and Herzegovina,BA,CP_EUR,7286100000.0,9796000000.0,-2509900000.0,0.7437831768068599,17082100000.0,0.11121109060684176,0.06965418591192507,0.0011072285363555993,0.0014886442324617353,0.002595872768817335
2019,Bosnia and Herzegovina,BA,CP_EUR,7325900000.0,9967200000.0,-2641300000.0,0.735000802632635,17293100000.0,0.005462455909196917,0.017476521028991332,0.001067207205900061,0.0014519810074730872,0.0025191882133731485
2020,Bosnia and Herzegovina,BA,CP_EUR,6142100000.0,8510400000.0,-2368300000.0,0.721716958074826,14652500000.0,-0.16159106730913608,-0.14615940284131956,0.0009866352931818074,0.0013670668011094664,0.0023537020942912736
2021,Bosnia and Herzegovina,BA,CP_EUR,8570799999.999999,10791200000.0,-2220400000.000001,0.7942397509081472,19362000000.0,0.39541850507155507,0.2680015040421131,0.0011654110229053004,0.0014673290043374808,0.002632740027242781
2022,Bosnia and Herzegovina,BA,CP_EUR,11267200000.0,14437200000.0,-3170000000.0,0.7804283379048569,25704400000.0,0.31460307089186546,0.3378678923567351,0.0012599898158129326,0.0016144849624444822,0.002874474778257415
2023,Bosnia and Herzegovina,BA,CP_EUR,11213000000.0,14217100000.0,-3004100000.0,0.7886981170562211,25430100000.0,-0.00481042317523428,-0.015245338431274735,0.0012554157648602354,0.0015917570204757381,0.0028471727853359736
2024,Bosnia and Herzegovina,BA,CP_EUR,11186300000.0,14856600000.0,-3670300000.0,0.752951550152794,26042900000.0,-0.0023811647195219887,0.04498104395411162,0.0012328074344604256,0.0016372998159181105,0.002870107250378536
1995,Bulgaria,BG,CP_EUR,4695200000.0,3328100000.0,1367100000.0,1.410774916619092,8023300000.0,,,0.0026146653142638146,0.001853353985432229,0.004468019299696043
1996,Bulgaria,BG,CP_EUR,4766200000.0,3668100000.0,1098100000.0,1.2993647937624384,8434300000.0,0.015121826546260042,0.10216039181514969,0.0025048398506976287,0.001927741818711756,0.004432581669409384
1997,Bulgaria,BG,CP_EUR,4989700000.0,3712600000.0,1277100000.0,1.3439907342563164,8702300000.0,0.046892702782090456,0.012131621275319748,0.002363691814038369,0.001758711391225695,0.004122403205264064
1998,Bulgaria,BG,CP_EUR,5635800000.0,4717100000.0,918700000.0,1.1947594920608,10352900000.0,0.12948674268994131,0.2705651026234983,0.0025115598913538,0.0021021468404671933,0.004613706731820993
1999,Bulgaria,BG,CP_EUR,5473800000.0,6059600000.0,-585800000.0,0.9033269522740774,11533400000.0,-0.0287448099648675,0.28460282800873427,0.0023090437716457033,0.0025561550730140497,0.004865198844659753
2000,Bulgaria,BG,CP_EUR,5230000000.0,5996500000.0,-766500000.0,0.872175435670808,11226500000.0,-0.04453944243487162,-0.010413228595946955,0.0018646214918198378,0.002137897280248118,0.004002518772067956
2001,Bulgaria,BG,CP_EUR,5548000000.0,7030100000.0,-1482100000.0,0.7891779633291134,12578100000.0,0.060803059273422555,0.17236721420828816,0.0018903425506499704,0.0023953311401089324,0.004285673690758903
2002,Bulgaria,BG,CP_EUR,5881000000.0,7274900000.0,-1393900000.0,0.8083959916974803,13155900000.0,0.06002162941600586,0.03482169528171708,0.00196789075539399,0.0024343153301166023,0.004402206085510592
2003,Bulgaria,BG,CP_EUR,6469800000.0,8383500000.0,-1913700000.0,0.7717301842905707,14853300000.0,0.10011902737629663,0.1523869743914006,0.0021581422084221385,0.0027964983777407334,0.004954640586162872
2004,Bulgaria,BG,CP_EUR,8639100000.0,10991100000.0,-2352000000.0,0.7860086797499796,19630200000.0,0.33529629973105823,0.31103954195741634,0.002632824841461681,0.003349612935952759,0.00598243777741444
2005,Bulgaria,BG,CP_EUR,10224100000.0,13747100000.0,-3523000000.0,0.74372776803835,23971200000.0,0.1834681853433806,0.25074833274194575,0.0028714565073521938,0.0038608972674583917,0.006732353774810585
2006,Bulgaria,BG,CP_EUR,12876400000.0,17561200000.0,-4684800000.0,0.7332300753934811,30437600000.0,0.2594164767559002,0.27744760713168604,0.0032370166443502304,0.004414735228383963,0.007651751872734193
2007,Bulgaria,BG,CP_EUR,16996700000.0,23107200000.0,-6110500000.0,0.7355586137654064,40103900000.0,0.3199885061041907,0.3158098535407603,0.0039184295684376634,0.005327147959533484,0.009245577527971147
2008,Bulgaria,BG,CP_EUR,19545900000.0,26895800000.0,-7349900000.0,0.7267268495452822,46441700000.0,0.1499820553401543,0.16395755435535242,0.004326390635363796,0.005953255529324185,0.01027964616468798
2009,Bulgaria,BG,CP_EUR,15797100000.0,18885800000.0,-3088700000.0,0.8364538436285464,34682900000.0,-0.1917946986324498,-0.2978160158835208,0.004148472406990063,0.004959595127202646,0.009108067534192708
2010,Bulgaria,BG,CP_EUR,19182300000.0,20401600000.0,-1219300000.0,0.9402350796015999,39583900000.0,0.21429249672408224,0.08026136038716913,0.004374892650657924,0.004652977479325352,0.009027870129983276
2011,Bulgaria,BG,CP_EUR,24384900000.0,24319200000.0,65700000.0,1.0027015691305634,48704100000.0,0.27121877981263975,0.19202415496823777,0.0050348180205723285,0.005021252759121528,0.010056070779693857
2012,Bulgaria,BG,CP_EUR,25499100000.0,26884500000.0,-1385400000.0,0.9484684483624394,52383600000.0,0.04569221116346589,0.10548455541300705,0.0050533397849254385,0.00532789445305238,0.01038123423797782
2013,Bulgaria,BG,CP_EUR,27153100000.0,27388100000.0,-235000000.0,0.9914196311536763,54541200000.0,0.06486503445219638,0.018731983112946216,0.005287883731407421,0.005333648401993127,0.010621532133400549
2014,Bulgaria,BG,CP_EUR,27772400000.0,28265700000.0,-493300000.0,0.9825477522226586,56038100000.0,0.022807708880385746,0.0320431136150372,0.005210919883354529,0.00530347748653102,0.01051439736988555
2015,Bulgaria,BG,CP_EUR,29212300000.0,28829400000.0,382900000.0,1.0132815806086841,58041700000.0,0.05184643747029427,0.019942898990649383,0.005130433414254675,0.005063186297310164,0.01019361971156484
2016,Bulgaria,BG,CP_EUR,31133100000.0,28736300000.0,2396800000.0,1.0834067016282543,59869400000.0,0.06575312454000537,-0.0032293422686563433,0.005366088689769885,0.004952977198410514,0.0103190658881804
2017,Bulgaria,BG,CP_EUR,35170700000.0,32888699999.999996,2282000000.000004,1.0693855336331324,68059400000.0,0.12968833813529645,0.14450016181623915,0.005622160661560881,0.0052573748987048115,0.010879535560265692
2018,Bulgaria,BG,CP_EUR,36914300000.0,35418600000.0,1495700000.0,1.042229224192938,72332900000.0,0.04957535676003033,0.0769230769230771,0.005609663106406925,0.0053823698052132725,0.010992032911620198
2019,Bulgaria,BG,CP_EUR,39348400000.0,37304000000.0,2044400000.0,1.054803774394167,76652400000.0,0.06593921596779562,0.05323191769296365,0.005732114282291318,0.005434294436027776,0.011166408718319093
2020,Bulgaria,BG,CP_EUR,34933000000.0,33370300000.000004,1562699999.9999962,1.0468290665651792,68303300000.0,-0.11221294893820333,-0.10544981771391793,0.005611457106969941,0.0053604330317098174,0.010971890138679758
2021,Bulgaria,BG,CP_EUR,44125900000.0,42353000000.0,1772900000.0,1.041860080749888,86478900000.0,0.2631580454011966,0.26918247663341344,0.006000001196576399,0.005758931844531222,0.01175893304110762
2022,Bulgaria,BG,CP_EUR,60237100000.0,59278100000.0,959000000.0,1.0161779814130345,119515200000.0,0.36511889842473466,0.39961986163908114,0.006736201765665401,0.006628958596700209,0.01336516036236561
2023,Bulgaria,BG,CP_EUR,58610300000.0,54724900000.0,3885400000.0,1.0709987592485322,113335200000.0,-0.027006612204106717,-0.07681082895706848,0.0065620524929267685,0.006127040238152135,0.012689092731078903
2024,Bulgaria,BG,CP_EUR,59057200000.0,56423800000.0,2633400000.0,1.0466717945264232,115481000000.0,0.007624939643714468,0.03104436919939557,0.006508510876555808,0.0062182920286876055,0.012726802905243414
2025,Bulgaria,BG,CP_EUR,58865900000.0,60069400000.0,-1203500000.0,0.9799648406676278,118935300000.0,-0.003239232472924569,0.06461103293291126,0.006310829789761616,0.006439853276227942,0.012750683065989558
1995,Croatia,HR,CP_EUR,4784200000.0,6219200000.0,-1435000000.0,0.7692629277077437,11003400000.0,,,0.002664227678586842,0.003463351193233412,0.006127578871820254
1996,Croatia,HR,CP_EUR,5812000000.0,7046900000.0,-1234900000.0,0.8247598234684755,12858900000.0,0.21483215584632753,0.1330878569590943,0.0030544520188524648,0.0037034442415091935,0.006757896260361659
1997,Croatia,HR,CP_EUR,6606400000.0,9329300000.0,-2722900000.0,0.7081345867321235,15935700000.0,0.136682725395733,0.3238870992918872,0.003129545583955565,0.004419422017497677,0.0075489676014532416
1998,Croatia,HR,CP_EUR,6682800000.0,8222100000.0,-1539300000.0,0.8127850549129785,14904900000.0,0.011564543472995847,-0.11867985808152803,0.002978149054604346,0.003664128709801639,0.006642277764405985
1999,Croatia,HR,CP_EUR,6687100000.0,8016100000.0,-1329000000.0,0.8342086550816482,14703200000.0,0.0006434428682589033,-0.025054426484718006,0.002820856919392741,0.0033814764474202792,0.00620233336681302
2000,Croatia,HR,CP_EUR,8292100000.0,9337300000.0,-1045200000.0,0.8880618594240305,17629400000.0,0.24001435599886345,0.16481830316488066,0.0029563342012082746,0.003328973280223589,0.0062853074814318635
2001,Croatia,HR,CP_EUR,9631200000.0,10972900000.0,-1341700000.0,0.8777260341386507,20604100000.0,0.1614910577537656,0.17516841056836552,0.003281591055122566,0.0037387418482384754,0.007020332903361041
2002,Croatia,HR,CP_EUR,10322700000.0,13019900000.0,-2697200000.0,0.7928401907848754,23342600000.0,0.07179790680289067,0.18655050169052845,0.0034541652611300017,0.004356697984382624,0.007810863245512625
2003,Croatia,HR,CP_EUR,11025100000.0,14235500000.0,-3210400000.0,0.7744792947209441,25260600000.0,0.0680442132387844,0.09336477238688468,0.0036776613901627437,0.00474855998763383,0.008426221377796573
2004,Croatia,HR,CP_EUR,12358900000.0,15239200000.0,-2880300000.0,0.810994015433881,27598100000.0,0.12097849452612675,0.07050683151276749,0.0037664593456657254,0.0046442504802586895,0.008410709825924415
2005,Croatia,HR,CP_EUR,13408900000.0,16608700000.0,-3199800000.0,0.8073419352508023,30017600000.0,0.08495901738827882,0.08986692214814429,0.0037659132013022983,0.004664582671693389,0.008430495872995688
2006,Croatia,HR,CP_EUR,15251300000.0,18674200000.0,-3422900000.0,0.8167043300382346,33925500000.0,0.13740127825548698,0.12436253288938937,0.0038340461579306844,0.004694533893007756,0.00852858005093844
2007,Croatia,HR,CP_EUR,16643400000.000002,20344100000.0,-3700699999.999998,0.8180946810131685,36987500000.0,0.09127746487184707,0.0894228400681154,0.003836979571289451,0.0046901412028954245,0.008527120774184875
2008,Croatia,HR,CP_EUR,17468200000.0,22386500000.0,-4918300000.0,0.7803006276103902,39854700000.0,0.04955718182582869,0.10039274285910893,0.0038665017674633486,0.00495514373646502,0.008821645503928367
2009,Croatia,HR,CP_EUR,14721900000.0,17244100000.0,-2522200000.0,0.8537354805411707,31966000000.0,-0.15721711452811393,-0.22970986978759522,0.0038661144088767557,0.00452846870839441,0.008394583117271166
2010,Croatia,HR,CP_EUR,16325800000.0,17079900000.000002,-754100000.0000019,0.9558486876386864,33405700000.0,0.10894653543360566,-0.009522097413028119,0.0037234128564411534,0.0038953998730064843,0.007618812729447637
2011,Croatia,HR,CP_EUR,17412100000.0,18181000000.0,-768900000.0,0.9577085968868599,35593100000.0,0.06653885261365455,0.06446759055966367,0.003595124640905127,0.0037538815591626577,0.007349006200067785
2012,Croatia,HR,CP_EUR,17365500000.0,18083400000.0,-717900000.0,0.9603006071867016,35448900000.0,-0.0026762998144967964,-0.00536824157087068,0.003441445856329153,0.0035837172553823734,0.007025163111711526
2013,Croatia,HR,CP_EUR,17682000000.0,18569100000.0,-887100000.0,0.9522270869347464,36251100000.0,0.018225792519650952,0.026858887156176348,0.0034434506608360007,0.0036162074237150654,0.007059658084551067
2014,Croatia,HR,CP_EUR,18782700000.0,18951900000.0,-169200000.0,0.9910721352476533,37734600000.0,0.062249745503902165,0.020614892482672786,0.0035241874988507695,0.0035559344002443686,0.007080121899095139
2015,Croatia,HR,CP_EUR,20665500000.0,20570000000.0,95500000.0,1.0046426835196889,41235500000.0,0.10024117938315569,0.08537930233907942,0.0036293948686779193,0.0036126226052456897,0.007242017473923609
2016,Croatia,HR,CP_EUR,22178900000.0,21655000000.0,523900000.0,1.0241930270145463,43833900000.0,0.07323316638842514,0.05274671852211954,0.003822746351681564,0.003732447156787049,0.0075551935084686135
2017,Croatia,HR,CP_EUR,24558100000.0,24262800000.0,295300000.0,1.0121708953624478,48820900000.0,0.10727312896491714,0.12042484414684829,0.003925699054686949,0.0038784943063208677,0.007804193361007817
2018,Croatia,HR,CP_EUR,26046200000.0,26503700000.0,-457500000.0,0.9827382591864532,52549900000.0,0.06059507860950153,0.09235949684290357,0.003958097734539082,0.0040276214928436195,0.007985719227382702
2019,Croatia,HR,CP_EUR,28158200000.0,28387400000.0,-229200000.0,0.9919259953359589,56545600000.0,0.08108668442997446,0.07107309545459684,0.004101971627400743,0.004135360547750774,0.008237332175151517
2020,Croatia,HR,CP_EUR,20936500000.0,24480300000.0,-3543800000.0,0.8552387021400881,45416800000.0,-0.2564688083755353,-0.13763500708060616,0.0033631314722490533,0.003932389242714804,0.007295520714963857
2021,Croatia,HR,CP_EUR,29070800000.0,30679300000.0,-1608500000.0,0.9475705117131095,59750100000.0,0.3885224368925082,0.25322402094745566,0.00395289013448866,0.004171605263804848,0.008124495398293508
2022,Croatia,HR,CP_EUR,40235800000.0,44553800000.0,-4318000000.0,0.9030834631389466,84789600000.0,0.3840623581050402,0.4522430433549658,0.004499493949791074,0.004982367780439349,0.009481861730230424
2023,Croatia,HR,CP_EUR,41626400000.0,43323400000.0,-1697000000.0,0.9608294824505925,84949800000.0,0.034561261364257634,-0.02761605070723483,0.004660522500167494,0.004850519874016403,0.009511042374183896
2024,Croatia,HR,CP_EUR,43073800000.0,47051400000.0,-3977600000.0,0.9154626642352831,90125200000.0,0.03477120289047342,0.086050494651851,0.004747029926826697,0.005185388888351936,0.009932418815178633
2025,Croatia,HR,CP_EUR,44602200000.0,49290100000.0,-4687900000.0,0.9048916516704165,93892300000.0,0.03548328682400892,0.047579880726184465,0.004781662939815845,0.005284238097444004,0.01006590103725985
1995,Cyprus,CY,CP_EUR,5071300000.0,5136900000.0,-65600000.0,0.9872296521248224,10208200000.0,,,0.0028241080695659572,0.0028606394302355146,0.005684747499801472
1996,Cyprus,CY,CP_EUR,5539500000.0,5573700000.0,-34200000.0,0.9938640400452123,11113200000.0,0.09232346735551045,0.08503182853471936,0.002911241734073164,0.002929215281740878,0.005840457015814041
1997,Cyprus,CY,CP_EUR,5821500000.0,5938600000.0,-117100000.0,0.9802815478395581,11760100000.0,0.05090712158137012,0.06546818092111173,0.002757727297317347,0.0028131992317871335,0.00557092652910448
1998,Cyprus,CY,CP_EUR,6287600000.0,6060100000.0,227500000.0,1.0375406346429927,12347700000.0,0.08006527527269602,0.020459367527700056,0.002802030585343013,0.0027006465981037585,0.005502677183446771
1999,Cyprus,CY,CP_EUR,6585400000.0,6325300000.0,260100000.0,1.0411205792610627,12910700000.0,0.04736306380813038,0.043761654098117164,0.0027779562376768637,0.0026682367950583816,0.005446193032735245
2000,Cyprus,CY,CP_EUR,7559200000.0,7296600000.0,262600000.0,1.0359893649096839,14855800000.0,0.1478725665866918,0.15355793401103512,0.002695037625423426,0.002601414374228036,0.005296451999651462
2001,Cyprus,CY,CP_EUR,7914200000.0,7384100000.0,530100000.0,1.071789385300849,15298300000.0,0.04696264154937024,0.011991886632130022,0.002696566152551189,0.0025159478061020993,0.005212513958653288
2002,Cyprus,CY,CP_EUR,7540400000.0,7399100000.0,141300000.0,1.0190969171926316,14939500000.0,-0.047231558464532086,0.002031391774217628,0.0025231565128333347,0.002475874934234938,0.004999031447068273
2003,Cyprus,CY,CP_EUR,7434800000.0,7239200000.0,195600000.0,1.0270195601723948,14674000000.0,-0.014004562092196693,-0.021610736440918488,0.002480038902466369,0.002414792277227974,0.004894831179694343
2004,Cyprus,CY,CP_EUR,7929300000.0,7946600000.0,-17300000.0,0.9978229683134926,15875900000.0,0.06651154032388229,0.09771797988728026,0.002416508434374195,0.0024217807277562933,0.004838289162130488
2005,Cyprus,CY,CP_EUR,8375700000.000001,8455799999.999999,-80099999.9999981,0.9905272120911093,16831500000.0,0.05629752941621602,0.06407771877280832,0.0023523301091176504,0.0023748263353125143,0.004727156444430164
2006,Cyprus,CY,CP_EUR,8690700000.0,9168000000.0,-477300000.0,0.9479384816753926,17858700000.0,0.03760879687667895,0.0842262115944088,0.002184767524389934,0.0023047566552299487,0.004489524179619882
2007,Cyprus,CY,CP_EUR,9368800000.0,10205600000.0,-836800000.0,0.9180058007368503,19574400000.0,0.07802593577042116,0.11317626527050617,0.0021598888572945795,0.0023528052388785714,0.004512694096173151
2008,Cyprus,CY,CP_EUR,9520300000.0,11946400000.0,-2426100000.0,0.7969178999531239,21466700000.0,0.016170694219110215,0.17057301873481223,0.0021072724594853112,0.002644277985987345,0.004751550445472656
2009,Cyprus,CY,CP_EUR,9099100000.0,10097600000.0,-998500000.0,0.901115116463318,19196700000.0,-0.044242303288761886,-0.1547579187035425,0.002389512333177816,0.0026517281638289846,0.0050412404970068
2010,Cyprus,CY,CP_EUR,9795700000.0,11397800000.0,-1602100000.0,0.8594377862394497,21193500000.0,0.07655702212306714,0.12876327048011404,0.002234097889098274,0.0025994876241988126,0.004833585513297087
2011,Cyprus,CY,CP_EUR,10615000000.0,11351500000.0,-736500000.0,0.9351187067788398,21966500000.0,0.08363873944690026,-0.004062187439681342,0.0021917085281619062,0.0023437757284437,0.004535484256605606
2012,Cyprus,CY,CP_EUR,10776700000.0,11125200000.0,-348500000.0,0.9686747204544638,21901900000.0,0.015233160621761721,-0.019935691318327953,0.002135696038691796,0.002204760786665117,0.004340456825356913
2013,Cyprus,CY,CP_EUR,11058100000.0,10757400000.0,300700000.0,1.0279528510606653,21815500000.0,0.026111889539469413,-0.03306007981878978,0.002153490654484254,0.002094931350462459,0.004248422004946713
2014,Cyprus,CY,CP_EUR,11530200000.0,11345100000.0,185100000.0,1.016315413702832,22875300000.0,0.0426926868087647,0.0546321601874058,0.0021634049790098943,0.0021286747695066135,0.004292079748516508
2015,Cyprus,CY,CP_EUR,12564000000.0,12069100000.0,494900000.0,1.0410055430810914,24633100000.0,0.08966019670083769,0.06381609681712819,0.0022065624896600313,0.0021196452836641103,0.004326207773324142
2016,Cyprus,CY,CP_EUR,13401700000.0,13031700000.0,370000000.0,1.0283923049180077,26433400000.0,0.0666746259153137,0.07975739698900508,0.0023099116629468016,0.0022461386106258038,0.004556050273572605
2017,Cyprus,CY,CP_EUR,14998000000.0,15067100000.0,-69100000.0,0.9954138487167404,30065100000.0,0.11911175447890932,0.156188371432737,0.002397483291549218,0.0024085291706961746,0.004806012462245393
2018,Cyprus,CY,CP_EUR,16249200000.0,15944200000.0,305000000.0,1.0191292131307936,32193400000.0,0.0834244565942126,0.05821292750429752,0.002469301537578321,0.0024229523653752963,0.004892253902953617
2019,Cyprus,CY,CP_EUR,17728200000.0,17491500000.0,236700000.0,1.0135322871108825,35219700000.0,0.09101986559338315,0.09704469336812127,0.00258257180518946,0.002548090315456247,0.005130662120645706
2020,Cyprus,CY,CP_EUR,17820000000.0,18127400000.0,-307400000.0,0.9830422454406037,35947400000.0,0.005178190679256733,0.0363548009032959,0.0028625129718662682,0.002911892123805196,0.0057744050956714645
2021,Cyprus,CY,CP_EUR,23306500000.0,22102700000.0,1203800000.0,1.0544639342704738,45409200000.0,0.3078843995510663,0.2192978584904619,0.0031690918006886623,0.003005405588272855,0.006174497388961518
2022,Cyprus,CY,CP_EUR,31028700000.0,29967800000.0,1060900000.0,1.0354013307616843,60996500000.0,0.3313324609014652,0.3558434037470535,0.0034698812480398627,0.0033512427934463576,0.00682112404148622
2023,Cyprus,CY,CP_EUR,31268100000.0,30606600000.0,661500000.0,1.0216129854345142,61874700000.0,0.007715437643214251,0.02131621273500217,0.0035007995788126573,0.003426737550055407,0.006927537128868065
2024,Cyprus,CY,CP_EUR,33734100000.0,32469300000.0,1264800000.0,1.038953719359518,66203400000.0,0.07886632062709276,0.060859422477504754,0.0037177305520888445,0.0035783408662136626,0.0072960714183025075
2025,Cyprus,CY,CP_EUR,35528200000.0,34044800000.000004,1483399999.9999962,1.0435719992480494,69573000000.0,0.05318357389110728,0.04852275842103171,0.003808867662545016,0.003649836968881412,0.007458704631426427
1995,Czechia,CZ,CP_EUR,18500300000.0,19910700000.0,-1410400000.0,0.9291637159919038,38411000000.0,,,0.01030245627736302,0.011087880531758505,0.021390336809121523
1996,Czechia,CZ,CP_EUR,20244200000.0,22808900000.0,-2564700000.0,0.8875570500988649,43053100000.0,0.09426333627022254,0.14555992506541715,0.010639184026161918,0.011987042438541635,0.022626226464703553
1997,Czechia,CZ,CP_EUR,22079800000.0,24351400000.0,-2271600000.0,0.90671583563984,46431200000.0,0.09067288408531837,0.06762711047003589,0.010459515104235602,0.011535604312959484,0.021995119417195088
1998,Czechia,CZ,CP_EUR,25157200000.0,25344400000.0,-187200000.0,0.9926137529395054,50501600000.0,0.13937626246614543,0.040777942951945256,0.01121115271989173,0.011294577257962887,0.02250572997785462
1999,Czechia,CZ,CP_EUR,26119300000.0,26411600000.0,-292300000.0,0.9889328931227188,52530900000.0,0.03824352471658221,0.042107921276494986,0.011018050894213458,0.011141353443530575,0.02215940433774403
2000,Czechia,CZ,CP_EUR,32236600000.0,33486300000.000004,-1249700000.0000038,0.9626802602855495,65722900000.0,0.23420612344128666,0.26786336306774317,0.011493127568489366,0.011938675843504137,0.023431803411993503
2001,Czechia,CZ,CP_EUR,36986900000.0,37970700000.0,-983800000.0,0.9740905487652322,74957600000.0,0.14735735158174257,0.1339174528090592,0.012602363173510345,0.012937568472956892,0.025539931646467236
2002,Czechia,CZ,CP_EUR,39314800000.0,40473500000.0,-1158700000.0,0.971371391157177,79788300000.0,0.06293849984724331,0.06591398104327806,0.013155455104601876,0.013543177433844355,0.026698632538446232
2003,Czechia,CZ,CP_EUR,41428900000.0,42774200000.0,-1345300000.0,0.9685487981072702,84203100000.0,0.05377364249595562,0.05684460202354624,0.013819508754289148,0.014268262767240136,0.028087771521529286
2004,Czechia,CZ,CP_EUR,55091700000.0,54486600000.0,605100000.0,1.0111054828159585,109578300000.0,0.3297891085691389,0.2738192648839721,0.016789572561766213,0.016605164196129923,0.033394736757896136
2005,Czechia,CZ,CP_EUR,68193399999.99999,65624600000.00001,2568799999.9999847,1.039143857638751,133818000000.0,0.23781622277039904,0.20441723286092373,0.01915223659671473,0.01843078458860778,0.03758302118532251
2006,Czechia,CZ,CP_EUR,80822600000.0,77430900000.0,3391700000.0,1.0438029262219606,158253500000.0,0.18519680790223103,0.17990662038320981,0.020318109210622607,0.01946546488824658,0.039783574098869186
2007,Czechia,CZ,CP_EUR,91881500000.0,88514100000.0,3367400000.0,1.0380436563214221,180395600000.0,0.13682930269503824,0.14313665474636106,0.02118241696284603,0.02040609451620892,0.04158851147905495
2008,Czechia,CZ,CP_EUR,102022200000.0,98520400000.0,3501800000.0,1.0355439076577033,200542600000.0,0.11036715769768679,0.11304752576143229,0.022582121605002187,0.02180701507489015,0.04438913667989233
2009,Czechia,CZ,CP_EUR,87276900000.0,81452600000.0,5824300000.0,1.0715053908653622,168729500000.0,-0.14453030810941148,-0.1732412779485264,0.022919764476874296,0.02139024653750364,0.04431001101437793
2010,Czechia,CZ,CP_EUR,103506100000.0,98678300000.0,4827800000.0,1.0489246369262544,202184400000.0,0.18595069256584495,0.2114812786823257,0.02360655793039751,0.022505485236359448,0.046112043166756954
2011,Czechia,CZ,CP_EUR,116999300000.0,110753200000.0,6246100000.0,1.0563965646139344,227752500000.0,0.1303613989900112,0.12236631559319533,0.02415717038143884,0.02286752076883855,0.04702469115027739
2012,Czechia,CZ,CP_EUR,122991200000.0,115246300000.0,7744900000.0,1.0672030251730424,238237500000.0,0.05121312691614399,0.040568579508312164,0.0243740494431459,0.02283918698524468,0.04721323642839058
2013,Czechia,CZ,CP_EUR,121283900000.0,112203600000.0,9080300000.0,1.080926993429801,233487500000.0,-0.013881480951482672,-0.026401715282833416,0.0236192243865947,0.02185089698949091,0.04547012137608561
2014,Czechia,CZ,CP_EUR,129341300000.0,119345500000.0,9995800000.0,1.0837551478690022,248686800000.0,0.06643420932209465,0.06365125539644012,0.024268235799171953,0.022392729434218432,0.04666096523339038
2015,Czechia,CZ,CP_EUR,136443200000.00002,126200100000.0,10243100000.000015,1.0811655458276184,262643300000.0,0.054908215705269825,0.057434926327343705,0.023962945486244957,0.022163992904436877,0.046126938390681826
2016,Czechia,CZ,CP_EUR,139927900000.0,126188000000.0,13739900000.0,1.1088843630139158,266115900000.0,0.025539565181701862,-9.587948028566551e-05,0.02411791699423609,0.021749713314275877,0.045867630308511965
2017,Czechia,CZ,CP_EUR,152835400000.0,137847800000.0,14987600000.0,1.1087257105300194,290683200000.0,0.09224393419754029,0.09240022823089356,0.024431278694308667,0.022035457879505158,0.046466736573813824
2018,Czechia,CZ,CP_EUR,161431000000.0,148454400000.0,12976600000.0,1.0874113532505605,309885400000.0,0.05624089706965796,0.07694428202698922,0.024531781042316292,0.022559798524251475,0.047091579566567766
2019,Czechia,CZ,CP_EUR,165459200000.0,151476700000.0,13982500000.0,1.0923079259054362,316935900000.0,0.024953075927176327,0.020358440032764324,0.024103420811430593,0.022066507291385602,0.0461699281028162
2020,Czechia,CZ,CP_EUR,149284600000.0,134432400000.0,14852200000.0,1.1104808067102871,283717000000.0,-0.0977558213746954,-0.11252093556302722,0.023980308866434742,0.021594527993216327,0.045574836859651066
2021,Czechia,CZ,CP_EUR,173561800000.0,164405300000.0,9156500000.0,1.0556946765098205,337967100000.0,0.16262360618576865,0.22295889978903904,0.023599994735063842,0.022354943394321744,0.045954938129385586
2022,Czechia,CZ,CP_EUR,207798300000.0,205481300000.0,2317000000.0,1.0112759652581524,413279600000.0,0.1972582676602801,0.24984595995384584,0.023237693636683515,0.022978587878088784,0.0462162815147723
2023,Czechia,CZ,CP_EUR,218273700000.0,202594400000.0,15679300000.0,1.0773925636641486,420868100000.0,0.050411384501220624,-0.014049453648580235,0.02443808472615478,0.022682618713314943,0.047120703439469724
2024,Czechia,CZ,CP_EUR,220888900000.0,200838300000.0,20050600000.0,1.099834543510874,421727200000.0,0.011981287713545008,-0.008668057952243458,0.024343480696010788,0.02213376624660462,0.04647724694261541
2025,Czechia,CZ,CP_EUR,232020600000.0,211742900000.0,20277700000.0,1.0957656667590743,443763500000.0,0.0503950175857637,0.05429542074395166,0.02487420585293632,0.022700296794757487,0.047574502647693806
1995,Denmark,DK,CP_EUR,51784500000.0,45123500000.0,6661000000.0,1.147617095305107,96908000000.0,,,0.028837778149278945,0.025128397152024032,0.05396617530130298
1996,Denmark,DK,CP_EUR,54801700000.0,46428600000.0,8373100000.0,1.1803435813270269,101230300000.0,0.0582645386167675,0.028922845080722848,0.02880061307665986,0.024400194597813753,0.05320080767447362
1997,Denmark,DK,CP_EUR,57834600000.0,51161400000.0,6673200000.0,1.130434272713413,108996000000.0,0.0553431736606711,0.10193716803866582,0.02739707208613413,0.02423588239267744,0.05163295447881157
1998,Denmark,DK,CP_EUR,58809200000.0,53947800000.0,4861400000.0,1.0901130351932795,112757000000.0,0.016851504116912608,0.05446293494705001,0.02620796124110222,0.02404150798587184,0.050249469226974056
1999,Denmark,DK,CP_EUR,65700899999.99999,55683100000.0,10017799999.999992,1.1799073686630233,121384000000.0,0.11718744686205551,0.032166279255131824,0.02771497934460835,0.023489114553130342,0.051204093897738695
2000,Denmark,DK,CP_EUR,79836300000.0,67890200000.0,11946100000.0,1.1759620681630043,147726500000.0,0.2151477377022235,0.2192245043828378,0.028463571856094858,0.024204498279913413,0.05266807013600827
2001,Denmark,DK,CP_EUR,83841000000.0,70699400000.0,13141600000.0,1.1858799367462807,154540400000.0,0.05016139274991449,0.041378578940701294,0.028566728512805367,0.024089056259088415,0.05265578477189378
2002,Denmark,DK,CP_EUR,86744800000.0,73740100000.0,13004700000.0,1.1763585891529846,160484900000.0,0.034634605980367494,0.04300885156026779,0.029026405372980884,0.024674793588136092,0.053701198961116976
2003,Denmark,DK,CP_EUR,84763100000.0,71624500000.0,13138600000.0,1.1834372316735196,156387600000.0,-0.022845173428263088,-0.02868995295639687,0.02827457167558604,0.02389190648971088,0.052166478165296924
2004,Denmark,DK,CP_EUR,88920900000.0,77485900000.0,11435000000.0,1.147575236268792,166406800000.0,0.049052004940829175,0.08183512624869982,0.027099252751459062,0.023614358252944827,0.050713611004403886
2005,Denmark,DK,CP_EUR,101089900000.0,89670900000.0,11419000000.0,1.127343430254408,190760800000.0,0.1368519661856773,0.15725441660998962,0.028391276609440685,0.025184230330799563,0.05357550694024025
2006,Denmark,DK,CP_EUR,114511600000.0,105612500000.0,8899100000.0,1.084261806130903,220124100000.0,0.1327699404193694,0.1777789673126957,0.0287872351877214,0.026550077688751412,0.05533731287647281
2007,Denmark,DK,CP_EUR,120249700000.0,113822100000.0,6427600000.0,1.0564705799664564,234071800000.0,0.05010933390154371,0.07773322286661144,0.02772243906615746,0.026240616247958048,0.05396305531411551
2008,Denmark,DK,CP_EUR,130998300000.0,122572200000.0,8426100000.0,1.0687439729400305,253570500000.0,0.0893856699850395,0.07687522897574373,0.02899584149967907,0.027130764929521704,0.056126606429200775
2009,Denmark,DK,CP_EUR,109164400000.0,98473100000.0,10691300000.0,1.1085707670419638,207637500000.0,-0.16667315530048865,-0.19661146654787953,0.028667635276451116,0.025859995706855883,0.054527630983307
2010,Denmark,DK,CP_EUR,123153100000.0,106614900000.0,16538200000.0,1.1551209071152344,229768000000.0,0.12814342404666723,0.08268044775679861,0.02808743435853575,0.024315579594763374,0.052403013953299125
2011,Denmark,DK,CP_EUR,134184200000.00002,118915000000.0,15269200000.000015,1.1284043224151705,253099200000.0,0.08957224787682994,0.11536942772539294,0.027705384407403003,0.024552710280393127,0.05225809468779613
2012,Denmark,DK,CP_EUR,140071000000.0,125323000000.0,14748000000.0,1.1176799150993832,265394000000.0,0.0438710369775277,0.053887230374637385,0.02775887607853968,0.024836158996443432,0.05259503507498311
2013,Denmark,DK,CP_EUR,142536700000.0,126370500000.0,16166200000.0,1.127927008281205,268907200000.0,0.017603215512133064,0.00835840188951753,0.02775806434839853,0.02460980555000429,0.05236786989840282
2014,Denmark,DK,CP_EUR,145657100000.0,128507800000.0,17149300000.0,1.1334494871128444,274164900000.0,0.021891905733751438,0.01691296623816485,0.02732956023036392,0.024111846660214716,0.05144140689057864
2015,Denmark,DK,CP_EUR,151922700000.0,134234799999.99998,17687900000.000015,1.131768364090385,286157500000.0,0.0430160973958702,0.044565388248806626,0.026681544981524516,0.023575093480341956,0.050256638461866475
2016,Denmark,DK,CP_EUR,151700400000.0,134665400000.0,17035000000.0,1.12649871459187,286365800000.0,-0.0014632441366563276,0.003207811983181763,0.026147020395449458,0.023210874594670545,0.049357894990120006
2017,Denmark,DK,CP_EUR,162913600000.0,143850500000.0,19063100000.0,1.1325202206457399,306764100000.0,0.07391674642914592,0.06820682966819991,0.026042314573018584,0.022995010683491187,0.04903732525650977
2018,Denmark,DK,CP_EUR,171529800000.0,156019100000.0,15510700000.0,1.0994153920898146,327548900000.0,0.052888156667092234,0.08459198960031422,0.026066440125083194,0.023709364370035804,0.049775804495119
2019,Denmark,DK,CP_EUR,181889900000.0,163347000000.0,18542900000.0,1.113518460700227,345236900000.0,0.06039825149915634,0.046967967383480635,0.026496978113329628,0.02379572413794309,0.05029270225127272
2020,Denmark,DK,CP_EUR,171780200000.0,154175600000.0,17604600000.0,1.1141853834199444,325955800000.0,-0.05558142590655113,-0.05614673057968622,0.02759388612849506,0.02476597390265236,0.05235986003114742
2021,Denmark,DK,CP_EUR,203269800000.0,182350700000.0,20919100000.0,1.1147190550954835,385620500000.0,0.18331332714713344,0.18274681596828546,0.027639527878815965,0.024795061816224574,0.052434589695040536
2022,Denmark,DK,CP_EUR,269271300000.0,233061800000.0,36209500000.0,1.1553643711667891,502333100000.0,0.3246989961125559,0.27809654692852837,0.030112103778286433,0.026062863395966213,0.056174967174252646
2023,Denmark,DK,CP_EUR,259356000000.0,225667700000.0,33688300000.0,1.1492827728558408,485023700000.0,-0.03682271374632207,-0.03172591990622231,0.02903768938830743,0.025265922429300824,0.054303611817608254
2024,Denmark,DK,CP_EUR,278612400000.0,238434500000.0,40177900000.0,1.1685070742698729,517046900000.0,0.07424698098366722,0.05657344848199375,0.03070500863134923,0.02627712686338238,0.056982135494731606
2025,Denmark,DK,CP_EUR,287740900000.0,242551300000.0,45189600000.0,1.1863094528868738,530292200000.0,0.0327641555077951,0.017265957736820825,0.03084780566427793,0.02600316940003307,0.056850975064311
1995,Estonia,EE,CP_EUR,1969200000.0,2186900000.0,-217700000.0,0.9004526955965064,4156100000.0,,,0.001096609076684338,0.0012178419611014518,0.0023144510377857896
1996,Estonia,EE,CP_EUR,2310200000.0,2703000000.0,-392800000.0,0.8546799852016278,5013200000.0,0.1731667682307536,0.23599615894645387,0.0012141078895307922,0.0014205409165447716,0.002634648806075564
1997,Estonia,EE,CP_EUR,3205000000.0,3673400000.0,-468400000.0,0.8724887025643818,6878400000.0,0.3873257726603758,0.35900850906400295,0.0015182540561542723,0.001740141794033418,0.0032583958501876905
1998,Estonia,EE,CP_EUR,3731500000.0,4216399999.9999995,-484899999.9999995,0.8849966796319135,7947900000.0,0.16427457098283926,0.14781945881199965,0.0016629202126737471,0.0018790129397608431,0.0035419331524345907
1999,Estonia,EE,CP_EUR,3777600000.0,4014600000.0,-237000000.0,0.9409654760125542,7792200000.0,0.012354281120192878,-0.04786073427568527,0.001593526206980308,0.00169350124696716,0.0032870274539474682
2000,Estonia,EE,CP_EUR,3803400000.0,4003400000.0,-200000000.0,0.9500424639056801,7806800000.0,0.006829733163913554,-0.0027898171673391703,0.0013560040883341437,0.001427308925497426,0.0027833130138315695
2001,Estonia,EE,CP_EUR,4279700000.0,4555900000.0,-276200000.0,0.9393753155249237,8835600000.0,0.1252300573171372,0.13800769346055852,0.0014582009758501585,0.0015523092333284427,0.003010510209178601
2002,Estonia,EE,CP_EUR,4533600000.0,5113000000.0,-579400000.0,0.886681009192255,9646600000.0,0.059326588312264894,0.12228099826598471,0.0015170259358364552,0.0017109038313772268,0.003227929767213682
2003,Estonia,EE,CP_EUR,4998500000.0,5737600000.0,-739100000.0,0.8711830730619075,10736100000.0,0.10254543850361753,0.12215920203403097,0.0016673581608083804,0.0019139010069929305,0.003581259167801311
2004,Estonia,EE,CP_EUR,5972000000.0,6736600000.0,-764600000.0,0.8865006086156221,12708600000.0,0.19475842752825856,0.17411461238148362,0.0018200078657741152,0.0020530249478522946,0.00387303281362641
2005,Estonia,EE,CP_EUR,7422500000.0,7997400000.0,-574900000.0,0.9281141370945557,15419900000.0,0.24288345612860018,0.18715672594483856,0.0020846222088811393,0.002246083887275988,0.0043307060961571275
2006,Estonia,EE,CP_EUR,8584600000.0,9956400000.0,-1371800000.0,0.8622192760435499,18541000000.0,0.15656449983159315,0.24495461024833065,0.0021580948933777287,0.0025029536607909532,0.004661048554168682
2007,Estonia,EE,CP_EUR,10267000000.0,11708800000.0,-1441800000.0,0.8768618474993167,21975800000.0,0.19597884584022562,0.1760073922301233,0.002366960432269175,0.0026993538822784957,0.005066314314547671
2008,Estonia,EE,CP_EUR,11033100000.0,11682000000.0,-648900000.0,0.9444530046224962,22715100000.0,0.07461770721729821,-0.002288876742279289,0.0024421234386256094,0.0025857543219969335,0.005027877760622543
2009,Estonia,EE,CP_EUR,8601300000.0,7899800000.0,701500000.0,1.0887997164485177,16501100000.0,-0.2204094950648503,-0.32376305427152885,0.0022587852019828715,0.0020745644656766176,0.004333349667659489
2010,Estonia,EE,CP_EUR,11063100000.0,10116700000.0,946400000.0,1.0935482914389079,21179800000.0,0.28621254926580875,0.2806273576546241,0.00252315284838073,0.002307308116279644,0.004830460964660374
2011,Estonia,EE,CP_EUR,14443100000.0,13473300000.0,969800000.0,1.0719793962874722,27916400000.0,0.3055201525792952,0.33178803364733556,0.002982106965906286,0.0027818696667436466,0.005763976632649933
2012,Estonia,EE,CP_EUR,15445600000.0,15148900000.0,296700000.0,1.0195855804711893,30594500000.0,0.06941030665161918,0.12436448383098431,0.0030609654843521674,0.0030021663144133314,0.0060631317987654984
2013,Estonia,EE,CP_EUR,15992500000.0,15550500000.0,442000000.0,1.0284235233593775,31543000000.0,0.03540814212461796,0.02651017565631819,0.0031144318908166353,0.00302835536145969,0.006142787252276325
2014,Estonia,EE,CP_EUR,16412599999.999998,15755700000.0,656899999.9999981,1.041692847667828,32168300000.0,0.02626856338908845,0.013195717179511846,0.003079486961067266,0.0029562331813659947,0.006035720142433261
2015,Estonia,EE,CP_EUR,15975500000.0,15227200000.0,748300000.0,1.0491423242618472,31202700000.0,-0.026631977870660184,-0.03354341603356248,0.002805709889650098,0.0026742891071753604,0.005479998996825459
2016,Estonia,EE,CP_EUR,16747500000.0,16035800000.0,711700000.0,1.0443819453971739,32783300000.0,0.048323996119057355,0.053102343175370326,0.0028865924155294896,0.002763924087592046,0.005650516503121536
2017,Estonia,EE,CP_EUR,18068200000.0,17101500000.0,966700000.0,1.0565272052159167,35169700000.0,0.07885953127332446,0.06645755122912478,0.0028882656093058797,0.00273373519872176,0.00562200080802764
2018,Estonia,EE,CP_EUR,19273800000.0,18661500000.0,612300000.0,1.0328108672936258,37935300000.0,0.06672496430192276,0.09122006841505126,0.0029289333613332987,0.002835885498579489,0.005764818859912788
2019,Estonia,EE,CP_EUR,20505300000.0,19455800000.0,1049500000.0,1.0539427831289385,39961100000.0,0.06389502848426365,0.042563566701497635,0.002987128396393962,0.0028342415207074094,0.005821369917101371
2020,Estonia,EE,CP_EUR,18987400000.0,19289200000.0,-301800000.0,0.9843539389917674,38276600000.0,-0.07402476432922223,-0.008562999208462263,0.003050038092144421,0.0030985176889406748,0.006148555781085096
2021,Estonia,EE,CP_EUR,25041800000.0,25431900000.0,-390100000.0,0.9846609966223523,50473700000.0,0.3188640888167944,0.3184528129730626,0.0034050485081194236,0.0034580921959939926,0.006863140704113416
2022,Estonia,EE,CP_EUR,31737900000.0,32038200000.0,-300300000.0,0.9906268142405004,63776100000.0,0.26739691236252994,0.25976431175020354,0.003549189752138,0.0035827717371643263,0.007131961489302326
2023,Estonia,EE,CP_EUR,29829200000.0,29462300000.0,366900000.0,1.0124532029067657,59291500000.0,-0.06013945472132687,-0.08040089642988679,0.003339699271664045,0.0032986208765755564,0.006638320148239601
2024,Estonia,EE,CP_EUR,30152600000.0,30032500000.0,120100000.0,1.003999001082161,60185100000.0,0.010841725557507509,0.019353546735998206,0.0033230245432637625,0.003309788694691965,0.006632813237955728
2025,Estonia,EE,CP_EUR,32615100000.0,32213500000.0,401600000.0,1.0124668229158582,64828600000.0,0.08166791586795163,0.07262132689586287,0.0034965632849587635,0.003453508999819689,0.006950072284778452
1980,Finland,FI,CP_EUR,11925400000.0,12428900000.0,-503500000.0,0.9594895767123398,24354300000.0,,,,,
1981,Finland,FI,CP_EUR,14774500000.0,14313000000.0,461500000.0,1.0322434150772026,29087500000.0,0.2389102252335351,0.1515902453153537,,,
1982,Finland,FI,CP_EUR,15610800000.0,15517300000.0,93500000.0,1.0060255327924317,31128100000.0,0.056604284408947825,0.08414029204219942,,,
1983,Finland,FI,CP_EUR,16470300000.0,16476300000.0,-6000000.0,0.999635840571002,32946600000.0,0.055058036743792726,0.06180198874804255,,,
1984,Finland,FI,CP_EUR,19839300000.0,18243400000.0,1595900000.0,1.0874782112983326,38082700000.0,0.2045500081965721,0.10725102116373209,,,
1985,Finland,FI,CP_EUR,20648200000.0,20154200000.0,494000000.0,1.024511020035526,40802400000.0,0.04077260790451276,0.10473924816646019,,,
1986,Finland,FI,CP_EUR,19198100000.0,18216600000.0,981500000.0,1.053879428652987,37414700000.0,-0.07022888193643995,-0.0961387700826627,,,
1987,Finland,FI,CP_EUR,19870800000.0,19458800000.0,412000000.0,1.0211729397496248,39329600000.0,0.035039925825993246,0.06819055147502828,,,
1988,Finland,FI,CP_EUR,22059100000.0,22379000000.0,-319900000.0,0.9857053487644667,44438100000.0,0.11012641665156919,0.1500709190700351,,,
1989,Finland,FI,CP_EUR,24894500000.0,26870900000.0,-1976400000.0,0.9264483139753413,51765400000.0,0.1285365223422532,0.20071942446043156,,,
1990,Finland,FI,CP_EUR,24669800000.0,26395300000.0,-1725500000.0,0.9346285134095843,51065100000.0,-0.009026090100222928,-0.01769944438035198,,,
1991,Finland,FI,CP_EUR,21969700000.0,22950400000.0,-980700000.0,0.9572687186279978,44920100000.0,-0.10944961045488821,-0.13051187143165643,,,
1992,Finland,FI,CP_EUR,22174300000.0,21439100000.0,735200000.0,1.0342924842927175,43613400000.0,0.009312826301679067,-0.06585070412716121,,,
1993,Finland,FI,CP_EUR,23881400000.0,20383000000.0,3498400000.0,1.171633223764902,44264400000.0,0.07698551927231079,-0.049260463359002915,,,
1994,Finland,FI,CP_EUR,29664500000.0,24746200000.0,4918300000.0,1.1987497070257251,54410700000.0,0.2421591698979122,0.21406073688858362,,,
1995,Finland,FI,CP_EUR,36710400000.0,29057100000.0,7653300000.0,1.2633882940830297,65767500000.0,0.2375195941276611,0.17420452433100841,0.020443305834203087,0.016181332318771318,0.036624638152974405
1996,Finland,FI,CP_EUR,37823900000.0,30620500000.0,7203400000.0,1.2352476282229226,68444400000.0,0.03033200400976299,0.05380440580787482,0.019878060515463477,0.016092368899392962,0.03597042941485644
1997,Finland,FI,CP_EUR,42323300000.0,34107400000.0,8215900000.0,1.2408832100951699,76430700000.0,0.11895653277425122,0.11387469179144682,0.02004914879714013,0.01615716018560881,0.03620630898274894
1998,Finland,FI,CP_EUR,44826700000.0,35355300000.0,9471400000.0,1.2678919426507482,80182000000.0,0.0591494519567235,0.036587368137119824,0.019976745410012663,0.015755873776000035,0.0357326191860127
1999,Finland,FI,CP_EUR,47726000000.0,36343000000.0,11383000000.0,1.3132102468150675,84069000000.0,0.06467797094142558,0.02793640557427035,0.02013252640680384,0.015330771638152618,0.03546329804495645
2000,Finland,FI,CP_EUR,57348000000.0,44840000000.0,12508000000.0,1.2789473684210526,102188000000.0,0.2016091857687634,0.2338001816030597,0.02044594900819963,0.01598654449200794,0.036432493500207566
2001,Finland,FI,CP_EUR,57510000000.0,44130000000.0,13380000000.0,1.3031951053704962,101640000000.0,0.0028248587570620654,-0.015834076717216816,0.019595097348211934,0.015036196243724442,0.034631293591936375
2002,Finland,FI,CP_EUR,58110000000.0,44790000000.0,13320000000.0,1.2973878097789686,102900000000.0,0.010432968179447055,0.014955812372535737,0.01944467468048712,0.014987557717071383,0.03443223239755851
2003,Finland,FI,CP_EUR,56634000000.0,46640000000.0,9994000000.0,1.214279588336192,103274000000.0,-0.025400103252452233,0.04130386246930118,0.018891499865804105,0.01555778425929836,0.03444928412510247
2004,Finland,FI,CP_EUR,61305000000.0,51350000000.0,9955000000.0,1.1938656280428432,112655000000.0,0.0824769573047992,0.10098627787307035,0.0186831182537311,0.015649263882702748,0.034332382136433845
2005,Finland,FI,CP_EUR,66325000000.0,59791000000.0,6534000000.0,1.1092806609690422,126116000000.0,0.08188565369871958,0.16438169425511195,0.01862749316322554,0.016792407745532124,0.035419900908757664
2006,Finland,FI,CP_EUR,74474000000.0,67273000000.0,7201000000.0,1.1070414579400354,141747000000.0,0.12286468149264973,0.12513589001689218,0.01872212556081972,0.01691185585376138,0.0356339814145811
2007,Finland,FI,CP_EUR,81986000000.0,73017000000.0,8969000000.0,1.1228344084254351,155003000000.0,0.10086741681660705,0.08538343763471223,0.018901102366808278,0.0168333836449789,0.03573448601178718
2008,Finland,FI,CP_EUR,87225000000.0,80201000000.0,7024000000.0,1.0875799553621526,167426000000.0,0.0639011538555363,0.09838804661928036,0.019306832797139406,0.017752104295366895,0.0370589370925063
2009,Finland,FI,CP_EUR,65576000000.0,61871000000.0,3705000000.0,1.059882659080991,127447000000.0,-0.2481971911722557,-0.22855076619992265,0.017220896655764685,0.01624792754954277,0.03346882420530746
2010,Finland,FI,CP_EUR,72273000000.0,69705000000.0,2568000000.0,1.03684097267054,141978000000.0,0.10212577772355735,0.12661828643467854,0.01648324843949892,0.01589756662204796,0.03238081506154688
2011,Finland,FI,CP_EUR,77021000000.0,78565000000.0,-1544000000.0,0.9803474829758798,155586000000.0,0.06569534957729717,0.1271070941826269,0.015902739759543868,0.01622153372727651,0.03212427348682038
2012,Finland,FI,CP_EUR,78017000000.0,81144000000.0,-3127000000.0,0.9614635709356206,159161000000.0,0.012931538151932598,0.03282632215363068,0.015461189218463709,0.016080889266993338,0.031542078485457044
2013,Finland,FI,CP_EUR,77838000000.0,79842000000.0,-2004000000.0,0.9749004283459833,157680000000.0,-0.002294371739492651,-0.016045548654244346,0.015158427357660481,0.015548692888953058,0.03070712024661354
2014,Finland,FI,CP_EUR,75767000000.0,77858000000.0,-2091000000.0,0.9731434149348814,153625000000.0,-0.026606541791926785,-0.024849076926930724,0.014216119845678537,0.014608453006517872,0.02882457285219641
2015,Finland,FI,CP_EUR,75210000000.0,76048000000.0,-838000000.0,0.9889806438039134,151258000000.0,-0.00735148547520692,-0.023247450486783672,0.01320881604961246,0.013355990465907836,0.026564806515520296
2016,Finland,FI,CP_EUR,76220000000.0,78497000000.0,-2277000000.0,0.9709925220072104,154717000000.0,0.013429065283871777,0.03220334525562807,0.013137248778125554,0.013529711589300992,0.026666960367426544
2017,Finland,FI,CP_EUR,85762000000.0,84877000000.0,885000000.0,1.010426852975482,170639000000.0,0.1251902387824717,0.08127699147738121,0.013709358717818646,0.01356788834090032,0.027277247058718965
2018,Finland,FI,CP_EUR,90789000000.0,92749000000.0,-1960000000.0,0.9788676966867568,183538000000.0,0.05861570392481519,0.09274597358530579,0.013796704902099683,0.01409455532019125,0.027891260222290933
2019,Finland,FI,CP_EUR,96882000000.0,95278000000.0,1604000000.0,1.01683494615756,192160000000.0,0.06711165449558876,0.027267140346526553,0.014113374264187297,0.013879710092104182,0.02799308435629148
2020,Finland,FI,CP_EUR,85606000000.0,85029000000.0,577000000.0,1.006785920097849,170635000000.0,-0.11638900931029494,-0.10756942840949646,0.013751306704241514,0.013658620397576707,0.02740992710181822
2021,Finland,FI,CP_EUR,99311000000.0,99176000000.0,135000000.0,1.0013612164233283,198487000000.0,0.16009391865056188,0.16637852967810973,0.013503772587827076,0.013485416018067868,0.026989188605894946
2022,Finland,FI,CP_EUR,123180000000.0,128484000000.0,-5304000000.0,0.9587185953114785,251664000000.0,0.24034598382857886,0.2955150439622489,0.013774988063745832,0.014368124422652374,0.028143112486398204
2023,Finland,FI,CP_EUR,116760000000.0,116698000000.0,62000000.0,1.00053128588322,233458000000.0,-0.052118850462737454,-0.09173126614987082,0.013072535869533674,0.013065594303724226,0.0261381301732579
2024,Finland,FI,CP_EUR,115650000000.0,114669000000.0,981000000.0,1.0085550584726473,230319000000.0,-0.009506680369989695,-0.017386758984729855,0.012745427871177084,0.012637314903242585,0.02538274277441967
2025,Finland,FI,CP_EUR,118756000000.0,115228000000.0,3528000000.0,1.030617558232374,233984000000.0,0.02685689580631223,0.004874900801437265,0.01273146087145411,0.012353234980092914,0.025084695851547024
1975,France,FR,CP_EUR,57201600000.0,53322000000.0,3879600000.0,1.0727579610667266,110523600000.0,,,,,
1976,France,FR,CP_EUR,67504399999.99999,69434000000.0,-1929600000.0000076,0.9722095803208801,136938400000.0,0.18011384296942734,0.3021642098946027,,,
1977,France,FR,CP_EUR,75698000000.0,74938300000.0,759700000.0,1.0101376732592013,150636300000.0,0.12137875457007263,0.07927384278595495,,,
1978,France,FR,CP_EUR,83950400000.0,78257000000.0,5693400000.0,1.072752597211751,162207400000.0,0.10901741129224019,0.044285765756629125,,,
1979,France,FR,CP_EUR,96385500000.0,92870600000.0,3514900000.0,1.0378472842858772,189256100000.0,0.14812436867483658,0.18673856651801124,,,
1980,France,FR,CP_EUR,110009700000.0,116232800000.0,-6223100000.0,0.9464600353772773,226242500000.0,0.14135113684112244,0.2515564667397432,,,
1981,France,FR,CP_EUR,126350300000.0,133170500000.0,-6820200000.0,0.9487859548473573,259520800000.0,0.14853781075668793,0.14572220578012396,,,
1982,France,FR,CP_EUR,132252200000.00002,146276100000.0,-14023899999.999985,0.9041271950783485,278528300000.0,0.04671061327119941,0.0984121858820084,,,
1983,France,FR,CP_EUR,145974200000.0,146686400000.0,-712200000.0,0.9951447441616946,292660600000.0,0.10375630802360924,0.0028049695062966062,,,
1984,France,FR,CP_EUR,166310500000.0,163560900000.0,2749600000.0,1.016810863721097,329871400000.0,0.1393143445896603,0.11503793126015771,,,
1985,France,FR,CP_EUR,176675000000.0,177053400000.0,-378400000.0,0.9978627916775391,353728400000.0,0.062320178220858,0.08249220932386647,,,
1986,France,FR,CP_EUR,166616500000.0,164563600000.0,2052900000.0,1.0124748121698846,331180100000.0,-0.05693222017829347,-0.07054255947640653,,,
1987,France,FR,CP_EUR,165781200000.0,171886600000.0,-6105400000.0,0.9644800699996393,337667800000.0,-0.005013309006010824,0.044499512650428175,,,
1988,France,FR,CP_EUR,183315000000.0,186568000000.0,-3253000000.0,0.9825639981132884,369883000000.0,0.10576470673393601,0.08541328992486896,,,
1989,France,FR,CP_EUR,210507000000.0,214357100000.0,-3850100000.0,0.9820388501243952,424864100000.0,0.1483348334833483,0.14894890870888888,,,
1990,France,FR,CP_EUR,217785200000.0,223815800000.0,-6030600000.0,0.973055521549417,441601000000.0,0.0345746222215888,0.04412590019178286,,,
1991,France,FR,CP_EUR,228308300000.0,229583200000.0,-1274900000.0,0.9944468933266895,457891500000.0,0.04831871036232038,0.02576851142770087,,,
1992,France,FR,CP_EUR,241100200000.0,231137800000.0,9962400000.0,1.0431015610601122,472238000000.0,0.05602906245633643,0.006771401391739484,,,
1993,France,FR,CP_EUR,244814000000.0,223414400000.0,21399600000.0,1.0957843361931907,468228400000.0,0.015403554206923076,-0.03341469893717086,,,
1994,France,FR,CP_EUR,265920300000.0,245469100000.0,20451200000.0,1.0833147634468046,511389400000.0,0.08621361523442284,0.09871655542346414,,,
1995,France,FR,CP_EUR,289066600000.0,265301000000.0,23765600000.0,1.0895797603476804,554367600000.0,0.08704224536449456,0.0807918389728075,0.1609755521665046,0.1477409530029614,0.30871650516946597
1996,France,FR,CP_EUR,303891600000.0,277014400000.0,26877200000.0,1.0970245590120946,580906000000.0,0.05128575906036881,0.04415136015318444,0.15970789936894453,0.14558279307143912,0.30529069244038365
1997,France,FR,CP_EUR,340688800000.0,296460000000.0,44228800000.0,1.1491897726506106,637148800000.0,0.12108659798428123,0.07019707278755183,0.16138912714082113,0.14043731590873498,0.3018264430495561
1998,France,FR,CP_EUR,364583200000.0,323324600000.0,41258600000.0,1.1276073642401476,687907800000.0,0.07013556066416027,0.09061795857788568,0.16247427910525936,0.14408763569466815,0.3065619147999275
1999,France,FR,CP_EUR,379577600000.0,341304600000.0,38273000000.0,1.112137369376211,720882200000.0,0.04112751218377597,0.055609749459212265,0.1601193491059637,0.14397443473711646,0.30409378384308017
2000,France,FR,CP_EUR,438490000000.0,412997400000.0,25492600000.0,1.0617258123174624,851487400000.0,0.1552051543610582,0.2100551823796104,0.15633229023863876,0.14724356177929526,0.303575852017934
2001,France,FR,CP_EUR,450309100000.0,420197700000.0,30111400000.0,1.071660078101332,870506800000.0,0.02695409245364777,0.017434250191405543,0.15343158844176147,0.14317188031637548,0.2966034687581369
2002,France,FR,CP_EUR,453465400000.0,416708000000.0,36757400000.0,1.0882090096662411,870173400000.0,0.007009185468381585,-0.008304900288602202,0.1517378623620197,0.139438160329658,0.2911760226916777
2003,France,FR,CP_EUR,440246500000.0,413071900000.0,27174600000.0,1.0657866100308444,853318400000.0,-0.029150845907978895,-0.008725774403179232,0.1468537750409776,0.13778909742235135,0.284642872463329
2004,France,FR,CP_EUR,467075900000.0,444578000000.0,22497900000.0,1.0506050681770127,911653900000.0,0.060941767850511086,0.07627267795267612,0.1423445766767455,0.13548818770095858,0.27783276437770404
2005,France,FR,CP_EUR,496255300000.0,487369700000.0,8885600000.0,1.0182317448130238,983625000000.0,0.06247250179253516,0.09625240115345335,0.13937417577028932,0.13687863934735442,0.27625281511764377
2006,France,FR,CP_EUR,534014100000.0,534264800000.00006,-250700000.00006104,0.999530757032842,1068278900000.0,0.07608744934311029,0.09622079501454461,0.1342465696947678,0.13430959352695218,0.26855616322172
2007,France,FR,CP_EUR,559242700000.0,567682000000.0,-8439300000.0,0.9851337544611244,1126924700000.0,0.04724332185236313,0.0625480099007083,0.12892815261862087,0.1308737539798802,0.25980190659850105
2008,France,FR,CP_EUR,581061200000.0,596616500000.0,-15555300000.0,0.9739274726729817,1177677700000.0,0.03901436710751871,0.05096955689981364,0.12861509238527005,0.13205818296949867,0.26067327535476875
2009,France,FR,CP_EUR,501013800000.0,509477600000.0,-8463800000.0,0.9833872971058982,1010491400000.0,-0.13776070403599483,-0.14605512921617148,0.13157110639428993,0.1337937827562983,0.26536488915058826
2010,France,FR,CP_EUR,555437600000.0,574092500000.0,-18654900000.0,0.9675054107134303,1129530100000.0,0.10862734719083589,0.12682579175217912,0.12667823327437666,0.13093284220598334,0.25761107548036
2011,France,FR,CP_EUR,609132800000.0,640641100000.0,-31508300000.0,0.9508175482341049,1249773900000.0,0.09667188537470284,0.11591964709519798,0.12576934079539714,0.13227494699585723,0.2580442877912544
2012,France,FR,CP_EUR,633913600000.0,653702200000.0,-19788600000.0,0.9697284176189096,1287615800000.0,0.04068209756558838,0.020387546162742298,0.12562721096373247,0.12954885995008789,0.25517607091382033
2013,France,FR,CP_EUR,648642900000.0,662142400000.0,-13499500000.0,0.9796123915339057,1310785300000.0,0.023235500863209024,0.012911383807489019,0.1263188453032225,0.12894778219927247,0.25526662750249496
2014,France,FR,CP_EUR,662096600000.0,677509600000.0,-15413000000.0,0.9772505068562866,1339606200000.0,0.02074130465314572,0.02320830081263492,0.12422881485364716,0.12712074742563026,0.2513495622792774
2015,France,FR,CP_EUR,697701100000.0,700292100000.0,-2591000000.0,0.9963001153375856,1397993200000.0,0.053775385646142926,0.033626829789570545,0.1225343104309569,0.12298935686606587,0.24552366729702277
2016,France,FR,CP_EUR,702983100000.0,710712700000.0,-7729600000.0,0.9891241566388218,1413695800000.0,0.007570577142561374,0.014880362066057806,0.12116588653264122,0.12249815730350712,0.24366404383614834
2017,France,FR,CP_EUR,740484000000.0,758179900000.0,-17695900000.0,0.9766600248832764,1498663900000.0,0.0533453791421159,0.06678816911531205,0.11836898370846322,0.12119773584734346,0.23956671955580666
2018,France,FR,CP_EUR,775337900000.0,798097700000.0,-22759800000.0,0.9714824388041715,1573435600000.0,0.04706907914283098,0.05264950970079796,0.11782383554961144,0.12128251715455046,0.23910635270416192
2019,France,FR,CP_EUR,799941700000.0,815748000000.0,-15806300000.0,0.9806235504101757,1615689700000.0,0.031733003120316905,0.0221154628061202,0.11653224130003753,0.11883483855888875,0.23536707985892627
2020,France,FR,CP_EUR,662035300000.0,702012700000.0,-39977400000.0,0.943053166986865,1364048000000.0,-0.17239556332667738,-0.1394245526804847,0.10634593906191787,0.11276770259062083,0.2191136416525387
2021,France,FR,CP_EUR,784736300000.0,815144100000.0,-30407800000.0,0.9626964115915211,1599880400000.0,0.1853390597147917,0.1611529250111856,0.10670419728542503,0.11083888544782525,0.21754308273325026
2022,France,FR,CP_EUR,971788900000.0,1044267200000.0,-72478300000.0,0.9305941046506105,2016056100000.0,0.23836363884275524,0.28108293981395427,0.10867332763419947,0.11677843980647248,0.22545176744067197
2023,France,FR,CP_EUR,973920400000.0,1022356900000.0,-48436500000.0,0.9526227093493476,1996277300000.0,0.0021933775946607614,-0.02098150741496041,0.10904084757682925,0.11446383390472123,0.22350468148155048
2024,France,FR,CP_EUR,989546900000.0,999144000000.0,-9597100000.0,0.9903946778442346,1988690900000.0,0.016044945767641705,-0.02270528031844843,0.10905489527969635,0.11011256191024087,0.21916745718993721
2025,France,FR,CP_EUR,994800600000.0,1006917500000.0,-12116900000.0,0.9879663428235184,2001718100000.0,0.005309197573151847,0.007780159816803245,0.10664947382699881,0.10794848893556867,0.21459796276256748
1991,Germany,DE,CP_EUR,357716200000.0,365357400000.0,-7641200000.0,0.9790856843189709,723073600000.0,,,,,
1992,Germany,DE,CP_EUR,365652100000.0,374010500000.0,-8358400000.0,0.9776519643165098,739662600000.0,0.022184905240522967,0.023683932500067062,,,
1993,Germany,DE,CP_EUR,352849900000.0,352696400000.0,153500000.0,1.0004352185052072,705546300000.0,-0.03501196902738968,-0.056987972262810827,,,
1994,Germany,DE,CP_EUR,384897700000.0,382737100000.0,2160600000.0,1.0056451282094159,767634800000.0,0.09082558901107807,0.08517438794385201,,,
1995,Germany,DE,CP_EUR,426012500000.0,418934400000.0,7078100000.0,1.016895485307485,844946900000.0,0.10682007193080145,0.09457484001420302,0.2372380531591441,0.23329639730616855,0.4705344504653126
1996,Germany,DE,CP_EUR,440142000000.0,427090100000.0,13051900000.0,1.0305600621508202,867232100000.0,0.033166867169390546,0.01946772573462585,0.23131325197552677,0.2244539260455783,0.45576717802110506
1997,Germany,DE,CP_EUR,483807000000.0,463780500000.0,20026500000.0,1.0431809875576916,947587500000.0,0.09920661968182998,0.08590786815241103,0.22918625277561,0.21969941506716273,0.44888566784277273
1998,Germany,DE,CP_EUR,515423500000.0,492025600000.0,23397900000.0,1.0475542329504806,1007449100000.0,0.06534940585812121,0.06090187060473662,0.2296953386673046,0.21926820726059976,0.44896354592790433
1999,Germany,DE,CP_EUR,540703000000.0,529475000000.0,11228000000.0,1.0212059115161245,1070178000000.0,0.049046075702795955,0.07611270633072742,0.22808778078485636,0.22335141053602778,0.45143919132088417
2000,Germany,DE,CP_EUR,632097000000.0,628568000000.0,3529000000.0,1.005614348805539,1260665000000.0,0.16902809860496437,0.18715331224325982,0.22535786828199694,0.22409969443025082,0.44945756271224774
2001,Germany,DE,CP_EUR,670963000000.0,636679000000.0,34284000000.0,1.0538481715275672,1307642000000.0,0.061487398294882034,0.012903934021458285,0.22861389848805988,0.21693248103916232,0.4455463795272222
2002,Germany,DE,CP_EUR,693476000000.0,603467000000.0,90009000000.0,1.149153143419607,1296943000000.0,0.033553265977408486,-0.05216443451095454,0.23204982307219904,0.20193115634846878,0.4339809794206678
2003,Germany,DE,CP_EUR,700653000000.0,619510000000.0,81143000000.0,1.1309793223676776,1320163000000.0,0.010349312737571337,0.026584717971322336,0.23371801489344285,0.20665100614232262,0.4403690210357655
2004,Germany,DE,CP_EUR,778148000000.0,664323000000.0,113825000000.0,1.1713398452258916,1442471000000.0,0.11060396515821669,0.07233620119126405,0.2371459277857328,0.20245698014311075,0.43960290792884354
2005,Germany,DE,CP_EUR,836166000000.0,720969000000.0,115197000000.0,1.1597807950133778,1557135000000.0,0.07455908130586986,0.08526876233398517,0.23483869503688876,0.20248541452540603,0.4373241095622948
2006,Germany,DE,CP_EUR,945469000000.0,819800000000.0,125669000000.0,1.1532922664064407,1765269000000.0,0.13071925909448612,0.13708078988139571,0.23768280650781023,0.20609069654859422,0.44377350305640445
2007,Germany,DE,CP_EUR,1033077000000.0,870635000000.0,162442000000.0,1.186578761478691,1903712000000.0,0.09266089104983877,0.06200902659185159,0.23816620069030317,0.20071672308840685,0.43888292377871
2008,Germany,DE,CP_EUR,1060281000000.0,910502000000.0,149779000000.0,1.1645015606775164,1970783000000.0,0.02633298389181049,0.045790715971675944,0.23468808237298672,0.2015352235650447,0.43622330593803144
2009,Germany,DE,CP_EUR,884225000000.0,765265000000.0,118960000000.0,1.15544941948214,1649490000000.0,-0.16604654803773722,-0.15951310376034322,0.23220610201054545,0.20096604671333662,0.4331721487238821
2010,Germany,DE,CP_EUR,1032906000000.0,899385000000.0,133521000000.0,1.1484581130439133,1932291000000.0,0.1681483785235658,0.1752595506131862,0.23557409008411262,0.20512205661531605,0.44069614669942864
2011,Germany,DE,CP_EUR,1143913000000.0,1010571000000.0,133342000000.0,1.1319471862936894,2154484000000.0,0.10747057331451271,0.1236244767257626,0.23618689378947436,0.20865540075488512,0.4448422945443595
2012,Germany,DE,CP_EUR,1194889000000.0,1025826000000.0,169063000000.0,1.1648067021112742,2220715000000.0,0.044562829515881086,0.015095426249120525,0.23679973498161788,0.2032953060386807,0.44009504102029856
2013,Germany,DE,CP_EUR,1194757000000.0,1029231000000.0,165526000000.0,1.1608249265713917,2223988000000.0,-0.00011047051232371263,0.0033192763685070403,0.23267089589347573,0.20043581987913686,0.4331067157726126
2014,Germany,DE,CP_EUR,1244335000000.0,1049181000000.0,195154000000.0,1.1860060370898824,2293516000000.0,0.04149630426940365,0.019383403725694137,0.23347388029316724,0.19685724439147456,0.4303311246846418
2015,Germany,DE,CP_EUR,1314624000000.0,1085745000000.0,228879000000.0,1.2108036417390824,2400369000000.0,0.05648719999035623,0.03485004017419291,0.23088188526001505,0.19068482890289165,0.4215667141629067
2016,Germany,DE,CP_EUR,1330343000000.0,1098208000000.0,232135000000.0,1.2113761691774236,2428551000000.0,0.011957031059831591,0.011478754219452991,0.22929738849695463,0.1892866925495632,0.41858408104651784
2017,Germany,DE,CP_EUR,1406671000000.0,1174984000000.0,231687000000.0,1.197183110578527,2581655000000.0,0.057374677056969414,0.06991025379527382,0.2248613294577164,0.187825343901698,0.4126866733594144
2018,Germany,DE,CP_EUR,1459356000000.0,1257828000000.0,201528000000.0,1.1602190442572435,2717184000000.0,0.037453676090571264,0.0705064920032954,0.22177030344104004,0.1911452018812658,0.41291550532230586
2019,Germany,DE,CP_EUR,1497693000000.0,1299349000000.0,198344000000.0,1.1526487494891673,2797042000000.0,0.026269806681851415,0.0330100776894775,0.21817780229406356,0.18928385806235937,0.40746166035642295
2020,Germany,DE,CP_EUR,1349915000000.0,1166817000000.0,183098000000.0,1.1569209224754182,2516732000000.0,-0.09867042177535712,-0.10199877015336145,0.21684338936121514,0.1874314701624065,0.40427485952362163
2021,Germany,DE,CP_EUR,1565725000000.0,1377184000000.0,188541000000.0,1.136903275088877,2942909000000.0,0.15986932510565488,0.18029133960166854,0.21289881619433446,0.18726203086862528,0.40016084706295973
2022,Germany,DE,CP_EUR,1820295000000.0,1721715000000.0,98580000000.0,1.0572568630696717,3542010000000.0,0.16258921585846808,0.25017063805562656,0.20356017127371503,0.19253615501032761,0.3960963262840426
2023,Germany,DE,CP_EUR,1812922000000.0,1645332000000.0,167590000000.0,1.101857862121444,3458254000000.0,-0.004050442373351615,-0.04436448541134852,0.20297608661927652,0.18421258639338453,0.3871886730126611
2024,Germany,DE,CP_EUR,1793668000000.0,1630146000000.0,163522000000.0,1.1003112604637866,3423814000000.0,-0.010620423824080683,-0.009229748160249684,0.19767458814386907,0.1796533356030077,0.37732792374687674
2025,Germany,DE,CP_EUR,1807398000000.0,1702054000000.0,105344000000.0,1.0618922783883473,3509452000000.0,0.007654705330083278,0.04411138634208234,0.1937655100891274,0.18247190796340357,0.37623741805253097
1995,Greece,EL,CP_EUR,14830600000.0,22453400000.0,-7622800000.0,0.6605057585933534,37284000000.0,,,0.008258871913810046,0.012503860574052466,0.02076273248786251
1996,Greece,EL,CP_EUR,16068500000.0,25267500000.0,-9199000000.0,0.6359354902542792,41336000000.0,0.08346931344652275,0.12533068488513988,0.008444676921013562,0.013279140809765081,0.021723817730778645
1997,Greece,EL,CP_EUR,20050000000.0,28253400000.0,-8203400000.0,0.7096491041786122,48303400000.0,0.24778292933378965,0.11817156426239239,0.009497969992478365,0.01338403717633358,0.022882007168811943
1998,Greece,EL,CP_EUR,20566900000.0,32441100000.0,-11874200000.0,0.6339766530727996,53008000000.0,0.025780548628428823,0.1482193293550511,0.009165513525938548,0.014457178322757685,0.023622691848696233
1999,Greece,EL,CP_EUR,26131600000.0,38707900000.0,-12576300000.0,0.6750973315524738,64839500000.0,0.2705658120572376,0.19317470739278253,0.011023239472238091,0.01632837067640117,0.027351610148639263
2000,Greece,EL,CP_EUR,33094199999.999996,48379400000.0,-15285200000.000004,0.6840556104457681,81473600000.0,0.2664436926939031,0.24985855600536322,0.01179888271024552,0.01724842619528655,0.02904730890553207
2001,Greece,EL,CP_EUR,34146500000.0,49683700000.0,-15537200000.0,0.6872777188494416,83830200000.0,0.031797112484967194,0.026959821742311707,0.011634567755185512,0.01692848092713193,0.02856304868231744
2002,Greece,EL,CP_EUR,32389200000.0,47146700000.0,-14757500000.0,0.686987636462361,79535900000.0,-0.05146354677638998,-0.05106302469421564,0.01083802197833821,0.01577615287830876,0.026614174856646973
2003,Greece,EL,CP_EUR,32858000000.0,50524100000.0,-17666100000.0,0.6503431035881886,83382100000.0,0.014473960455954504,0.0716359787641554,0.010960499039280137,0.0168534101135338,0.027813909152813933
2004,Greece,EL,CP_EUR,38932100000.0,55190600000.0,-16258500000.0,0.7054117911383461,94122700000.0,0.18485909063241834,0.09236186295253157,0.011864823883306166,0.016819713013528612,0.02868453689683478
2005,Greece,EL,CP_EUR,40887900000.0,57191300000.0,-16303400000.0,0.7149321662560564,98079200000.0,0.05023618042694844,0.03625073835037118,0.01148343878942555,0.016062277417956742,0.02754571620738229
2006,Greece,EL,CP_EUR,44520500000.0,64996400000.0,-20475900000.0,0.6849687059590993,109516900000.0,0.08884290951601814,0.13647355454413512,0.011192072280668076,0.01633953811801787,0.027531610398685947
2007,Greece,EL,CP_EUR,49864800000.0,75153100000.0,-25288300000.0,0.6635095558267058,125017900000.0,0.12004132927527777,0.1562655777858466,0.011495861358041879,0.017325841439794345,0.028821702797836222
2008,Greece,EL,CP_EUR,54395400000.0,81935200000.0,-27539800000.0,0.6638831662093947,136330600000.0,0.09085767916446064,0.09024378235894459,0.012040159274674885,0.018135961096018074,0.03017612037069296
2009,Greece,EL,CP_EUR,43888300000.0,64785700000.0,-20897400000.0,0.6774380766125858,108674000000.0,-0.1931615541020013,-0.2093056464132632,0.011525495283292626,0.017013356174078537,0.028538851457371166
2010,Greece,EL,CP_EUR,48583600000.0,65274300000.0,-16690700000.0,0.744299057975344,113857900000.0,0.10698295445483197,0.0075417877710668435,0.011080424901211238,0.014887060224625855,0.025967485125837093
2011,Greece,EL,CP_EUR,51494600000.0,63047500000.0,-11552900000.0,0.8167587929735517,114542100000.0,0.05991733836109314,-0.0341144983554017,0.010632233063993036,0.01301759240973036,0.023649825473723397
2012,Greece,EL,CP_EUR,53847200000.0,62143100000.0,-8295900000.0,0.8665032803320079,115990300000.0,0.04568634381080727,-0.014344740076926099,0.010671286361747554,0.012315344447004013,0.022986630808751567
2013,Greece,EL,CP_EUR,54017000000.0,58114200000.0,-4097200000.0,0.9294974378034973,112131200000.0,0.0031533673060066825,-0.06483262019435787,0.010519447706502559,0.011317349869582374,0.021836797576084935
2014,Greece,EL,CP_EUR,57249800000.0,59720900000.0,-2471100000.0,0.9586225257824312,116970700000.0,0.05984782568450675,0.027647287582036828,0.010741747963376234,0.011205399074686649,0.021947147038062883
2015,Greece,EL,CP_EUR,56442900000.0,58019300000.0,-1576400000.0,0.9728297307964764,114462200000.0,-0.014094372382086884,-0.028492537788278427,0.009912829190355951,0.010189685693754558,0.02010251488411051
2016,Greece,EL,CP_EUR,54391800000.0,56657600000.0,-2265800000.0,0.9600088955409336,111049400000.0,-0.03633938015233096,-0.023469776436461642,0.009374948938468243,0.009765481322113963,0.01914043026058221
2017,Greece,EL,CP_EUR,61691100000.0,64039200000.0,-2348100000.0,0.9633333957950755,125730300000.0,0.13419853727951647,0.1302843749117506,0.009861540304526736,0.010236892385930037,0.020098432690456774
2018,Greece,EL,CP_EUR,69773300000.0,73342900000.0,-3569600000.0,0.9513299855882437,143116200000.0,0.13101079410158034,0.14528132768679192,0.010603064579912454,0.011145517055636772,0.021748581635549224
2019,Greece,EL,CP_EUR,73258200000.0,75979500000.0,-2721300000.0,0.9641837600931831,149237700000.0,0.049946039530880615,0.035948946660140146,0.010671955518266406,0.011068383393260035,0.021740338911526443
2020,Greece,EL,CP_EUR,52691900000.0,65077900000.0,-12386000000.0,0.8096742519349887,117769800000.0,-0.2807371734495251,-0.14348080732302793,0.008464155289690248,0.0104537785034689,0.01891793379315915
2021,Greece,EL,CP_EUR,74310500000.0,88138500000.0,-13828000000.0,0.8431105589498347,162449000000.0,0.4102831744537585,0.35435378215953506,0.010104339830308062,0.011984596472014145,0.022088936302322205
2022,Greece,EL,CP_EUR,101913700000.0,121907900000.0,-19994200000.0,0.8359893001191884,223821600000.0,0.3714576002045471,0.38314017143473067,0.011396817673584783,0.013632731509793152,0.025029549183377936
2023,Greece,EL,CP_EUR,98499800000.0,109270000000.0,-10770200000.0,0.9014349775784753,207769800000.0,-0.03349794973590403,-0.10366760480657944,0.011028110385764756,0.012233949935456873,0.02326206032122163
2024,Greece,EL,CP_EUR,99693500000.0,112839800000.0,-13146300000.0,0.8834958941791815,212533300000.0,0.01211880633260165,0.03266953418138563,0.010986911487031497,0.012435724443562887,0.023422635930594383
2025,Greece,EL,CP_EUR,98004800000.0,109250400000.0,-11245600000.0,0.8970658230999612,207255200000.0,-0.016938917783004936,-0.03180969835111369,0.010506789353082671,0.011712395102485012,0.022219184455567684
1995,Hungary,HU,CP_EUR,13917600000.0,13901700000.0,15900000.0,1.0011437450096032,27819300000.0,,,0.007750440019125504,0.00774158561920712,0.015492025638332624
1996,Hungary,HU,CP_EUR,15412000000.0,15220000000.0,192000000.0,1.0126149802890934,30632000000.0,0.10737483474162213,0.09483012868929697,0.008099658381719577,0.007998754254462235,0.01609841263618181
1997,Hungary,HU,CP_EUR,20013200000.0,19595700000.0,417500000.0,1.021305694616676,39608900000.0,0.2985465870750066,0.28749671484888295,0.009480537309399902,0.009282761625017871,0.018763298934417773
1998,Hungary,HU,CP_EUR,22993200000.0,23666900000.0,-673700000.0,0.9715340834667827,46660100000.0,0.14890172486159137,0.20775986568481852,0.010246779320393943,0.010547009615792122,0.020793788936186067
1999,Hungary,HU,CP_EUR,25631100000.0,26887300000.0,-1256200000.0,0.9532790573988463,52518400000.0,0.11472522310944111,0.1360718978826969,0.010812110748552777,0.011342020644044269,0.022154131392597046
2000,Hungary,HU,CP_EUR,34259699999.999996,36157100000.0,-1897400000.0000038,0.9475234462940888,70416800000.0,0.3366457155564917,0.3447650005764804,0.012214411648814549,0.012890880638982612,0.025105292287797162
2001,Hungary,HU,CP_EUR,38921400000.0,39710900000.0,-789500000.0,0.9801188086898056,78632300000.0,0.13606949272760716,0.09828774984719457,0.013261495773408032,0.013530498196576408,0.02679199396998444
2002,Hungary,HU,CP_EUR,41683800000.0,43216200000.0,-1532400000.0,0.9645410748746998,84900000000.0,0.07097380875302539,0.0882704748570291,0.013948166072044209,0.014460935293871408,0.028409101365915616
2003,Hungary,HU,CP_EUR,42451700000.0,45540600000.0,-3088900000.0,0.9321726108132085,87992300000.0,0.018422024863376185,0.05378538603579219,0.014160685892805665,0.01519105552828051,0.029351741421086174
2004,Hungary,HU,CP_EUR,49913700000.0,53674100000.0,-3760400000.0,0.9299401387261268,103587800000.0,0.17577623510954798,0.17859887660680807,0.015211541629251415,0.01635754926127703,0.031569090890528444
2005,Hungary,HU,CP_EUR,56894300000.0,59589500000.0,-2695200000.0,0.9547705552152644,116483800000.0,0.13985338694586846,0.1102095796669158,0.01597886444442522,0.01673581611534155,0.03271468055976677
2006,Hungary,HU,CP_EUR,67930000000.0,69419700000.0,-1489700000.0,0.9785406736128217,137349700000.0,0.19396846432770953,0.1649653042901853,0.017077020025062218,0.01745151784239381,0.03452853786745603
2007,Hungary,HU,CP_EUR,79665200000.0,79621300000.0,43900000.0,1.000551360000402,159286500000.0,0.17275430590313556,0.14695540314925015,0.018366063721516536,0.018355942988782865,0.036722006710299404
2008,Hungary,HU,CP_EUR,85761000000.0,85810100000.0,-49100000.0,0.9994278062838756,171571100000.0,0.07651772668618162,0.07772794465802502,0.018982783462487506,0.018993651510528085,0.03797643497301559
2009,Hungary,HU,CP_EUR,70201500000.0,66991300000.0,3210200000.0,1.0479196552388146,137192800000.0,-0.1814286214013363,-0.21930751741345134,0.01843559803250678,0.017592568228244003,0.03602816626075078
2010,Hungary,HU,CP_EUR,80898300000.0,76250700000.0,4647600000.0,1.0609515715921296,157149000000.0,0.1523728125467405,0.13821794770365714,0.01845041408593964,0.017390439469590308,0.03584085355552995
2011,Hungary,HU,CP_EUR,87905700000.0,82161800000.0,5743900000.0,1.0699096173647606,170067500000.0,0.08661986716655345,0.07752191127425712,0.018150133995670472,0.016964175011694102,0.03511430900736458
2012,Hungary,HU,CP_EUR,86070300000.0,80072000000.0,5998300000.0,1.0749113298031772,166142300000.0,-0.020879192134298452,-0.025435177905060558,0.01705716951933472,0.01586844332774685,0.03292561284708157
2013,Hungary,HU,CP_EUR,87281700000.0,80830700000.0,6451000000.0,1.0798087855233223,168112400000.0,0.01407454139232689,0.009475222299930142,0.016997524462384887,0.015741235568987474,0.03273876003137236
2014,Hungary,HU,CP_EUR,92540600000.0,86483800000.0,6056800000.0,1.0700339254288087,179024400000.0,0.06025203450436911,0.06993753610942388,0.017363341034896448,0.01622690703749249,0.03359024807238894
2015,Hungary,HU,CP_EUR,98673800000.0,90120600000.0,8553200000.0,1.0949083783285953,188794400000.0,0.06627577517327521,0.042051806234231215,0.017329664580723974,0.015827502030058567,0.03315716661078254
2016,Hungary,HU,CP_EUR,100400400000.0,90780300000.0,9620100000.0,1.1059712294407487,191180700000.0,0.01749805926193182,0.007320190944134941,0.01730497287094354,0.01564685627463751,0.032951829145581056
2017,Hungary,HU,CP_EUR,109088400000.0,100870500000.0,8217900000.0,1.0814698053444762,209958900000.0,0.08653351978677382,0.1111496657314417,0.0174381661756126,0.016124505824791,0.033562672000403596
2018,Hungary,HU,CP_EUR,113903300000.0,108313500000.0,5589800000.0,1.0516076020071368,222216800000.0,0.04413759849809873,0.07378767826074029,0.017309257921943526,0.01645980676528626,0.03376906468722978
2019,Hungary,HU,CP_EUR,119469100000.0,116218300000.0,3250800000.0,1.0279714984645276,235687400000.0,0.048864255908301235,0.0729807457057523,0.017403770786168934,0.01693020751272268,0.034333978298891614
2020,Hungary,HU,CP_EUR,108506700000.0,106215500000.0,2291200000.0,1.0215712396025063,214722200000.0,-0.09175929173317621,-0.08606906141287562,0.01742995714278348,0.017061910581552278,0.03449186772433576
2021,Hungary,HU,CP_EUR,123065300000.0,123630400000.0,-565100000.0,0.9954291177574448,246695700000.0,0.1341723598634923,0.16395817936176926,0.016733753810279983,0.016810593051546117,0.0335443468618261
2022,Hungary,HU,CP_EUR,151371500000.0,160388200000.0,-9016700000.0,0.9437820238645985,311759700000.0,0.2300095965312725,0.2973200766154602,0.01692759056414436,0.017935911191473284,0.03486350175561764
2023,Hungary,HU,CP_EUR,160320100000.0,152133200000.0,8186900000.0,1.0538140261297337,312453300000.0,0.05911680864627744,-0.05146887364531805,0.017949556850438725,0.017032945477448956,0.03498250232788768
2024,Hungary,HU,CP_EUR,157086700000.0,147873300000.0,9213400000.0,1.0623060417262615,304960000000.0,-0.020168400593562508,-0.028001120071095564,0.01731203808362502,0.01629665784023286,0.03360869592385788
2025,Hungary,HU,CP_EUR,158940000000.0,149132800000.0,9807200000.0,1.0657615226160844,308072800000.0,0.011797943428692559,0.008517426743029244,0.017039462350608946,0.015988062985031422,0.03302752533564037
1995,Iceland,IS,CP_EUR,1904500000.0,1716700000.0,187800000.0,1.1093959340595327,3621200000.0,,,0.001060578908462991,0.0009559967509364224,0.002016575659399413
1996,Iceland,IS,CP_EUR,2088199999.9999998,2059500000.0,28699999.99999976,1.0139354212187424,4147700000.0,0.09645576266736655,0.1996854430011068,0.00109743749238949,0.0010823544275338354,0.0021797919199233254
1997,Iceland,IS,CP_EUR,2371000000.0,2340100000.0,30900000.0,1.0132045639075253,4711100000.0,0.13542764103055283,0.1362466618111191,0.0011231764016042995,0.0011085386323889587,0.0022317150339932583
1998,Iceland,IS,CP_EUR,2556600000.0,2885700000.0,-329100000.0,0.8859548809647573,5442300000.0,0.07827920708561797,0.23315242938335978,0.0011393331946192421,0.0012859946020936975,0.0024253277967129397
1999,Iceland,IS,CP_EUR,2732300000.0,3112500000.0,-380200000.0,0.8778473895582329,5844800000.0,0.06872408667761865,0.07859444848736885,0.001152581442008761,0.0013129633415994834,0.0024655447836082443
2000,Iceland,IS,CP_EUR,3141100000.0,3813600000.0,-672500000.0,0.8236574365428991,6954700000.0,0.14961753833766434,0.2252530120481928,0.0011198781200679336,0.001359640635029471,0.0024795187550974047
2001,Iceland,IS,CP_EUR,3390200000.0,3468400000.0,-78200000.0,0.9774535809018567,6858600000.0,0.07930342873515639,-0.09051814558422488,0.0011551260481639384,0.0011817707466968922,0.0023368967948608306
2002,Iceland,IS,CP_EUR,3520000000.0,3361500000.0,158500000.0,1.0471515692399227,6881500000.0,0.03828682673588579,-0.030821127897589617,0.0011778567350768311,0.0011248197201593091,0.0023026764552361405
2003,Iceland,IS,CP_EUR,3300700000.0,3599700000.0,-299000000.0,0.9169375225713254,6900400000.0,-0.06230113636363632,0.07086122266845152,0.001101020122312738,0.0012007580617108987,0.0023017781840236366
2004,Iceland,IS,CP_EUR,3609300000.0,4234300000.0,-625000000.0,0.8523959095954468,7843600000.0,0.09349531917472054,0.1762924688168459,0.0010999588730640512,0.0012904318998739677,0.002390390772938019
2005,Iceland,IS,CP_EUR,4119000000.0,5711100000.0,-1592100000.0,0.7212270840993854,9830100000.0,0.14121851882636527,0.34877075313511097,0.0011568284106947004,0.001603972502140933,0.0027608009128356334
2006,Iceland,IS,CP_EUR,4246600000.0000005,6582600000.0,-2335999999.9999995,0.64512502658524,10829200000.0,0.03097839281378989,0.15259757314702949,0.0010675588582132964,0.0016548092450607177,0.002722368103274014
2007,Iceland,IS,CP_EUR,5197700000.0,6620700000.0,-1423000000.0,0.7850680441645144,11818400000.0,0.22396740922149472,0.005787986509889764,0.0011982809232303,0.0015263402097910321,0.0027246211330213322
2008,Iceland,IS,CP_EUR,4454000000.0,4684700000.0,-230700000.0,0.9507545840715521,9138700000.0,-0.14308251726725285,-0.29241620976633886,0.0009858714047401424,0.0010369357363686899,0.0020228071411088322
2009,Iceland,IS,CP_EUR,4589000000.0,3831200000.0,757800000.0,1.1977970348715807,8420200000.0,0.03030983385720698,-0.18218882745960252,0.0012051161210397728,0.0010061104560748699,0.0022112265771146427
2010,Iceland,IS,CP_EUR,5377300000.0,4346100000.0,1031200000.0,1.2372701962679185,9723400000.0,0.17178034430159084,0.13439653372311544,0.001226396743371903,0.0009912117394172964,0.002217608482789199
2011,Iceland,IS,CP_EUR,5966700000.0,5106200000.0,860500000.0,1.1685206219889546,11072900000.0,0.10960891153552899,0.17489243229562135,0.0012319611186984122,0.001054291294065033,0.002286252412763445
2012,Iceland,IS,CP_EUR,6301400000.0,5611100000.0,690300000.0,1.1230240059881307,11912500000.0,0.05609465868905761,0.09887979319258933,0.0012487936954923568,0.001111991986666005,0.002360785682158362
2013,Iceland,IS,CP_EUR,6456500000.0,5484800000.0,971700000.0,1.1771623395565927,11941300000.0,0.024613577935062025,-0.022508955463278135,0.0012573599814323967,0.001068127937142478,0.002325487918574875
2014,Iceland,IS,CP_EUR,6930200000.0,6040100000.0,890100000.0,1.1473651098491746,12970300000.0,0.07336792379772317,0.1012434364060677,0.0013003095510515316,0.0011333005857415885,0.0024336101367931203
2015,Iceland,IS,CP_EUR,8193299999.999999,6951500000.0,1241799999.999999,1.1786377040926417,15144800000.0,0.1822602522293728,0.15089154153076945,0.0014389548270082404,0.001220862714650725,0.0026598175416589656
2016,Iceland,IS,CP_EUR,9054700000.0,7678500000.0,1376200000.0,1.1792277137461744,16733200000.0,0.10513468321677477,0.10458174494713379,0.001560664477975511,0.0013234631952615725,0.0028841276732370835
2017,Iceland,IS,CP_EUR,10144400000.0,9037400000.0,1107000000.0,1.1224909819195787,19181800000.0,0.12034633947010942,0.17697466953180951,0.001621618182610474,0.0014446603213126353,0.0030662785039231094
2018,Iceland,IS,CP_EUR,10498600000.0,9592900000.0,905700000.0,1.0944135767077734,20091500000.0,0.034915815622412305,0.0614667935468165,0.001595414489477621,0.0014577802427094917,0.0030531947321871125
2019,Iceland,IS,CP_EUR,9977900000.0,8720400000.0,1257500000.0,1.1442021008210632,18698300000.0,-0.04959708913569427,-0.09095268375569432,0.0014535397397930929,0.0012703522732129694,0.0027238920130060623
2020,Iceland,IS,CP_EUR,6589600000.0,6662500000.0,-72900000.0,0.9890581613508442,13252100000.0,-0.3395804728449874,-0.23598688133571855,0.0010585193871722762,0.001070229667511729,0.0021287490546840052
2021,Iceland,IS,CP_EUR,8290600000.0,8623800000.0,-333200000.0,0.9613627403232914,16914400000.0,0.2581340293796286,0.29437898686679165,0.0011273109425606344,0.0011726176762181747,0.002299928618778809
2022,Iceland,IS,CP_EUR,12965600000.0,12845100000.0,120500000.0,1.0093810091007467,25810700000.0,0.5638916363110029,0.489494190496069,0.001449918698159628,0.0014364434094627503,0.002886362107622378
2023,Iceland,IS,CP_EUR,12895000000.0,12686800000.0,208200000.0,1.0164107576378598,25581800000.0,-0.005445178009502061,-0.012323765482557536,0.0014437337276262138,0.0014204235017951337,0.0028641572294213474
2024,Iceland,IS,CP_EUR,13018900000.0,13407400000.0,-388500000.0,0.9710234646538479,26426300000.0,0.00960837533927883,0.05679919286187207,0.0014347725975967776,0.0014775879778644154,0.002912360575461193
2025,Iceland,IS,CP_EUR,13741700000.0,14516000000.0,-774300000.0,0.9466588591898595,28257700000.0,0.055519283503214556,0.08268568104181262,0.0014732048558157983,0.0015562151471085913,0.0030294200029243896
1995,Ireland,IE,CP_EUR,38878300000.0,33094800000.000004,5783499999.999996,1.174755550720959,71973100000.0,,,0.02165056706584232,0.01842984870559254,0.04008041577143486
1996,Ireland,IE,CP_EUR,44720600000.0,38185800000.0,6534800000.0,1.171131677220328,82906400000.0,0.1502714882080749,0.1538308132999744,0.02350256829908698,0.02006825428449698,0.04357082258358396
1997,Ireland,IE,CP_EUR,56392700000.0,47633000000.0,8759700000.0,1.1838998173535153,104025700000.0,0.2610005232487935,0.24740086629061064,0.02671402356083964,0.022564429159686882,0.04927845272052652
1998,Ireland,IE,CP_EUR,67936300000.0,59174200000.0,8762100000.0,1.1480729777504386,127110500000.0,0.20470025375624856,0.24229420779711552,0.03027539768036111,0.02637062126458498,0.056646018944946086
1999,Ireland,IE,CP_EUR,80226800000.0,68118399999.99999,12108400000.000008,1.1777552027058769,148345200000.0,0.18091211914690675,0.1511503324083805,0.03384252125745652,0.028734766936035418,0.06257728819349194
2000,Ireland,IE,CP_EUR,102408100000.0,87409300000.0,14998800000.0,1.1715927252592115,189817400000.0,0.27648242233268694,0.2831966106074131,0.03651096447350576,0.03116352951528255,0.06767449398878832
2001,Ireland,IE,CP_EUR,116258700000.0,97202900000.0,19055800000.0,1.1960414761287985,213461600000.0,0.13524906721245689,0.11204299771305792,0.039612250809886396,0.03311946249397513,0.07273171330386152
2002,Ireland,IE,CP_EUR,123009400000.0,99645500000.0,23363900000.0,1.2344701968478256,222654900000.0,0.05806619203552077,0.02512887989967383,0.041161207462431806,0.033343216845198406,0.07450442430763021
2003,Ireland,IE,CP_EUR,117685200000.0,95630700000.0,22054500000.0,1.2306215472646336,213315900000.0,-0.04328287106513806,-0.04029083099588038,0.039256452661071604,0.03189969552242032,0.07115614818349192
2004,Ireland,IE,CP_EUR,125751100000.0,103306500000.0,22444600000.0,1.2172622245454061,229057600000.0,0.06853793000309305,0.08026501949687703,0.03832350822668241,0.03148336279062184,0.06980687101730425
2005,Ireland,IE,CP_EUR,135441000000.0,116912000000.0,18529000000.0,1.1584867250581634,252353000000.0,0.07705618479679299,0.13170032863372594,0.038038843596237173,0.03283494128456878,0.07087378488080595
2006,Ireland,IE,CP_EUR,146147900000.0,131266700000.00002,14881199999.999985,1.1133661469359706,277414600000.0,0.0790521334012595,0.12278209251402772,0.03674032997086398,0.03299932378218511,0.0697396537530491
2007,Ireland,IE,CP_EUR,159304600000.0,142993700000.0,16310900000.0,1.1140672631031996,302298300000.0,0.09002318883815641,0.08933720433285819,0.03672617949532171,0.03296585467651395,0.06969203417183567
2008,Ireland,IE,CP_EUR,157941900000.0,141784700000.0,16157200000.0,1.1139558781730328,299726600000.0,-0.00855405305308199,-0.008454917943937379,0.03495967732831771,0.03138335908389305,0.06634303641221076
2009,Ireland,IE,CP_EUR,158596100000.0,135675600000.0,22920500000.0,1.1689360504025779,294271700000.0,0.004142029442472106,-0.043087159615952886,0.04164888142166832,0.03562973475522855,0.07727861617689687
2010,Ireland,IE,CP_EUR,172819800000.0,145099100000.0,27720700000.0,1.1910466708615008,317918900000.0,0.08968505530716087,0.0694561144376733,0.03941488105744213,0.03309264197760848,0.07250752303505062
2011,Ireland,IE,CP_EUR,177294200000.0,145237600000.0,32056600000.0,1.2207183263838015,322531800000.0,0.025890551892780778,0.000954520048711549,0.036606425825119415,0.02998761060101438,0.06659403642613379
2012,Ireland,IE,CP_EUR,183371900000.0,152838000000.0,30533900000.0,1.1997795050969,336209900000.0,0.034280309226133676,0.052330801390273685,0.03634012642435886,0.03028900416283062,0.06662913058718947
2013,Ireland,IE,CP_EUR,200735800000.0,164610600000.0,36125200000.0,1.2194585281871277,365346400000.0,0.09469226200961,0.07702665567463596,0.03909194792237548,0.03205680801666161,0.07114875593903709
2014,Ireland,IE,CP_EUR,230879200000.0,192740300000.0,38138900000.0,1.1978771434930837,423619500000.0,0.1501645446402684,0.17088632202300458,0.043319735202322705,0.036163754720287655,0.07948348992261037
2015,Ireland,IE,CP_EUR,344948500000.0,264156400000.00003,80792099999.99997,1.3058494891662664,609104900000.0,0.49406486162460705,0.3705301901055462,0.06058185458170116,0.04639267778125049,0.10697453236295164
2016,Ireland,IE,CP_EUR,356446100000.0,304989200000.0,51456900000.0,1.1687171217866075,661435300000.0,0.033331352361294586,0.1545781211433832,0.061436907526798985,0.05256781678091695,0.11400472430771594
2017,Ireland,IE,CP_EUR,396238800000.0,323191600000.0,73047200000.0,1.2260182504743316,719430400000.0,0.11163735554968901,0.05968211333384921,0.06334017218719246,0.05166331917382706,0.11500349136101952
2018,Ireland,IE,CP_EUR,422166500000.0,323355900000.0,98810600000.0,1.3055784663276595,745522400000.0,0.06543453089399631,0.000508367172909141,0.06415432067819081,0.04913861735070168,0.1132929380288925
2019,Ireland,IE,CP_EUR,477332600000.0,459886100000.0,17446500000.0,1.0379365673369993,937218700000.0,0.1306737981341486,0.4222288815512567,0.06953586458059918,0.06699432968144202,0.1365301942620412
2020,Ireland,IE,CP_EUR,533702100000.0,454137100000.0,79565000000.0,1.1752003965322366,987839200000.0,0.11809270936030769,-0.012500921423804767,0.08573115512695108,0.07295024353286918,0.15868139865982026
2021,Ireland,IE,CP_EUR,611668700000.0,424384600000.0,187284100000.0,1.4413074838248137,1036053300000.0,0.14608636540871767,-0.06551435678785111,0.08317140119313896,0.05770552233061754,0.1408769235237565
2022,Ireland,IE,CP_EUR,726433300000.0,511602900000.0,214830400000.0,1.4199163061820017,1238036200000.0,0.18762542533237347,0.20551711819891683,0.08123567167241025,0.05721159149925111,0.13844726317166137
2023,Ireland,IE,CP_EUR,716393100000.0,541117400000.0,175275700000.0,1.323914366826866,1257510500000.0,-0.013821227633700195,0.05769025156034102,0.08020790079167886,0.06058390391511477,0.14079180470679364
2024,Ireland,IE,CP_EUR,810337000000.0,575092800000.0,235244200000.0,1.4090543300142169,1385429800000.0,0.1311345684373566,0.06278748382513655,0.08930472792776502,0.06337919413431274,0.15268392206207776
2025,Ireland,IE,CP_EUR,894582400000.0,637995100000.0,256587300000.0,1.402177540235027,1532577500000.0,0.10396341275296583,0.10937765174594438,0.09590539275397882,0.06839746751178426,0.16430286026576307
1995,Italy,IT,CP_EUR,221632800000.0,188751200000.0,32881600000.0,1.1742060447827616,410384000000.0,,,0.12342298403969355,0.10511186225627707,0.22853484629597062
1996,Italy,IT,CP_EUR,245049400000.0,198213300000.0,46836100000.0,1.2362914093050263,443262700000.0,0.10565493916062962,0.05013001241846404,0.12878383251008002,0.10416947941300916,0.23295331192308918
1997,Italy,IT,CP_EUR,264754599999.99997,224069900000.0,40684699999.99997,1.1815714649758846,488824500000.0,0.08041317383352076,0.13044836042788255,0.1254180172653672,0.10614509657943283,0.23156311384480005
1998,Italy,IT,CP_EUR,273002500000.0,238590300000.0,34412200000.0,1.1442313455324882,511592800000.0,0.03115299979679298,0.06480299228053399,0.12166189879685506,0.10632631178290047,0.22798821057975552
1999,Italy,IT,CP_EUR,272643400000.00003,251717600000.0,20925800000.00003,1.0831320495666574,524361000000.0,-0.00131537256984815,0.05502025857715087,0.11501069543101836,0.10618344778647458,0.22119414321749292
2000,Italy,IT,CP_EUR,318171500000.0,307620300000.0,10551200000.0,1.0342994269233858,625791800000.0,0.16698772095711822,0.22208498730323178,0.11343583498748672,0.10967407699810058,0.2231099119855873
2001,Italy,IT,CP_EUR,334498200000.0,318024100000.0,16474100000.0,1.0518014200810568,652522300000.0,0.05131414975885651,0.0338202647874668,0.11397191430710597,0.10835877584033188,0.22233069014743786
2002,Italy,IT,CP_EUR,329564000000.0,319342400000.0,10221600000.0,1.032008277009254,648906400000.0,-0.014751050977254931,0.004145283329156424,0.11027817529513091,0.1068578399532953,0.2171360152484262
2003,Italy,IT,CP_EUR,324994100000.0,318640700000.0,6353400000.0,1.019939072441154,643634800000.0,-0.013866502409243697,-0.0021973280090585856,0.10840883562060115,0.10628952115848653,0.21469835677908766
2004,Italy,IT,CP_EUR,348699300000.0,340140400000.0,8558900000.0,1.0251628445194985,688839700000.0,0.07294040107189637,0.06747317590000268,0.10626849778799864,0.10366011444533721,0.20992861223333587
2005,Italy,IT,CP_EUR,367450600000.0,368926700000.0,-1476100000.0,0.9959989342056295,736377300000.0,0.05377498606965947,0.08463064075893367,0.10319914872707309,0.10361371401404236,0.20681286274111546
2006,Italy,IT,CP_EUR,406392400000.0,419143000000.0,-12750600000.0,0.9695793559715896,825535400000.0,0.10597832742687041,0.1361145723527193,0.10216356768486817,0.10536895928698149,0.20753252697184965
2007,Italy,IT,CP_EUR,441837000000.0,447317300000.0,-5480300000.0,0.9877485176629655,889154300000.0,0.08721767434627226,0.06721882507879173,0.10186137104436695,0.10312480274369146,0.20498617378805842
2008,Italy,IT,CP_EUR,439575800000.0,451554100000.0,-11978300000.0,0.9734731674454955,891129900000.0,-0.005117724409680502,0.009471576440258422,0.097297981911938,0.09994932080897412,0.19724730272091212
2009,Italy,IT,CP_EUR,352894000000.0,362195200000.0,-9301200000.0,0.9743199247256727,715089200000.0,-0.1971942040485395,-0.19789190265352474,0.092673403446984,0.0951159892096807,0.1877893926566647
2010,Italy,IT,CP_EUR,403170000000.0,432694400000.0,-29524400000.0,0.9317661610596301,835864400000.0,0.14246770985055002,0.19464421394872167,0.09195067692433938,0.0986842844987744,0.19063496142311376
2011,Italy,IT,CP_EUR,440244900000.0,462557000000.0,-22312100000.0,0.9517635664361365,902801900000.0,0.09195847905350107,0.06901545293860978,0.09089858707581587,0.09550542832416267,0.18640401539997856
2012,Italy,IT,CP_EUR,456969700000.0,439238400000.0,17731300000.0,1.0403682829187977,896208100000.0,0.03798976433344259,-0.050412381609185486,0.09056096746612399,0.08704702839657062,0.1776079958626946
2013,Italy,IT,CP_EUR,456829800000.0,419205200000.0,37624600000.0,1.0897522263559707,876035000000.0,-0.0003061472128239595,-0.04560894493741896,0.08896453323716651,0.08163739525878792,0.17060192849595443
2014,Italy,IT,CP_EUR,468225500000.0,422580200000.0,45645300000.0,1.1080157092073883,890805700000.0,0.024945176518694767,0.008050949749669245,0.08785288876163443,0.07928848664472403,0.16714137540635846
2015,Italy,IT,CP_EUR,484747500000.0,437301900000.0,47445600000.0,1.1084962127994413,922049400000.0,0.03528641648094766,0.03483764738622397,0.085134165111149,0.0768014938870632,0.1619356589982122
2016,Italy,IT,CP_EUR,490977400000.0,437012700000.0,53964700000.0,1.1234854273113801,927990100000.0,0.012851845548455643,-0.0006613280207563577,0.0846246686989932,0.07532333454605548,0.15994800324504868
2017,Italy,IT,CP_EUR,525788199999.99994,478743100000.0,47045099999.99994,1.0982679437050893,1004531300000.0,0.07090102314281665,0.09549013106484083,0.08404910150645009,0.07652877604977174,0.16057787755622185
2018,Italy,IT,CP_EUR,547785400000.0,505972300000.0,41813100000.0,1.082639108899835,1053757700000.0,0.04183661786247783,0.05687643331047476,0.08324393388492698,0.07688982709068996,0.16013376097561693
2019,Italy,IT,CP_EUR,558356400000.0,500526000000.0,57830400000.0,1.1155392527061532,1058882400000.0,0.019297703078614337,-0.010764027991255642,0.08133908100580364,0.07291458441151721,0.15425366541732086
2020,Italy,IT,CP_EUR,479725200000.0,421070600000.0,58654600000.0,1.139298730426679,900795800000.0,-0.14082618198698893,-0.15874380152080014,0.07706058405898653,0.06763861136764943,0.14469919542663595
2021,Italy,IT,CP_EUR,574339200000.0,536729199999.99994,37610000000.00006,1.0700725803626858,1111068400000.0,0.19722541154811135,0.27467745313968717,0.07809553770553647,0.07298153334521207,0.15107707105074855
2022,Italy,IT,CP_EUR,701306300000.0,737635700000.0,-36329400000.0,0.9507488588201466,1438942000000.0,0.22106640117895493,0.37431632189938635,0.07842576645177589,0.0824884150259198,0.16091418147769568
2023,Italy,IT,CP_EUR,714163200000.0,680824300000.0,33338900000.0,1.0489684342935468,1394987500000.0,0.018332788397879884,-0.07701823542434294,0.07995823954009036,0.07622559166324216,0.1561838312033325
2024,Italy,IT,CP_EUR,712028300000.0,666280600000.0,45747700000.0,1.0686613117656434,1378308900000.0,-0.002989372737211893,-0.021361899097902315,0.0784704309544906,0.07342871880038557,0.15189914975487617
2025,Italy,IT,CP_EUR,727701800000.0,684103100000.0,43598700000.0,1.0637311832090806,1411804900000.0,0.02201246776286836,0.026749240485165027,0.07801464340990538,0.07334056257949458,0.15135520598939997
1995,Latvia,LV,CP_EUR,1430000000.0,1626200000.0,-196200000.0,0.8793506333784282,3056200000.0,,,0.0007963391121565119,0.0009055990658663774,0.0017019381780228892
1996,Latvia,LV,CP_EUR,1901000000.0,2324700000.0,-423700000.0,0.8177399234309803,4225700000.0,0.32937062937062933,0.4295289632271553,0.0009990559683135814,0.0012217282533080393,0.0022207842216216207
1997,Latvia,LV,CP_EUR,2283300000.0,2803100000.0,-519800000.0,0.8145624487174914,5086400000.0,0.20110468174644924,0.20578999440788048,0.001081631665028721,0.0013278683135120252,0.002409499978540746
1998,Latvia,LV,CP_EUR,2512100000.0,3285500000.0,-773400000.0,0.7646020392634302,5797600000.0,0.10020584242105723,0.17209518033605642,0.001119502041071344,0.0014641630332948134,0.0025836650743661575
1999,Latvia,LV,CP_EUR,2468400000.0,3159500000.0,-691100000.0,0.7812628580471593,5627900000.0,-0.017395804307153373,-0.03835032719525189,0.0010412590240655951,0.0013327896153521503,0.0023740486394177454
2000,Latvia,LV,CP_EUR,3175400000.0,3863100000.0,-687700000.0,0.8219823457844736,7038500000.0,0.28642035326527315,0.22269346415572078,0.0011321068996414366,0.0013772885822273834,0.00250939548186882
2001,Latvia,LV,CP_EUR,3562400000.0,4534200000.0,-971800000.0,0.7856733271580433,8096600000.0,0.1218744095232096,0.173720587093267,0.0012137989009436652,0.0015449154998480707,0.002758714400791736
2002,Latvia,LV,CP_EUR,3715600000.0,4745400000.0,-1029800000.0,0.782989842795128,8461000000.0,0.04300471592185051,0.04657933042212514,0.0012433080922873505,0.0015878981109754531,0.002831206203262804
2003,Latvia,LV,CP_EUR,3784700000.0,5099100000.0,-1314400000.0,0.7422290208075935,8883800000.0,0.01859726558294761,0.0745353394866608,0.0012624688268903625,0.0017009154741978619,0.002963384301088224
2004,Latvia,LV,CP_EUR,4562100000.0,6357200000.0,-1795100000.0,0.7176272572830806,10919300000.0,0.2054059766956431,0.2467298150654036,0.0013903311929752329,0.0019374002016576029,0.003327731394632836
2005,Latvia,LV,CP_EUR,5926300000.0,7898000000.0,-1971700000.0,0.7503545201316789,13824300000.0,0.2990289559632626,0.24237085509343737,0.0016644118014809426,0.0022181672220603892,0.003882579023541332
2006,Latvia,LV,CP_EUR,6901000000.0,10485200000.0,-3584200000.0,0.6581657955976042,17386200000.0,0.16447024281592215,0.3275766016713091,0.001734852277240606,0.0026358894504163455,0.004370741727656951
2007,Latvia,LV,CP_EUR,8720400000.0,13062200000.0,-4341800000.0,0.6676057631945614,21782600000.0,0.2636429502970583,0.24577499713882434,0.002010406326440062,0.003011367542455091,0.005021773868895153
2008,Latvia,LV,CP_EUR,9630500000.0,12736500000.0,-3106000000.0,0.7561339457464766,22367000000.0,0.10436447869363796,-0.02493454395124861,0.002131664697653781,0.0028191628079193586,0.0049508275055731394
2009,Latvia,LV,CP_EUR,7987800000.0,8363200000.000001,-375400000.00000095,0.9551128754543714,16351000000.0,-0.17057265977882763,-0.3433674871432496,0.002097674123260296,0.002196257821634306,0.004293931944894601
2010,Latvia,LV,CP_EUR,9553200000.0,9927800000.0,-374600000.0,0.9622675718688934,19481000000.0,0.19597386013670848,0.18708149990434264,0.002178791097536024,0.0022642258361719784,0.0044430169337080026
2011,Latvia,LV,CP_EUR,11756300000.0,12922600000.0,-1166300000.0,0.9097472644823797,24678900000.0,0.23061382573378553,0.3016579705473519,0.002427355908585004,0.0026681651084338245,0.005095521017018829
2012,Latvia,LV,CP_EUR,13577500000.0,14757800000.0,-1180300000.0,0.920021954491862,28335300000.0,0.15491268511351364,0.14201476483060693,0.002690750690409667,0.0029246592184811477,0.005615409908890815
2013,Latvia,LV,CP_EUR,13764800000.0,14760300000.0,-995500000.0,0.9325555713637257,28525100000.0,0.013794881237341183,0.00016940194337911052,0.0026806022879920476,0.0028744692223242633,0.005555071510316311
2014,Latvia,LV,CP_EUR,14488400000.0,15148900000.0,-660500000.0,0.9563994745493072,29637300000.0,0.05256887132395671,0.026327378169820337,0.002718450390963466,0.0028423796366518353,0.005560830027615301
2015,Latvia,LV,CP_EUR,14862900000.0,15145100000.0,-282200000.0,0.9813669107500116,30008000000.0,0.025848264818751465,-0.00025084329555280505,0.002610308630019745,0.002659870229397496,0.005270178859417242
2016,Latvia,LV,CP_EUR,15171300000.0,15042400000.0,128900000.0,1.0085691113120248,30213700000.0,0.020749651817612902,-0.006781071105506076,0.002614919212642039,0.0025927020600902103,0.005207621272732249
2017,Latvia,LV,CP_EUR,16687400000.000002,16800300000.0,-112899999.9999981,0.9932798819068708,33487700000.0,0.09993210865252156,0.11686300058501309,0.002667539850606643,0.0026855873145095565,0.005353127165116199
2018,Latvia,LV,CP_EUR,17981600000.0,18120800000.0,-139200000.0,0.9923182199461392,36102400000.0,0.0775555209319605,0.07859978690856706,0.0027325648356915006,0.002753718293955963,0.0054862831296474636
2019,Latvia,LV,CP_EUR,18490300000.0,18554700000.0,-64400000.0,0.9965291812856042,37045000000.0,0.028290029808248462,0.023944858946624903,0.002693591422112491,0.002702972951216078,0.005396564373328569
2020,Latvia,LV,CP_EUR,18311800000.0,17892300000.0,419500000.0,1.0234458398305417,36204100000.0,-0.009653710323791365,-0.035699849633785474,0.0029415131895746765,0.0028741268712975778,0.005815640060872254
2021,Latvia,LV,CP_EUR,21569200000.0,22593900000.0,-1024700000.0,0.9546470507526368,44163100000.0,0.17788529800456532,0.26277225398635173,0.0029328631440762834,0.0030721963072782086,0.006005059451354492
2022,Latvia,LV,CP_EUR,27969300000.0,29734000000.0,-1764700000.0,0.9406504338467747,57703300000.0,0.29672403241659406,0.31601892546218235,0.0031277542916977293,0.003325097378530756,0.0064528516702284855
2023,Latvia,LV,CP_EUR,26108300000.0,27557800000.0,-1449500000.0,0.9474014616551394,53666100000.0,-0.0665372390442378,-0.07318894195197412,0.00292310455843222,0.0030853916494127703,0.006008496207844991
2024,Latvia,LV,CP_EUR,26368500000.0,27011900000.0,-643400000.0,0.9761808684320614,53380400000.0,0.009966179337605352,-0.01980927359948903,0.00290599061669808,0.0029768977355248446,0.005882888352222925
2025,Latvia,LV,CP_EUR,26922800000.0,28892700000.0,-1969900000.0,0.9318201483419687,55815500000.0,0.02102129434742217,0.06962857111125098,0.0028863095317287943,0.0030974963750939923,0.005983805906822787
1995,Lithuania,LT,CP_EUR,1904900000.0,2455000000.0,-550100000.0,0.7759266802443991,4359900000.0,,,0.0010608016606621954,0.0013671416226183474,0.002427943283280543
1996,Lithuania,LT,CP_EUR,2771600000.0,3390600000.0,-619000000.0,0.8174364419276824,6162200000.0,0.4549845136227624,0.38109979633401214,0.0014565931203460929,0.0017819038222851285,0.0032384969426312213
1997,Lithuania,LT,CP_EUR,4015400000.0,4919800000.0,-904400000.0,0.816171389080857,8935200000.0,0.4487660557078943,0.4510116203621777,0.001902152055251752,0.0023305791904735694,0.004232731245725321
1998,Lithuania,LT,CP_EUR,3925400000.0,5073700000.0,-1148300000.0,0.773676015531072,8999100000.0,-0.022413707227175395,0.031281759421114774,0.0017493305648745884,0.00226106345519035,0.004010394020064938
1999,Lithuania,LT,CP_EUR,3339400000.0,4372500000.0,-1033100000.0,0.7637278444825615,7711900000.0,-0.14928414938604984,-0.13820288941009518,0.0014086778419075711,0.0018444762124156598,0.0032531540543232307
2000,Lithuania,LT,CP_EUR,4814900000.0,5587200000.0,-772300000.0,0.8617733390607102,10402100000.0,0.4418458405701624,0.2778044596912521,0.0017166283022874448,0.00199197193099346,0.0037086002332809053
2001,Lithuania,LT,CP_EUR,6025700000.0,6773300000.0,-747600000.0,0.889625441070084,12799000000.0,0.2514693970798978,0.21228880297823594,0.00205310690473171,0.0023078329485071098,0.00436093985323882
2002,Lithuania,LT,CP_EUR,7183200000.0,8044400000.0,-861200000.0,0.8929441599124857,15227600000.0,0.19209386461323996,0.187663325114789,0.002403630823694288,0.0026918041817193357,0.005095435005413623
2003,Lithuania,LT,CP_EUR,7695900000.0,8660400000.0,-964500000.0,0.8886310101150062,16356300000.0,0.07137487470765125,0.07657500870170564,0.0025671344742953313,0.0028888643824877256,0.005455998856783057
2004,Lithuania,LT,CP_EUR,8885800000.0,10172300000.0,-1286500000.0,0.8735290937152856,19058100000.0,0.1546147948907861,0.1745762320447093,0.0027080083546040913,0.0031000780329896237,0.005808086387593715
2005,Lithuania,LT,CP_EUR,11566200000.0,13081800000.0,-1515600000.0,0.8841443838003944,24648000000.0,0.3016498233136016,0.28602184363418304,0.0032483876581153297,0.0036740465897125347,0.006922434247827864
2006,Lithuania,LT,CP_EUR,13719400000.0,16187400000.0,-2468000000.0,0.8475357376725107,29906800000.0,0.18616313050094235,0.23739852313901766,0.0034489396221380627,0.004069373678105287,0.00751831330024335
2007,Lithuania,LT,CP_EUR,14981700000.0,18783700000.0,-3802000000.0,0.7975904640725736,33765400000.0,0.0920083968686678,0.16039018001655614,0.0034538902413681796,0.00433040563666256,0.007784295878030739
2008,Lithuania,LT,CP_EUR,18819200000.0,22609800000.0,-3790600000.0,0.8323470353563499,41429000000.0,0.25614583124745516,0.20369256323301577,0.004165539097459741,0.005004570113806392,0.009170109211266132
2009,Lithuania,LT,CP_EUR,13929800000.0,14403200000.0,-473400000.0,0.9671323039324594,28333000000.0,-0.259809131100153,-0.3629665012516696,0.0036581012296491235,0.003782420683059502,0.007440521912708626
2010,Lithuania,LT,CP_EUR,17925500000.0,18486900000.0,-561400000.0,0.9696325506169233,36412400000.0,0.28684546798949007,0.2835272717173962,0.004088255225357158,0.004216293298689311,0.00830454852404647
2011,Lithuania,LT,CP_EUR,22824300000.0,23665200000.0,-840900000.0,0.9644668120277876,46489500000.0,0.27328665867060886,0.28010645375914844,0.004712596604741008,0.0048862195629446195,0.009598816167685627
2012,Lithuania,LT,CP_EUR,26135600000.0,25931800000.0,203800000.0,1.0078590765006672,52067400000.0,0.1450778337123153,0.0957777665094739,0.005179479561353039,0.0051390910516343515,0.010318570612987391
2013,Lithuania,LT,CP_EUR,27565100000.0,27056900000.0,508200000.0,1.0187826395485071,54622000000.0,0.05469551110362869,0.04338688405741209,0.005368117962391723,0.0052691494279591446,0.010637267390350869
2014,Lithuania,LT,CP_EUR,26437500000.0,25734600000.0,702900000.0,1.027313422396307,52172100000.0,-0.040906798814442924,-0.04887108279218977,0.0049604533427498295,0.0048285686087689746,0.009789021951518805
2015,Lithuania,LT,CP_EUR,25686000000.0,26055400000.0,-369400000.0,0.985822516637626,51741400000.0,-0.02842553191489361,0.01246570764651489,0.004511124172986912,0.004576000341697547,0.009087124514684458
2016,Lithuania,LT,CP_EUR,26285300000.0,26002500000.0,282800000.0,1.0108758773194886,52287800000.0,0.023331776064782428,-0.0020302893066312944,0.0045305238166841195,0.004481780521558773,0.009012304338242893
2017,Lithuania,LT,CP_EUR,31116800000.0,30146900000.0,969900000.0,1.032172462176874,61263700000.0,0.18380996222223067,0.15938467455052407,0.004974130423155002,0.004819088481264511,0.009793218904419513
2018,Lithuania,LT,CP_EUR,34244400000.0,33391199999.999996,853200000.0000038,1.0255516423488824,67635600000.0,0.10051162073220898,0.10761637183259287,0.00520393309045658,0.005074276979887331,0.01027821007034391
2019,Lithuania,LT,CP_EUR,37825000000.0,35233800000.0,2591200000.0,1.0735430183516963,73058800000.0,0.10456016166146864,0.055182203694386756,0.005510191589179461,0.005132716151086088,0.010642907740265549
2020,Lithuania,LT,CP_EUR,36409000000.0,31848600000.0,4560400000.0,1.1431899675338948,68257600000.0,-0.03743555849306013,-0.09607819763976633,0.005848554141003309,0.005115994985172841,0.01096454912617615
2021,Lithuania,LT,CP_EUR,45134000000.0,42610000000.0,2524000000.0,1.0592349213799577,87744000000.0,0.23963855090774255,0.3378924034337458,0.006137077181570896,0.00579387731436912,0.011930954495940017
2022,Lithuania,LT,CP_EUR,58537800000.0,59948900000.0,-1411100000.0,0.9764616198128739,118486700000.0,0.29697788806664605,0.40692091058436985,0.006546172238008936,0.00670397290091486,0.013250145138923796
2023,Lithuania,LT,CP_EUR,56431500000.0,53550800000.0,2880700000.0,1.0537937808585494,109982300000.0,-0.035981878376023735,-0.10672589488714557,0.00631811243509412,0.005995587134654195,0.012313699569748315
2024,Lithuania,LT,CP_EUR,58410400000.0,54096000000.0,4314400000.0,1.079754510499852,112506400000.0,0.03506729397588226,0.010180987025403931,0.0064372290542723904,0.00596175240915863,0.012398981463431021
2025,Lithuania,LT,CP_EUR,60878600000.0,57820100000.0,3058500000.0,1.0528968299951056,118698700000.0,0.04225617355813349,0.06884242827565812,0.0065266050878179304,0.006198712829108118,0.012725317916926049
1995,Luxembourg,LU,CP_EUR,16660400000.000002,13564800000.0,3095600000.000002,1.2282083038452467,30225200000.0,,,0.009277851849071575,0.00755397257942703,0.016831824428498603
1996,Luxembourg,LU,CP_EUR,17776000000.0,14430000000.0,3346000000.0,1.2318780318780318,32206000000.0,0.06696117740270324,0.0637827317763624,0.009342040448575605,0.007583575814184629,0.016925616262760235
1997,Luxembourg,LU,CP_EUR,20067300000.0,16553000000.0,3514300000.0,1.212305926418172,36620300000.0,0.12889851485148518,0.14712404712404714,0.0095061652483821,0.007841391385810194,0.017347556634192293
1998,Luxembourg,LU,CP_EUR,22992700000.0,19603300000.0,3389400000.0,1.1728994608050685,42596000000.0,0.14577945214353694,0.18427475382105962,0.010246556498443967,0.008736091063944061,0.01898264756238803
1999,Luxembourg,LU,CP_EUR,26699000000.0,22599700000.0,4099300000.0,1.1813873635490737,49298700000.0,0.16119464003792516,0.15285181576571283,0.011262588998350075,0.009533358275066938,0.020795947273417013
2000,Luxembourg,LU,CP_EUR,33937699999.999996,28679100000.0,5258599999.999996,1.1833600078105657,62616800000.0,0.2711225139518332,0.26900357084386073,0.012099610860981663,0.010224792777447478,0.022324403638429142
2001,Luxembourg,LU,CP_EUR,34912600000.0,29745900000.0,5166700000.0,1.1736945259682847,64658500000.0,0.02872616588631538,0.0371978200152725,0.011895597212296712,0.01013517312137328,0.022030770333669993
2002,Luxembourg,LU,CP_EUR,34105600000.0,28594500000.0,5511100000.0,1.1927328682089213,62700100000.0,-0.023114863974610933,-0.03870785553639322,0.011412360984044424,0.009568245571350695,0.02098060655539512
2003,Luxembourg,LU,CP_EUR,34842400000.0,29408600000.0,5433800000.0,1.1847690811531322,64251000000.0,0.021603490335897924,0.028470510063123955,0.011622438728048396,0.009809876804631256,0.021432315532679654
2004,Luxembourg,LU,CP_EUR,40517800000.0,34248000000.0,6269800000.0,1.1830705442653586,74765800000.0,0.1628877459646867,0.16455730636616495,0.012348076809086143,0.010437312355497639,0.02278538916458378
2005,Luxembourg,LU,CP_EUR,46579500000.0,39441900000.0,7137600000.0,1.1809649129479056,86021400000.0,0.14960585224271794,0.15165557112824102,0.013081934682193201,0.011077327140514518,0.02415926182270772
2006,Luxembourg,LU,CP_EUR,57325300000.0,47209100000.0,10116200000.0,1.2142849577729717,104534400000.0,0.23069805386489772,0.19692763279659453,0.014411089298435141,0.011867963286694608,0.02627905258512975
2007,Luxembourg,LU,CP_EUR,63831900000.0,51911300000.0,11920600000.0,1.2296340103214523,115743200000.0,0.11350311293617299,0.09960367810443316,0.014715845097551647,0.011967662714293838,0.026683507811845485
2008,Luxembourg,LU,CP_EUR,64613300000.0,52300000000.0,12313300000.0,1.2354359464627152,116913300000.0,0.012241528138752011,0.007487772411786997,0.014301842127502523,0.011576352597195654,0.025878194724698177
2009,Luxembourg,LU,CP_EUR,57765800000.0,45145600000.0,12620200000.0,1.2795444074284095,102911400000.0,-0.10597663329376461,-0.13679541108986615,0.015169862023264178,0.01185567451601943,0.027025536539283607
2010,Luxembourg,LU,CP_EUR,68993400000.0,55531500000.0,13461900000.0,1.2424191674995273,124524900000.0,0.19436413933503904,0.23005342713354127,0.015735272548333745,0.012665027198511675,0.02840029974684542
2011,Luxembourg,LU,CP_EUR,75123500000.0,61709500000.0,13414000000.0,1.2173733379787552,136833000000.0,0.08885052773163804,0.11125217219055861,0.015510957665131508,0.012741331834065676,0.028252289499197183
2012,Luxembourg,LU,CP_EUR,79658400000.0,65404300000.0,14254100000.0,1.2179382701137387,145062700000.0,0.06036593076733654,0.05987408745817091,0.015786477245216677,0.012961639873375879,0.028748117118592556
2013,Luxembourg,LU,CP_EUR,86594500000.0,70769800000.0,15824700000.0,1.223608092717515,157364300000.0,0.08707305193174864,0.08203589060658101,0.016863696880995538,0.013781942912409887,0.030645639793405424
2014,Luxembourg,LU,CP_EUR,94665500000.0,78021700000.0,16643800000.0,1.2133227038118883,172687200000.0,0.09320453377523985,0.10247167577130356,0.017762034833780953,0.014639167945986738,0.03240120277976769
2015,Luxembourg,LU,CP_EUR,103864100000.0,86246800000.0,17617300000.0,1.2042661292940724,190110900000.0,0.09716950737068952,0.10542067142858969,0.018241215145041265,0.015147162824992899,0.03338837797003417
2016,Luxembourg,LU,CP_EUR,107412900000.0,88437100000.0,18975800000.0,1.2145683203090105,195850000000.0,0.03416772494057141,0.02539572482689212,0.01851364457202732,0.015242983257884642,0.03375662782991196
2017,Luxembourg,LU,CP_EUR,112118900000.0,93678800000.0,18440100000.0,1.1968438963778358,205797700000.0,0.04381224229119596,0.059270374085084176,0.01792260230809959,0.014974887169781365,0.03289748947788095
2018,Luxembourg,LU,CP_EUR,118712300000.0,99106700000.0,19605600000.0,1.1978231542367974,217819000000.0,0.05880721270008893,0.057941604717395956,0.018040055197761053,0.015060700015650824,0.033100755213411874
2019,Luxembourg,LU,CP_EUR,128937100000.0,109900800000.0,19036300000.0,1.1732134797926859,238837900000.0,0.0861309232488967,0.10891392811989498,0.018783030375497452,0.016009899902289335,0.034792930277786786
2020,Luxembourg,LU,CP_EUR,131860299999.99998,110386900000.0,21473399999.999985,1.194528517423716,242247200000.0,0.02267151967897507,0.004423079722804646,0.021181359103489207,0.017731982781936283,0.038913341885425494
2021,Luxembourg,LU,CP_EUR,157486400000.0,132850100000.0,24636300000.0,1.1854443466734312,290336500000.0,0.19434280067617027,0.20349516111060284,0.02141414879797374,0.018064237986427343,0.03947838678440108
2022,Luxembourg,LU,CP_EUR,170579900000.0,145688500000.0,24891400000.0,1.170853567714679,316268400000.0,0.08314051245059884,0.09663824114547137,0.01907562986211201,0.01629207134701278,0.035367701209124795
2023,Luxembourg,LU,CP_EUR,178502500000.0,152067300000.0,26435200000.0,1.1738388200487548,330569800000.0,0.0464450969897392,0.043783826451641694,0.019985271788724175,0.017025567264757947,0.037010839053482125
2024,Luxembourg,LU,CP_EUR,165063700000.0,137660000000.0,27403700000.0,1.1990679936074387,302723700000.0,-0.07528634052744354,-0.09474291974671745,0.018191158517074042,0.015171081718514806,0.03336224023558885
2025,Luxembourg,LU,CP_EUR,170558300000.0,142665800000.0,27892500000.0,1.1955093652438076,313224100000.0,0.03328775496974812,0.03636350428592183,0.018285024106165004,0.015294756057754537,0.03357978016391954
1995,Malta,MT,CP_EUR,2421600000.0,2603800000.0,-182200000.0,0.9300253475689377,5025400000.0,,,0.0013485418139847617,0.0014500054407224656,0.0027985472547072273
1996,Malta,MT,CP_EUR,2321500000.0,2618700000.0,-297200000.0,0.8865085729560469,4940200000.0,-0.04133630657416587,0.00572240571472471,0.0012200465178537504,0.0013762376981708447,0.002596284216024595
1997,Malta,MT,CP_EUR,2498400000.0,2702100000.0,-203700000.0,0.924614188964139,5200500000.0,0.07620073228516056,0.03184786344369339,0.0011835275924791994,0.001280023177889067,0.0024635507703682663
1998,Malta,MT,CP_EUR,2697000000.0,2927100000.0,-230100000.0,0.9213897714461412,5624100000.0,0.07949087415946199,0.08326856889086276,0.0012019015981726104,0.001304444259551742,0.0025063458577243526
1999,Malta,MT,CP_EUR,3092300000.0,3270200000.0,-177900000.0,0.9455996575133019,6362500000.0,0.14657026325546907,0.11721499094667087,0.0013044422622419541,0.0013794868175738572,0.0026839290798158113
2000,Malta,MT,CP_EUR,3951000000.0,4347700000.0,-396700000.0,0.9087563539342641,8298700000.0,0.2776897454968794,0.32949055103663394,0.0014086270581606462,0.001550060202674017,0.002958687260834663
2001,Malta,MT,CP_EUR,3566800000.0,3767200000.0,-200400000.0,0.9468039923550647,7334000000.0,-0.09724120475828901,-0.1335188720472894,0.0012152980911424504,0.0012835793901962093,0.0024988774813386595
2002,Malta,MT,CP_EUR,3898500000.0,3779900000.0,118600000.0,1.0313764914415726,7678400000.0,0.09299652349444876,0.0033712040772988505,0.0013045097959366553,0.0012648240548059416,0.0025693338507425966
2003,Malta,MT,CP_EUR,3619600000.0,3795200000.0,-175600000.0,0.9537310286677909,7414800000.0,-0.07154033602667698,0.0040477261303208945,0.001207396138613987,0.0012659713297789267,0.0024733674683929136
2004,Malta,MT,CP_EUR,3691500000.0,3971400000.0,-279900000.0,0.929521075691192,7662900000.0,0.019864073378273783,0.04642706576728495,0.0011250098855500915,0.0012103113258766444,0.002335321211426736
2005,Malta,MT,CP_EUR,3810500000.0,4277700000.0,-467200000.0,0.8907824298104121,8088200000.0,0.03223621833942847,0.07712645414715213,0.0010701856418917591,0.00120139958544033,0.002271585227332089
2006,Malta,MT,CP_EUR,4798400000.0,5017600000.0,-219200000.0,0.9563137755102041,9816000000.0,0.25925731531295115,0.17296678121420395,0.0012062766507913816,0.0012613816528448723,0.002467658303636254
2007,Malta,MT,CP_EUR,5249700000.0,5430200000.0,-180500000.0,0.9667599720083975,10679900000.0,0.09405218406135374,0.08223054846938771,0.0012102690348966094,0.0012518816148152404,0.00246215064971185
2008,Malta,MT,CP_EUR,5704700000.0,5879600000.0,-174900000.0,0.9702530784407103,11584300000.0,0.0866716193306285,0.0827593827115023,0.0012627078137900966,0.0013014210847126495,0.002564128898502746
2009,Malta,MT,CP_EUR,5095100000.0,5188800000.0,-93700000.0,0.9819418748072772,10283900000.0,-0.1068592564026154,-0.11749098578134565,0.0013380229131204503,0.0013626294462521624,0.002700652359372613
2010,Malta,MT,CP_EUR,6150000000.0,6080300000.0,69700000.0,1.0114632501685772,12230300000.0,0.20704206001844905,0.17181236509404862,0.001402625847867369,0.0013867294215915388,0.0027893552694589078
2011,Malta,MT,CP_EUR,6852900000.0,6652100000.0,200800000.0,1.0301859563145472,13505000000.0,0.11429268292682937,0.09404141243030772,0.0014149372937014343,0.0013734775600740287,0.002788414853775463
2012,Malta,MT,CP_EUR,7539200000.0,7360900000.0,178300000.0,1.0242225814778083,14900100000.0,0.10014738285981117,0.10655281790712712,0.0014940974115364805,0.0014587624199621815,0.002952859831498662
2013,Malta,MT,CP_EUR,7939900000.0,7297100000.0,642800000.0,1.0880897890942978,15237000000.0,0.053148875212224,-0.008667418386338666,0.0015462421616317026,0.0014210611818338639,0.0029673033434655664
2014,Malta,MT,CP_EUR,8673700000.0,7549900000.0,1123800000.0,1.1488496536377966,16223600000.0,0.0924192999911837,0.0346438996313605,0.0016274414811918371,0.001416583515552792,0.0030440249967446293
2015,Malta,MT,CP_EUR,11114000000.0,10064400000.0,1049600000.0,1.1042883828146735,21178400000.0,0.28134475483357746,0.33305076888435603,0.001951905086762304,0.00176756825222337,0.0037194733389856738
2016,Malta,MT,CP_EUR,12294800000.0,10885300000.0,1409500000.0,1.1294865552626019,23180100000.0,0.10624437646211993,0.08156472318270347,0.0021191268207464975,0.0018761859633236696,0.003995312784070167
2017,Malta,MT,CP_EUR,14620000000.0,12087100000.0,2532900000.0,1.2095539873087837,26707100000.0,0.1891206038325146,0.11040577659779705,0.0023370586559841025,0.0019321656416378555,0.004269224297621958
2018,Malta,MT,CP_EUR,16872400000.000002,14328200000.0,2544200000.000002,1.177565918957022,31200600000.0,0.15406292749658013,0.18541254726112966,0.0025640058133715176,0.002177377734948779,0.004741383548320296
2019,Malta,MT,CP_EUR,18172700000.0,15842000000.0,2330700000.0,1.1471215755586417,34014700000.0,0.07706668879353251,0.10565179157186533,0.0026473247506326922,0.0023077978891151625,0.004955122639747855
2020,Malta,MT,CP_EUR,18664500000.0,16144300000.0,2520200000.0,1.1561046313559584,34808800000.0,0.02706257187979766,0.019082186592601857,0.002998169100078449,0.0025933371589057573,0.005591506258984207
2021,Malta,MT,CP_EUR,19815200000.0,16896599999.999998,2918600000.000002,1.172732975864967,36711800000.0,0.061651798869511554,0.046598489869489335,0.002694363711797395,0.0022975082710624093,0.004991871982859804
2022,Malta,MT,CP_EUR,23074400000.0,20913100000.0,2161300000.0,1.1033467061315634,43987500000.0,0.1644797932899995,0.23771054531680935,0.002580366817487391,0.002338672697482732,0.004919039514970123
2023,Malta,MT,CP_EUR,25057100000.0,21214600000.0,3842500000.0,1.1811252627907196,46271700000.0,0.08592639461914509,0.014416800952512965,0.0028054114297404267,0.0023752022906629758,0.0051806137204034024
2024,Malta,MT,CP_EUR,27412700000.0,22962900000.0,4449800000.0,1.1937821442413632,50375600000.0,0.09400928279808918,0.08241022691919708,0.0030210686606503764,0.002530670001409877,0.0055517386620602535
2025,Malta,MT,CP_EUR,29273800000.0,24553800000.0,4720000000.0,1.192230937777452,53827600000.0,0.06789188952565772,0.06928131899716505,0.003138352919084285,0.0026323364204377878,0.005770689339522073
2006,Montenegro,ME,CP_EUR,880000000.0,1680000000.0,-800000000.0,0.5238095238095238,2560000000.0,,,0.00022122446079868616,0.00042233760697930997,0.0006435620677779961
2007,Montenegro,ME,CP_EUR,1156400000.0,2305700000.0,-1149300000.0,0.5015396625753568,3462100000.0,0.3140909090909092,0.37244047619047627,0.0002665971602100004,0.0005315574820963316,0.0007981546423063321
2008,Montenegro,ME,CP_EUR,1226400000.0,2880500000.0,-1654100000.0,0.4257594167679222,4106900000.0,0.060532687651331685,0.24929522487747757,0.0002714577213231501,0.0006375847735415312,0.0009090424948646813
2009,Montenegro,ME,CP_EUR,1027800000.0,1948800000.0,-921000000.0,0.5274014778325123,2976600000.0,-0.1619373776908023,-0.32345078979343866,0.0002699102961875525,0.0005117738715803681,0.0007816841677679206
2010,Montenegro,ME,CP_EUR,1145700000.0,1939500000.0,-793800000.0,0.5907192575406033,3085200000.0,0.11471103327495613,-0.00477216748768472,0.0002612989323417308,0.00044234029787622146,0.0007036392302179523
2011,Montenegro,ME,CP_EUR,1374300000.0,2082400000.0,-708100000.0,0.6599596619285439,3456700000.0,0.19952867242733707,0.0736787831915442,0.00028375553747083445,0.0004299589108850074,0.0007137144483558418
2012,Montenegro,ME,CP_EUR,1338100000.0,2109400000.0,-771300000.0,0.634351000284441,3447500000.0,-0.026340682529287673,0.012965808682289692,0.0002651808874120549,0.00041803494799117305,0.000683215835403228
2013,Montenegro,ME,CP_EUR,1390100000.0,2065500000.0,-675400000.0,0.6730089566690873,3455600000.0,0.03886107166878405,-0.020811605195790284,0.00027071263226038483,0.0004022422429564959,0.0006729548752168808
2014,Montenegro,ME,CP_EUR,1388100000.0,2074199999.9999998,-686099999.9999998,0.6692218686722593,3462300000.0,-0.0014387454139990208,0.004212055192447162,0.000260448426858479,0.00038918098623287736,0.0006496294130913564
2015,Montenegro,ME,CP_EUR,1544600000.0,2219500000.0,-674900000.0,0.6959225050687091,3764100000.0,0.11274403861393267,0.07005110404011194,0.0002712716031143652,0.0003898014522286246,0.0006610730553429898
2016,Montenegro,ME,CP_EUR,1605400000.0,2494000000.0,-888600000.0,0.6437048917401764,4099400000.0,0.03936294186197076,0.1236765037170533,0.0002767061032327836,0.0004298648445636989,0.0007065709477964825
2017,Montenegro,ME,CP_EUR,1764800000.0,2773100000.0,-1008300000.0,0.6363996970898994,4537900000.0,0.09928989659897836,0.11190858059342412,0.0002821095154637992,0.0004432898330307466,0.0007253993484945458
2018,Montenegro,ME,CP_EUR,1999500000.0,3112100000.0,-1112600000.0,0.6424922078339385,5111600000.0,0.13298957388939248,0.12224586203166132,0.0003038530158031074,0.00047292871741978017,0.0007767817332228876
2019,Montenegro,ME,CP_EUR,2171200000.0,3217900000.0,-1046700000.0,0.6747257528201622,5389100000.0,0.08587146786696676,0.0339963368786349,0.00031629155263520015,0.00046877053575203136,0.0007850620883872316
2020,Montenegro,ME,CP_EUR,1088100000.0,2553600000.0,-1465500000.0,0.4261043233082707,3641700000.0,-0.4988485630066323,-0.20643898194474652,0.00017478677691850093,0.00041019714505935483,0.0005849839219778558
2021,Montenegro,ME,CP_EUR,2122900000.0,3081900000.0,-959000000.0,0.6888283201920893,5204800000.0,0.951015531660693,0.20688439849624052,0.000288660458828308,0.0004190600914140857,0.0007077205502423938
2022,Montenegro,ME,CP_EUR,3052100000.0,4405400000.0,-1353300000.0,0.6928088255323013,7457500000.0,0.437703141928494,0.42944287614783083,0.00034131061105178317,0.0004926476085080848,0.000833958219559868
2023,Montenegro,ME,CP_EUR,3479900000.0,4777000000.0,-1297100000.0,0.7284697508896797,8256900000.0,0.14016578749058017,0.08435102374358738,0.0003896121751660691,0.0005348364495440421,0.0009244486247101112
2024,Montenegro,ME,CP_EUR,3344300000.0,5060500000.0,-1716200000.0,0.6608635510325067,8404800000.0,-0.03896663697232683,0.05934687042076625,0.00036856493237853456,0.0005577020124694478,0.0009262669448479823
2025,Montenegro,ME,CP_EUR,3273400000.0,5369100000.0,-2095700000.0,0.6096738745786072,8642500000.0,-0.021200251173638773,0.060982116391660846,0.0003509310183621702,0.000575604487898921,0.0009265355062610911
1995,Netherlands,NL,CP_EUR,199908500000.0,174034100000.0,25874400000.0,1.1486743115286027,373942600000.0,,,0.1113251450367413,0.09691619627899134,0.20824134131573263
1996,Netherlands,NL,CP_EUR,205544200000.0,180893600000.0,24650600000.0,1.136271266645144,386437800000.0,0.028191397564385712,0.03941468942006199,0.1080221776760865,0.09506724392936858,0.2030894216054551
1997,Netherlands,NL,CP_EUR,223906100000.0,197240900000.0,26665200000.0,1.1351910278243509,421147000000.0,0.08933309721218108,0.0903696979882096,0.10606750219116509,0.09343581792964718,0.1995033201208123
1998,Netherlands,NL,CP_EUR,233935300000.0,206705500000.0,27229800000.0,1.1317323438418425,440640800000.0,0.044791990928340075,0.04798497674670932,0.10425183942862035,0.09211704516168652,0.19636888459030685
1999,Netherlands,NL,CP_EUR,253329000000.0,227011000000.0,26318000000.0,1.1159327081066557,480340000000.0,0.08290198187276565,0.09823396087670622,0.10686319369126282,0.09576132406099287,0.20262451775225568
2000,Netherlands,NL,CP_EUR,300449000000.0,267806000000.0,32643000000.0,1.1218904729543027,568255000000.0,0.18600318163337004,0.17970494821836835,0.10711733510435534,0.09547931610675019,0.20259665121110554
2001,Netherlands,NL,CP_EUR,306052000000.0,270944000000.0,35108000000.0,1.1295765914727767,576996000000.0,0.018648755695642283,0.011717437249352036,0.10427958152695112,0.09231740664082654,0.19659698816777765
2002,Netherlands,NL,CP_EUR,302268000000.0,264753000000.0,37515000000.0,1.141698111069563,567021000000.0,-0.012363912014951683,-0.02284974016770991,0.10114443170403511,0.0885912227789194,0.1897356544829545
2003,Netherlands,NL,CP_EUR,305024000000.0,268084000000.0,36940000000.0,1.1377926321600693,573108000000.0,0.00911773657813586,0.012581538263966685,0.10174737534108541,0.08942523660741299,0.19117261194849838
2004,Netherlands,NL,CP_EUR,332743000000.0,288975000000.0,43768000000.0,1.151459468812181,621718000000.0,0.09087481640788919,0.07792706763551727,0.10140570617569933,0.08806710867583305,0.18947281485153236
2005,Netherlands,NL,CP_EUR,362770000000.0,313454000000.0,49316000000.0,1.1573309002277845,676224000000.0,0.09024081648599669,0.08470974997837177,0.10188459396642788,0.0880341084355175,0.1899187024019454
2006,Netherlands,NL,CP_EUR,400318000000.0,346885000000.0,53433000000.0,1.154036640385142,747203000000.0,0.10350359732061643,0.10665360786590705,0.1006365155659187,0.08720391714108211,0.1878404327070008
2007,Netherlands,NL,CP_EUR,427909000000.0,380442000000.0,47467000000.0,1.1247680329721745,808351000000.0,0.0689227064483735,0.09673811205442728,0.09865040144266782,0.08770733035680817,0.18635773179947598
2008,Netherlands,NL,CP_EUR,453341000000.0,394338000000.0,59003000000.0,1.1496254482195476,847679000000.0,0.05943319724520868,0.03652593562224982,0.10034484250029206,0.08728481320215946,0.18762965570245152
2009,Netherlands,NL,CP_EUR,388198000000.0,337192000000.0,51006000000.0,1.1512669339723363,725390000000.0,-0.14369536397546223,-0.14491629008616969,0.10194457789396333,0.08854990522676903,0.19049448312073236
2010,Netherlands,NL,CP_EUR,445533000000.0,390921000000.0,54612000000.0,1.1397008602761172,836454000000.0,0.14769524830112468,0.15934245177821538,0.10161237428908822,0.08915705676002597,0.19076943104911417
2011,Netherlands,NL,CP_EUR,493159000000.0,436786000000.0,56373000000.0,1.1290632025751741,929945000000.0,0.10689668329843127,0.11732549543258108,0.10182390824680146,0.09018441838735057,0.19200832663415202
2012,Netherlands,NL,CP_EUR,523792000000.0,459562000000.0,64230000000.0,1.1397635139545916,983354000000.0,0.06211586932409219,0.05214452844184558,0.10380362258376434,0.09107470217536714,0.1948783247591315
2013,Netherlands,NL,CP_EUR,534924000000.0,467765000000.0,67159000000.0,1.1435742306500059,1002689000000.0,0.021252710999786206,0.0178496046235328,0.10417285382292936,0.09109408994265084,0.19526694376558018
2014,Netherlands,NL,CP_EUR,552282000000.0,477303000000.0,74979000000.0,1.157088893218773,1029585000000.0,0.032449469457343394,0.020390580740329067,0.1036243628573262,0.08955609501104575,0.19318045786837193
2015,Netherlands,NL,CP_EUR,587250000000.0,533708000000.0,53542000000.0,1.1003207746558044,1120958000000.0,0.06331548013514832,0.1181744091279544,0.10313624817357954,0.09373289185223464,0.19686914002581418
2016,Netherlands,NL,CP_EUR,582690000000.0,504526000000.0,78164000000.0,1.1549256133479742,1087216000000.0,-0.007765006385695994,-0.054677838818230184,0.10043221582951953,0.08695989998730744,0.18739211581682697
2017,Netherlands,NL,CP_EUR,639580000000.0,559140000000.0,80440000000.0,1.143863790821619,1198720000000.0,0.09763338996722104,0.10824813785612641,0.10223912279030864,0.08938050457639884,0.19161962736670748
2018,Netherlands,NL,CP_EUR,685372000000.0,602285000000.0,83087000000.0,1.1379529624679345,1287657000000.0,0.07159698552174865,0.07716314339879093,0.10415221262666031,0.09152593829606127,0.1956781509227216
2019,Netherlands,NL,CP_EUR,707965000000.0,625277000000.0,82688000000.0,1.1322421902612763,1333242000000.0,0.032964579819426465,0.038174618328532084,0.10313345111522636,0.09108780082768977,0.19422125194291615
2020,Netherlands,NL,CP_EUR,663307000000.0,579621000000.0,83686000000.0,1.1443805521194022,1242928000000.0,-0.06307938951784342,-0.07301723875978161,0.10655021839672833,0.09310733059854648,0.19965754899527483
2021,Netherlands,NL,CP_EUR,770745000000.0,683862000000.0,86883000000.0,1.127047562227467,1454607000000.0,0.1619732642652647,0.17984338041582348,0.10480173599303984,0.09298785561978633,0.19778959161282617
2022,Netherlands,NL,CP_EUR,958476000000.0,871221000000.0,87255000000.0,1.1001525445323288,1829697000000.0,0.24357083081953168,0.27397194170753747,0.10718457102928113,0.09742700824715625,0.2046115792764374
2023,Netherlands,NL,CP_EUR,918720000000.0,814319000000.0,104401000000.0,1.1282065136635642,1733039000000.0,-0.041478346875665095,-0.06531293437600794,0.1028605700073482,0.09117175690941068,0.1940323269167589
2024,Netherlands,NL,CP_EUR,925247000000.0,801439000000.0,123808000000.0,1.1544821252771578,1726686000000.0,0.00710444966910484,-0.015816897309285483,0.10196860269367042,0.08832410694032244,0.19029270963399286
2025,Netherlands,NL,CP_EUR,951461000000.0,819141000000.0,132320000000.0,1.1615350714956278,1770602000000.0,0.02833189407801373,0.022087769624388187,0.1020031703005709,0.08781755523681996,0.18982072553739085
2000,North Macedonia,MK,CP_EUR,1349000000.0,1933200000.0,-584200000.0,0.6978067452927789,3282200000.0,,,0.0004809511266663406,0.0006892325560202887,0.0011701836826866294
2001,North Macedonia,MK,CP_EUR,1209800000.0,1751800000.0,-542000000.0,0.6906039502226281,2961600000.0,-0.10318754633061522,-0.09383405752120832,0.0004122091596568735,0.0005968821341435866,0.00100909129380046
2002,North Macedonia,MK,CP_EUR,1115300000.0,1918100000.0,-802800000.0,0.5814608206037224,3033400000.0,-0.07811208464208963,0.09493092818814941,0.0003731998910884062,0.000641831535099679,0.0010150314261880853
2003,North Macedonia,MK,CP_EUR,1213000000.0,1904100000.0,-691100000.0,0.6370463736148312,3117100000.0,0.08759974894647171,-0.007298889526093477,0.00040462247655507957,0.0006351538809633364,0.001039776357518416
2004,North Macedonia,MK,CP_EUR,1405600000.0,2296500000.0,-890900000.0,0.612061833224472,3702100000.0,0.15877988458367676,0.2060816133606429,0.00042836621837443004,0.0006998740897103576,0.0011282403080847877
2005,North Macedonia,MK,CP_EUR,1751500000.0,2568000000.0,-816500000.0,0.6820482866043613,4319500000.0,0.24608708025042692,0.11822338340953631,0.000491911862425775,0.0007212273266967688,0.0012131391891225438
2006,North Macedonia,MK,CP_EUR,2068000000.0,2996600000.0,-928600000.0,0.6901154641927518,5064600000.0,0.18070225520982008,0.16690031152647977,0.0005198774828769125,0.0007533195673060716,0.001273197050182984
2007,North Macedonia,MK,CP_EUR,2688700000.0,3777100000.0,-1088400000.0,0.7118424187869,6465800000.0,0.3001450676982591,0.2604618567710071,0.0006198545353308787,0.00087077493413109,0.0014906294694619687
2008,North Macedonia,MK,CP_EUR,2927200000.0,4628400000.0,-1701200000.0,0.6324431769077867,7555600000.0,0.08870457842079826,0.22538455428768112,0.0006479215931646486,0.001024474003075724,0.0016723955962403725
2009,North Macedonia,MK,CP_EUR,2219800000.0,3679100000.0,-1459300000.0,0.6033540811611535,5898900000.0,-0.24166438917737088,-0.2051032754299542,0.0005829411125482867,0.0009661675138194439,0.0015491086263677307
2010,North Macedonia,MK,CP_EUR,2828400000.0,4129300000.0,-1300900000.0,0.6849587097086673,6957700000.0,0.27416884404000363,0.12236688320513167,0.0006450710484728564,0.0009417663274144271,0.0015868373758872833
2011,North Macedonia,MK,CP_EUR,3555100000.0,4984200000.0,-1429100000.0,0.7132739456683118,8539300000.0,0.2569297129118937,0.2070326689753712,0.0007340313696154868,0.0010291016152675057,0.0017631329848829924
2012,North Macedonia,MK,CP_EUR,3441600000.0,5069700000.0,-1628100000.0,0.6788567370850346,8511300000.0,-0.03192596551433158,0.01715420729505235,0.0006820465900286437,0.0010046988602592443,0.001686745450287888
2013,North Macedonia,MK,CP_EUR,3536600000.0,5008800000.0,-1472200000.0,0.7060773039450567,8545400000.0,0.027603440260344003,-0.01201254512101313,0.0006887290808230178,0.0009754301362965367,0.0016641592171195544
2014,North Macedonia,MK,CP_EUR,4080900000.0,5554600000.0,-1473700000.0,0.7346883663990207,9635500000.0,0.1539048803935983,0.10896821593994566,0.0007656969852076702,0.0010422064922038091,0.0018079034774114793
2015,North Macedonia,MK,CP_EUR,4421700000.0,5893400000.0,-1471700000.0,0.7502799742084365,10315100000.0,0.08351099022274489,0.06099449105246113,0.0007765645782019867,0.0010350330608534248,0.0018115976390554113
2016,North Macedonia,MK,CP_EUR,4892300000.0,6327100000.0,-1434800000.0,0.7732294416083197,11219400000.0,0.10642965375308133,0.07359079648420264,0.0008432348753243721,0.0010905364306491496,0.0019337713059735218
2017,North Macedonia,MK,CP_EUR,5535700000.0,6925600000.0,-1389900000.0,0.7993098070925263,12461300000.0,0.13151278539746136,0.09459309952426853,0.0008849012039624622,0.001107081629814193,0.001991982833776655
2018,North Macedonia,MK,CP_EUR,6486700000.0,7825900000.0,-1339200000.0,0.8288759120356765,14312600000.0,0.17179399172643017,0.1299959570289939,0.0009857481158339668,0.0011892589729300014,0.0021750070887639685
2019,North Macedonia,MK,CP_EUR,7028400000.0,8578100000.0,-1549700000.0,0.8193422785931617,15606500000.0,0.08350933448440645,0.09611674056658015,0.0010238686203671889,0.0012496225901160697,0.0022734912104832587
2020,North Macedonia,MK,CP_EUR,6269200000.0,7647200000.0,-1378000000.0,0.8198033267078146,13916400000.0,-0.1080188947697911,-0.10852053485037483,0.0010070519822235695,0.0012284068012601418,0.0022354587834837116
2021,North Macedonia,MK,CP_EUR,7745100000.0,9619000000.0,-1873900000.0,0.8051876494438092,17364100000.0,0.23542078734128746,0.2578460089967569,0.001053136803274355,0.0013079395889912361,0.0023610763922655912
2022,North Macedonia,MK,CP_EUR,9639100000.0,12364100000.0,-2725000000.0,0.7796038530908033,22003200000.0,0.24454171024260507,0.2853830959559205,0.0010779224504404322,0.001382654082797206,0.0024605765332376384
2023,North Macedonia,MK,CP_EUR,9885400000.0,11792200000.0,-1906800000.0,0.8382998931497091,21677600000.0,0.025552178107914658,-0.04625488308894299,0.0011067766879469696,0.0013202634248091383,0.002427040112756108
2024,North Macedonia,MK,CP_EUR,9666400000.0,11698500000.0,-2032100000.0,0.826293969312305,21364900000.0,-0.022153883504966942,-0.007945930360746978,0.0010653039686463136,0.0012892554081363175,0.002354559376782631
2025,North Macedonia,MK,CP_EUR,10110000000.0,12439600000.0,-2329600000.0,0.8127270973343195,22549600000.0,0.04589092112885873,0.06335000213702613,0.001083861610448323,0.0013336107704582552,0.002417472380906578
1975,Norway,NO,CP_EUR,9358000000.0,10933600000.0,-1575600000.0,0.8558937586888125,20291600000.0,,,,,
1976,Norway,NO,CP_EUR,11322100000.0,14051900000.0,-2729800000.0,0.8057344558387122,25374000000.0,0.2098845907245137,0.2852034096729348,,,
1977,Norway,NO,CP_EUR,12202100000.0,15555200000.0,-3353100000.0,0.7844386443118699,27757300000.0,0.07772409711979233,0.10698197396793319,,,
1978,Norway,NO,CP_EUR,12953300000.0,12940200000.0,13100000.0,1.001012349113615,25893500000.0,0.0615631735520934,-0.16811098539395186,,,
1979,Norway,NO,CP_EUR,14930100000.0,14153700000.0,776400000.0,1.0548549142627017,29083800000.0,0.1526097596751408,0.09377753048639126,,,
1980,Norway,NO,CP_EUR,19438100000.0,16815700000.0,2622400000.0,1.155949499574802,36253800000.0,0.3019403754830845,0.18807802906660442,,,
1981,Norway,NO,CP_EUR,24036800000.0,20103000000.0,3933800000.0,1.1956822364821171,44139800000.0,0.23658176467864656,0.19548992905439566,,,
1982,Norway,NO,CP_EUR,25908400000.0,22848500000.0,3059900000.0,1.1339212639779417,48756900000.0,0.07786394195566793,0.1365716559717456,,,
1983,Norway,NO,CP_EUR,28231400000.0,23041200000.0,5190200000.0,1.2252573650677916,51272600000.0,0.08966204011054324,0.008433814035932352,,,
1984,Norway,NO,CP_EUR,32818100000.0,26145100000.0,6673000000.0,1.2552294693843207,58963200000.0,0.16246803204942006,0.13471086575351987,,,
1985,Norway,NO,CP_EUR,35700700000.0,29741500000.0,5959200000.0,1.2003664912664123,65442200000.0,0.08783567604462172,0.13755541191274845,,,
1986,Norway,NO,CP_EUR,26421800000.0,29399800000.0,-2978000000.0,0.8987067939237682,55821600000.0,-0.25990806902945884,-0.011488996856244604,,,
1987,Norway,NO,CP_EUR,25533300000.0,27643300000.0,-2110000000.0,0.9236704734962903,53176600000.0,-0.03362753483865599,-0.059745304389825726,,,
1988,Norway,NO,CP_EUR,27347400000.0,28217500000.0,-870100000.0,0.9691645255603792,55564900000.0,0.07104839562453735,0.020771760245701598,,,
1989,Norway,NO,CP_EUR,33953500000.0,31111200000.0,2842300000.0,1.0913593818303375,65064700000.0,0.2415622691736692,0.1025498360946222,,,
1990,Norway,NO,CP_EUR,36536000000.0,30989600000.0,5546400000.0,1.1789761726514703,67525600000.0,0.0760599054589366,-0.003908560261256411,,,
1991,Norway,NO,CP_EUR,38030700000.0,30721600000.0,7309100000.0,1.237914040935368,68752300000.0,0.040910335012043,-0.008648062575831839,,,
1992,Norway,NO,CP_EUR,37001700000.0,30603100000.0,6398600000.0,1.2090833935124219,67604800000.0,-0.02705708808935936,-0.0038572209780740607,,,
1993,Norway,NO,CP_EUR,37773300000.0,31586900000.0,6186400000.0,1.1958533442661357,69360200000.0,0.02085309593883533,0.03214707006806505,,,
1994,Norway,NO,CP_EUR,39368900000.0,33279600000.0,6089300000.0,1.1829739540138704,72648500000.0,0.04224147744570894,0.05358867125295608,,,
1995,Norway,NO,CP_EUR,42566000000.0,35861700000.0,6704300000.0,1.1869487503381044,78427700000.0,0.08120877139061533,0.077588071972019,0.023704175278359503,0.019970681355540688,0.04367485663390019
1996,Norway,NO,CP_EUR,50738500000.0,39799100000.0,10939400000.0,1.2748655120341916,90537600000.0,0.19199595921627588,0.10979401422687718,0.026665229483576355,0.020916111724623387,0.04758134120819974
1997,Norway,NO,CP_EUR,56985900000.0,45849000000.0,11136900000.0,1.242903880128247,102834900000.0,0.12312937907111965,0.15201097512255313,0.026995030832637053,0.02171932300175265,0.0487143538343897
1998,Norway,NO,CP_EUR,50521100000.0,48083600000.0,2437500000.0,1.0506929597617483,98604700000.0,-0.11344560672025883,0.048738249471089956,0.022514420033903696,0.02142816302776883,0.04394258306167253
1999,Norway,NO,CP_EUR,58499200000.0,47591900000.0,10907300000.0,1.229183957774327,106091100000.0,0.1579161973907932,-0.01022593982147757,0.024677045819404497,0.020075958251266974,0.04475300407067147
2000,Norway,NO,CP_EUR,84847200000.0,53584300000.0,31262900000.0,1.5834339536020812,138431500000.0,0.45039932170012587,0.12591218253526337,0.03025007889880232,0.019104098930042397,0.049354177828844714
2001,Norway,NO,CP_EUR,87568500000.0,55078900000.0,32489600000.0,1.5898737992225698,142647400000.0,0.03207294996181376,0.02789249836239338,0.02983678111870799,0.018766760690878632,0.04860354180958663
2002,Norway,NO,CP_EUR,84302300000.0,56634800000.0,27667500000.0,1.4885247233149936,140937100000.0,-0.03729880036771216,0.02824856705562384,0.02820909995382601,0.018951045630604922,0.04716014558443093
2003,Norway,NO,CP_EUR,80506300000.0,54344800000.0,26161500000.0,1.4813984042631494,134851100000.0,-0.045028427456902165,-0.04043450316766373,0.02685462364739176,0.01812788752175638,0.04498251116914814
2004,Norway,NO,CP_EUR,87828700000.0,59167800000.0,28660900000.0,1.4844002988111777,146996500000.0,0.09095437251494598,0.08874814149651855,0.026766397327648198,0.018031791929094054,0.04479818925674225
2005,Norway,NO,CP_EUR,108319700000.0,67649100000.00001,40670599999.99999,1.601199424678229,175968800000.0,0.2333064248930019,0.14334316976463568,0.030421778683643295,0.018999368982259495,0.04942114766590279
2006,Norway,NO,CP_EUR,123135700000.0,75251000000.0,47884700000.0,1.6363330719857543,198386700000.0,0.13678029019652005,0.11237252232476114,0.030955260042691796,0.018917456704047653,0.049872716746739446
2007,Norway,NO,CP_EUR,126720400000.0,85509400000.0,41211000000.0,1.4819470140124946,212229800000.0,0.029111784803269813,0.13632244089779544,0.029214198184603368,0.019713389148444317,0.04892758733304768
2008,Norway,NO,CP_EUR,147848800000.0,91294900000.0,56553900000.0,1.6194639569132558,239143700000.0,0.1667324282435978,0.06765922810825487,0.0327256183531981,0.020207685520568213,0.05293330387376632
2009,Norway,NO,CP_EUR,111888200000.0,77362700000.0,34525500000.0,1.4462809596872912,189250900000.0,-0.24322551146847315,-0.1526065530495132,0.029382931700615015,0.02031619894032766,0.049699130640942675
2010,Norway,NO,CP_EUR,131512200000.00002,91509700000.0,40002500000.000015,1.437139450790463,223021900000.0,0.17538936188087773,0.18286590307732276,0.029993887972341954,0.020870548057006274,0.050864436029348224
2011,Norway,NO,CP_EUR,151227700000.0,100712400000.0,50515300000.0,1.5015797458902778,251940100000.0,0.14991384829696397,0.10056529526378077,0.03122440318269527,0.020794368909246647,0.05201877209194192
2012,Norway,NO,CP_EUR,166001000000.0,108979800000.0,57021200000.0,1.523227240277556,274980800000.0,0.09768911383298162,0.0820891965636803,0.03289761041124619,0.02159730967340876,0.05449492008465495
2013,Norway,NO,CP_EUR,159147500000.0,111802800000.0,47344700000.0,1.4234661385940244,270950300000.0,-0.04128589586809717,0.025903883104942294,0.030992906008675346,0.021772843883232397,0.05276574989190774
2014,Norway,NO,CP_EUR,151774900000.0,111925500000.0,39849400000.0,1.3560350411657756,263700400000.0,-0.04632557847280039,0.0010974680419453264,0.028477439623660374,0.02100051898303342,0.049477958606693795
2015,Norway,NO,CP_EUR,136395100000.0,112119600000.0,24275500000.0,1.2165143293411678,248514700000.0,-0.10133296085189314,0.0017341892598201625,0.023954497885500553,0.019691093896504842,0.043645591782005395
2016,Norway,NO,CP_EUR,121564400000.0,111776800000.0,9787600000.0,1.087563787834327,233341200000.0,-0.10873337825185803,-0.003057449366569265,0.020952791463704618,0.019265804634253272,0.04021859609795789
2017,Norway,NO,CP_EUR,131899500000.0,115811100000.0,16088400000.0,1.1389193263858128,247710600000.0,0.08501748867267067,0.036092462836653016,0.02108460110772744,0.018512813523532182,0.03959741463125962
2018,Norway,NO,CP_EUR,143686000000.0,118927500000.0,24758500000.0,1.208181455088184,262613500000.0,0.08935970189424514,0.02690933770597126,0.021835171007094416,0.018072757957951515,0.039907928965045934
2019,Norway,NO,CP_EUR,135276600000.0,125764700000.0,9511900000.0,1.0756325105534383,261041300000.0,-0.05852623080884711,0.0574904879022935,0.019706542856121462,0.01832088809400339,0.03802743095012485
2020,Norway,NO,CP_EUR,105217500000.0,107481900000.0,-2264400000.0,0.9789322667351433,212699400000.0,-0.22220472720337447,-0.1453730657330714,0.016901597004340015,0.017265338551674135,0.03416693555601415
2021,Norway,NO,CP_EUR,184207200000.0,120445900000.0,63761300000.0,1.5293770896311123,304653100000.0,0.7507277781737829,0.12061565714785472,0.025047498644061382,0.016377581967115036,0.04142508061117642
2022,Norway,NO,CP_EUR,314767000000.0,154753200000.0,160013800000.0,2.0339934812333444,469520200000.0,0.7087659982888834,0.2848357644386401,0.03519980246680536,0.017305759724196065,0.05250556219100143
2023,Norway,NO,CP_EUR,215472300000.0,143924900000.0,71547400000.0,1.4971162043537984,359397200000.0,-0.3154546061054685,-0.06997141254591177,0.024124437912306618,0.01611393814464754,0.040238376056954156
2024,Norway,NO,CP_EUR,214665800000.0,153665700000.0,61000100000.0,1.3969662715882594,368331500000.0,-0.0037429405078982514,0.06767974130953025,0.023657652142745574,0.01693502028209197,0.04059267242483754
2025,Norway,NO,CP_EUR,213660100000.0,158597700000.0,55062400000.0,1.3471828406086594,372257800000.0,-0.004684956802620599,0.03209564658866615,0.022905833835267037,0.017002765433768545,0.03990859926903558
1995,Poland,PL,CP_EUR,24968000000.0,22616600000.0,2351400000.0,1.1039678819981784,47584600000.0,,,0.0139041922743523,0.01259474347132795,0.02649893574568025
1996,Poland,PL,CP_EUR,27851400000.0,29635900000.0,-1784500000.0,0.9397858678157235,57487300000.0,0.11548381928868956,0.3103605316448981,0.014637089634870532,0.015574919921801404,0.030212009556671936
1997,Poland,PL,CP_EUR,32818199999.999996,38274000000.0,-5455800000.000004,0.8574541464179337,71092200000.0,0.17833214847368528,0.2914741917741659,0.01554644782080566,0.018130937830030773,0.03367738565083643
1998,Poland,PL,CP_EUR,40223400000.0,47728800000.0,-7505400000.0,0.842749032030975,87952200000.0,0.2256430882863778,0.24702931493964564,0.017925312845360097,0.02127004857206559,0.03919536141742568
1999,Poland,PL,CP_EUR,38441400000.0,47899900000.0,-9458500000.0,0.802536122204848,86341300000.0,-0.04430257014573602,0.003584837666147145,0.016215951485867432,0.020205883619688704,0.03642183510555613
2000,Poland,PL,CP_EUR,50771200000.0,62893800000.0,-12122600000.0,0.8072528611723254,113665000000.0,0.3207427408991348,0.31302570569040844,0.018101160742922246,0.02242316083790029,0.04052432158082254
2001,Poland,PL,CP_EUR,57863900000.0,65913500000.0,-8049600000.0,0.8778763075849408,123777400000.0,0.13969927833102225,0.04801268169517514,0.019715679941700582,0.02245838026536893,0.042174060207069514
2002,Poland,PL,CP_EUR,60458300000.0,67956700000.0,-7498400000.0,0.8896591506061948,128415000000.0,0.04483624505088657,0.03099820218923277,0.020230459047243063,0.02273956158766923,0.042970020634912294
2003,Poland,PL,CP_EUR,64217000000.0,69503100000.0,-5286100000.0,0.9239443996023199,133720100000.0,0.06217012387050258,0.022755666475858805,0.02142097409475478,0.02318426747753945,0.04460524157229423
2004,Poland,PL,CP_EUR,70530600000.0,76446900000.0,-5916300000.0,0.9226090266577193,146977500000.0,0.09831664512512273,0.09990633511310998,0.021494682983551207,0.023297715893176023,0.04479239887672723
2005,Poland,PL,CP_EUR,85244600000.0,88356900000.0,-3112300000.0,0.9647758126416839,173601500000.0,0.20861867047777838,0.15579441416198692,0.0239410961734172,0.02481519111456921,0.04875628728798641
2006,Poland,PL,CP_EUR,103753200000.0,110323400000.0,-6570200000.0,0.940445997857209,214076600000.0,0.21712343069238393,0.24861103094381987,0.02608266559788437,0.02773435758917929,0.05381702318706366
2007,Poland,PL,CP_EUR,120936400000.0,132891900000.0,-11955500000.0,0.910035901360429,253828300000.0,0.1656160966601512,0.20456675555684467,0.02788075130233543,0.030636979552846205,0.05851773085518164
2008,Poland,PL,CP_EUR,138402900000.0,157645300000.0,-19242400000.0,0.8779386381960008,296048200000.0,0.1444271534459436,0.1862671840796919,0.030634813974654118,0.03489402634972635,0.06552884032438047
2009,Poland,PL,CP_EUR,117627300000.0,120680500000.0,-3053200000.0,0.9747001379676087,238307800000.0,-0.15010957140348935,-0.23448082499129375,0.030890075289688748,0.03169187536394428,0.06258195065363303
2010,Poland,PL,CP_EUR,143967300000.0,152778200000.0,-8810900000.0,0.9423288139276416,296745500000.0,0.22392760864187133,0.26597254734609144,0.03283451320775217,0.034844008505796824,0.067678521713549
2011,Poland,PL,CP_EUR,160614700000.0,169296000000.0,-8681300000.0,0.9487211747471883,329910700000.0,0.11563320281758438,0.10811621029701879,0.03316256314066567,0.03495501525988677,0.06811757840055244
2012,Poland,PL,CP_EUR,170659300000.0,173699000000.0,-3039700000.0,0.9825001871052799,344358300000.0,0.06253848495810166,0.02600770248558737,0.033820779178775955,0.034423178359305376,0.06824395753808134
2013,Poland,PL,CP_EUR,178573400000.0,174214900000.0,4358500000.0,1.025017951966221,352788300000.0,0.04637368136398079,0.0029700804264849445,0.03477596947391311,0.033927180892007566,0.06870315036592067
2014,Poland,PL,CP_EUR,188910700000.0,187245900000.0,1664800000.0,1.008890982392672,376156600000.0,0.05788824091382039,0.07479842424499861,0.035445209013568235,0.03513284352042365,0.07057805253399188
2015,Poland,PL,CP_EUR,203967400000.0,195024300000.0,8943100000.0,1.0458563368769942,398991700000.0,0.07970273785444659,0.04154109649396864,0.035821936799863376,0.03425129775168775,0.07007323455155112
2016,Poland,PL,CP_EUR,213429100000.0,200826200000.0,12602900000.0,1.0627552580290818,414255300000.0,0.046388295384458544,0.029749626072238078,0.036786554489522914,0.03461432367574912,0.07140087816527203
2017,Poland,PL,CP_EUR,242474700000.0,229250900000.0,13223800000.0,1.0576826524999465,471725600000.0,0.1360901582773857,0.1415388032039644,0.03876043751656282,0.03664656636368987,0.07540700388025269
2018,Poland,PL,CP_EUR,263226599999.99997,253033200000.0,10193399999.99997,1.040284832188029,516259800000.0,0.08558377430717501,0.10373917834128465,0.04000109839939896,0.038452063475024174,0.07845316187442314
2019,Poland,PL,CP_EUR,283280200000.0,263656000000.0,19624200000.0,1.0744310768577237,546936200000.0,0.07618378993612351,0.041981842698902705,0.04126710311754331,0.038408329772285525,0.07967543288982883
2020,Poland,PL,CP_EUR,278857800000.0,249029300000.0,29828500000.0,1.1197790782048538,527887100000.0,-0.015611398184553704,-0.05547645416755165,0.04479428001156507,0.04000278348062719,0.08479706349219225
2021,Poland,PL,CP_EUR,332532200000.0,313866400000.0,18665800000.0,1.0594705263131066,646398600000.0,0.19247946444388497,0.2603593231800434,0.04521592982579806,0.04267785530867646,0.08789378513447452
2022,Poland,PL,CP_EUR,412594300000.0,401453000000.0,11141300000.0,1.0277524392643722,814047300000.0,0.24076495449162527,0.2790569490713246,0.046139645702789146,0.044893735047531705,0.09103338075032084
2023,Poland,PL,CP_EUR,435227700000.0,392084800000.0,43142900000.0,1.110034614960845,827312500000.0,0.05485630800037722,-0.023335732950058863,0.048728414865233306,0.04389810390458151,0.09262651876981481
2024,Poland,PL,CP_EUR,442741000000.0,408799800000.0,33941200000.0,1.0830264594062913,851540800000.0,0.017262917778441134,0.04263108388797532,0.0487931126771536,0.045052558276278576,0.09384567095343217
2025,Poland,PL,CP_EUR,458777700000.0,432409100000.0,26368600000.0,1.0609806777886959,891186800000.0,0.036221402580741247,0.05775271905710322,0.04918412826506208,0.04635723278917012,0.0955413610542322
1995,Portugal,PT,CP_EUR,24364700000.0,30166900000.0,-5802200000.0,0.8076633661397095,54531600000.0,,,0.013568226269901935,0.01679935829546453,0.030367584565366465
1996,Portugal,PT,CP_EUR,25652900000.0,32525900000.0,-6873000000.0,0.7886914735641443,58178800000.0,0.05287157239777218,0.07819829017897106,0.013481684823541017,0.01709373725395619,0.030575422077497208
1997,Portugal,PT,CP_EUR,28052000000.0,36313100000.0,-8261100000.0,0.7725035868598384,64365100000.0,0.09352159015160089,0.11643643988329311,0.013288631133616115,0.017202031627624247,0.03049066276124036
1998,Portugal,PT,CP_EUR,30251700000.0,40398800000.0,-10147100000.0,0.7488266978227076,70650500000.0,0.0784150862683588,0.11251311510171269,0.013481485568201097,0.018003478785411812,0.03148496435361291
1999,Portugal,PT,CP_EUR,31673300000.0,44052700000.0,-12379400000.0,0.7189865774402023,75726000000.0,0.046992400427083414,0.09044575581452907,0.013360925881922222,0.01858299765412998,0.0319439235360522
2000,Portugal,PT,CP_EUR,36218800000.0,50400600000.0,-14181800000.0,0.7186184291456847,86619400000.0,0.14351204326672629,0.14409786460307772,0.012912878181247483,0.017969032879658682,0.030881911060906167
2001,Portugal,PT,CP_EUR,37253000000.0,51125600000.0,-13872600000.0,0.7286564852050637,88378600000.0,0.028554231504080763,0.014384749387904128,0.012693030108032327,0.017419772369774718,0.030112802477807045
2002,Portugal,PT,CP_EUR,38594200000.0,50228800000.0,-11634600000.0,0.7683679482687223,88823000000.0,0.03600246959976383,-0.017541114431908866,0.012914329092301773,0.016807480220121348,0.02972180931242312
2003,Portugal,PT,CP_EUR,39974700000.0,49329700000.0,-9355000000.0,0.8103576547191651,89304400000.0,0.035769623414917184,-0.017900089191858037,0.013334428782808196,0.016454992070667033,0.029789420853475225
2004,Portugal,PT,CP_EUR,42122600000.0,54105300000.0,-11982700000.0,0.7785300146196399,96227900000.0,0.05373148516436643,0.0968098326160507,0.012837150590565428,0.01648896041193373,0.02932611100249916
2005,Portugal,PT,CP_EUR,42942700000.0,56857500000.0,-13914800000.0,0.755268873939234,99800200000.0,0.019469358491640998,0.0508674750902407,0.012060532991488057,0.01596852909955667,0.028029062091044728
2006,Portugal,PT,CP_EUR,50472400000.0,63494300000.0,-13021900000.0,0.7949122992142602,113966700000.0,0.17534295701015545,0.11672690498175253,0.012688328949108645,0.015961923046920477,0.028650251996029122
2007,Portugal,PT,CP_EUR,54740600000.0,68003200000.0,-13262600000.0,0.8049709425438802,122743800000.0,0.08456502960033596,0.07101267357857322,0.012619931259245544,0.01567749913973772,0.028297430398983265
2008,Portugal,PT,CP_EUR,55989500000.0,73100200000.0,-17110700000.0,0.7659281369955212,129089700000.0,0.022814875978706795,0.07495235518328558,0.012393005616456712,0.016180376484235596,0.02857338210069231
2009,Portugal,PT,CP_EUR,47877700000.0,59990600000.0,-12112900000.0,0.7980867002497057,107868300000.0,-0.14488073656667766,-0.17933740263364528,0.012573150601069063,0.01575411618453881,0.028327266785607874
2010,Portugal,PT,CP_EUR,54007700000.0,67738399999.99999,-13730699999.999992,0.7972981351788646,121746100000.0,0.12803455470918612,0.12915023353658728,0.012317495285181545,0.015449045647671378,0.027766540932852926
2011,Portugal,PT,CP_EUR,60673700000.0,68051800000.0,-7378100000.0,0.8915811190886942,128725500000.0,0.12342684469066456,0.004626622418008264,0.012527467331619127,0.014050844127816146,0.026578311459435275
2012,Portugal,PT,CP_EUR,63578700000.0,64411500000.0,-832800000.0,0.987070631797117,127990200000.0,0.047879064569986696,-0.05349307439332984,0.012599847609674027,0.01276488956695432,0.025364737176628346
2013,Portugal,PT,CP_EUR,67526000000.0,65653000000.0,1873000000.0,1.0285287801014424,133179000000.0,0.062085258113173225,0.019274508434052873,0.013150234663703868,0.012785480501971834,0.025935715165675704
2014,Portugal,PT,CP_EUR,69595200000.0,69336300000.0,258900000.0,1.0037339748443457,138931500000.0,0.030643011580724355,0.05610253910712393,0.013058108462575619,0.013009531200336832,0.02606763966291245
2015,Portugal,PT,CP_EUR,72990700000.0,71662000000.0,1328700000.0,1.018541207334431,144652700000.0,0.04878928431845875,0.033542314775954374,0.012819049722542856,0.012585695728590987,0.025404745451133845
2016,Portugal,PT,CP_EUR,75214100000.0,73000200000.0,2213900000.0,1.030327314171742,148214300000.0,0.030461414947383636,0.018673774106220842,0.012963872255612872,0.012582285335252179,0.02554615759086505
2017,Portugal,PT,CP_EUR,83956900000.0,81850100000.0,2106800000.0,1.0257397364206031,165807000000.0,0.11623884351471325,0.12123117470911038,0.013420807104965233,0.013084027681132995,0.02650483478609823
2018,Portugal,PT,CP_EUR,89538000000.0,88268100000.0,1269900000.0,1.0143868509688099,177806100000.0,0.066475775070304,0.07841163297295917,0.013606597313817768,0.013413617596504257,0.027020214910322027
2019,Portugal,PT,CP_EUR,93631500000.0,92483500000.0,1148000000.0,1.0124130250260857,186115000000.0,0.04571801916504725,0.04775677736350947,0.01363985469351637,0.013472618739930699,0.027112473433447068
2020,Portugal,PT,CP_EUR,74896800000.0,78910600000.0,-4013800000.0,0.9491348437345553,153807400000.0,-0.20008971339773474,-0.14676023290641038,0.012031036001754968,0.012675792150266575,0.02470682815202154
2021,Portugal,PT,CP_EUR,89949700000.0,95961100000.0,-6011400000.0,0.9373558660748991,185910800000.0,0.2009818844062763,0.21607363269319957,0.012230873650887306,0.013048271306076192,0.025279144956963498
2022,Portugal,PT,CP_EUR,120714100000.0,126570900000.0,-5856800000.0,0.9537271205308645,247285000000.0,0.34201781662417985,0.3189813372293564,0.013499231097790394,0.014154186042519624,0.027653417140310017
2023,Portugal,PT,CP_EUR,127486100000.0,124309200000.0,3176900000.0,1.0255564350828419,251795300000.0,0.056099494590938326,-0.017869036247668335,0.014273437950641973,0.013917749879351108,0.02819118782999308
2024,Portugal,PT,CP_EUR,132778299999.99998,127046900000.0,5731399999.999985,1.045112474212279,259825200000.0,0.04151197659980177,0.022023309618274478,0.014633084699589382,0.014001444878570236,0.02863452957815962
2025,Portugal,PT,CP_EUR,133927900000.0,131114000000.0,2813900000.0,1.0214614762725567,265041900000.0,0.008658041261260463,0.03201258747753788,0.01435799301463521,0.014056323560071358,0.028414316574706566
2008,Republika e Kosovës,XK,CP_EUR,608100000.0,2106300000.0000002,-1498200000.0000002,0.28870531263352794,2714400000.0,,,0.00013460000027446802,0.0004662193398752048,0.0006008193401496727
2009,Republika e Kosovës,XK,CP_EUR,694200000.0,2113100000.0,-1418900000.0,0.3285220765699683,2807300000.0,0.14158855451406027,0.0032284100080708367,0.00018230368516579,0.0005549206527280766,0.0007372243378938667
2010,Republika e Kosovës,XK,CP_EUR,873500000.0,2439100000.0,-1565600000.0,0.3581238981591571,3312600000.0,0.25828291558628647,0.15427570867445928,0.00019921848424587753,0.0005562836919566341,0.0007555021762025116
2011,Republika e Kosovës,XK,CP_EUR,1136800000.0,2788200000.0,-1651400000.0,0.40771824115917077,3925000000.0,0.30143102461362337,0.1431265630765446,0.00023471825292646772,0.0005756873969120137,0.0008104056498384815
2012,Republika e Kosovës,XK,CP_EUR,1176400000.0,2726900000.0,-1550500000.0,0.43140562543547617,3903300000.0,0.034834623504574225,-0.021985510365110095,0.0002331356370611624,0.0005404093579582487,0.0007735449950194111
2013,Republika e Kosovës,XK,CP_EUR,1166600000.0,2642200000.0,-1475600000.0,0.44152600105972295,3808800000.0,-0.00833049982998979,-0.03106091165792657,0.00022718750938419176,0.0005145506920066102,0.000741738201390802
2014,Republika e Kosovës,XK,CP_EUR,1252800000.0,2851500000.0,-1598700000.0,0.43934771173066806,4104300000.0,0.07388993656780385,0.0792142911210354,0.0002350621635100515,0.0005350253506137547,0.0007700875141238062
2015,Republika e Kosovës,XK,CP_EUR,1274000000.0,2926300000.0,-1652300000.0,0.4353620613060862,4200300000.0,0.01692209450830151,0.02623180782044532,0.00022374726295979624,0.000513933764206634,0.0007376810271664303
2016,Republika e Kosovës,XK,CP_EUR,1438500000.0,3090600000.0,-1652100000.0,0.4654436031838478,4529100000.0,0.1291208791208791,0.05614598639920709,0.0002479392858479875,0.0005326945824412862,0.0007806338682892737
2017,Republika e Kosovës,XK,CP_EUR,1737200000.0,3374100000.0,-1636900000.0,0.5148632227853354,5111300000.0,0.20764685436218278,0.09172976121141518,0.00027769755794634633,0.0005393618065086157,0.000817059364454962
2018,Republika e Kosovës,XK,CP_EUR,1938300000.0,3820200000.0,-1881900000.0,0.5073818124705513,5758500000.0,0.1157609947041216,0.13221303458700095,0.0002945527884626972,0.0005805347791803105,0.0008750875676430077
2019,Republika e Kosovës,XK,CP_EUR,2068400000.0,3982600000.0,-1914200000.0,0.5193592125747,6051000000.0,0.06712067275447553,0.04251086330558618,0.00030131606828972363,0.0005801689100612326,0.0008814849783509562
2020,Republika e Kosovës,XK,CP_EUR,1469100000.0,3650800000.0,-2181700000.0,0.4024049523392133,5119900000.0,-0.2897408625024174,-0.0833124089790589,0.00023598865358971576,0.000586445699084701,0.0008224343526744168
2021,Republika e Kosovës,XK,CP_EUR,2658700000.0,5190900000.0,-2532200000.0,0.5121847849120577,7849600000.0,0.8097474644340072,0.4218527446039224,0.00036151564458374047,0.0007058305034301494,0.0010673461480138898
2022,Republika e Kosovës,XK,CP_EUR,3436000000.0,6350300000.0,-2914300000.0,0.5410767995212825,9786300000.0,0.29236092827321625,0.22335240517058708,0.0003842414270744494,0.0007101421229193469,0.0010943835499937964
2023,Republika e Kosovës,XK,CP_EUR,3837200000.0,6806200000.0,-2969000000.0,0.5637800828656225,10643400000.0,0.11676367869615834,0.07179188384800717,0.00042961574716148177,0.0007620271808429264,0.0011916429280044083
2024,Republika e Kosovës,XK,CP_EUR,4321100000.0,7456500000.0,-3135400000.0,0.5795078119761282,11777600000.0,0.12610757844261444,0.09554523816520222,0.0004762150313371664,0.0008217577425113007,0.0012979727738484672
2025,Republika e Kosovës,XK,CP_EUR,4847400000.0,8189700000.0,-3342300000.0,0.5918898128136562,13037100000.0,0.12179769040290678,0.0983303158318245,0.0005196746558345401,0.0008779922285943255,0.0013976668844288657
1995,Romania,RO,CP_EUR,7327600000.0,8766000000.0,-1438400000.0,0.8359114761578827,16093600000.0,,,0.00408059753722941,0.004881614445569219,0.00896221198279863
1996,Romania,RO,CP_EUR,7682000000.0,9966100000.0,-2284100000.0,0.7708130562607238,17648100000.0,0.04836508543042739,0.13690394706821807,0.004037216174952621,0.005237607409684368,0.00927482358463699
1997,Romania,RO,CP_EUR,8868200000.0,11010200000.0,-2142000000.0,0.8054531252838277,19878400000.0,0.15441291330382723,0.10476515387162477,0.0042009923933813784,0.005215688239959367,0.009416680633340745
1998,Romania,RO,CP_EUR,8530299999.999999,11424100000.0,-2893800000.000001,0.7466933937903204,19954400000.0,-0.03810243341377062,0.03759241430673366,0.0038014761597670813,0.0050910804774503965,0.008892556637217478
1999,Romania,RO,CP_EUR,8992200000.0,10560500000.0,-1568300000.0,0.8514937739690356,19552700000.0,0.05414815422669794,-0.07559457637800793,0.0037932301880581124,0.004454794977979549,0.00824802516603766
2000,Romania,RO,CP_EUR,8764000000.0,10933200000.0,-2169200000.0,0.8015951414041634,19697200000.0,-0.025377549431729762,0.03529188958856122,0.0031245779644950397,0.003897950228368002,0.007022528192863042
2001,Romania,RO,CP_EUR,9979400000.0,13463000000.0,-3483600000.0,0.7412463789645696,23442400000.0,0.1386809675947056,0.2313869681337577,0.003400231515853698,0.004587181283237303,0.007987412799091
2002,Romania,RO,CP_EUR,11693300000.0,14461300000.0,-2768000000.0,0.8085925884948103,26154600000.0,0.17174379221195668,0.07415137785040482,0.003912793227350542,0.00483901693266096,0.008751810160011503
2003,Romania,RO,CP_EUR,12374800000.0,16337800000.0,-3963000000.0,0.7574336814014127,28712600000.0,0.058281237973882405,0.12976011838493084,0.004127883118609892,0.005449827780265111,0.009577710898875002
2004,Romania,RO,CP_EUR,15549800000.0,21069700000.0,-5519900000.0,0.7380171525935348,36619500000.0,0.25656980314833366,0.28962895861131854,0.004738907955662146,0.00642113525276304,0.011160043208425187
2005,Romania,RO,CP_EUR,19437800000.0,27590000000.0,-8152200000.0,0.7045233780355201,47027800000.0,0.2500353702298421,0.3094633525868902,0.005459140393639584,0.007748700133786546,0.013207840527426129
2006,Romania,RO,CP_EUR,24081500000.0,35884600000.0,-11803100000.0,0.6710817453726668,59966100000.0,0.23890049285412962,0.3006379122870606,0.006053882787185865,0.009021081006791516,0.01507496379397738
2007,Romania,RO,CP_EUR,31538900000.0,49514000000.0,-17975100000.0,0.6369693420042816,81052900000.0,0.30967340074330907,0.3798119527596797,0.007270997212164633,0.011414987712416084,0.018685984924580717
2008,Romania,RO,CP_EUR,38341300000.0,57198900000.0,-18857600000.0,0.6703153382320289,95540200000.0,0.21568285514079433,0.15520660823201515,0.008486661717683704,0.012660700469822839,0.021147362187506544
2009,Romania,RO,CP_EUR,32585200000.0,40630900000.0,-8045700000.0,0.8019807584867674,73216100000.0,-0.15012792993456148,-0.28965591995650264,0.008557191071541775,0.01067007029905315,0.019227261370594925
2010,Romania,RO,CP_EUR,40597800000.0,49158000000.0,-8560200000.0,0.8258635420480899,89755800000.0,0.24589691025373472,0.20986736695470687,0.009259109536024369,0.011211427874709613,0.020470537410733982
2011,Romania,RO,CP_EUR,48812600000.0,56844700000.0,-8032100000.0,0.8587009870753122,105657300000.0,0.20234593992777938,0.15636722405305337,0.010078473076001494,0.011736883068375422,0.021815356144376914
2012,Romania,RO,CP_EUR,49744500000.0,56957300000.0,-7212800000.0,0.8733647837941756,106701800000.0,0.019091382143135105,0.001980835504453271,0.00985822483661084,0.011287637215899137,0.021145862052509977
2013,Romania,RO,CP_EUR,57525100000.0,58821400000.0,-1296300000.0,0.9779621022281006,116346500000.0,0.15641126154650253,0.03272802608269698,0.011202626603871566,0.011455072316553487,0.022657698920425053
2014,Romania,RO,CP_EUR,62434400000.0,63069200000.0,-634800000.0,0.9899348651956899,125503600000.0,0.08534187685027916,0.07221521419075372,0.011714531562461654,0.011833638731519908,0.02354817029398156
2015,Romania,RO,CP_EUR,66278200000.0,67596100000.00001,-1317900000.0000076,0.9805033130609605,133874300000.0,0.06156541906384949,0.07177671510023931,0.01164016157292148,0.011871618808286251,0.02351178038120773
2016,Romania,RO,CP_EUR,71046100000.0,72821400000.0,-1775300000.0,0.9756211772912907,143867500000.0,0.0719376808664085,0.07730179699716389,0.012245477439196876,0.012551467438617058,0.024796944877813934
2017,Romania,RO,CP_EUR,78910700000.0,83547500000.0,-4636800000.0,0.9445010323468686,162458200000.0,0.11069713889995358,0.14729324072319394,0.012614154205524263,0.013355363068456349,0.02596951727398061
2018,Romania,RO,CP_EUR,85565900000.0,92779900000.0,-7214000000.0,0.9222460899397391,178345800000.0,0.08433837236268338,0.11050480265717111,0.013002979127235362,0.014099251023211164,0.027102230150446525
2019,Romania,RO,CP_EUR,90085200000.0,99545900000.0,-9460700000.0,0.9049614298529624,189631100000.0,0.052816601005774455,0.07292527799663495,0.013123244186372758,0.014501440341501644,0.0276246845278744
2020,Romania,RO,CP_EUR,81277300000.0,90992800000.0,-9715500000.0,0.8932278158271864,172270100000.0,-0.09777299711828358,-0.08592116802399696,0.013055966642439184,0.014616614497555162,0.027672581139994344
2021,Romania,RO,CP_EUR,98068000000.0,111761900000.0,-13693900000.0,0.877472555495209,209829900000.0,0.2065853565509681,0.22824992746678863,0.013334756171451558,0.015196778620530161,0.02853153479198172
2022,Romania,RO,CP_EUR,122175000000.0,141614400000.0,-19439400000.0,0.8627300613496932,263789400000.0,0.24581922747481344,0.2671080216066477,0.013662600801170214,0.015836472395311964,0.02949907319648218
2023,Romania,RO,CP_EUR,126202000000.0,141914700000.0,-15712700000.0,0.8892806735313536,268116700000.0,0.032960916717822863,0.0021205470630105694,0.014129669165869208,0.015888874667387035,0.030018543833256243
2024,Romania,RO,CP_EUR,125904100000.0,147153700000.0,-21249600000.0,0.8555958837596336,273057800000.0,-0.002360501418361083,0.036916542120019935,0.013875500434374983,0.016217352955701092,0.030092853390076075
2025,Romania,RO,CP_EUR,134286200000.00002,154513900000.0,-20227699999.999985,0.8690881532341105,288800100000.0,0.0665752743556407,0.05001709097358753,0.014396405241640516,0.016564953955554018,0.030961359197194532
1995,Serbia,RS,CP_EUR,1368700000.0,2178600000.0,-809900000.0,0.6282474983934637,3547300000.0,,,0.0007622023376284041,0.0012132198529679558,0.00197542219059636
1996,Serbia,RS,CP_EUR,2085400000.0,3333400000.0,-1248000000.0,0.625607487850243,5418800000.0,0.5236355665960399,0.530065179473056,0.0010959659738669872,0.001751842801039712,0.002847808774906699
1997,Serbia,RS,CP_EUR,3167300000.0,4925400000.0,-1758100000.0,0.6430543712185812,8092700000.0,0.5187973530257983,0.47759044819103624,0.0015003950302831285,0.002333231990072466,0.0038336270203555944
1998,Serbia,RS,CP_EUR,3485200000.0,4383900000.0,-898700000.0,0.7949998859463036,7869100000.0,0.10036939980424964,-0.10994030941649413,0.0015531581201153808,0.001953658293002932,0.0035068164131183124
1999,Serbia,RS,CP_EUR,2069699999.9999998,2950900000.0,-881200000.0000002,0.7013792402317937,5020600000.0,-0.4061459887524389,-0.3268778941125482,0.0008730731656573335,0.00124479470673925,0.0021178678723965836
2000,Serbia,RS,CP_EUR,2503400000.0,3907400000.0,-1404000000.0,0.6406817832830015,6410800000.0,0.20954727738319567,0.3241383984547088,0.0008925226467728073,0.0013930826036590504,0.0022856052504318576
2001,Serbia,RS,CP_EUR,3017600000.0,5230100000.0,-2212500000.0,0.5769679356035258,8247700000.0,0.2054006551090517,0.33851154220197577,0.0010281718963304526,0.0017820260587877452,0.002810197955118198
2002,Serbia,RS,CP_EUR,3650900000.0,6680200000.0,-3029300000.0,0.5465255531271519,10331100000.0,0.20986876988335101,0.27726047303110835,0.001221658282412501,0.0022353177731989343,0.003456976055611435
2003,Serbia,RS,CP_EUR,4602500000.0,7560200000.0,-2957700000.0,0.6087801910002381,12162700000.0,0.2606480593826179,0.13173258285680078,0.0015352637661539602,0.0025218687941069356,0.004057132560260896
2004,Serbia,RS,CP_EUR,5278000000.0,10307300000.0,-5029300000.0,0.5120642651324789,15585300000.0,0.14676806083650185,0.3633634030845745,0.0016085066168043838,0.0031412202067805654,0.0047497268235849495
2005,Serbia,RS,CP_EUR,6287400000.0,10110400000.0,-3823000000.0,0.6218745054597247,16397800000.0,0.1912466843501326,-0.01910296585914839,0.0017658273730036074,0.0028395236619295212,0.004605351034933129
2006,Serbia,RS,CP_EUR,7700000000.0,12377300000.0,-4677300000.0,0.6221065983695959,20077300000.0,0.2246715653529281,0.22421467004272833,0.001935714031988504,0.0031115471802767936,0.005047261212265297
2007,Serbia,RS,CP_EUR,8613200000.0,15247300000.0,-6634100000.0,0.5649000150846379,23860500000.0,0.11859740259740259,0.23187609575594026,0.0019856923731587472,0.003515121827109944,0.005500814200268691
2008,Serbia,RS,CP_EUR,10159400000.0,17940700000.0,-7781300000.0,0.5662766781675186,28100100000.0,0.1795151627734175,0.1766476687675851,0.0022487341601519985,0.003971087362151206,0.0062198215223032045
2009,Serbia,RS,CP_EUR,8560400000.0,12888000000.0,-4327600000.0,0.6642147734326506,21448400000.0,-0.15739118451877077,-0.2816333810832353,0.0022480444634013666,0.003384514397027804,0.005632558860429171
2010,Serbia,RS,CP_EUR,10176900000.0,14029900000.0,-3853000000.0,0.725372240714474,24206800000.0,0.1888346338956124,0.08860180012414642,0.0023210378847416955,0.003199788680161691,0.005520826564903387
2011,Serbia,RS,CP_EUR,11695000000.0,16230200000.0,-4535200000.0,0.7205702948823798,27925200000.0,0.1491711621417131,0.15682934304592333,0.0024146991273531317,0.0033510944657346555,0.005765793593087787
2012,Serbia,RS,CP_EUR,12074200000.0,16713700000.0,-4639500000.0,0.722413349527633,28787900000.0,0.032424112868747246,0.02979014429889948,0.0023928309325092546,0.0033122739690149183,0.005705104901524173
2013,Serbia,RS,CP_EUR,14518000000.0,17509800000.0,-2991800000.0,0.8291356840169505,32027800000.0,0.2023985025923043,0.04763158367088072,0.002827282925801214,0.003409915868177028,0.006237198793978242
2014,Serbia,RS,CP_EUR,14925200000.0,17788300000.0,-2863100000.0,0.8390458897140255,32713500000.0,0.028047940487670564,0.015905378702212536,0.0028004069307313384,0.003337608782859075,0.0061380157135904135
2015,Serbia,RS,CP_EUR,16147800000.0,18663000000.0,-2515200000.0,0.8652306703102395,34810800000.0,0.08191515021574247,0.0491727708662435,0.002835970214146152,0.0032777042139864026,0.006113674428132555
2016,Serbia,RS,CP_EUR,17728900000.0,19554500000.0,-1825600000.0,0.9066404152496867,37283400000.0,0.09791426695896654,0.04776831163264217,0.0030557461278209147,0.0033704058151647356,0.00642615194298565
2017,Serbia,RS,CP_EUR,19651700000.0,22295600000.0,-2643900000.0,0.8814160641561564,41947300000.0,0.10845568534990901,0.1401774527602342,0.0031413936791930774,0.0035640304357290806,0.0067054241149221575
2018,Serbia,RS,CP_EUR,21760700000.0,25437400000.0,-3676700000.0,0.8554608568485773,47198100000.0,0.10731895968287741,0.14091569637058443,0.0033068538739618298,0.003865581747531865,0.007172435621493695
2019,Serbia,RS,CP_EUR,23552500000.0,28197100000.0,-4644600000.0,0.8352809331456071,51749600000.0,0.08234110115942972,0.10848986138520456,0.0034310320529847785,0.004107638420601511,0.00753867047358629
2020,Serbia,RS,CP_EUR,22602600000.0,26580600000.0,-3978000000.0,0.8503419787363716,49183200000.0,-0.040331175034497346,-0.05732859052881323,0.003630765190679266,0.004269770611671635,0.007900535802350901
2021,Serbia,RS,CP_EUR,29274700000.0,33559800000.000004,-4285100000.000004,0.8723144953188039,62834500000.0,0.29519170360931923,0.26256743640098423,0.003980615353554604,0.0045632800726300125,0.008543895426184616
2022,Serbia,RS,CP_EUR,38576500000.0,45205300000.0,-6628800000.0,0.8533623269837829,83781800000.0,0.31774194099341746,0.34700743151031865,0.0043139375470132415,0.00505522380190006,0.009369161348913302
2023,Serbia,RS,CP_EUR,41419000000.0,44685000000.0,-3266000000.0,0.9269105963970012,86104000000.0,0.07368475626352833,-0.011509712356736923,0.004637301842927503,0.005002965616050978,0.009640267458978481
2024,Serbia,RS,CP_EUR,44612700000.0,48407200000.0,-3794500000.0,0.9216129005602473,93019900000.0,0.0771071247495112,0.08329864607810222,0.004916627323722109,0.005334807402037556,0.010251434725759664
2025,Serbia,RS,CP_EUR,48161000000.0,51971500000.0,-3810500000.0,0.9266809693774473,100132500000.0,0.07953564792088352,0.07363160852104644,0.005163190803244479,0.00557170263970475,0.010734893442949228
1995,Slovakia,SK,CP_EUR,8277400000.0,8370200000.000001,-92800000.00000095,0.9889130486726719,16647600000.0,,,0.0046095226342407775,0.004661201144456249,0.009270723778697027
1996,Slovakia,SK,CP_EUR,8420000000.0,10662600000.0,-2242600000.0,0.7896760639993998,19082600000.0,0.017227631865078363,0.2738763709349834,0.00442506641409803,0.005603647642156966,0.010028714056254997
1997,Slovakia,SK,CP_EUR,10397900000.0,12388600000.0,-1990700000.0,0.8393119480813005,22786500000.0,0.23490498812351546,0.16187421454429507,0.004925633026672858,0.005868655912659226,0.010794288939332083
1998,Slovakia,SK,CP_EUR,9286900000.0,11517900000.0,-2231000000.0,0.8063014959324183,20804800000.0,-0.1068484982544552,-0.07028235635987923,0.0041386503344713445,0.005132881875265966,0.00927153220973731
1999,Slovakia,SK,CP_EUR,9065600000.0,9988800000.0,-923200000.0,0.9075764856639437,19054400000.0,-0.0238292648784848,-0.13275857578204364,0.0038241929219612132,0.004213631558737003,0.008037824480698216
2000,Slovakia,SK,CP_EUR,11923600000.0,12444500000.0,-520900000.0,0.9581421511511109,24368100000.0,0.3152576773738087,0.24584534678840297,0.004251051782000577,0.004436765230392346,0.008687817012392924
2001,Slovakia,SK,CP_EUR,13667700000.0,15436500000.0,-1768800000.0,0.8854144398017685,29104200000.0,0.14627293770337824,0.24042749809152641,0.004656927699985328,0.0052596021598969485,0.009916529859882277
2002,Slovakia,SK,CP_EUR,15017000000.0,16700900000.000002,-1683900000.000002,0.8991730984557718,31717900000.0,0.09872180396116392,0.08190975933663736,0.005024964372343402,0.005588428280353595,0.010613392652696996
2003,Slovakia,SK,CP_EUR,18785100000.0,18918800000.0,-133700000.0,0.992932955578578,37703900000.0,0.2509222880735167,0.13280122628121815,0.0062661778106635,0.00631077634744455,0.01257695415810805
2004,Slovakia,SK,CP_EUR,24009400000.0,24540400000.0,-531000000.0,0.9783622108849082,48549800000.0,0.2781087138210603,0.29714358204537294,0.007317028943824019,0.007478854827401724,0.014795883771225742
2005,Slovakia,SK,CP_EUR,28499800000.0,29851700000.0,-1351900000.0,0.9547127969261382,58351500000.0,0.18702674785708928,0.21643086502257503,0.008004219067520472,0.008383902565558385,0.016388121633078855
2006,Slovakia,SK,CP_EUR,37057300000.0,38165900000.0,-1108600000.0,0.9709531283161147,75223200000.0,0.30026526501940354,0.27851680138819557,0.009315887739949038,0.009594580282268837,0.018910468022217873
2007,Slovakia,SK,CP_EUR,46987000000.0,46888700000.0,98300000.0,1.002096453943061,93875700000.0,0.2679553016544649,0.2285495691179822,0.010832411593555248,0.010809749451693744,0.021642161045248992
2008,Slovakia,SK,CP_EUR,52987400000.0,54345400000.0,-1358000000.0,0.975011684521597,107332800000.0,0.1277034073254304,0.1590297875607556,0.011728505269763767,0.012029092015977757,0.023757597285741523
2009,Slovakia,SK,CP_EUR,43619000000.0,43953500000.0,-334500000.0,0.9923896845529935,87572500000.0,-0.17680429687057675,-0.19121949603830313,0.011454774478891665,0.01154261743868417,0.022997391917575834
2010,Slovakia,SK,CP_EUR,52975300000.0,53625700000.0,-650400000.0,0.9878714869922444,106601000000.0,0.21450056168183584,0.22005528569965982,0.012082036598134671,0.01223037283414328,0.02431240943227795
2011,Slovakia,SK,CP_EUR,60622300000.0,60559200000.0,63100000.0,1.001041955640101,121181500000.0,0.144350291550968,0.12929434953762842,0.01251685463087984,0.012503826198649317,0.025020680829529157
2012,Slovakia,SK,CP_EUR,67024899999.99999,63450000000.0,3574899999.9999924,1.056342001576044,130474900000.0,0.10561460056777783,0.047735108786113534,0.01328280581474048,0.01257434220633352,0.025857148021074004
2013,Slovakia,SK,CP_EUR,69327400000.0,65703600000.00001,3623799999.9999924,1.0551537510882203,135031000000.0,0.03435290466677321,0.035517730496454014,0.013501045206653194,0.012795334511893694,0.026296379718546887
2014,Slovakia,SK,CP_EUR,69243000000.0,66085800000.0,3157200000.0,1.047774257102131,135328800000.0,-0.0012174118746700602,0.00581703285664692,0.012992025373504546,0.012399641702819732,0.02539166707632428
2015,Slovakia,SK,CP_EUR,72896400000.0,71319600000.0,1576800000.0,1.0221089293826662,144216000000.0,0.0527620120445389,0.07919704384300408,0.01280248821006475,0.012525561456348103,0.025328049666412854
2016,Slovakia,SK,CP_EUR,75346300000.0,73823200000.0,1523100000.0,1.0206317255280184,149169500000.0,0.03360796966654056,0.03510395459312732,0.012986658194847565,0.012724137286766182,0.025710795481613747
2017,Slovakia,SK,CP_EUR,79822300000.0,78751700000.0,1070600000.0,1.013594627163604,158574000000.0,0.05940570406244228,0.06676085566596957,0.0127598766864268,0.012588737493738936,0.02534861418016574
2018,Slovakia,SK,CP_EUR,85696000000.0,84684300000.0,1011700000.0,1.0119467244813973,170380300000.0,0.07358470001490813,0.07533297693891061,0.013022749708558684,0.012869007224893767,0.025891756933452453
2019,Slovakia,SK,CP_EUR,86836300000.0,86868800000.0,-32500000.0,0.9996258725802589,173705100000.0,0.013306338685586283,0.025795808668194642,0.012649957697170242,0.012654692164497362,0.025304649861667604
2020,Slovakia,SK,CP_EUR,79510700000.0,78508500000.0,1002200000.0,1.0127654967296535,158019200000.0,-0.08436103334665346,-0.09624053745418382,0.01277218912189491,0.012611200878325641,0.02538339000022055
2021,Slovakia,SK,CP_EUR,92478700000.0,92943100000.0,-464400000.0,0.9950033945499989,185421800000.0,0.1630975453618193,0.18386034633192594,0.012574753391043126,0.012637899991014799,0.025212653382057925
2022,Slovakia,SK,CP_EUR,108934400000.0,115445500000.0,-6511100000.0,0.9436002269469144,224379900000.0,0.17794043385125446,0.24210941963416333,0.012181929369469994,0.01291005345440144,0.025091982823871435
2023,Slovakia,SK,CP_EUR,113029900000.0,111058000000.0,1971900000.0,1.0177555871706676,224087900000.0,0.03759602109159266,-0.038004946056797384,0.012654911117504318,0.012434135736542229,0.02508904685404655
2024,Slovakia,SK,CP_EUR,111305900000.0,111626000000.0,-320100000.0,0.9971323885116371,222931900000.0,-0.015252601302841118,0.005114444704568788,0.012266678081162554,0.012301955309537512,0.024568633390700065
2025,Slovakia,SK,CP_EUR,116370600000.0,116580100000.0,-209500000.0,0.998202952304896,232950700000.0,0.04550252951550626,0.04438123734613808,0.012475729567244078,0.01249818940971578,0.024973918976959858
1995,Slovenia,SI,CP_EUR,7424700000.0,7790900000.0,-366200000.0,0.952996444569947,15215600000.0,,,0.004134670633586332,0.00433860027195816,0.008473270905544492
1996,Slovenia,SI,CP_EUR,7817400000.0,8028800000.0,-211400000.0,0.9736697887604623,15846200000.0,0.05289102590003636,0.0305356248957116,0.004108374606362226,0.0042194742548111955,0.008327848861173421
1997,Slovenia,SI,CP_EUR,8713700000.0,8922100000.0,-208400000.0,0.9766422703175262,17635800000.0,0.11465448870468453,0.11126195695496222,0.004127803547304675,0.0042265255895207595,0.008354329136825435
1998,Slovenia,SI,CP_EUR,9396900000.0,9731600000.0,-334700000.0,0.9656068888980229,19128500000.0,0.07840526986240048,0.09072976093072249,0.004187671163466149,0.0043368281767803395,0.008524499340246489
1999,Slovenia,SI,CP_EUR,9362600000.0,10281700000.0,-919100000.0,0.910608167909976,19644300000.0,-0.0036501399397673717,0.056527189773521336,0.003949478098653598,0.004337187209421175,0.008286665308074773
2000,Slovenia,SI,CP_EUR,10963000000.0,11767100000.0,-804100000.0,0.9316654060898607,22730100000.0,0.1709354239207057,0.14447027242576627,0.003908574649105331,0.004195255746920309,0.008103830396025639
2001,Slovenia,SI,CP_EUR,12030600000.0,12272600000.0,-242000000.0,0.9802812769910206,24303200000.0,0.0973821034388398,0.04295875789276882,0.004099126728523708,0.004181582189456891,0.008280708917980599
2002,Slovenia,SI,CP_EUR,13065800000.0,12818300000.0,247500000.0,1.01930833261821,25884100000.0,0.08604724618888504,0.04446490556198368,0.004372056968513313,0.0042892389168282235,0.008661295885341536
2003,Slovenia,SI,CP_EUR,13387200000.0,13470500000.0,-83300000.0,0.9938161166994544,26857700000.0,0.02459857031333712,0.05088038195392519,0.004465591111408212,0.004493377634324155,0.008958968745732368
2004,Slovenia,SI,CP_EUR,15245800000.0,15646500000.0,-400700000.0,0.9743904387562714,30892300000.0,0.13883411019481295,0.16153817601425335,0.004646261875421802,0.0047683779423701765,0.009414639817791979
2005,Slovenia,SI,CP_EUR,17418400000.0,17604800000.0,-186400000.0,0.9894119785513041,35023200000.0,0.14250482099988204,0.12515898124181124,0.004891988343977803,0.004944339112551119,0.009836327456528921
2006,Slovenia,SI,CP_EUR,20418600000.0,20433700000.0,-15100000.0,0.9992610246798181,40852300000.0,0.17224314517980988,0.160689130237208,0.005133061108254606,0.005136857118888765,0.010269918227143371
2007,Slovenia,SI,CP_EUR,23814600000.0,24280700000.0,-466100000.0,0.9808036835840812,48095300000.0,0.16631894449178697,0.18826742097613258,0.005490232386317084,0.0055976873641568285,0.011087919750473912
2008,Slovenia,SI,CP_EUR,25149800000.0,25948100000.0,-798300000.0,0.9692347416573853,51097900000.0,0.05606644663357763,0.06867182577108566,0.005566786855620483,0.005743486707978825,0.011310273563599309
2009,Slovenia,SI,CP_EUR,20768300000.0,20251100000.0,517200000.0,1.025539353417839,41019400000.0,-0.1742160971459018,-0.21955364747322537,0.005453957972671675,0.00531813621241851,0.010772094185090184
2010,Slovenia,SI,CP_EUR,23375600000.0,22988000000.0,387600000.0,1.0168609709413607,46363600000.0,0.12554229282127083,0.13514821417108203,0.005331255409659914,0.005242855770857736,0.01057411118051765
2011,Slovenia,SI,CP_EUR,26035500000.0,25581800000.0,453700000.0,1.0177352649149005,51617300000.0,0.11378959256660792,0.11283278232121097,0.005375621986336251,0.005281945287398233,0.010657567273734484
2012,Slovenia,SI,CP_EUR,26427500000.0,25193400000.0,1234100000.0,1.048985051640509,51620900000.0,0.015056365347314138,-0.015182668928691467,0.005237327480817638,0.0049927570203474065,0.010230084501165044
2013,Slovenia,SI,CP_EUR,27016200000.0,25304500000.0,1711700000.0,1.0676440949238277,52320700000.0,0.02227603821776558,0.004409885128644708,0.005261223376500259,0.004927881305685136,0.010189104682185396
2014,Slovenia,SI,CP_EUR,28569100000.0,26022300000.0,2546800000.0,1.097869903890125,54591400000.0,0.0574803266188435,0.02836649607777275,0.0053604042588881,0.004882549598904544,0.010242953857792645
2015,Slovenia,SI,CP_EUR,29896000000.0,26774100000.0,3121900000.0,1.1166014917401519,56670100000.0,0.04644528529075109,0.028890605365398114,0.00525050877036583,0.004702222600637269,0.0099527313710031
2016,Slovenia,SI,CP_EUR,31385000000.0,27929900000.0,3455100000.0,1.123706135718352,59314900000.0,0.049805994112924745,0.04316858456493411,0.005409506073228424,0.004813986416270912,0.010223492489499336
2017,Slovenia,SI,CP_EUR,35755100000.0,31892400000.0,3862700000.0,1.1211166296672561,67647500000.0,0.13924167595985337,0.1418730464484299,0.005715579066386948,0.005098112823536757,0.010813691889923706
2018,Slovenia,SI,CP_EUR,38901600000.0,35026500000.0,3875100000.0,1.1106333775855424,73928100000.0,0.08800143196355203,0.0982710614441058,0.005911662155321911,0.0053227845251450565,0.011234446680466968
2019,Slovenia,SI,CP_EUR,40623400000.0,36448300000.0,4175100000.0,1.1145485523330305,77071700000.0,0.044260390318136,0.0405921231067905,0.005917851077432199,0.005309639553202637,0.011227490630634836
2020,Slovenia,SI,CP_EUR,36583200000.0,32379300000.0,4203900000.0,1.1298329488284182,68962500000.0,-0.09945499391976054,-0.11163757980481948,0.005876536731334347,0.005201243898425896,0.011077780629760243
2021,Slovenia,SI,CP_EUR,43551100000.0,40631500000.0,2919600000.0,1.071855580030272,84182600000.0,0.19046720899210556,0.2548603583153435,0.005921843001779418,0.005524851586453624,0.011446694588233042
2022,Slovenia,SI,CP_EUR,53648600000.0,52519300000.0,1129300000.0,1.0215025714356436,106167900000.0,0.23185407486837306,0.29257595707763673,0.005999422184093803,0.005873134685957838,0.011872556870051641
2023,Slovenia,SI,CP_EUR,53442200000.0,49140100000.0,4302100000.0,1.087547644388188,102582300000.0,-0.003847257896757772,-0.06434206091855754,0.005983428198413776,0.005501761903755324,0.0114851901021691
2024,Slovenia,SI,CP_EUR,54553000000.0,50388600000.0,4164400000.0,1.0826456777921991,104941600000.0,0.020785072470818955,0.025406948703807997,0.00601211696200885,0.005553171351747458,0.011565288313756309
2025,Slovenia,SI,CP_EUR,55430000000.0,51649400000.0,3780600000.0,1.073197365313053,107079400000.0,0.01607610947152316,0.025021532648257683,0.005942477652537146,0.005537171301947539,0.011479648954484684
1995,Spain,ES,CP_EUR,102731600000.0,107891600000.0,-5160000000.0,0.9521742193090101,210623200000.0,,,0.05720922456952302,0.0600827279392626,0.11729195250878563
1996,Spain,ES,CP_EUR,116772200000.0,117539200000.0,-767000000.0,0.9934745174375867,234311400000.0,0.1366726498954558,0.0894193801927119,0.06136873400479074,0.06177182497149064,0.12314055897628139
1997,Spain,ES,CP_EUR,133860700000.00002,132793500000.0,1067200000.0000153,1.0080365379329561,266654200000.0,0.14634048172424619,0.12978053279246415,0.06341171629786278,0.06290616848858732,0.12631788478645012
1998,Spain,ES,CP_EUR,144584400000.0,146965000000.0,-2380600000.0,0.9838015854114925,291549400000.0,0.08011089139680272,0.1067183258216704,0.06443315588833073,0.06549405575655828,0.12992721164488902
1999,Spain,ES,CP_EUR,157083000000.0,168496000000.0,-11413000000.0,0.9322654543728041,325579000000.0,0.08644501066505095,0.14650426972408392,0.0662632034019186,0.07107761323892259,0.1373408166408412
2000,Spain,ES,CP_EUR,185133000000.0,204196000000.0,-19063000000.0,0.9066436169170796,389329000000.0,0.17856801818147083,0.2118744658626912,0.06600439209274991,0.07280081264696818,0.13880520473971808
2001,Spain,ES,CP_EUR,195405000000.0,211248000000.0,-15843000000.0,0.9250028402635765,406653000000.0,0.0554844355139279,0.034535446335873354,0.06657937745309256,0.07197748434385454,0.1385568617969471
2002,Spain,ES,CP_EUR,199164000000.0,213961000000.0,-14797000000.0,0.9308425367239824,413125000000.0,0.0192369693713057,0.012842725138226152,0.06664393715478466,0.07159528548118577,0.13823922263597044
2003,Spain,ES,CP_EUR,205612000000.0,223308000000.0,-17696000000.0,0.9207551901409712,428920000000.0,0.032375328874696185,0.04368553147536236,0.0685863451355672,0.07448923000376069,0.1430755751393279
2004,Spain,ES,CP_EUR,218354000000.0,250202000000.0,-31848000000.0,0.8727108496334961,468556000000.0,0.06197109118144861,0.1204345567556917,0.06654487567368404,0.0762507716062316,0.14279564727991564
2005,Spain,ES,CP_EUR,231479000000.0,276196000000.0,-44717000000.0,0.8380968587524801,507675000000.0,0.060108814127517673,0.10389205521938272,0.06501128518553011,0.07757013345963425,0.14258141864516435
2006,Spain,ES,CP_EUR,253088000000.0,310542000000.0,-57454000000.0,0.8149879887422635,563630000000.0,0.09335188073216139,0.12435371982215537,0.06362415492570214,0.0780675983015291,0.14169175322723124
2007,Spain,ES,CP_EUR,279332000000.0,341622000000.0,-62290000000.0,0.8176639677772509,620954000000.0,0.10369515741560242,0.100083080549491,0.0643973693841057,0.07875774391669038,0.14315511330079608
2008,Spain,ES,CP_EUR,284202000000.0,336848000000.0,-52646000000.0,0.8437099225763549,621050000000.0,0.017434450761101505,-0.01397450983835935,0.06290674112482217,0.07455967915220195,0.1374664202770241
2009,Spain,ES,CP_EUR,246631000000.0,255922000000.0,-9291000000.0,0.9636959698658185,502553000000.0,-0.13219822520601543,-0.2402448582149812,0.06476770408545657,0.06720761122875152,0.13197531531420809
2010,Spain,ES,CP_EUR,278203000000.0,289381000000.0,-11178000000.0,0.96137272315736,567584000000.0,0.12801310459755677,0.1307390533053039,0.063449547764918,0.06599890576938326,0.12944845353430126
2011,Spain,ES,CP_EUR,314071000000.0,311239000000.0,2832000000.0,1.0090991167559336,625310000000.0,0.12892743787809624,0.07553363904333743,0.06484711155424758,0.06426238064970169,0.12910949220394927
2012,Spain,ES,CP_EUR,324254000000.0,303064000000.0,21190000000.0,1.069919224982182,627318000000.0,0.03242260507974315,-0.026265988516863237,0.06425974401532655,0.06006036952593006,0.1243201135412566
2013,Spain,ES,CP_EUR,335957000000.0,296550000000.0,39407000000.0,1.1328848423537345,632507000000.0,0.036092075965138415,-0.021493809888340376,0.06542536781260493,0.05775111941357969,0.12317648722618461
2014,Spain,ES,CP_EUR,345132000000.0,313554000000.0,31578000000.0,1.1007099255630608,658686000000.0,0.027310042654268285,0.05733940313606478,0.0647569241830708,0.058831961699577495,0.1235888858826483
2015,Spain,ES,CP_EUR,361994000000.0,329214000000.0,32780000000.0,1.0995704921418894,691208000000.0,0.04885666933231336,0.04994355039323373,0.06357548407211026,0.05781847050867061,0.12139395458078088
2016,Spain,ES,CP_EUR,377059000000.0,332529000000.0,44530000000.0,1.1339131323884533,709588000000.0,0.04161671187920235,0.010069438116240503,0.06498973874352194,0.05731456571688943,0.12230430446041138
2017,Spain,ES,CP_EUR,408343000000.0,365832000000.0,42511000000.0,1.1162036125871986,774175000000.0,0.08296844790868274,0.10015066355114888,0.06527507132424873,0.05847953777263859,0.12375460909688732
2018,Spain,ES,CP_EUR,422779000000.0,389560000000.0,33219000000.0,1.085273128657973,812339000000.0,0.03535263246829268,0.06486037306741887,0.06424739893384443,0.05919929024068943,0.12344668917453386
2019,Spain,ES,CP_EUR,434731000000.0,397309000000.0,37422000000.0,1.094188654170935,832040000000.0,0.0282700891009251,0.019891672656330295,0.06332983740265899,0.05787835320833582,0.1212081906109948
2020,Spain,ES,CP_EUR,344196000000.0,327078000000.0,17118000000.0,1.052336140003302,671274000000.0,-0.2082552198946015,-0.17676669796052946,0.05528987176568362,0.05254012445634541,0.10782999622202903
2021,Spain,ES,CP_EUR,417060000000.0,404834000000.0,12226000000.0,1.030200032605957,821894000000.0,0.21169333751699604,0.23772922666764496,0.056709562842778345,0.05504713749554819,0.11175670033832653
2022,Spain,ES,CP_EUR,545828000000.0,533753000000.0,12075000000.0,1.022622823665628,1079581000000.0,0.30875173835898906,0.31844904331157964,0.06103892015634242,0.05968859558360553,0.12072751573994796
2023,Spain,ES,CP_EUR,566403000000.0,508954000000.0,57449000000.0,1.1128766057443304,1075357000000.0,0.03769502480634923,-0.046461565555603435,0.06341489837368518,0.05698286588679891,0.1203977642604841
2024,Spain,ES,CP_EUR,590793000000.0,524445000000.0,66348000000.0,1.1265108829333867,1115238000000.0,0.04306121259950957,0.03043693536154546,0.06510946449024058,0.057797457154340384,0.12290692164458096
2025,Spain,ES,CP_EUR,618130000000.0,553611000000.0,64519000000.0,1.1165421207309827,1171741000000.0,0.046271705995162504,0.055613076681062745,0.06626779201448288,0.059350910981395305,0.12561870299587818
1993,Sweden,SE,CP_EUR,55529100000.0,50135800000.0,5393300000.0,1.1075738294791346,105664900000.0,,,,,
1994,Sweden,SE,CP_EUR,65115700000.0,58039500000.0,7076200000.0,1.121920416268231,123155200000.0,0.17264101164974766,0.15764583391508658,,,
1995,Sweden,SE,CP_EUR,76223100000.0,63977900000.0,12245200000.0,1.191397341894623,140201000000.0,0.1705794455100691,0.10231652581431616,0.042447157887983936,0.03562804481373294,0.07807520270171688
1996,Sweden,SE,CP_EUR,83067000000.0,69853700000.0,13213300000.0,1.1891567662128133,152920700000.0,0.08978774151143165,0.0918410888760024,0.04365522468169609,0.036711076219771925,0.08036630090146801
1997,Sweden,SE,CP_EUR,92875800000.0,77562800000.0,15313000000.0,1.197427117123157,170438600000.0,0.11808299324641558,0.11036065376637172,0.043996586604858966,0.036742600844518754,0.08073918744937772
1998,Sweden,SE,CP_EUR,96929800000.0,82616800000.0,14313000000.0,1.1732456352703082,179546600000.0,0.043649691308177196,0.06516010252337456,0.04319617409364164,0.036817672953617694,0.08001384704725933
1999,Sweden,SE,CP_EUR,103391300000.0,89222800000.0,14168500000.0,1.1587990961951429,192614100000.0,0.06666164585091483,0.07995952397091144,0.043614132286044875,0.03763735442083932,0.08125148670688419
2000,Sweden,SE,CP_EUR,123346400000.0,109031900000.0,14314500000.0,1.131287265470014,232378300000.0,0.19300560105153908,0.222018363019318,0.04397597483338555,0.03887250937551651,0.08284848420890206
2001,Sweden,SE,CP_EUR,116102500000.0,101948500000.0,14154000000.0,1.1388348038470404,218051000000.0,-0.05872810231997039,-0.06496630802544945,0.03955902955782952,0.034736407268373924,0.07429543682620345
2002,Sweden,SE,CP_EUR,116974400000.0,102088800000.0,14885600000.0,1.1458103141578704,219063200000.0,0.007509743545573988,0.0013761850346007964,0.039141785474878205,0.034160789959065796,0.073302575433944
2003,Sweden,SE,CP_EUR,119423400000.0,103601500000.0,15821900000.0,1.1527188312910528,223024900000.0,0.020936204844820727,0.014817492222457318,0.03983626699639562,0.0345585288580553,0.07439479585445093
2004,Sweden,SE,CP_EUR,132309400000.0,111552000000.0,20757400000.0,1.1860782415375788,243861400000.0,0.10790180148949036,0.07674116687499688,0.04032219502944637,0.033996235338719705,0.07431843036816607
2005,Sweden,SE,CP_EUR,142952500000.0,122469700000.0,20482800000.0,1.1672478988680466,265422200000.0,0.08044099663364812,0.09787094807802643,0.040148461612001494,0.034395831126306564,0.07454429273830805
2006,Sweden,SE,CP_EUR,160343000000.0,137212200000.00002,23130799999.999985,1.1685768466652382,297555200000.0,0.12165229709169134,0.12037671358711588,0.0403088564975497,0.03449397154545624,0.07480282804300593
2007,Sweden,SE,CP_EUR,170882900000.0,149753100000.0,21129800000.0,1.141097579949931,320636000000.0,0.0657334588974885,0.09139784946236551,0.039395447828129954,0.03452417086876877,0.07391961869689873
2008,Sweden,SE,CP_EUR,172902900000.0,154489400000.0,18413500000.0,1.1191894071696828,327392300000.0,0.011820960435479533,0.031627392020599165,0.03827122247567229,0.03419548311528104,0.07246670559095332
2009,Sweden,SE,CP_EUR,136041700000.00002,120515400000.0,15526300000.000015,1.1288324977554738,256557100000.0,-0.21319017783970073,-0.21991152791065272,0.03572587618297156,0.031648518495000354,0.0673743946779719
2010,Sweden,SE,CP_EUR,167113800000.0,149751200000.0,17362600000.0,1.115942977418545,316865000000.0,0.2284012916627769,0.2425897437174005,0.03811351795371348,0.03415364290555381,0.0722671608592673
2011,Sweden,SE,CP_EUR,186328600000.0,168122100000.0,18206500000.0,1.1082933177732137,354450700000.0,0.11498033076861391,0.12267614550000272,0.038471783481909425,0.03471263686693253,0.07318442034884196
2012,Sweden,SE,CP_EUR,191843400000.0,173148100000.0,18695300000.0,1.107972885639519,364991500000.0,0.02959717402481421,0.029894939451743596,0.03801898442279786,0.034314002549668356,0.0723329869724662
2013,Sweden,SE,CP_EUR,187956400000.0,171101800000.0,16854600000.0,1.0985062693671253,359058200000.0,-0.020261317303592374,-0.011818206494902395,0.03660324566159686,0.03332092558987836,0.06992417125147522
2014,Sweden,SE,CP_EUR,189323400000.0,175842600000.0,13480800000.0,1.0766640165693637,365166000000.0,0.007272963304255642,0.027707481744785767,0.03552264368381137,0.032993248717458956,0.06851589240127033
2015,Sweden,SE,CP_EUR,197723200000.0,183022900000.0,14700300000.0,1.0803194572919563,380746100000.0,0.04436746857493579,0.040833677391030276,0.034725294210088214,0.032143542334352036,0.06686883654444024
2016,Sweden,SE,CP_EUR,199195400000.0,187953900000.0,11241500000.0,1.059809878911797,387149300000.0,0.0074457625609942735,0.026941983762687638,0.034333239638654305,0.03239565918550161,0.0667288988241559
2017,Sweden,SE,CP_EUR,208538300000.0,200151700000.0,8386600000.0,1.041901217926203,408690000000.0,0.04690319153956368,0.06489782866968974,0.033335584071081364,0.031994956429202005,0.06533054050028338
2018,Sweden,SE,CP_EUR,213971000000.0,207110500000.0,6860500000.0,1.0331248294992286,421081500000.0,0.026051329659827482,0.034767628753590296,0.03251599582115863,0.03147344337558863,0.06398943919674727
2019,Sweden,SE,CP_EUR,228986200000.0,210842400000.0,18143800000.0,1.0860538487514846,439828600000.0,0.07017399554145198,0.018018883639409955,0.0333577748388147,0.030714660122205195,0.06407243496101989
2020,Sweden,SE,CP_EUR,211741000000.0,192137900000.0,19603100000.0,1.1020262009733635,403878900000.0,-0.07531108861582048,-0.08871318103000159,0.03401298311873937,0.030864042151354874,0.06487702527009424
2021,Sweden,SE,CP_EUR,253543800000.0,232942600000.0,20601200000.0,1.0884389544892175,486486400000.0,0.19742421165480462,0.21237194743983356,0.034475514457144835,0.03167427471697161,0.06614978917411644
2022,Sweden,SE,CP_EUR,297190400000.0,288914800000.0,8275600000.0,1.0286437385692946,586105200000.0,0.1721461932810031,0.24028322857218898,0.03323424429826148,0.0323087994921214,0.06554304379038288
2023,Sweden,SE,CP_EUR,295395500000.0,280560200000.0,14835300000.0,1.0528774216727819,575955700000.0,-0.006039562516151231,-0.02891717558255924,0.0330726984365265,0.03141172728728624,0.06448442572381274
2024,Sweden,SE,CP_EUR,304678500000.0,287756600000.0,16921900000.0,1.0588062967104839,592435100000.0,0.03142566491364973,0.025650110029861617,0.03357767268178493,0.031712762557329494,0.06529043523911442
2025,Sweden,SE,CP_EUR,316017100000.0,303418800000.0,12598300000.0,1.041521158214323,619435900000.0,0.03721496593950668,0.054428638648079675,0.03387920899458049,0.032528584491424095,0.06640779348600459
1995,Switzerland,CH,CP_EUR,107404200000.0,98469900000.0,8934300000.0,1.0907312793046402,205874100000.0,,,0.05981130438453178,0.05483596695114721,0.114647271335679
1996,Switzerland,CH,CP_EUR,109760000000.0,102091800000.0,7668200000.0,1.0751108316240874,211851800000.0,0.021933965338413186,0.03678179829572281,0.057683526082113995,0.053653562391307995,0.11133708847342198
1997,Switzerland,CH,CP_EUR,120999900000.0,110458400000.0,10541500000.0,1.0954341181838592,231458300000.0,0.10240433673469385,0.08195173363580621,0.057319372533310875,0.052325714145494875,0.10964508667880575
1998,Switzerland,CH,CP_EUR,124473900000.0,115762000000.0,8711900000.0,1.0752569927955633,240235900000.0,0.028710767529559922,0.048014456121037385,0.05547103423833063,0.051588629146332124,0.10705966338466275
1999,Switzerland,CH,CP_EUR,130843200000.0,121654700000.0,9188500000.0,1.0755293465850477,252497900000.0,0.05116976329977607,0.05090357803078738,0.0551943213164882,0.05131828479784182,0.10651260611433003
2000,Switzerland,CH,CP_EUR,155637300000.0,142312000000.0,13325300000.0,1.093634408904379,297949300000.0,0.1894947540261931,0.16980272854234157,0.05548846166516475,0.05073766993190531,0.10622613159707006
2001,Switzerland,CH,CP_EUR,160253800000.0,148406800000.0,11847000000.0,1.0798278785069149,308660600000.0,0.029661912664894707,0.042827027938613815,0.054602483245016264,0.05056591363478732,0.10516839687980359
2002,Switzerland,CH,CP_EUR,159431700000.0,143748500000.0,15683200000.0,1.1091016601912367,303180200000.0,-0.00512998755723737,-0.03138872342776744,0.053348778872087735,0.04810089172789542,0.10144967059998315
2003,Switzerland,CH,CP_EUR,153054000000.0,138195300000.0,14858700000.0,1.1075195755572005,291249300000.0,-0.04000270962424657,-0.03863135963157871,0.05105448353393335,0.046098041660570646,0.09715252519450399
2004,Switzerland,CH,CP_EUR,167515000000.0,145572000000.0,21943000000.0,1.1507364053526776,313087000000.0,0.0944829929305997,0.05337880521262295,0.05105134253770109,0.04436406313403709,0.09541540567173817
2005,Switzerland,CH,CP_EUR,182212600000.0,164892500000.0,17320100000.0,1.1050387373591886,347105100000.0,0.08773900844700466,0.13272126507844906,0.05117472990205126,0.046310349286350055,0.09748507918840131
2006,Switzerland,CH,CP_EUR,200794900000.0,177201700000.0,23593200000.0,1.1331431921928514,377996600000.0,0.10198142170190216,0.07464984762799998,0.05047811759502967,0.0445469892444438,0.09502510683947347
2007,Switzerland,CH,CP_EUR,222738200000.0,188246100000.0,34492100000.0,1.183228762773837,410984300000.0,0.10928215806277941,0.06232671582721827,0.05135020026832161,0.0433983705297542,0.0947485707980758
2008,Switzerland,CH,CP_EUR,246159600000.0,210050900000.0,36108700000.0,1.171904524093922,456210500000.0,0.10515214722934818,0.11583135055653204,0.05448623947962989,0.04649375299729034,0.10097999247692023
2009,Switzerland,CH,CP_EUR,233994900000.0,208986100000.0,25008800000.0,1.119667288877107,442981000000.0,-0.04941793860568511,-0.005069247501438889,0.06144934108326205,0.05488178648577687,0.11633112756903892
2010,Switzerland,CH,CP_EUR,296660400000.0,252736600000.0,43923800000.0,1.1737927945536974,549397000000.0,0.2678071188731037,0.20934645892717274,0.06765911302092241,0.057641445180831884,0.1253005582017543
2011,Switzerland,CH,CP_EUR,346859900000.0,308317100000.0,38542800000.0,1.1250102572967895,655177000000.0,0.16921537218988436,0.21991472544934143,0.07161712679297089,0.06365908784250092,0.1352762146354718
2012,Switzerland,CH,CP_EUR,366092700000.0,317271300000.0,48821400000.0,1.153879030344062,683364000000.0,0.05544832366035979,0.029042177680057346,0.07255121968543098,0.06287593220564704,0.135427151891078
2013,Switzerland,CH,CP_EUR,387132600000.0,331518200000.0,55614400000.0,1.1677567023469602,718650800000.0,0.05747150926527622,0.04490447134676212,0.07539147196590652,0.06456094134538862,0.13995241331129515
2014,Switzerland,CH,CP_EUR,361882500000.0,304675600000.0,57206900000.0,1.1877633128481573,666558100000.0,-0.06522338857538734,-0.08096870699708192,0.06789981113220483,0.05716611247184151,0.12506592360404634
2015,Switzerland,CH,CP_EUR,402564700000.0,338037100000.0,64527600000.0,1.1908891065507308,740601800000.0,0.11241825730727517,0.10949843046177632,0.07070074551745015,0.059368034461434016,0.13006877997888416
2016,Switzerland,CH,CP_EUR,418253800000.0,358058900000.0,60194900000.0,1.1681145197061154,776312700000.0,0.03897286572816738,0.05922959343811662,0.07209005802934099,0.06171488909107819,0.13380494712041918
2017,Switzerland,CH,CP_EUR,410873000000.0,358693800000.0,52179200000.0,1.1454700360028525,769566800000.0,-0.017646701596016556,0.0017731719557871894,0.06567950076334858,0.05733847128165735,0.12301797204500593
2018,Switzerland,CH,CP_EUR,418602000000.0,355953900000.0,62648100000.0,1.1760006000777068,774555900000.0,0.018811165493960447,-0.0076385485335960235,0.06361264322141152,0.054092356089961345,0.11770499931137288
2019,Switzerland,CH,CP_EUR,435162600000.0,374150300000.0,61012300000.0,1.1630689591856536,809312900000.0,0.03956168389066472,0.051120102912203036,0.06339271112876314,0.054504688331763966,0.11789739946052712
2020,Switzerland,CH,CP_EUR,421524500000.0,383824600000.0,37699900000.0,1.0982216877188173,805349100000.0,-0.03134023925769358,0.025856721216046097,0.06771152352466009,0.06165560585978573,0.12936712938444583
2021,Switzerland,CH,CP_EUR,497040900000.0,412615200000.0,84425700000.0,1.20461122130256,909656100000.0,0.17915067807446539,0.0750097831144747,0.06758493299280945,0.05610518298155075,0.12369011597436019
2022,Switzerland,CH,CP_EUR,611615400000.0,499891000000.0,111724400000.0,1.2234975224598963,1111506400000.0,0.23051322335848012,0.21151862558626044,0.06839580154735454,0.0559018717176,0.12429767326495454
2023,Switzerland,CH,CP_EUR,603613700000.0,510046000000.0,93567700000.0,1.1834495320029959,1113659700000.0,-0.013082894904215991,0.02031442854542287,0.06758103583925949,0.05710512701363628,0.12468616285289577
2024,Switzerland,CH,CP_EUR,638292000000.0,530269300000.00006,108022699999.99994,1.2037129058763159,1168561300000.0,0.05745114797758899,0.039649953141481564,0.07034418198659198,0.05843933519627811,0.1287835171828701
2025,Switzerland,CH,CP_EUR,722670700000.0,639865700000.0,82805000000.0,1.1294099683730507,1362536400000.0,0.132194512856185,0.20668064321279767,0.07747527484924005,0.06859800871143852,0.14607328356067859
1995,Türkiye,TR,CP_EUR,32915000000.0,31738100000.0,1176900000.0,1.037081614841468,64653100000.0,,,0.018329721592050062,0.017674328933940275,0.03600405052599034
1996,Türkiye,TR,CP_EUR,38625600000.0,39675300000.0,-1049700000.0,0.9735427331362334,78300900000.0,0.173495366854018,0.2500842835582471,0.02029938780099583,0.02085104958423558,0.04115043738523141
1997,Türkiye,TR,CP_EUR,49996900000.0,49724100000.0,272800000.0,1.0054862732558256,99721000000.0,0.2943980158237025,0.25327596766754135,0.02368424219037115,0.023555012952767757,0.04723925514313891
1998,Türkiye,TR,CP_EUR,50612300000.0,48328600000.0,2283700000.0,1.0472535931104978,98940900000.0,0.012308763143314971,-0.028064861908008387,0.02255506275757939,0.021537345783257257,0.044092408540836646
1999,Türkiye,TR,CP_EUR,45262300000.0,45274300000.0,-12000000.0,0.9997349489666323,90536600000.0,-0.1057055300786568,-0.0631986028976631,0.01909325001011351,0.019098312037454615,0.03819156204756812
2000,Türkiye,TR,CP_EUR,59570700000.0,67065300000.0,-7494600000.0,0.8882492138259279,126636000000.0,0.31612180556445435,0.48131058900965895,0.021238395316013767,0.023910401479033453,0.04514879679504722
2001,Türkiye,TR,CP_EUR,61360900000.0,50909700000.0,10451200000.0,1.2052889724355083,112270600000.0,0.030051686483455686,-0.2408935768571825,0.02090719542468958,0.017346209832520693,0.03825340525721027
2002,Türkiye,TR,CP_EUR,63686100000.0,57566700000.0,6119400000.0,1.1063010386212864,121252800000.0,0.037893837932624796,0.13076093553880686,0.021310540288572894,0.019262876508848698,0.04057341679742159
2003,Türkiye,TR,CP_EUR,64780300000.0,64721200000.0,59100000.0,1.0009131474694537,129501500000.0,0.01718114313798469,0.12428191992940363,0.021608875035433656,0.021589160947746593,0.04319803598318025
2004,Türkiye,TR,CP_EUR,78484800000.0,82711300000.0,-4226500000.0,0.9489005734403885,161196100000.0,0.21155351241040865,0.2779630167549427,0.02391877986331351,0.02520683465981289,0.049125614523126394
2005,Türkiye,TR,CP_EUR,90074000000.0,98508600000.0,-8434600000.0,0.9143770188592671,188582600000.0,0.14766171284121254,0.190993250015415,0.025297441676356988,0.027666313954299575,0.05296375563065656
2006,Türkiye,TR,CP_EUR,100211700000.0,116096200000.0,-15884500000.0,0.8631781229704332,216307900000.0,0.11254857117481176,0.1785387265680356,0.025192362838886023,0.029185590052018668,0.05437795289090469
2007,Türkiye,TR,CP_EUR,110882700000.0,129135100000.0,-18252400000.0,0.858656554259841,240017800000.0,0.1064845721607357,0.11231116953009668,0.02556296518195902,0.029770884593077154,0.05533384977503617
2008,Türkiye,TR,CP_EUR,126636400000.0,142086400000.0,-15450000000.0,0.8912633439935138,268722800000.0,0.14207536432644585,0.10029263925919452,0.028030355985459037,0.031450138922871525,0.05948049490833056
2009,Türkiye,TR,CP_EUR,111316300000.0,109083300000.0,2233000000.0,1.0204705944906325,220399600000.0,-0.12097706504606887,-0.23227486937525332,0.029232745187295635,0.028646337626109797,0.05787908281340543
2010,Türkiye,TR,CP_EUR,127176600000.0,149345400000.0,-22168800000.0,0.8515602087509894,276522000000.0,0.14247958295415852,0.3690949943758577,0.02900507095998199,0.034061092406518924,0.06306616336650091
2011,Türkiye,TR,CP_EUR,142078000000.0,182425800000.0,-40347800000.0,0.7788262405865837,324503800000.0,0.11717092609804003,0.22150263751009414,0.02933523921471383,0.03766596152772098,0.0670012007424348
2012,Türkiye,TR,CP_EUR,171588000000.0,194929300000.0,-23341300000.0,0.8802576113493457,366517300000.0,0.20770281113191347,0.06854019552058976,0.03400482632782279,0.03863053938914182,0.07263536571696462
2013,Türkiye,TR,CP_EUR,176437800000.0,207251300000.0,-30813500000.0,0.8513230073828246,383689100000.0,0.028264214280719013,0.06321266223189648,0.034360075727092536,0.04036079775727408,0.07472087348436661
2014,Türkiye,TR,CP_EUR,183191400000.0,202151900000.0,-18960500000.0,0.9062066693412231,385343300000.0,0.038277511961722466,-0.02460491200778958,0.0343720999524547,0.03792964796589047,0.07230174791834516
2015,Türkiye,TR,CP_EUR,196702900000.0,206921800000.0,-10218900000.0,0.9506146766556255,403624700000.0,0.07375619161161495,0.02359562289545636,0.03454610321134576,0.03634080564891237,0.07088690886025814
2016,Türkiye,TR,CP_EUR,185901400000.0,198533100000.0,-12631700000.0,0.9363748412733192,384434500000.0,-0.05491276437713932,-0.04054043604878754,0.032041891104720936,0.034219085874999715,0.06626097697972065
2017,Türkiye,TR,CP_EUR,202980200000.0,226358200000.0,-23378000000.0,0.8967212144291659,429338400000.0,0.0918702064642869,0.14015345551950786,0.032447102147974305,0.036184158048083497,0.0686312601960578
2018,Türkiye,TR,CP_EUR,211593800000.0,207388500000.0,4205300000.0,1.0202774020738854,418982300000.0,0.042435666138864736,-0.0838039001900528,0.032154745814073286,0.031515689506317945,0.06367043532039124
2019,Türkiye,TR,CP_EUR,228694200000.0,204590200000.0,24104000000.0,1.1178160048721786,433284400000.0,0.08081711278874892,-0.013493033606009952,0.03331523747082949,0.02980386514920142,0.06311910262003091
2020,Türkiye,TR,CP_EUR,183461600000.0,202036500000.0,-18574900000.0,0.9080616621254081,385498100000.0,-0.19778638898581602,-0.012482025043232814,0.029470326029143692,0.032454102246939356,0.06192442827608305
2021,Türkiye,TR,CP_EUR,247880300000.0,244356100000.0,3524200000.0,1.0144223942025592,492236400000.0,0.35112906461079585,0.209465121401331,0.03370542236209838,0.033226220709169495,0.06693164307126788
2022,Türkiye,TR,CP_EUR,335776600000.0,367608800000.0,-31832200000.0,0.9134074048281761,703385400000.0,0.3545917122094817,0.5043978848901256,0.037549266578057794,0.041109001722097166,0.07865826830015496
2023,Türkiye,TR,CP_EUR,335635200000.0,355155000000.0,-19519800000.0,0.9450386450986189,690790200000.0,-0.0004211133235609843,-0.03387786146577554,0.03757796498011398,0.03976341621055354,0.07734138119066752
2024,Türkiye,TR,CP_EUR,345536400000.0,338797700000.0,6738700000.0,1.0198900405758362,684334100000.0,0.02949988559006922,-0.04605679210485558,0.03808049514108252,0.03733784391068476,0.07541833905176727
2025,Türkiye,TR,CP_EUR,349440300000.0,352746800000.0,-3306500000.0,0.9906264209909204,702187100000.0,0.011298086106123595,0.04117235742745606,0.0374624061635554,0.03781688572982122,0.07527929189337662
2000,Ukraine,UA,CP_EUR,21141500000.0,19438100000.0,1703400000.0,1.0876320216482063,40579600000.0,,,0.007537456074437687,0.006930152776318009,0.014467608850755697
2001,Ukraine,UA,CP_EUR,22242600000.0,21640200000.0,602400000.0,1.027837080988161,43882800000.0,0.05208239718090013,0.11328782134056303,0.007578610889885911,0.007373358122670421,0.014951969012556332
2002,Ukraine,UA,CP_EUR,23289800000.0,21318200000.0,1971600000.0,1.0924843560901014,44608000000.0,0.04708082688174953,-0.014879714605225414,0.007793195394486472,0.007133461775487188,0.014926657169973661
2003,Ukraine,UA,CP_EUR,24149800000.0,23002600000.0,1147200000.0,1.0498726230947806,47152400000.0,0.03692603629056501,0.07901229934985121,0.008055689929356851,0.007673016470903441,0.015728706400260292
2004,Ukraine,UA,CP_EUR,31712600000.0,27708100000.0,4004500000.0,1.144524525319311,59420700000.0,0.31316201376408914,0.20456383191465322,0.009664631856019458,0.00844423307864296,0.01810886493466242
2005,Ukraine,UA,CP_EUR,34286699999.999996,33703500000.0,583199999.9999962,1.0173038408473896,67990200000.0,0.08116962973707609,0.2163771604693212,0.009629480133276518,0.009465687385250991,0.01909516751852751
2006,Ukraine,UA,CP_EUR,38504000000.0,40948500000.0,-2444500000.0,0.9403030636042834,79452500000.0,0.12300104705323078,0.2149628376874806,0.009679575725673423,0.01029410208297159,0.019973677808645014
2007,Ukraine,UA,CP_EUR,44798100000.0,50729300000.0,-5931200000.0,0.8830813750633263,95527400000.0,0.16346613338873883,0.23885612415595192,0.010327781254586318,0.011695163714494269,0.02202294496908059
2008,Ukraine,UA,CP_EUR,55592500000.0,65426100000.0,-9833600000.0,0.849699126189701,121018600000.0,0.24095664771497005,0.2897102857717335,0.012305131582401518,0.014481751484883032,0.02678688306728455
2009,Ukraine,UA,CP_EUR,37325100000.0,38732400000.0,-1407300000.0,0.9636660780122068,76057500000.0,-0.32859468453478435,-0.4079977256782844,0.00980193500314265,0.010171505697659816,0.019973440700802467
2010,Ukraine,UA,CP_EUR,48122000000.0,52246800000.0,-4124800000.0,0.921051624214306,100368800000.0,0.2892664721594851,0.34891718561204565,0.01097514813838594,0.011915888154204366,0.022891036292590306
2011,Ukraine,UA,CP_EUR,58476500000.0,66234600000.00001,-7758100000.000008,0.8828693764286338,124711100000.0,0.21517185486887502,0.26772548749397096,0.0120738053459312,0.013675641797399208,0.02574944714333041
2012,Ukraine,UA,CP_EUR,65258400000.0,77089300000.0,-11830900000.0,0.8465299334667716,142347700000.0,0.1159765033817004,0.16388262328148717,0.012932725822502687,0.015277340246599002,0.02821006606910169
2013,Ukraine,UA,CP_EUR,59289500000.0,72037400000.0,-12747900000.0,0.8230377553881734,131326900000.0,-0.09146561975163348,-0.06553308954679837,0.011546231645494632,0.014028799492981978,0.02557503113847661
2014,Ukraine,UA,CP_EUR,49168900000.0,52716300000.0,-3547400000.0,0.9327077203825003,101885200000.0,-0.170698015668879,-0.26820929128480486,0.00922553321472651,0.009891129893235096,0.019116663107961604
2015,Ukraine,UA,CP_EUR,43237200000.0,45383800000.0,-2146600000.0,0.952701184122969,88621000000.0,-0.12063926587741436,-0.13909360103042134,0.007593567627979044,0.007970565959744741,0.015564133587723785
2016,Ukraine,UA,CP_EUR,41536100000.0,47369800000.0,-5833700000.0,0.8768476962115103,88905900000.0,-0.03934343574514543,0.04376010823245302,0.00715914561759513,0.008164639821176224,0.015323785438771354
2017,Ukraine,UA,CP_EUR,47739200000.0,55462000000.0,-7722800000.0,0.8607551116079478,103201200000.0,0.14934237927971084,0.17083036027173426,0.007631279794100976,0.008865796660614931,0.016497076454715907
2018,Ukraine,UA,CP_EUR,50136000000.0,59811100000.0,-9675100000.0,0.8382390559611844,109947100000.0,0.050206119918222436,0.07841585229526515,0.007618892123183092,0.009089163847712547,0.016708055970895638
2019,Ukraine,UA,CP_EUR,56705100000.0,67773200000.0,-11068100000.0,0.8366891337578866,124478300000.0,0.13102561033987548,0.1331207752407162,0.008260567484033846,0.009872923109366225,0.01813349059340007
2020,Ukraine,UA,CP_EUR,53028600000.0,55095500000.0,-2066900000.0,0.9624851394397002,108124100000.0,-0.06483543808228887,-0.1870606670483318,0.008518241042643523,0.008850257207713692,0.017368498250357217
2021,Ukraine,UA,CP_EUR,68747100000.0,70979600000.0,-2232500000.0,0.968547300914629,139726700000.0,0.29641551917267295,0.2883012224228838,0.009347858791801581,0.00965142206578255,0.01899928085758413
2022,Ukraine,UA,CP_EUR,54587700000.0,80008400000.0,-25420700000.0,0.6822746111658275,134596100000.0,-0.20596359700991018,0.12720274557760258,0.006104439973431875,0.008947189113487596,0.01505162908691947
2023,Ukraine,UA,CP_EUR,47440600000.0,82490300000.0,-35049700000.0,0.575105194186468,129930900000.0,-0.1309287623402342,0.031020492848250925,0.00531148462805926,0.00923567493695267,0.014547159565011928
2024,Ukraine,UA,CP_EUR,52303000000.0,88164200000.0,-35861200000.0,0.5932453308712606,140467200000.0,0.10249448784374571,0.06878263262468431,0.005764151439223303,0.009716303086208652,0.015480454525431956
1995,United Kingdom,UK,CP_EUR,262141200000.0,259345600000.0,2795600000.0,1.0107794387103541,521486800000.0,,,0.1459813220053445,0.14442450688510342,0.2904058288904479
1996,United Kingdom,UK,CP_EUR,291534800000.0,289660900000.0,1873900000.0,1.0064692887441833,581195700000.0,0.11212888321255865,0.11689151464300918,0.15321387791220742,0.15222906414102236,0.30544294205322975
1997,United Kingdom,UK,CP_EUR,351445900000.0,345296800000.0,6149100000.0,1.017808158083133,696742700000.0,0.20550239628339395,0.19207252342307846,0.16648491831319465,0.16357200223934185,0.3300569205525365
1998,United Kingdom,UK,CP_EUR,356036800000.0,366009800000.0,-9973000000.0,0.9727520957089127,722046600000.0,0.013062892467944565,0.059986075747009426,0.15866562807870302,0.16311003469293198,0.321775662771635
1999,United Kingdom,UK,CP_EUR,377790900000.0,400420500000.0,-22629600000.0,0.9434854109617264,778211400000.0,0.06110070644382826,0.0940157886482822,0.15936565541843414,0.16891162657829267,0.3282772819967268
2000,United Kingdom,UK,CP_EUR,453064900000.0,485148000000.0,-32083100000.0,0.9338694583920782,938212900000.0,0.1992477849519403,0.2115963093797646,0.1615285945944944,0.17296699570046092,0.3344955902949553
2001,United Kingdom,UK,CP_EUR,461191200000.0,502862300000.0,-41671100000.0,0.9171321850932154,964053500000.0,0.017936282417816862,0.03651318772828094,0.15713939245589775,0.17133777988603294,0.3284771723419307
2002,United Kingdom,UK,CP_EUR,457548100000.0,508310700000.0,-50762600000.0,0.9001347010794776,965858800000.0,-0.007899326786807714,0.010834775245628814,0.15310400886551348,0.1700901083825621,0.3231941172480756
2003,United Kingdom,UK,CP_EUR,434319900000.0,474944700000.0,-40624800000.0,0.9144641470891243,909264600000.0,-0.050766684420719965,-0.06564095542352344,0.14487682898199053,0.1584281127293564,0.3033049417113469
2004,United Kingdom,UK,CP_EUR,461911700000.0,511706900000.0,-49795200000.0,0.9026880427056974,973618600000.0,0.0635287492007619,0.07740311661547117,0.14077075138866266,0.1559461793320309,0.29671693072069355
2005,United Kingdom,UK,CP_EUR,510536700000.0,560185700000.0,-49649000000.0,0.9113704616165675,1070722400000.0,0.10526903735064508,0.09473939085050453,0.14338513213457563,0.15732914130247588,0.30071427343705154
2006,United Kingdom,UK,CP_EUR,588447000000.0,634274600000.0,-45827600000.0,0.927748013242214,1222721600000.0,0.15260470011264626,0.1322577495284154,0.1479305344131869,0.15945120043557084,0.30738173484875775
2007,United Kingdom,UK,CP_EUR,572974000000.0,619145500000.0,-46171500000.0,0.9254270603598024,1192119500000.0,-0.026294636560301954,-0.023852602642451703,0.13209377488253612,0.14273818060947838,0.2748319554920145
2008,United Kingdom,UK,CP_EUR,539808900000.0,583371400000.0,-43562500000.0,0.9253263015636352,1123180300000.0,-0.05788238209761698,-0.057779794894737946,0.11948409486623957,0.12912644400611215,0.2486105388723517
2009,United Kingdom,UK,CP_EUR,458786200000.0,486701700000.0,-27915500000.0,0.9426435124430427,945487900000.0,-0.15009515404432938,-0.16570867203980177,0.12048172711496566,0.12781260945902445,0.2482943365739901
2010,United Kingdom,UK,CP_EUR,528890000000.0,565170700000.0,-36280700000.0,0.9358057662932633,1094060700000.0,0.15280276520959002,0.161226065164761,0.12062354222415818,0.12889805402882837,0.24952159625298653
2011,United Kingdom,UK,CP_EUR,587512100000.0,605760000000.0,-18247900000.0,0.9698760235076598,1193272100000.0,0.11083987218514246,0.07181777116188082,0.12130525482508814,0.12507294941303404,0.24637820423812215
2012,United Kingdom,UK,CP_EUR,633044800000.0,659177200000.0,-26132400000.0,0.96035603173168,1292222000000.0,0.07750087189693633,0.08818211833069212,0.1254550346278954,0.1306338800222656,0.256088914650161
2013,United Kingdom,UK,CP_EUR,626180400000.0,655624900000.0,-29444500000.0,0.9550894116437616,1281805300000.0,-0.010843466370784482,-0.005388991002722832,0.12194442439670578,0.1276785428778157,0.24962296727452146
2014,United Kingdom,UK,CP_EUR,651669700000.0,687561400000.0,-35891700000.0,0.9477985529728691,1339231100000.0,0.04070600101823696,0.048711542224830096,0.12227242143673867,0.12900676103927197,0.25127918247601067
2015,United Kingdom,UK,CP_EUR,721048700000.0,759999400000.0,-38950700000.0,0.948749038486083,1481048100000.0,0.10646344306018829,0.10535495448115606,0.12663475124467757,0.1334754989019524,0.26011025014663
2016,United Kingdom,UK,CP_EUR,687323700000.0,731391900000.0,-44068200000.0,0.9397474869491992,1418715600000.0,-0.04677215283794289,-0.037641477085376684,0.11846683859881572,0.1260624159617676,0.24452925456058333
2017,United Kingdom,UK,CP_EUR,710493100000.0,744586900000.0,-34093800000.0,0.9542111202869672,1455080000000.0,0.033709589819178376,0.018040943576214108,0.11357483237838431,0.1190248467699979,0.23259967914838223
2018,United Kingdom,UK,CP_EUR,747816800000.0,776625100000.0,-28808300000.0,0.9629057829833211,1524441900000.0,0.05253210763060201,0.04302815426916595,0.11364160537545846,0.11801944425275811,0.23166104962821657
2019,United Kingdom,UK,CP_EUR,785255800000.0,816551000000.0,-31295200000.0,0.9616739187142016,1601806800000.0,0.05006440079976815,0.05140948959800551,0.11439285933944188,0.11895181632084806,0.23334467566028994
