"URI","Label","Definition","Notation","Status","AcceptedDate"
"http://dd.eionet.europa.eu/vocabulary/eurostat/na_item/P1","Output","","P1","valid","2014-09-18"
"http://dd.eionet.europa.eu/vocabulary/eurostat/na_item/P2","Intermediate consumption","","P2","valid","2014-09-18"
"http://dd.eionet.europa.eu/vocabulary/eurostat/na_item/B1GQ","Gross domestic product at market prices","","B1GQ","valid","2014-09-18"
"http://dd.eionet.europa.eu/vocabulary/eurostat/na_item/B1G","Value added, gross","","B1G","valid","2014-09-18"
"http://dd.eionet.europa.eu/vocabulary/eurostat/na_item/P51C","Consumption of fixed capital","","P51C","valid","2014-09-18"
"http://dd.eionet.europa.eu/vocabulary/eurostat/na_item/B2A3N","Operating surplus and mixed income, net","","B2A3N","valid","2014-09-18"
"http://dd.eionet.europa.eu/vocabulary/eurostat/na_item/D21","Taxes on products","","D21","valid","2014-09-18"
"http://dd.eionet.europa.eu/vocabulary/eurostat/na_item/D29X39","Other taxes less other subsidies on production","","D29X39","valid","2014-09-18"
"http://dd.eionet.europa.eu/vocabulary/eurostat/na_item/D31","Subsidies on products","","D31","valid","2014-09-18"
"http://dd.eionet.europa.eu/vocabulary/eurostat/na_item/D21X31","Taxes less subsidies on products","","D21X31","valid","2014-09-18"
"http://dd.eionet.europa.eu/vocabulary/eurostat/na_item/YA1","Statistical discrepancy (production approach)","","YA1","valid","2014-09-18"
"http://dd.eionet.europa.eu/vocabulary/eurostat/na_item/P3_S13","Final consumption expenditure of general government","","P3_S13","valid","2014-09-18"
"http://dd.eionet.europa.eu/vocabulary/eurostat/na_item/P31_S14_S15","Household and NPISH final consumption expenditure","","P31_S14_S15","valid","2014-09-18"
"http://dd.eionet.europa.eu/vocabulary/eurostat/na_item/P3","Final consumption expenditure","","P3","valid","2014-09-18"
"http://dd.eionet.europa.eu/vocabulary/eurostat/na_item/P31_S14","Final consumption expenditure of households","","P31_S14","valid","2014-09-18"
"http://dd.eionet.europa.eu/vocabulary/eurostat/na_item/P31_S15","Final consumption expenditure of NPISH","","P31_S15","valid","2014-09-18"
"http://dd.eionet.europa.eu/vocabulary/eurostat/na_item/P31_S13","Individual consumption expenditure of general government","","P31_S13","valid","2014-09-18"
"http://dd.eionet.europa.eu/vocabulary/eurostat/na_item/P32_S13","Collective consumption expenditure of general government","","P32_S13","valid","2014-09-18"
"http://dd.eionet.europa.eu/vocabulary/eurostat/na_item/P41","Actual individual consumption","","P41","valid","2014-09-18"
"http://dd.eionet.europa.eu/vocabulary/eurostat/na_item/P5G","Gross capital formation","","P5G","valid","2014-09-18"
"http://dd.eionet.europa.eu/vocabulary/eurostat/na_item/P51G","Gross fixed capital formation","","P51G","valid","2014-09-18"
"http://dd.eionet.europa.eu/vocabulary/eurostat/na_item/P51G_S14_S15","Gross fixed capital formation of households and NPISH","","P51G_S14_S15","valid","2014-09-18"
"http://dd.eionet.europa.eu/vocabulary/eurostat/na_item/P52_P53","Changes in inventories and acquisitions less disposals of valuables","","P52_P53","valid","2014-09-18"
"http://dd.eionet.europa.eu/vocabulary/eurostat/na_item/P52","Changes in inventories","","P52","valid","2014-09-18"
"http://dd.eionet.europa.eu/vocabulary/eurostat/na_item/P53","Acquisitions less disposals of valuables","","P53","valid","2014-09-18"
"http://dd.eionet.europa.eu/vocabulary/eurostat/na_item/P6","Exports of goods and services","","P6","valid","2014-09-18"
"http://dd.eionet.europa.eu/vocabulary/eurostat/na_item/P61","Exports of goods","","P61","valid","2014-09-18"
"http://dd.eionet.europa.eu/vocabulary/eurostat/na_item/P62","Exports of services","","P62","valid","2014-09-18"
"http://dd.eionet.europa.eu/vocabulary/eurostat/na_item/P7","Imports of goods and services","","P7","valid","2014-09-18"
"http://dd.eionet.europa.eu/vocabulary/eurostat/na_item/P71","Imports of goods","","P71","valid","2014-09-18"
"http://dd.eionet.europa.eu/vocabulary/eurostat/na_item/P72","Imports of services","","P72","valid","2014-09-18"
"http://dd.eionet.europa.eu/vocabulary/eurostat/na_item/B11","External balance of goods and services","","B11","valid","2014-09-18"
"http://dd.eionet.europa.eu/vocabulary/eurostat/na_item/B111","External balance - Goods","","B111","valid","2014-09-18"
"http://dd.eionet.europa.eu/vocabulary/eurostat/na_item/B112","External balance - Services","","B112","valid","2014-09-18"
"http://dd.eionet.europa.eu/vocabulary/eurostat/na_item/YA0","Statistical discrepancy (expenditure approach)","","YA0","valid","2014-09-18"
"http://dd.eionet.europa.eu/vocabulary/eurostat/na_item/D1","Compensation of employees","","D1","valid","2014-09-18"
"http://dd.eionet.europa.eu/vocabulary/eurostat/na_item/D11","Wages and salaries","","D11","valid","2014-09-18"
"http://dd.eionet.europa.eu/vocabulary/eurostat/na_item/D12","Employers' social contributions","","D12","valid","2014-09-18"
"http://dd.eionet.europa.eu/vocabulary/eurostat/na_item/B2A3G","Operating surplus and mixed income, gross","","B2A3G","valid","2014-09-18"
"http://dd.eionet.europa.eu/vocabulary/eurostat/na_item/D2","Taxes on production and imports","","D2","valid","2014-09-18"
"http://dd.eionet.europa.eu/vocabulary/eurostat/na_item/D3","Subsidies","","D3","valid","2014-09-18"
"http://dd.eionet.europa.eu/vocabulary/eurostat/na_item/D2X3","Taxes on production and imports less subsidies","","D2X3","valid","2014-09-18"
"http://dd.eionet.europa.eu/vocabulary/eurostat/na_item/YA2","Statistical discrepancy (income approach)","","YA2","valid","2014-09-18"
"http://dd.eionet.europa.eu/vocabulary/eurostat/na_item/P311_S14","Final consumption expenditure of households, durable goods","","P311_S14","valid","2014-09-18"
"http://dd.eionet.europa.eu/vocabulary/eurostat/na_item/P312_S14","Final consumption expenditure of households, semi-durable goods","","P312_S14","valid","2014-09-18"
"http://dd.eionet.europa.eu/vocabulary/eurostat/na_item/P313_S14","Final consumption expenditure of households, non-durable goods","","P313_S14","valid","2014-09-18"
"http://dd.eionet.europa.eu/vocabulary/eurostat/na_item/P314_S14","Final consumption expenditure of households, services","","P314_S14","valid","2014-09-18"
"http://dd.eionet.europa.eu/vocabulary/eurostat/na_item/P312N_S14","Final consumption expenditure of households, semi-durable goods, non-durable goods and services","","P312N_S14","valid","2014-09-18"
"http://dd.eionet.europa.eu/vocabulary/eurostat/na_item/P6_S21","Exports of goods and services to the European Union","","P6_S21","valid","2014-09-18"
"http://dd.eionet.europa.eu/vocabulary/eurostat/na_item/P6_S211","Exports of goods and services to the EU Member States","","P6_S211","valid","2014-09-18"
"http://dd.eionet.europa.eu/vocabulary/eurostat/na_item/P6_S2111","Exports of goods and services to members of the Monetary Union","","P6_S2111","valid","2014-09-18"
"http://dd.eionet.europa.eu/vocabulary/eurostat/na_item/P6_S2112","Exports of goods and services to non-members of the Monetary Union","","P6_S2112","valid","2014-09-18"
"http://dd.eionet.europa.eu/vocabulary/eurostat/na_item/P6_S212","Exports of goods and services to the institutions of the EU","","P6_S212","valid","2014-09-18"
"http://dd.eionet.europa.eu/vocabulary/eurostat/na_item/P6_S22","Exports of goods and services to third countries and international organisations","","P6_S22","valid","2014-09-18"
"http://dd.eionet.europa.eu/vocabulary/eurostat/na_item/P7_S21","Imports of goods and services from the European Union","","P7_S21","valid","2014-09-18"
"http://dd.eionet.europa.eu/vocabulary/eurostat/na_item/P7_S211","Imports of goods and services from the EU Member States","","P7_S211","valid","2014-09-18"
"http://dd.eionet.europa.eu/vocabulary/eurostat/na_item/P7_S2111","Imports of goods and services from members of the Monetary Union","","P7_S2111","valid","2014-09-18"
"http://dd.eionet.europa.eu/vocabulary/eurostat/na_item/P7_S2112","Imports of goods and services from non-members of the Monetary Union","","P7_S2112","valid","2014-09-18"
"http://dd.eionet.europa.eu/vocabulary/eurostat/na_item/P7_S212","Imports of goods and services from the institutions of the EU","","P7_S212","valid","2014-09-18"
"http://dd.eionet.europa.eu/vocabulary/eurostat/na_item/P7_S22","Imports of goods and services from third countries and international organisations","","P7_S22","valid","2014-09-18"
"http://dd.eionet.europa.eu/vocabulary/eurostat/na_item/P31_S14_NC","Final consumption expenditure of households (national concept)","","P31_S14_NC","valid","2014-09-18"
"http://dd.eionet.europa.eu/vocabulary/eurostat/na_item/P33","Final consumption expenditure of resident households in the rest of the world - total","","P33","valid","2014-09-18"
"http://dd.eionet.europa.eu/vocabulary/eurostat/na_item/P34","Final consumption expenditure of non-resident households on the economic territory - total","","P34","valid","2014-09-18"
"http://dd.eionet.europa.eu/vocabulary/eurostat/na_item/P31_S14_DC","Final consumption expenditure of households (domestic concept)","","P31_S14_DC","valid","2014-09-18"
"http://dd.eionet.europa.eu/vocabulary/eurostat/na_item/EMP_NC","Total employment national concept","","EMP_NC","valid","2014-09-18"
"http://dd.eionet.europa.eu/vocabulary/eurostat/na_item/POP_NC","Total population national concept","","POP_NC","valid","2014-09-18"
"http://dd.eionet.europa.eu/vocabulary/eurostat/na_item/SAL_NC","Employees national concept","","SAL_NC","valid","2014-09-18"
"http://dd.eionet.europa.eu/vocabulary/eurostat/na_item/SELF_NC","Self-employed national concept","","SELF_NC","valid","2014-09-18"
"http://dd.eionet.europa.eu/vocabulary/eurostat/na_item/EMP_DC","Total employment domestic concept","","EMP_DC","valid","2014-09-18"
"http://dd.eionet.europa.eu/vocabulary/eurostat/na_item/SAL_DC","Employees domestic concept","","SAL_DC","valid","2014-09-18"
"http://dd.eionet.europa.eu/vocabulary/eurostat/na_item/SELF_DC","Self-employed domestic concept","","SELF_DC","valid","2014-09-18"
"http://dd.eionet.europa.eu/vocabulary/eurostat/na_item/F","Total financial assets/liabilities","","F","valid","2014-09-18"
"http://dd.eionet.europa.eu/vocabulary/eurostat/na_item/F_TR","Net acquisition of financial assets/ Net incurrence of liabilities","","F_TR","valid","2014-09-18"
"http://dd.eionet.europa.eu/vocabulary/eurostat/na_item/F1","Monetary gold and special drawing rights (SDRs)","","F1","valid","2014-09-18"
"http://dd.eionet.europa.eu/vocabulary/eurostat/na_item/F11","Monetary gold","","F11","valid","2014-09-18"
"http://dd.eionet.europa.eu/vocabulary/eurostat/na_item/F12","Special drawing rights (SDRs)","","F12","valid","2014-09-18"
"http://dd.eionet.europa.eu/vocabulary/eurostat/na_item/F2","Currency and deposits","","F2","valid","2014-09-18"
"http://dd.eionet.europa.eu/vocabulary/eurostat/na_item/F21","Currency","","F21","valid","2014-09-18"
"http://dd.eionet.europa.eu/vocabulary/eurostat/na_item/F22","Transferable deposits","","F22","valid","2014-09-18"
"http://dd.eionet.europa.eu/vocabulary/eurostat/na_item/F29","Other deposits","","F29","valid","2014-09-18"
"http://dd.eionet.europa.eu/vocabulary/eurostat/na_item/F3","Debt securities","","F3","valid","2014-09-18"
"http://dd.eionet.europa.eu/vocabulary/eurostat/na_item/F31","Short-term debt securities","","F31","valid","2014-09-18"
"http://dd.eionet.europa.eu/vocabulary/eurostat/na_item/F32","Long-term debt securities","","F32","valid","2014-09-18"
"http://dd.eionet.europa.eu/vocabulary/eurostat/na_item/F4","Loans","","F4","valid","2014-09-18"
"http://dd.eionet.europa.eu/vocabulary/eurostat/na_item/F41","Short-term - Loans","","F41","valid","2014-09-18"
"http://dd.eionet.europa.eu/vocabulary/eurostat/na_item/F42","Long-term - Loans","","F42","valid","2014-09-18"
"http://dd.eionet.europa.eu/vocabulary/eurostat/na_item/F5","Equity and investment fund shares","","F5","valid","2014-09-18"
"http://dd.eionet.europa.eu/vocabulary/eurostat/na_item/F51","Equity","","F51","valid","2014-09-18"
"http://dd.eionet.europa.eu/vocabulary/eurostat/na_item/F511","Listed shares","","F511","valid","2014-09-18"
"http://dd.eionet.europa.eu/vocabulary/eurostat/na_item/F512","Unlisted shares","","F512","valid","2014-09-18"
"http://dd.eionet.europa.eu/vocabulary/eurostat/na_item/F519","Other equity","","F519","valid","2014-09-18"
"http://dd.eionet.europa.eu/vocabulary/eurostat/na_item/F52","Investment fund shares/ units","","F52","valid","2014-09-18"
"http://dd.eionet.europa.eu/vocabulary/eurostat/na_item/F521","Money market fund shares /units","","F521","valid","2014-09-18"
"http://dd.eionet.europa.eu/vocabulary/eurostat/na_item/F522","Non-Money market fund shares /units","","F522","valid","2014-09-18"
"http://dd.eionet.europa.eu/vocabulary/eurostat/na_item/F6","Insurance, pensions and standardised guarantees","","F6","valid","2014-09-18"
"http://dd.eionet.europa.eu/vocabulary/eurostat/na_item/F61","Non-life insurance technical reserves","","F61","valid","2014-09-18"
"http://dd.eionet.europa.eu/vocabulary/eurostat/na_item/F62","Life insurance and annuity entitlements","","F62","valid","2014-09-18"
"http://dd.eionet.europa.eu/vocabulary/eurostat/na_item/F6M","Pension entitlements, claims of pension funds on pension managers and entitlements to non-pension benefits","","F6M","invalid","2014-09-18"
"http://dd.eionet.europa.eu/vocabulary/eurostat/na_item/F66","Provisions for calls under standardised guarantees","","F66","valid","2014-09-18"
"http://dd.eionet.europa.eu/vocabulary/eurostat/na_item/F7","Financial derivatives and employee stock options","","F7","valid","2014-09-18"
"http://dd.eionet.europa.eu/vocabulary/eurostat/na_item/F8","Other accounts receivable / payable","","F8","valid","2014-09-18"
"http://dd.eionet.europa.eu/vocabulary/eurostat/na_item/F81","Trade credits and advances","","F81","valid","2014-09-18"
"http://dd.eionet.europa.eu/vocabulary/eurostat/na_item/F89","Other accounts receivable/payable, excluding trade credits and advances","","F89","valid","2014-09-18"
"http://dd.eionet.europa.eu/vocabulary/eurostat/na_item/B9F","Net financial transactions","","B9F","valid","2014-09-18"
"http://dd.eionet.europa.eu/vocabulary/eurostat/na_item/B9FX9","Discrepancy with the financial net lending/net borrowing (B9F-B9)","","B9FX9","valid","2014-09-18"
"http://dd.eionet.europa.eu/vocabulary/eurostat/na_item/BF90","Financial net worth","","BF90","valid","2014-09-18"
"http://dd.eionet.europa.eu/vocabulary/eurostat/na_item/B102","Changes in net worth due to other changes in volume of assets","","B102","valid","2014-09-18"
"http://dd.eionet.europa.eu/vocabulary/eurostat/na_item/B103","Changes in net worth due to nominal holding gains and losses","","B103","valid","2014-09-18"
"http://dd.eionet.europa.eu/vocabulary/eurostat/na_item/D1_SAL_PER","Compensation per employee","","D1_SAL_PER","valid","2014-09-18"
"http://dd.eionet.europa.eu/vocabulary/eurostat/na_item/D1_SAL_HW","Compensation of employees per hour worked","","D1_SAL_HW","valid","2014-09-18"
"http://dd.eionet.europa.eu/vocabulary/eurostat/na_item/NLPR_PER","Nominal labour productivity per person","","NLPR_PER","valid","2014-09-18"
"http://dd.eionet.europa.eu/vocabulary/eurostat/na_item/NLPR_HW","Nominal labour productivity per hour worked","","NLPR_HW","valid","2014-09-18"
"http://dd.eionet.europa.eu/vocabulary/eurostat/na_item/RLPR_PER","Real labour productivity per person","","RLPR_PER","valid","2014-09-18"
"http://dd.eionet.europa.eu/vocabulary/eurostat/na_item/RLPR_HW","Real labour productivity per hour worked","","RLPR_HW","valid","2014-09-18"
"http://dd.eionet.europa.eu/vocabulary/eurostat/na_item/NULC_PER","Nominal unit labour cost based on persons","","NULC_PER","valid","2014-09-18"
"http://dd.eionet.europa.eu/vocabulary/eurostat/na_item/NULC_HW","Nominal unit labour cost based on hours worked","","NULC_HW","valid","2014-09-18"
"http://dd.eionet.europa.eu/vocabulary/eurostat/na_item/RULC_PER","Real unit labour cost based on persons","","RULC_PER","valid","2014-09-18"
"http://dd.eionet.europa.eu/vocabulary/eurostat/na_item/RULC_HW","Real unit labour cost based on hours worked","","RULC_HW","valid","2014-09-18"
"http://dd.eionet.europa.eu/vocabulary/eurostat/na_item/B1N","Value added, net","","B1N","valid","2014-09-18"
"http://dd.eionet.europa.eu/vocabulary/eurostat/na_item/B2N","Net operating surplus","","B2N","valid","2014-09-18"
"http://dd.eionet.europa.eu/vocabulary/eurostat/na_item/B5N","Balance of primary incomes/National income, net","","B5N","valid","2014-09-18"
"http://dd.eionet.europa.eu/vocabulary/eurostat/na_item/B6N","Disposable income, net","","B6N","valid","2014-09-18"
"http://dd.eionet.europa.eu/vocabulary/eurostat/na_item/B8G","Saving, gross","","B8G","valid","2014-09-18"
"http://dd.eionet.europa.eu/vocabulary/eurostat/na_item/B8N","Saving, net","","B8N","valid","2014-09-18"
"http://dd.eionet.europa.eu/vocabulary/eurostat/na_item/B9","Net lending (+) /net borrowing (-)","","B9","valid","2014-09-18"
"http://dd.eionet.europa.eu/vocabulary/eurostat/na_item/D1PAY","Compensation of employees, payable","","D1PAY","valid","2014-09-18"
"http://dd.eionet.europa.eu/vocabulary/eurostat/na_item/D2_D5_D91","Total tax receipts","","D2_D5_D91","valid","2014-09-18"
"http://dd.eionet.europa.eu/vocabulary/eurostat/na_item/D2_D5_D91_D61_M_D611V_D612_M_M_D613V_D614_M_D995","Total receipts from taxes and compulsory social contributions after deduction of amounts assessed but unlikely to be collected","","D2_D5_D91_D61_M_D611V_D612_M_M_D613V_D614_M_D995","valid","2014-09-18"
"http://dd.eionet.europa.eu/vocabulary/eurostat/na_item/D2_D5_D91_D61_M_D612_M_D614_M_D995","Total receipts from taxes and social contributions after deduction of amounts assessed but unlikely to be collected","","D2_D5_D91_D61_M_D612_M_D614_M_D995","valid","2014-09-18"
"http://dd.eionet.europa.eu/vocabulary/eurostat/na_item/D2_D5_D91_D61_M_D995","Total receipts from taxes and social contributions (including imputed social contributions) after deduction of amounts assessed but unlikely to be collected","","D2_D5_D91_D61_M_D995","valid","2014-09-18"
"http://dd.eionet.europa.eu/vocabulary/eurostat/na_item/D211","Value added type taxes (VAT)","","D211","valid","2014-09-18"
"http://dd.eionet.europa.eu/vocabulary/eurostat/na_item/D211REC","VAT, receivable","","D211REC","valid","2014-09-18"
"http://dd.eionet.europa.eu/vocabulary/eurostat/na_item/D212","Taxes and duties on imports excluding VAT","","D212","valid","2014-09-18"
"http://dd.eionet.europa.eu/vocabulary/eurostat/na_item/D2121","Import duties","","D2121","valid","2014-09-18"
"http://dd.eionet.europa.eu/vocabulary/eurostat/na_item/D2122","Taxes on imports excluding VAT and import duties","","D2122","valid","2014-09-18"
"http://dd.eionet.europa.eu/vocabulary/eurostat/na_item/D2122A","Levies on imported agricultural products","","D2122A","valid","2014-09-18"
"http://dd.eionet.europa.eu/vocabulary/eurostat/na_item/D2122B","Monetary compensatory amounts on imports","","D2122B","valid","2014-09-18"
"http://dd.eionet.europa.eu/vocabulary/eurostat/na_item/D2122C","Excise duties","","D2122C","valid","2014-09-18"
"http://dd.eionet.europa.eu/vocabulary/eurostat/na_item/D2122D","General sales taxes","","D2122D","valid","2014-09-18"
"http://dd.eionet.europa.eu/vocabulary/eurostat/na_item/D2122E","Taxes on specific services","","D2122E","valid","2014-09-18"
"http://dd.eionet.europa.eu/vocabulary/eurostat/na_item/D2122F","Profits of import monopolies","","D2122F","valid","2014-09-18"
"http://dd.eionet.europa.eu/vocabulary/eurostat/na_item/D214","Taxes on products, except VAT and import taxes","","D214","valid","2014-09-18"
"http://dd.eionet.europa.eu/vocabulary/eurostat/na_item/D214A","Excise duties and consumption taxes","","D214A","valid","2014-09-18"
"http://dd.eionet.europa.eu/vocabulary/eurostat/na_item/D214B","Stamp taxes","","D214B","valid","2014-09-18"
"http://dd.eionet.europa.eu/vocabulary/eurostat/na_item/D214C","Taxes on financial and capital transactions","","D214C","valid","2014-09-18"
"http://dd.eionet.europa.eu/vocabulary/eurostat/na_item/D214D","Car registration taxes","","D214D","valid","2014-09-18"
"http://dd.eionet.europa.eu/vocabulary/eurostat/na_item/D214E","Taxes on entertainment","","D214E","valid","2014-09-18"
"http://dd.eionet.europa.eu/vocabulary/eurostat/na_item/D214F","Taxes on lotteries, gambling and betting","","D214F","valid","2014-09-18"
"http://dd.eionet.europa.eu/vocabulary/eurostat/na_item/D214G","Taxes on insurance premiums","","D214G","valid","2014-09-18"
"http://dd.eionet.europa.eu/vocabulary/eurostat/na_item/D214H","Other taxes on specific services","","D214H","valid","2014-09-18"
"http://dd.eionet.europa.eu/vocabulary/eurostat/na_item/D214I","General sales or turnover taxes","","D214I","valid","2014-09-18"
"http://dd.eionet.europa.eu/vocabulary/eurostat/na_item/D214J","Profits of fiscal monopolies","","D214J","valid","2014-09-18"
"http://dd.eionet.europa.eu/vocabulary/eurostat/na_item/D214K","Export duties and monetary compensatory amounts on exports","","D214K","valid","2014-09-18"
"http://dd.eionet.europa.eu/vocabulary/eurostat/na_item/D214L","Other taxes on products n.e.c.","","D214L","valid","2014-09-18"
"http://dd.eionet.europa.eu/vocabulary/eurostat/na_item/D21REC","Taxes on products, receivable","","D21REC","valid","2014-09-18"
"http://dd.eionet.europa.eu/vocabulary/eurostat/na_item/D29","Other taxes on production","","D29","valid","2014-09-18"
"http://dd.eionet.europa.eu/vocabulary/eurostat/na_item/D29_D5_D8","Other taxes on production; current taxes on income, wealth, etc; adjustment for the change in pension entitlements","","D29_D5_D8","valid","2014-09-18"
"http://dd.eionet.europa.eu/vocabulary/eurostat/na_item/D29A","Taxes on land, buildings and other structures","","D29A","valid","2014-09-18"
"http://dd.eionet.europa.eu/vocabulary/eurostat/na_item/D29B","Taxes on the use of fixed assets","","D29B","valid","2014-09-18"
"http://dd.eionet.europa.eu/vocabulary/eurostat/na_item/D29C","Total wage bill and payroll taxes","","D29C","valid","2014-09-18"
"http://dd.eionet.europa.eu/vocabulary/eurostat/na_item/D29D","Taxes on international transactions","","D29D","valid","2014-09-18"
"http://dd.eionet.europa.eu/vocabulary/eurostat/na_item/D29E","Business and professional licences","","D29E","valid","2014-09-18"
"http://dd.eionet.europa.eu/vocabulary/eurostat/na_item/D29F","Taxes on pollution","","D29F","valid","2014-09-18"
"http://dd.eionet.europa.eu/vocabulary/eurostat/na_item/D29G","Under-compensation of VAT (flat rate system)","","D29G","valid","2014-09-18"
"http://dd.eionet.europa.eu/vocabulary/eurostat/na_item/D29H","Other taxes on production n.e.c.","","D29H","valid","2014-09-18"
"http://dd.eionet.europa.eu/vocabulary/eurostat/na_item/D29PAY","Other taxes on production, payable","","D29PAY","valid","2014-09-18"
"http://dd.eionet.europa.eu/vocabulary/eurostat/na_item/D29REC","Other taxes on production, receivable","","D29REC","valid","2014-09-18"
"http://dd.eionet.europa.eu/vocabulary/eurostat/na_item/D2REC","Taxes on production and imports, receivable","","D2REC","valid","2014-09-18"
"http://dd.eionet.europa.eu/vocabulary/eurostat/na_item/D31PAY","Subsidies on products, payable","","D31PAY","valid","2014-09-18"
"http://dd.eionet.europa.eu/vocabulary/eurostat/na_item/D39PAY","Other subsidies on production, payable","","D39PAY","valid","2014-09-18"
"http://dd.eionet.europa.eu/vocabulary/eurostat/na_item/D39REC","Other subsidies on production, receivable","","D39REC","valid","2014-09-18"
"http://dd.eionet.europa.eu/vocabulary/eurostat/na_item/D3PAY","Subsidies, payable","","D3PAY","valid","2014-09-18"
"http://dd.eionet.europa.eu/vocabulary/eurostat/na_item/D41PAY","Interest, payable","","D41PAY","valid","2014-09-18"
"http://dd.eionet.europa.eu/vocabulary/eurostat/na_item/D41REC","Interest, receivable","","D41REC","valid","2014-09-18"
"http://dd.eionet.europa.eu/vocabulary/eurostat/na_item/D42_TO_D45PAY","Other property income, payable","","D42_TO_D45PAY","valid","2014-09-18"
"http://dd.eionet.europa.eu/vocabulary/eurostat/na_item/D42_TO_D45REC","Other property income, receivable","","D42_TO_D45REC","valid","2014-09-18"
"http://dd.eionet.europa.eu/vocabulary/eurostat/na_item/D4CO","Property income, consolidated","","D4CO","valid","2014-09-18"
"http://dd.eionet.europa.eu/vocabulary/eurostat/na_item/D4PAY","Property income, payable","","D4PAY","valid","2014-09-18"
"http://dd.eionet.europa.eu/vocabulary/eurostat/na_item/D4PAY_S1311","Property income payable, of which payable to subsector S1311","","D4PAY_S1311","valid","2014-09-18"
"http://dd.eionet.europa.eu/vocabulary/eurostat/na_item/D4PAY_S1312","Property income payable, of which payable to subsector S1312","","D4PAY_S1312","valid","2014-09-18"
"http://dd.eionet.europa.eu/vocabulary/eurostat/na_item/D4PAY_S1313","Property income, payable, of which payable to subsector S1313","","D4PAY_S1313","valid","2014-09-18"
"http://dd.eionet.europa.eu/vocabulary/eurostat/na_item/D4PAY_S1314","Property income, payable, of which payable to subsector S1314","","D4PAY_S1314","valid","2014-09-18"
"http://dd.eionet.europa.eu/vocabulary/eurostat/na_item/D4REC","Property income, receivable","","D4REC","valid","2014-09-18"
"http://dd.eionet.europa.eu/vocabulary/eurostat/na_item/D5","Current taxes on income, wealth, etc.","","D5","valid","2014-09-18"
"http://dd.eionet.europa.eu/vocabulary/eurostat/na_item/D51","Taxes on income","","D51","valid","2014-09-18"
"http://dd.eionet.europa.eu/vocabulary/eurostat/na_item/D51A","Taxes on individual or household income","","D51A","valid","2014-09-18"
"http://dd.eionet.europa.eu/vocabulary/eurostat/na_item/D51A_D51C1","Taxes on individual or household income including holding gains","","D51A_D51C1","invalid","2014-09-18"
"http://dd.eionet.europa.eu/vocabulary/eurostat/na_item/D51B","Taxes on the income or profits of corporations","","D51B","valid","2014-09-18"
"http://dd.eionet.europa.eu/vocabulary/eurostat/na_item/D51B_D51C2","Taxes on the income or profits of corporations including holding gains","","D51B_D51C2","invalid","2014-09-18"
"http://dd.eionet.europa.eu/vocabulary/eurostat/na_item/D51C","Taxes on holding gains","","D51C","valid","2014-09-18"
"http://dd.eionet.europa.eu/vocabulary/eurostat/na_item/D51C1","Taxes on individual or household holding gains","","D51C1","valid","2014-09-18"
"http://dd.eionet.europa.eu/vocabulary/eurostat/na_item/D51C2","Taxes on holding gains of corporations","","D51C2","valid","2014-09-18"
"http://dd.eionet.europa.eu/vocabulary/eurostat/na_item/D51C3","Other taxes on holding gains","","D51C3","valid","2014-09-18"
"http://dd.eionet.europa.eu/vocabulary/eurostat/na_item/D51D","Taxes on winnings from lottery or gambling","","D51D","valid","2014-09-18"
"http://dd.eionet.europa.eu/vocabulary/eurostat/na_item/D51E","Other taxes on income n.e.c.","","D51E","valid","2014-09-18"
"http://dd.eionet.europa.eu/vocabulary/eurostat/na_item/D59","Other current taxes","","D59","valid","2014-09-18"
"http://dd.eionet.europa.eu/vocabulary/eurostat/na_item/D59A","Current taxes on capital","","D59A","valid","2014-09-18"
"http://dd.eionet.europa.eu/vocabulary/eurostat/na_item/D59B","Poll taxes","","D59B","valid","2014-09-18"
"http://dd.eionet.europa.eu/vocabulary/eurostat/na_item/D59C","Expenditure taxes","","D59C","valid","2014-09-18"
"http://dd.eionet.europa.eu/vocabulary/eurostat/na_item/D59D","Payments by households for licences","","D59D","valid","2014-09-18"
"http://dd.eionet.europa.eu/vocabulary/eurostat/na_item/D59E","Taxes on international transactions","","D59E","valid","2014-09-18"
"http://dd.eionet.europa.eu/vocabulary/eurostat/na_item/D59F","Other current taxes n.e.c.","","D59F","valid","2014-09-18"
"http://dd.eionet.europa.eu/vocabulary/eurostat/na_item/D5PAY","Current taxes on income, wealth, etc., payable","","D5PAY","valid","2014-09-18"
"http://dd.eionet.europa.eu/vocabulary/eurostat/na_item/D5REC","Current taxes on income, wealth, etc., receivable","","D5REC","valid","2014-09-18"
"http://dd.eionet.europa.eu/vocabulary/eurostat/na_item/D61","Net social contributions","","D61","valid","2014-09-18"
"http://dd.eionet.europa.eu/vocabulary/eurostat/na_item/D611","Employers' actual social contributions","","D611","valid","2014-09-18"
"http://dd.eionet.europa.eu/vocabulary/eurostat/na_item/D6111","Employers' actual pension contributions","","D6111","valid","2014-09-18"
"http://dd.eionet.europa.eu/vocabulary/eurostat/na_item/D6112","Employers' actual non-pension contributions","","D6112","valid","2014-09-18"
"http://dd.eionet.europa.eu/vocabulary/eurostat/na_item/D611C","Compulsory employers' actual social contributions","","D611C","valid","2014-09-18"
"http://dd.eionet.europa.eu/vocabulary/eurostat/na_item/D611REC","Employers' actual social contributions, receivable","","D611REC","valid","2014-09-18"
"http://dd.eionet.europa.eu/vocabulary/eurostat/na_item/D611VREC","Voluntary employers’ actual social contributions","","D611VREC","invalid","2014-09-18"
"http://dd.eionet.europa.eu/vocabulary/eurostat/na_item/D612","Employers' imputed social contributions","","D612","valid","2014-09-18"
"http://dd.eionet.europa.eu/vocabulary/eurostat/na_item/D6121REC","Employers’ imputed pension contributions","","D6121REC","invalid","2014-09-18"
"http://dd.eionet.europa.eu/vocabulary/eurostat/na_item/D6122REC","Employers’ imputed non-pension contributions","","D6122REC","invalid","2014-09-18"
"http://dd.eionet.europa.eu/vocabulary/eurostat/na_item/D612REC","Imputed social contributions, receivable","","D612REC","valid","2014-09-18"
"http://dd.eionet.europa.eu/vocabulary/eurostat/na_item/D6131REC","Households’ actual pension contributions","","D6131REC","invalid","2014-09-18"
"http://dd.eionet.europa.eu/vocabulary/eurostat/na_item/D6132REC","Households’ actual non-pension contributions","","D6132REC","invalid","2014-09-18"
"http://dd.eionet.europa.eu/vocabulary/eurostat/na_item/D613CEREC","Compulsory employees’ actual social contributions","","D613CEREC","invalid","2014-09-18"
"http://dd.eionet.europa.eu/vocabulary/eurostat/na_item/D613CNREC","Compulsory actual social contributions by the non-employed","","D613CNREC","invalid","2014-09-18"
"http://dd.eionet.europa.eu/vocabulary/eurostat/na_item/D613CREC","Compulsory households’ actual social contributions","","D613CREC","invalid","2014-09-18"
"http://dd.eionet.europa.eu/vocabulary/eurostat/na_item/D613CSREC","Compulsory actual social contributions by the self-employed","","D613CSREC","invalid","2014-09-18"
"http://dd.eionet.europa.eu/vocabulary/eurostat/na_item/D613REC","Households' actual social contributions, receivable","","D613REC","valid","2014-09-18"
"http://dd.eionet.europa.eu/vocabulary/eurostat/na_item/D613VREC","Voluntary households’ actual social contributions","","D613VREC","invalid","2014-09-18"
"http://dd.eionet.europa.eu/vocabulary/eurostat/na_item/D6141","Households' pension contributions supplements","","D6141","valid","2014-09-18"
"http://dd.eionet.europa.eu/vocabulary/eurostat/na_item/D6142REC","Households’ non-pension contributions supplements","","D6142REC","invalid","2014-09-18"
"http://dd.eionet.europa.eu/vocabulary/eurostat/na_item/D614REC","Households' social contributions supplements","","D614REC","valid","2014-09-18"
"http://dd.eionet.europa.eu/vocabulary/eurostat/na_item/D61REC","Net social contributions, receivable","","D61REC","valid","2014-09-18"
"http://dd.eionet.europa.eu/vocabulary/eurostat/na_item/D61SC","Social insurance scheme service charges","","D61SC","valid","2014-09-18"
"http://dd.eionet.europa.eu/vocabulary/eurostat/na_item/D62_D632PAY","Social benefits other than social transfers in kind and social transfers in kind ? purchased market production, payable","","D62_D632PAY","valid","2014-09-18"
"http://dd.eionet.europa.eu/vocabulary/eurostat/na_item/D62PAY","Social benefits other than social transfers in kind, payable","","D62PAY","valid","2014-09-18"
"http://dd.eionet.europa.eu/vocabulary/eurostat/na_item/D632PAY","Social transfers in kind, purchased market production, payable","","D632PAY","valid","2014-09-18"
"http://dd.eionet.europa.eu/vocabulary/eurostat/na_item/D7CO","Other current transfers, consolidated","","D7CO","valid","2014-09-18"
"http://dd.eionet.europa.eu/vocabulary/eurostat/na_item/D7PAY","Other current transfers, payable","","D7PAY","valid","2014-09-18"
"http://dd.eionet.europa.eu/vocabulary/eurostat/na_item/D7PAY_S1311","Other current transfers, payable, of which payable to subsector S1311","","D7PAY_S1311","valid","2014-09-18"
"http://dd.eionet.europa.eu/vocabulary/eurostat/na_item/D7PAY_S1312","Other current transfers, payable, of which payable to subsector S1312","","D7PAY_S1312","valid","2014-09-18"
"http://dd.eionet.europa.eu/vocabulary/eurostat/na_item/D7PAY_S1313","Other current transfers, payable, of which payable to subsector S1313","","D7PAY_S1313","valid","2014-09-18"
"http://dd.eionet.europa.eu/vocabulary/eurostat/na_item/D7PAY_S1314","Other current transfers, payable, of which payable to subsector S1314","","D7PAY_S1314","valid","2014-09-18"
"http://dd.eionet.europa.eu/vocabulary/eurostat/na_item/D7REC","Other current transfers, receivable","","D7REC","valid","2014-09-18"
"http://dd.eionet.europa.eu/vocabulary/eurostat/na_item/D8","Adjustment for the change in pension entitlements","","D8","valid","2014-09-18"
"http://dd.eionet.europa.eu/vocabulary/eurostat/na_item/D91","Capital taxes","","D91","valid","2014-09-18"
"http://dd.eionet.europa.eu/vocabulary/eurostat/na_item/D91A","Taxes on capital transfers","","D91A","valid","2014-09-18"
"http://dd.eionet.europa.eu/vocabulary/eurostat/na_item/D91B","Capital levies","","D91B","valid","2014-09-18"
"http://dd.eionet.europa.eu/vocabulary/eurostat/na_item/D91C","Other capital taxes n.e.c.","","D91C","valid","2014-09-18"
"http://dd.eionet.europa.eu/vocabulary/eurostat/na_item/D91REC","Capital taxes, receivable","","D91REC","valid","2014-09-18"
"http://dd.eionet.europa.eu/vocabulary/eurostat/na_item/D92","Investment grants","","D92","valid","2014-09-18"
"http://dd.eionet.europa.eu/vocabulary/eurostat/na_item/D92_D99REC","Other capital transfers and investment grants, receivable","","D92_D99REC","valid","2014-09-18"
"http://dd.eionet.europa.eu/vocabulary/eurostat/na_item/D92AREC","Investment grants, receivable from EU institutions","","D92AREC","valid","2014-09-18"
"http://dd.eionet.europa.eu/vocabulary/eurostat/na_item/D92PAY","Investment grants, payable","","D92PAY","valid","2014-09-18"
"http://dd.eionet.europa.eu/vocabulary/eurostat/na_item/D995","Capital transfers from general government to relevant sectors representing taxes and social contributions assessed but unlikely to be collected","","D995","valid","2014-09-18"
"http://dd.eionet.europa.eu/vocabulary/eurostat/na_item/D995A","Taxes on products assessed but unlikely to be collected","","D995A","valid","2014-09-18"
"http://dd.eionet.europa.eu/vocabulary/eurostat/na_item/D995B","Other taxes on production assessed but unlikely to be collected","","D995B","valid","2014-09-18"
"http://dd.eionet.europa.eu/vocabulary/eurostat/na_item/D995C","Taxes on income assessed but unlikely to be collected","","D995C","valid","2014-09-18"
"http://dd.eionet.europa.eu/vocabulary/eurostat/na_item/D995D","Other current taxes assessed but unlikely to be collected","","D995D","valid","2014-09-18"
"http://dd.eionet.europa.eu/vocabulary/eurostat/na_item/D995E","Employers'actual social contributions assessed but unlikely to be collected","","D995E","valid","2014-09-18"
"http://dd.eionet.europa.eu/vocabulary/eurostat/na_item/D995F","Households'actual social contributions assessed but unlikely to be collected","","D995F","valid","2014-09-18"
"http://dd.eionet.europa.eu/vocabulary/eurostat/na_item/D995FE","Employees'actual social contributions assessed but unlikely to be collected","","D995FE","valid","2014-09-18"
"http://dd.eionet.europa.eu/vocabulary/eurostat/na_item/D995FN","Actual social contributions by non-employed persons assessed but unlikely to be collected","","D995FN","valid","2014-09-18"
"http://dd.eionet.europa.eu/vocabulary/eurostat/na_item/D995FS","Actual social contributions by self-employed persons assessed but unlikely to be collected","","D995FS","valid","2014-09-18"
"http://dd.eionet.europa.eu/vocabulary/eurostat/na_item/D995G","Capital taxes assessed but unlikely to be collected","","D995G","valid","2014-09-18"
"http://dd.eionet.europa.eu/vocabulary/eurostat/na_item/D9CO","Capital transfers,Consolidated","","D9CO","valid","2014-09-18"
"http://dd.eionet.europa.eu/vocabulary/eurostat/na_item/D9PAY","Capital transfers, payable","","D9PAY","valid","2014-09-18"
"http://dd.eionet.europa.eu/vocabulary/eurostat/na_item/D9PAY_S1311","Capital transfers, payable, of which payable to subsector S1311","","D9PAY_S1311","valid","2014-09-18"
"http://dd.eionet.europa.eu/vocabulary/eurostat/na_item/D9PAY_S1312","Capital transfers, payable, of which payable to subsector S1312","","D9PAY_S1312","valid","2014-09-18"
"http://dd.eionet.europa.eu/vocabulary/eurostat/na_item/D9PAY_S1313","Capital transfers, payable, of which payable to subsector S1313","","D9PAY_S1313","valid","2014-09-18"
"http://dd.eionet.europa.eu/vocabulary/eurostat/na_item/D9PAY_S1314","Capital transfers, payable, of which payable to subsector S1314","","D9PAY_S1314","valid","2014-09-18"
"http://dd.eionet.europa.eu/vocabulary/eurostat/na_item/D9REC","Capital transfers, receivable","","D9REC","valid","2014-09-18"
"http://dd.eionet.europa.eu/vocabulary/eurostat/na_item/F22_F29","Transferable deposits; other deposits","","F22_F29","valid","2014-09-18"
"http://dd.eionet.europa.eu/vocabulary/eurostat/na_item/F34","Financial derivatives","","F34","invalid","2014-09-18"
"http://dd.eionet.europa.eu/vocabulary/eurostat/na_item/F63_F64_F65","Pension entitlements, claims of pension funds on pension managers and entitlements to non-pension benefits","","F63_F64_F65","valid","2014-09-18"
"http://dd.eionet.europa.eu/vocabulary/eurostat/na_item/GD","Government consolidated gross debt","","GD","valid","2014-09-18"
"http://dd.eionet.europa.eu/vocabulary/eurostat/na_item/IGL_F4_EA16","Intergovernmental lending within EA16 (2009-2010)","","IGL_F4_EA16","valid","2014-09-18"
"http://dd.eionet.europa.eu/vocabulary/eurostat/na_item/IGL_F4_EA17","Intergovernmental lending within EA17 (2011-2013)","","IGL_F4_EA17","valid","2014-09-18"
"http://dd.eionet.europa.eu/vocabulary/eurostat/na_item/IGL_F4_EA18","Intergovernmental lending within EA18 (2014)","","IGL_F4_EA18","valid","2014-09-18"
"http://dd.eionet.europa.eu/vocabulary/eurostat/na_item/IGL_F4_EU25","Intergovernmental lending within EU25 (2004-2006)","","IGL_F4_EU25","valid","2014-09-18"
"http://dd.eionet.europa.eu/vocabulary/eurostat/na_item/IGL_F4_EU27","Intergovernmental lending within EU27","","IGL_F4_EU27","invalid","2014-09-18"
"http://dd.eionet.europa.eu/vocabulary/eurostat/na_item/IGL_F4_EU28","Intergovernmental lending within EU28 (2013-2020)","","IGL_F4_EU28","valid","2014-09-18"
"http://dd.eionet.europa.eu/vocabulary/eurostat/na_item/ITR_CAP_INC","Implicit tax rate on capital, of which on capital and business income","","ITR_CAP_INC","valid","2014-09-18"
"http://dd.eionet.europa.eu/vocabulary/eurostat/na_item/ITR_CAP_INCO","Implicit tax rate on capital, of which on capital and business income of corporations","","ITR_CAP_INCO","valid","2014-09-18"
"http://dd.eionet.europa.eu/vocabulary/eurostat/na_item/ITR_CAP_INHOSE","Implicit tax rate on capital, of which on capital and business income of households and self-employed","","ITR_CAP_INHOSE","valid","2014-09-18"
"http://dd.eionet.europa.eu/vocabulary/eurostat/na_item/ITR_CAP_TOT","Implicit tax rate on capital -  total","","ITR_CAP_TOT","valid","2014-09-18"
"http://dd.eionet.europa.eu/vocabulary/eurostat/na_item/ITR_CONS","Implicit tax rate on consumption","","ITR_CONS","valid","2014-09-18"
"http://dd.eionet.europa.eu/vocabulary/eurostat/na_item/ITR_LAB_EMPD","Implicit tax rate on labour","","ITR_LAB_EMPD","valid","2014-09-18"
"http://dd.eionet.europa.eu/vocabulary/eurostat/na_item/NP","Acquisitions less disposals of non-financial non-produced assets","","NP","valid","2014-09-18"
"http://dd.eionet.europa.eu/vocabulary/eurostat/na_item/OP5ANP","Gross capital formation and acquisitions less disposals of non-financial non-produced assets","","OP5ANP","valid","2014-09-18"
"http://dd.eionet.europa.eu/vocabulary/eurostat/na_item/P11_P12","Market output and output for own final use","","P11_P12","valid","2014-09-18"
"http://dd.eionet.europa.eu/vocabulary/eurostat/na_item/P11_P12_P131","Market output, output for own final use and payments for non-market output","","P11_P12_P131","valid","2014-09-18"
"http://dd.eionet.europa.eu/vocabulary/eurostat/na_item/P13","Other non-market output","","P13","valid","2014-09-18"
"http://dd.eionet.europa.eu/vocabulary/eurostat/na_item/P131","Payments for non-market output","","P131","valid","2014-09-18"
"http://dd.eionet.europa.eu/vocabulary/eurostat/na_item/P132","Other non-market output,other","","P132","valid","2014-09-18"
"http://dd.eionet.europa.eu/vocabulary/eurostat/na_item/P2_D29_D5_D8","Intermediate consumption; other taxes on production; current taxes on income, wealth, etc.; adjustment for the change in pension entitlements","","P2_D29_D5_D8","valid","2014-09-18"
"http://dd.eionet.europa.eu/vocabulary/eurostat/na_item/P31","Individual consumption expenditure","","P31","valid","2014-09-18"
"http://dd.eionet.europa.eu/vocabulary/eurostat/na_item/P32","Collective consumption expenditure","","P32","valid","2014-09-18"
"http://dd.eionet.europa.eu/vocabulary/eurostat/na_item/P51g","Gross fixed capital formation","","P51g","invalid","2014-09-18"
"http://dd.eionet.europa.eu/vocabulary/eurostat/na_item/PTC","Total payable tax credits","","PTC","valid","2014-09-18"
"http://dd.eionet.europa.eu/vocabulary/eurostat/na_item/TC","Payable tax credits that exceed the taxpayer's liability","","TC","valid","2014-09-18"
"http://dd.eionet.europa.eu/vocabulary/eurostat/na_item/TE","Total general government expenditure","","TE","valid","2014-09-18"
"http://dd.eionet.europa.eu/vocabulary/eurostat/na_item/TR","Total general government revenue","","TR","valid","2014-09-18"
"http://dd.eionet.europa.eu/vocabulary/eurostat/na_item/TX_CAP_INC","Taxes on capital, of which on capital and business income","","TX_CAP_INC","valid","2014-09-18"
"http://dd.eionet.europa.eu/vocabulary/eurostat/na_item/TX_CAP_INCO","Taxes on capital, of which on capital and business income of corporations","","TX_CAP_INCO","valid","2014-09-18"
"http://dd.eionet.europa.eu/vocabulary/eurostat/na_item/TX_CAP_INHO","Taxes on capital, of which on capital and business income of households","","TX_CAP_INHO","valid","2014-09-18"
"http://dd.eionet.europa.eu/vocabulary/eurostat/na_item/TX_CAP_INSE","Taxes on capital, of which on capital and business income of self-employed","","TX_CAP_INSE","valid","2014-09-18"
"http://dd.eionet.europa.eu/vocabulary/eurostat/na_item/TX_CAP_STO","Taxes on capital, of which on stock of capital (wealth)","","TX_CAP_STO","valid","2014-09-18"
"http://dd.eionet.europa.eu/vocabulary/eurostat/na_item/TX_CAP_TOT","Taxes on capital -Total","","TX_CAP_TOT","valid","2014-09-18"
"http://dd.eionet.europa.eu/vocabulary/eurostat/na_item/TX_CONS","Taxes on consumption","","TX_CONS","valid","2014-09-18"
"http://dd.eionet.europa.eu/vocabulary/eurostat/na_item/TX_LAB_EMPE","Taxes on labour, of which on employed paid by employees","","TX_LAB_EMPE","valid","2014-09-18"
"http://dd.eionet.europa.eu/vocabulary/eurostat/na_item/TX_LAB_EMPR","Taxes on labour, of which on employed paid by employers","","TX_LAB_EMPR","valid","2014-09-18"
"http://dd.eionet.europa.eu/vocabulary/eurostat/na_item/TX_LAB_NEMP","Taxes on labour, of which on non-employed","","TX_LAB_NEMP","valid","2014-09-18"
"http://dd.eionet.europa.eu/vocabulary/eurostat/na_item/TX_LAB_TOT","Taxes on labour - Total","","TX_LAB_TOT","valid","2014-09-18"
"http://dd.eionet.europa.eu/vocabulary/eurostat/na_item/B1NQ","Net domestic product at market prices","","B1NQ","valid","2014-09-18"
"http://dd.eionet.europa.eu/vocabulary/eurostat/na_item/B3G","Mixed income, gross","","B3G","valid","2014-09-18"
"http://dd.eionet.europa.eu/vocabulary/eurostat/na_item/B4G","Entrepreneurial income, gross","","B4G","valid","2014-09-18"
"http://dd.eionet.europa.eu/vocabulary/eurostat/na_item/B4N","Entrepreneurial income, net","","B4N","valid","2014-09-18"
"http://dd.eionet.europa.eu/vocabulary/eurostat/na_item/B5G","National income/Balance of primary incomes, gross","","B5G","valid","2014-09-18"
"http://dd.eionet.europa.eu/vocabulary/eurostat/na_item/B6G","Disposable income, gross","","B6G","valid","2014-09-18"
"http://dd.eionet.europa.eu/vocabulary/eurostat/na_item/B7G","Adjusted disposable income, gross","","B7G","valid","2014-09-18"
"http://dd.eionet.europa.eu/vocabulary/eurostat/na_item/B7N","Adjusted disposable income, net","","B7N","valid","2014-09-18"
"http://dd.eionet.europa.eu/vocabulary/eurostat/na_item/B12","Current external balance","","B12","valid","2014-09-18"
"http://dd.eionet.europa.eu/vocabulary/eurostat/na_item/B101","Change in net worth due to saving and capital transfers","","B101","valid","2014-09-18"
"http://dd.eionet.europa.eu/vocabulary/eurostat/na_item/P1O","Market output, output for final use and payments for other non-market output","","P1O","valid","2014-09-18"
"http://dd.eionet.europa.eu/vocabulary/eurostat/na_item/P3F","Final consumption expenditure","","P3F","valid","2014-09-18"
"http://dd.eionet.europa.eu/vocabulary/eurostat/na_item/P62F","Exports of FISIM","","P62F","valid","2014-09-18"
"http://dd.eionet.europa.eu/vocabulary/eurostat/na_item/P72F","Imports of FISIM","","P72F","valid","2014-09-18"
"http://dd.eionet.europa.eu/vocabulary/eurostat/na_item/D39","Other subsidies on production","","D39","valid","2014-09-18"
"http://dd.eionet.europa.eu/vocabulary/eurostat/na_item/D4","Property income","","D4","valid","2014-09-18"
"http://dd.eionet.europa.eu/vocabulary/eurostat/na_item/D41","Interest","","D41","valid","2014-09-18"
"http://dd.eionet.europa.eu/vocabulary/eurostat/na_item/D41G","Total interest before FISIM allocation","","D41G","valid","2014-09-18"
"http://dd.eionet.europa.eu/vocabulary/eurostat/na_item/D42_TO_D45","Property income other than interest","","D42_TO_D45","valid","2014-09-18"
"http://dd.eionet.europa.eu/vocabulary/eurostat/na_item/D42","Distributed income of corporations","","D42","valid","2014-09-18"
"http://dd.eionet.europa.eu/vocabulary/eurostat/na_item/D43","Reinvested earnings on direct foreign investment","","D43","valid","2014-09-18"
"http://dd.eionet.europa.eu/vocabulary/eurostat/na_item/D43S2I","Reinvested earnings of Intra-EA F.D.I.","","D43S2I","valid","2014-09-18"
"http://dd.eionet.europa.eu/vocabulary/eurostat/na_item/D43S2X","Reinvested earnings of Extra-EA F.D.I.","","D43S2X","valid","2014-09-18"
"http://dd.eionet.europa.eu/vocabulary/eurostat/na_item/D43S21","Reinvested earnings of Intra-EU F.D.I.","","D43S21","valid","2014-09-18"
"http://dd.eionet.europa.eu/vocabulary/eurostat/na_item/D43S22","Reinvested earnings of Extra-EU F.D.I.","","D43S22","valid","2014-09-18"
"http://dd.eionet.europa.eu/vocabulary/eurostat/na_item/D44","Other investment income","","D44","valid","2014-09-18"
"http://dd.eionet.europa.eu/vocabulary/eurostat/na_item/D45","Rents","","D45","valid","2014-09-18"
"http://dd.eionet.europa.eu/vocabulary/eurostat/na_item/D6","Social contributions and benefits","","D6","valid","2014-09-18"
"http://dd.eionet.europa.eu/vocabulary/eurostat/na_item/D61NET","Net social contributions (RECV-PAID)","","D61NET","valid","2014-09-18"
"http://dd.eionet.europa.eu/vocabulary/eurostat/na_item/D62","Social benefits other than social transfers in kind","","D62","valid","2014-09-18"
"http://dd.eionet.europa.eu/vocabulary/eurostat/na_item/D62NET","Net social benefits other than social transfers in kind (RECV-PAID)","","D62NET","valid","2014-09-18"
"http://dd.eionet.europa.eu/vocabulary/eurostat/na_item/D63","Social transfers in kind","","D63","valid","2014-09-18"
"http://dd.eionet.europa.eu/vocabulary/eurostat/na_item/D631","Social transfers in kind - non-market production","","D631","valid","2014-09-18"
"http://dd.eionet.europa.eu/vocabulary/eurostat/na_item/D632","Social transfers in kind - purchased market production","","D632","valid","2014-09-18"
"http://dd.eionet.europa.eu/vocabulary/eurostat/na_item/D63NET","Net social transfer in kind (RECV-PAID)","","D63NET","valid","2014-09-18"
"http://dd.eionet.europa.eu/vocabulary/eurostat/na_item/D7","Other current transfers","","D7","valid","2014-09-18"
"http://dd.eionet.europa.eu/vocabulary/eurostat/na_item/D71","Net non-life insurance premiums","","D71","valid","2014-09-18"
"http://dd.eionet.europa.eu/vocabulary/eurostat/na_item/D72","Non-life insurance claims","","D72","valid","2014-09-18"
"http://dd.eionet.europa.eu/vocabulary/eurostat/na_item/D74_TO_D76","Other current transfers, n.e.c. (excl. transfers within general government)","","D74_TO_D76","valid","2014-09-18"
"http://dd.eionet.europa.eu/vocabulary/eurostat/na_item/D74","Current international cooperation","","D74","valid","2014-09-18"
"http://dd.eionet.europa.eu/vocabulary/eurostat/na_item/D74_EUI","Current international cooperation paid to / received by European institutions","","D74_EUI","valid","2014-09-18"
"http://dd.eionet.europa.eu/vocabulary/eurostat/na_item/D75","Miscellaneous current transfers","","D75","valid","2014-09-18"
"http://dd.eionet.europa.eu/vocabulary/eurostat/na_item/D76","VAT and GNI - based EU own resources","","D76","valid","2014-09-18"
"http://dd.eionet.europa.eu/vocabulary/eurostat/na_item/D8NET","Net adjustment for the change in pension entitlements (RECV-PAID)","","D8NET","valid","2014-09-18"
"http://dd.eionet.europa.eu/vocabulary/eurostat/na_item/D9","Capital transfers","","D9","valid","2014-09-18"
"http://dd.eionet.europa.eu/vocabulary/eurostat/na_item/D92_TO_D99","Investment grants and other capital transfers","","D92_TO_D99","valid","2014-09-18"
"http://dd.eionet.europa.eu/vocabulary/eurostat/na_item/D99","Other capital transfers","","D99","valid","2014-09-18"
"http://dd.eionet.europa.eu/vocabulary/eurostat/na_item/OTE","Total general government expenditure","","OTE","valid","2014-09-18"
"http://dd.eionet.europa.eu/vocabulary/eurostat/na_item/OTR","Total general government revenue","","OTR","valid","2014-09-18"
"http://dd.eionet.europa.eu/vocabulary/eurostat/na_item/IN1","Primary income","","IN1","valid","2014-09-18"
"http://dd.eionet.europa.eu/vocabulary/eurostat/na_item/IN21","Secondary income: current transfers","","IN21","valid","2014-09-18"
"http://dd.eionet.europa.eu/vocabulary/eurostat/na_item/P31_CLV2000","Final consumption expenditure - Chain linked volumes reference year 2000","","P31_CLV2000","valid","2014-09-18"
"http://dd.eionet.europa.eu/vocabulary/eurostat/na_item/P51G_CLV2000","Gross fixed capital formation - Chain linked volumes reference year 2000","","P51G_CLV2000","valid","2014-09-18"
"http://dd.eionet.europa.eu/vocabulary/eurostat/na_item/B1G_CLV2000","Value added, gross - Chain linked volumes reference year 2000","","B1G_CLV2000","valid","2014-09-18"
"http://dd.eionet.europa.eu/vocabulary/eurostat/na_item/P31_CLV2010","Final consumption expenditure - Chain linked volumes reference year 2010","","P31_CLV2010","valid","2014-09-18"
"http://dd.eionet.europa.eu/vocabulary/eurostat/na_item/P51G_CLV2010","Gross fixed capital formation - Chain linked volumes reference year 2010","","P51G_CLV2010","valid","2014-09-18"
"http://dd.eionet.europa.eu/vocabulary/eurostat/na_item/B1G_CLV2010","Value added, gross - Chain linked volumes reference year 2010","","B1G_CLV2010","valid","2014-09-18"
"http://dd.eionet.europa.eu/vocabulary/eurostat/na_item/EMP_PS_DC","Total employment (thousands of persons) domestic concept","","EMP_PS_DC","valid","2014-09-18"
"http://dd.eionet.europa.eu/vocabulary/eurostat/na_item/EMP_HW_DC","Total employment (thousands of hours worked) domestic concept","","EMP_HW_DC","valid","2014-09-18"
"http://dd.eionet.europa.eu/vocabulary/eurostat/na_item/N111G","Assets, gross - Dwellings","","N111G","valid","2014-09-18"
"http://dd.eionet.europa.eu/vocabulary/eurostat/na_item/N211G","Assets, gross - Land","","N211G","valid","2014-09-18"
"http://dd.eionet.europa.eu/vocabulary/eurostat/na_item/SRG_S14_S15","Gross household saving rate (B8G/(B6G+D8Net)*100)","","SRG_S14_S15","valid","2014-09-18"
"http://dd.eionet.europa.eu/vocabulary/eurostat/na_item/IRG_S14_S15","Gross investment rate of households (P51/(B6G+D8Net)*100)","","IRG_S14_S15","valid","2014-09-18"
"http://dd.eionet.europa.eu/vocabulary/eurostat/na_item/IRG_S11","Gross investment rate of non-financial corporations (P51/B1G*100)","","IRG_S11","valid","2014-09-18"
"http://dd.eionet.europa.eu/vocabulary/eurostat/na_item/B2G_B3G_RAT_S11","Gross profit share of non-financial corporations (B2G_B3G/B1Q*100)","","B2G_B3G_RAT_S11","valid","2014-09-18"
"http://dd.eionet.europa.eu/vocabulary/eurostat/na_item/P51_RAT_GDP_S1","Total investment to GDP ratio (S1_P51/B1GM*100)","","P51_RAT_GDP_S1","invalid","2014-09-18"
"http://dd.eionet.europa.eu/vocabulary/eurostat/na_item/P51_RAT_GDP_BUS","Business investment to GDP ratio (S11_S12_P51/B1GM*100)","","P51_RAT_GDP_BUS","invalid","2014-09-18"
"http://dd.eionet.europa.eu/vocabulary/eurostat/na_item/P51_RAT_GDP_S13","Government investment to GDP ratio (S13_P51/B1GM*100)","","P51_RAT_GDP_S13","invalid","2014-09-18"
"http://dd.eionet.europa.eu/vocabulary/eurostat/na_item/P51_RAT_GDP_S1M","Households investment to GDP ratio (S14_S15_P51/B1GM*100)","","P51_RAT_GDP_S1M","invalid","2014-09-18"
"http://dd.eionet.europa.eu/vocabulary/eurostat/na_item/ROCE_S11","Gross return on capital employed, before taxes, of non-financial corporations: B2G_B3G/(AF2+AF3+AF4+AF5, liab - assets)","","ROCE_S11","valid","2014-09-18"
"http://dd.eionet.europa.eu/vocabulary/eurostat/na_item/DIR_S11","Net debt-to-income ratio, after taxes, of non-financial corporations: (AF2+AF3+AF4, liab - assets)/(B4N-D5PAY)","","DIR_S11","valid","2014-09-18"
"http://dd.eionet.europa.eu/vocabulary/eurostat/na_item/ROE_S11","Net return on equity, after taxes, of non-financial corporations: (B4N-D5PAY)/(AF5, liab - assets)","","ROE_S11","valid","2014-09-18"
"http://dd.eionet.europa.eu/vocabulary/eurostat/na_item/DIR_S14_S15","Gross debt-to-income ratio of households: (AF4, liab)/(B6G+D8net)","","DIR_S14_S15","valid","2014-09-18"
"http://dd.eionet.europa.eu/vocabulary/eurostat/na_item/NFW_S14_S15","Household net financial assets ratio (BF90/(B6G+D8net))","","NFW_S14_S15","valid","2014-09-18"
"http://dd.eionet.europa.eu/vocabulary/eurostat/na_item/B2G","Operating surplus, gross","","B2G","valid","2014-09-18"
"http://dd.eionet.europa.eu/vocabulary/eurostat/na_item/B5GQ","Gross national income at market prices","","B5GQ","valid","2014-09-18"
"http://dd.eionet.europa.eu/vocabulary/eurostat/na_item/B5NQ","Net national income at market prices","","B5NQ","valid","2014-09-18"
"http://dd.eionet.europa.eu/vocabulary/eurostat/na_item/P11","Market output","","P11","valid","2014-09-18"
"http://dd.eionet.europa.eu/vocabulary/eurostat/na_item/P12","Output for own final use","","P12","valid","2014-09-18"
"http://dd.eionet.europa.eu/vocabulary/eurostat/na_item/P3_P5","Final consumption expenditure and gross capital formation","","P3_P5","valid","2014-09-18"
"http://dd.eionet.europa.eu/vocabulary/eurostat/na_item/D421","Dividends","","D421","valid","2014-09-18"
"http://dd.eionet.europa.eu/vocabulary/eurostat/na_item/D422","Withdrawals from the income of quasi-corporations","","D422","valid","2014-09-18"
"http://dd.eionet.europa.eu/vocabulary/eurostat/na_item/D441","Investment income attributable to insurance policy holders","","D441","valid","2014-09-18"
"http://dd.eionet.europa.eu/vocabulary/eurostat/na_item/D442","Investment income payable on pensions entitlements","","D442","valid","2014-09-18"
"http://dd.eionet.europa.eu/vocabulary/eurostat/na_item/D443","Investment income attributable to collective investment fund shareholders","","D443","valid","2014-09-18"
"http://dd.eionet.europa.eu/vocabulary/eurostat/na_item/D613","Households' actual social contributions","","D613","valid","2014-09-18"
"http://dd.eionet.europa.eu/vocabulary/eurostat/na_item/D614","Households' social contributions supplements","","D614","valid","2014-09-18"
"http://dd.eionet.europa.eu/vocabulary/eurostat/na_item/D1_TO_D8","Primary incomes and current transfers","","D1_TO_D8","invalid","2014-09-18"
"http://dd.eionet.europa.eu/vocabulary/eurostat/na_item/B6G_R","Gross disposable income of households in real terms (percentage change on previous period)","","B6G_R","valid","2014-09-18"
"http://dd.eionet.europa.eu/vocabulary/eurostat/na_item/GD_F2","Government consolidated gross debt at face value - Currency and deposits","","GD_F2","valid","2014-09-18"
"http://dd.eionet.europa.eu/vocabulary/eurostat/na_item/GD_F3","Government consolidated gross debt at face value - Debt securities","","GD_F3","valid","2014-09-18"
"http://dd.eionet.europa.eu/vocabulary/eurostat/na_item/GD_F31","Government consolidated gross debt at face value - Short-term debt securities","","GD_F31","valid","2014-09-18"
"http://dd.eionet.europa.eu/vocabulary/eurostat/na_item/GD_F32","Government consolidated gross debt at face value - Long-term debt securities","","GD_F32","valid","2014-09-18"
"http://dd.eionet.europa.eu/vocabulary/eurostat/na_item/GD_F4","Government consolidated gross debt at face value - Loans","","GD_F4","valid","2014-09-18"
"http://dd.eionet.europa.eu/vocabulary/eurostat/na_item/GD_F41","Government consolidated gross debt at face value - Short-term loans","","GD_F41","valid","2014-09-18"
"http://dd.eionet.europa.eu/vocabulary/eurostat/na_item/GD_F42","Government consolidated gross debt at face value - Long-term loans","","GD_F42","valid","2014-09-18"
"http://dd.eionet.europa.eu/vocabulary/eurostat/na_item/AF_81L","Trade credits and advances - liabilities","","AF_81L","valid","2014-09-18"
"http://dd.eionet.europa.eu/vocabulary/eurostat/na_item/ORWB","Working balance","","ORWB","valid","2014-09-18"
"http://dd.eionet.europa.eu/vocabulary/eurostat/na_item/FT","Financial transactions included in the working balance","","FT","valid","2014-09-18"
"http://dd.eionet.europa.eu/vocabulary/eurostat/na_item/F4_ORWB","Financial transactions included in the working balance - Loans (+/-)","","F4_ORWB","valid","2014-09-18"
"http://dd.eionet.europa.eu/vocabulary/eurostat/na_item/F5_ORWB","Financial transactions included in the working balance -  Equity and investment fund shares (+/-)","","F5_ORWB","valid","2014-09-18"
"http://dd.eionet.europa.eu/vocabulary/eurostat/na_item/F4_ACQ_ORWB","Financial transactions included in the working balance - Loans; acquisition/increase (+)","","F4_ACQ_ORWB","valid","2014-09-18"
"http://dd.eionet.europa.eu/vocabulary/eurostat/na_item/F4_DIS_ORWB","Financial transactions included in the working balance - Loans; disposal/reduction (-)","","F4_DIS_ORWB","valid","2014-09-18"
"http://dd.eionet.europa.eu/vocabulary/eurostat/na_item/F5_ACQ_ORWB","Financial transactions included in the working balance - Equity and investment fund shares; acquisition/increase (+)","","F5_ACQ_ORWB","valid","2014-09-18"
"http://dd.eionet.europa.eu/vocabulary/eurostat/na_item/F5_DIS_ORWB","Financial transactions included in the working balance - Equity and investment fund shares; disposal/reduction (-)","","F5_DIS_ORWB","valid","2014-09-18"
"http://dd.eionet.europa.eu/vocabulary/eurostat/na_item/FNDX_ORWB","Financial transactions included in the working balance - Other financial transactions (+/-)","","FNDX_ORWB","valid","2014-09-18"
"http://dd.eionet.europa.eu/vocabulary/eurostat/na_item/FNDL_ORWB","Financial transactions included in the working balance - Other financial transactions (+/-), of which: transactions in debt liabilities (+/-)","","FNDL_ORWB","valid","2014-09-18"
"http://dd.eionet.europa.eu/vocabulary/eurostat/na_item/F71K_ORWB","Financial transactions included in the working balance - Other financial transactions (+/-), of which: net settlements under swap contracts (+/-)","","F71K_ORWB","valid","2014-09-18"
"http://dd.eionet.europa.eu/vocabulary/eurostat/na_item/ORNF_ORWB","Non-financial transactions not included in the working balance","","ORNF_ORWB","valid","2014-09-18"
"http://dd.eionet.europa.eu/vocabulary/eurostat/na_item/ORD41A_ORWB","Difference between interest (D.41) paid (+) and accrued (-) included in the working balance","","ORD41A_ORWB","valid","2014-09-18"
"http://dd.eionet.europa.eu/vocabulary/eurostat/na_item/F8_ASS_ORWB","Other accounts receivable (+) included in the working balance","","F8_ASS_ORWB","valid","2014-09-18"
"http://dd.eionet.europa.eu/vocabulary/eurostat/na_item/F8_LIAB_ORWB","Other accounts payable (-) included in the working balance","","F8_LIAB_ORWB","valid","2014-09-18"
"http://dd.eionet.europa.eu/vocabulary/eurostat/na_item/ORWB_E","Working balance (+/-) of entities not part of the subsector","","ORWB_E","valid","2014-09-18"
"http://dd.eionet.europa.eu/vocabulary/eurostat/na_item/B9_OB","Net lending (+) /net borrowing (-) of other bodies of the subsector  included in the working balance","","B9_OB","valid","2014-09-18"
"http://dd.eionet.europa.eu/vocabulary/eurostat/na_item/OROA_ORWB","Other adjustments (+/-)  included in the working balance","","OROA_ORWB","valid","2014-09-18"
"http://dd.eionet.europa.eu/vocabulary/eurostat/na_item/B9_T3","Net lending (-)/Net borrowing (+) (reversed sign)","","B9_T3","valid","2014-09-18"
"http://dd.eionet.europa.eu/vocabulary/eurostat/na_item/F_ASS","Net acquisition (+) of financial assets","","F_ASS","valid","2014-09-18"
"http://dd.eionet.europa.eu/vocabulary/eurostat/na_item/F2_ASS","Net acquisition (+) of financial assets - Currency and deposits","","F2_ASS","valid","2014-09-18"
"http://dd.eionet.europa.eu/vocabulary/eurostat/na_item/F3_ASS","Net acquisition (+) of financial assets - Debt securities","","F3_ASS","valid","2014-09-18"
"http://dd.eionet.europa.eu/vocabulary/eurostat/na_item/F4_ASS","Net acquisition (+) of financial assets - Loans","","F4_ASS","valid","2014-09-18"
"http://dd.eionet.europa.eu/vocabulary/eurostat/na_item/F4_ACQ_ASS","Net acquisition (+) of financial assets - Loans - acquisition/increase (+)","","F4_ACQ_ASS","valid","2014-09-18"
"http://dd.eionet.europa.eu/vocabulary/eurostat/na_item/F4_DIS_ASS","Net acquisition (+) of financial assets - Loans; disposal/reduction (-)","","F4_DIS_ASS","valid","2014-09-18"
"http://dd.eionet.europa.eu/vocabulary/eurostat/na_item/F41_ASS","Net acquisition (+) of financial assets - Short-term - Loans","","F41_ASS","valid","2014-09-18"
"http://dd.eionet.europa.eu/vocabulary/eurostat/na_item/F42_ASS","Net acquisition (+) of financial assets - Long-term - Loans","","F42_ASS","valid","2014-09-18"
"http://dd.eionet.europa.eu/vocabulary/eurostat/na_item/F42_ACQ_ASS","Net acquisition (+) of financial assets - Long-term loans; acquisition/increase (+)","","F42_ACQ_ASS","valid","2014-09-18"
"http://dd.eionet.europa.eu/vocabulary/eurostat/na_item/F42_DIS_ASS","Net acquisition (+) of financial assets - Long-term loans; disposal/reduction (-)","","F42_DIS_ASS","valid","2014-09-18"
"http://dd.eionet.europa.eu/vocabulary/eurostat/na_item/F5_ASS","Net acquisition (+) of financial assets - Equity and investment fund shares/units","","F5_ASS","valid","2014-09-18"
"http://dd.eionet.europa.eu/vocabulary/eurostat/na_item/F5PN_ASS","Net acquisition (+) of financial assets - Equity and investment fund shares/units - Portfolio investments, net","","F5PN_ASS","valid","2014-09-18"
"http://dd.eionet.europa.eu/vocabulary/eurostat/na_item/F5OP_ASS","Net acquisition (+) of financial assets - Equity and investment fund shares/units other than portfolio investments","","F5OP_ASS","valid","2014-09-18"
"http://dd.eionet.europa.eu/vocabulary/eurostat/na_item/F5OP_ACQ_ASS","Net acquisition (+) of financial assets - Equity and investment fund shares/units other than portfolio investments; acquisition/increase (+)","","F5OP_ACQ_ASS","valid","2014-09-18"
"http://dd.eionet.europa.eu/vocabulary/eurostat/na_item/F5OP_DIS_ASS","Net acquisition (+) of financial assets - Equity and investment fund shares/units other than portfolio investments; disposal/reduction (-)","","F5OP_DIS_ASS","valid","2014-09-18"
"http://dd.eionet.europa.eu/vocabulary/eurostat/na_item/F71_ASS","Net acquisition (+) of financial assets - Financial derivatives","","F71_ASS","valid","2014-09-18"
"http://dd.eionet.europa.eu/vocabulary/eurostat/na_item/F8_ASS","Net acquisition (+) of financial assets - Other accounts receivable (+)","","F8_ASS","valid","2014-09-18"
"http://dd.eionet.europa.eu/vocabulary/eurostat/na_item/FN_ASS","Net acquisition (+) of financial assets - Other financial assets (F.1, F.6)","","FN_ASS","valid","2014-09-18"
"http://dd.eionet.europa.eu/vocabulary/eurostat/na_item/ORADJ","Total adjustments","","ORADJ","valid","2014-09-18"
"http://dd.eionet.europa.eu/vocabulary/eurostat/na_item/F71_ADJ_LIAB","Adjustments: net incurrence (-) of liabilities in financial derivatives","","F71_ADJ_LIAB","valid","2014-09-18"
"http://dd.eionet.europa.eu/vocabulary/eurostat/na_item/F8_ADJ_LIAB","Adjustments: Net incurrence (-) of other accounts payable","","F8_ADJ_LIAB","valid","2014-09-18"
"http://dd.eionet.europa.eu/vocabulary/eurostat/na_item/FV_ADJ_LIAB","Adjustments: Net incurrence (-) of other liabilities (F.1, F.5, F.6  and F.72)","","FV_ADJ_LIAB","valid","2014-09-18"
"http://dd.eionet.europa.eu/vocabulary/eurostat/na_item/ORINV","Adjustments: issuances above (-)/below (+) nominal value","","ORINV","valid","2014-09-18"
"http://dd.eionet.europa.eu/vocabulary/eurostat/na_item/ORD41A_ADJ","Adjustments: difference between interest expenditure (D.41) accrued (-) and paid (+)","","ORD41A_ADJ","valid","2014-09-18"
"http://dd.eionet.europa.eu/vocabulary/eurostat/na_item/ORRNV","Adjustments: redemptions/repurchase of debt above (+)/below (-) nominal value","","ORRNV","valid","2014-09-18"
"http://dd.eionet.europa.eu/vocabulary/eurostat/na_item/ORFCD","Adjustments: appreciation (+)/depreciation (-) of foreign currency debt","","ORFCD","valid","2014-09-18"
"http://dd.eionet.europa.eu/vocabulary/eurostat/na_item/K61","Changes in sector classification and structure (+/-)","","K61","valid","2014-09-18"
"http://dd.eionet.europa.eu/vocabulary/eurostat/na_item/KX","Adjustments: other volume changes in financial liabilities (-)","","KX","valid","2014-09-18"
"http://dd.eionet.europa.eu/vocabulary/eurostat/na_item/YA3","Total statistical discrepancies","","YA3","valid","2014-09-18"
"http://dd.eionet.europa.eu/vocabulary/eurostat/na_item/YA3O","Statistical discrepancies: other statistical discrepancies (+/-)","","YA3O","valid","2014-09-18"
"http://dd.eionet.europa.eu/vocabulary/eurostat/na_item/GD_CH","Change in consolidated gross debt","","GD_CH","valid","2014-09-18"
"http://dd.eionet.europa.eu/vocabulary/eurostat/na_item/GD_CTB","Subsector contribution to general government gross debt","","GD_CTB","valid","2014-09-18"
"http://dd.eionet.europa.eu/vocabulary/eurostat/na_item/GD_HOLD","Holdings of other subsectors' debt","","GD_HOLD","valid","2014-09-18"
"http://dd.eionet.europa.eu/vocabulary/eurostat/na_item/F3_F4","Securities other than shares, loans","","F3_F4","valid","2014-10-06"
"http://dd.eionet.europa.eu/vocabulary/eurostat/na_item/F63","Pension entitlements","","F63","valid","2014-10-06"
"http://dd.eionet.europa.eu/vocabulary/eurostat/na_item/F64","Claims of pension funds on pension managers","","F64","valid","2014-10-06"
"http://dd.eionet.europa.eu/vocabulary/eurostat/na_item/F65","Entitlements to non-pension benefits","","F65","valid","2014-10-06"
"http://dd.eionet.europa.eu/vocabulary/eurostat/na_item/F71","Financial derivatives","","F71","valid","2014-10-06"
"http://dd.eionet.europa.eu/vocabulary/eurostat/na_item/F72","Employee stock options","","F72","valid","2014-10-06"
"http://dd.eionet.europa.eu/vocabulary/eurostat/na_item/P5","Gross capital formation","","P5","valid","2014-10-17"
"http://dd.eionet.europa.eu/vocabulary/eurostat/na_item/D995REC","Capital transfers from general government to relevant sectors representing taxes and social contributions assessed but unlikely to be collected","","D995REC","valid","2014-10-17"
"http://dd.eionet.europa.eu/vocabulary/eurostat/na_item/D51REC","Taxes on income, receivable","","D51REC","valid","2014-10-23"
"http://dd.eionet.europa.eu/vocabulary/eurostat/na_item/D59REC","Other current taxes, receivable","","D59REC","valid","2014-10-23"
"http://dd.eionet.europa.eu/vocabulary/eurostat/na_item/F61_F66","Non life insurance technical reserves, and provisions for calls under standardised guarantees","","F61_F66","valid","2014-12-02"
"http://dd.eionet.europa.eu/vocabulary/eurostat/na_item/P3_P6","Final consumption expenditure, gross capital formation and exports of goods and services","","P3_P6","valid","2014-12-02"
"http://dd.eionet.europa.eu/vocabulary/eurostat/na_item/D4_R","Property income, received (resources)","","D4_R","valid","2014-12-22"
"http://dd.eionet.europa.eu/vocabulary/eurostat/na_item/D4_U","Property income, paied (uses)","","D4_U","valid","2014-12-22"
"http://dd.eionet.europa.eu/vocabulary/eurostat/na_item/D5_U","Current taxes on income, wealth, etc. (uses)","","D5_U","valid","2014-12-22"
"http://dd.eionet.europa.eu/vocabulary/eurostat/na_item/D7_R","Other current transfers, received (ressources)","","D7_R","valid","2014-12-22"
"http://dd.eionet.europa.eu/vocabulary/eurostat/na_item/D7_U","Other crrent transfers, paied (uses)","","D7_U","valid","2014-12-22"
"http://dd.eionet.europa.eu/vocabulary/eurostat/na_item/D51A_C1","Taxes on individual or household income including holding gains","","D51A_C1","valid","2015-01-30"
"http://dd.eionet.europa.eu/vocabulary/eurostat/na_item/D51B_C2","Taxes on the income or profits of corporations including holding gains","","D51B_C2","valid","2015-01-30"
"http://dd.eionet.europa.eu/vocabulary/eurostat/na_item/D6121","Employers' imputed pension contributions","","D6121","valid","2015-01-30"
"http://dd.eionet.europa.eu/vocabulary/eurostat/na_item/D6122","Employers' imputed non-pension contributions","","D6122","valid","2015-01-30"
"http://dd.eionet.europa.eu/vocabulary/eurostat/na_item/D6131","Households' actual pension contributions","","D6131","valid","2015-01-30"
"http://dd.eionet.europa.eu/vocabulary/eurostat/na_item/D6132","Households' actual non-pension contributions","","D6132","valid","2015-01-30"
"http://dd.eionet.europa.eu/vocabulary/eurostat/na_item/D613CE","Compulsory employees' actual social contributions","","D613CE","valid","2015-01-30"
"http://dd.eionet.europa.eu/vocabulary/eurostat/na_item/D613CN","Compulsory actual social contributions by the non-employed","","D613CN","valid","2015-01-30"
"http://dd.eionet.europa.eu/vocabulary/eurostat/na_item/D613C","Compulsory households' actual social contributions","","D613C","valid","2015-01-30"
"http://dd.eionet.europa.eu/vocabulary/eurostat/na_item/D613CS","Compulsory actual social contributions by the self-employed","","D613CS","valid","2015-01-30"
"http://dd.eionet.europa.eu/vocabulary/eurostat/na_item/D613V","Voluntary households' actual social contributions","","D613V","valid","2015-01-30"
"http://dd.eionet.europa.eu/vocabulary/eurostat/na_item/D6142","Households' non-pension contributions supplements","","D6142","valid","2015-01-30"
"http://dd.eionet.europa.eu/vocabulary/eurostat/na_item/IGL_F4_EA19","Intergovernmental lending within EA19 (2015-2022)","","IGL_F4_EA19","valid","2015-01-30"
"http://dd.eionet.europa.eu/vocabulary/eurostat/na_item/FGT","Total stock of government guarantees","","FGT","valid","2015-01-30"
"http://dd.eionet.europa.eu/vocabulary/eurostat/na_item/FGO_T","One-off guarantees - Total stock of guarantees, excluding debt assumed by government","","FGO_T","valid","2015-01-30"
"http://dd.eionet.europa.eu/vocabulary/eurostat/na_item/FGO_PC","One-off guarantees - Total stock of guarantees, excluding debt assumed by government, of which: public corporations","","FGO_PC","valid","2015-01-30"
"http://dd.eionet.europa.eu/vocabulary/eurostat/na_item/FGO_FC","One-off guarantees - Total stock of guarantees, excluding debt assumed by government, Memo item: financial corporations","","FGO_FC","valid","2015-01-30"
"http://dd.eionet.europa.eu/vocabulary/eurostat/na_item/FGST","Standardised guarantees - Total stock of government guarantees","","FGST","valid","2015-01-30"
"http://dd.eionet.europa.eu/vocabulary/eurostat/na_item/TLGCE","Total outstanding liabilities of  government controlled entities classified outside general government","","TLGCE","valid","2015-01-30"
"http://dd.eionet.europa.eu/vocabulary/eurostat/na_item/LIFA","Total outstanding liabilities of  government controlled entities classified outside general government, of which: Liabilities of units involved in financial activities","","LIFA","valid","2015-01-30"
"http://dd.eionet.europa.eu/vocabulary/eurostat/na_item/LIOA","Total outstanding liabilities of  government controlled entities classified outside general government, of which: Liabilities of units involved in other activities","","LIOA","valid","2015-01-30"
"http://dd.eionet.europa.eu/vocabulary/eurostat/na_item/LIOALM","Total outstanding liabilities of  government controlled entities classified outside general government, of which: Liabilities of units involved in other activities, of which loss-making non-financial units","","LIOALM","valid","2015-01-30"
"http://dd.eionet.europa.eu/vocabulary/eurostat/na_item/OFF_PPP","Adjusted capital value of off-balance private-public partnerships (PPPs)","","OFF_PPP","valid","2015-01-30"
"http://dd.eionet.europa.eu/vocabulary/eurostat/na_item/F4M2","Stock of non-performing loans provided by government","","F4M2","valid","2015-01-30"
"http://dd.eionet.europa.eu/vocabulary/eurostat/na_item/D4_S1311","Property income, of which payable to subsector S1311","","D4_S1311","valid","2015-02-17"
"http://dd.eionet.europa.eu/vocabulary/eurostat/na_item/D4_S1312","Property income, of which payable to subsector S1312","","D4_S1312","valid","2015-02-17"
"http://dd.eionet.europa.eu/vocabulary/eurostat/na_item/D4_S1313","Property income, of which payable to subsector S1313","","D4_S1313","valid","2015-02-17"
"http://dd.eionet.europa.eu/vocabulary/eurostat/na_item/D4_S1314","Property income, of which payable to subsector S1314","","D4_S1314","valid","2015-02-17"
"http://dd.eionet.europa.eu/vocabulary/eurostat/na_item/D611V","Voluntary employers' actual social contributions","","D611V","valid","2015-02-17"
"http://dd.eionet.europa.eu/vocabulary/eurostat/na_item/D62_D632","Social benefits other than social transfers in kind and social transfers in kind - purchased market production","","D62_D632","valid","2015-02-17"
"http://dd.eionet.europa.eu/vocabulary/eurostat/na_item/D7_S1311","Other current transfers,of which payable to subsector S1311","","D7_S1311","valid","2015-02-17"
"http://dd.eionet.europa.eu/vocabulary/eurostat/na_item/D7_S1312","Other current transfers,of which payable to subsector S1312","","D7_S1312","valid","2015-02-17"
"http://dd.eionet.europa.eu/vocabulary/eurostat/na_item/D7_S1313","Other current transfers,of which payable to subsector S1313","","D7_S1313","valid","2015-02-17"
"http://dd.eionet.europa.eu/vocabulary/eurostat/na_item/D7_S1314","Other current transfers,of which payable to subsector S1314","","D7_S1314","valid","2015-02-17"
"http://dd.eionet.europa.eu/vocabulary/eurostat/na_item/D9_S1311","Capital transfers, of which payable to subsector S1311","","D9_S1311","valid","2015-02-17"
"http://dd.eionet.europa.eu/vocabulary/eurostat/na_item/D9_S1312","Capital transfers, of which payable to subsector S1312","","D9_S1312","valid","2015-02-17"
"http://dd.eionet.europa.eu/vocabulary/eurostat/na_item/D9_S1313","Capital transfers, of which payable to subsector S1313","","D9_S1313","valid","2015-02-17"
"http://dd.eionet.europa.eu/vocabulary/eurostat/na_item/D9_S1314","Capital transfers, of which payable to subsector S1314","","D9_S1314","valid","2015-02-17"
"http://dd.eionet.europa.eu/vocabulary/eurostat/na_item/B7G_R_HAB","Adjusted gross disposable income of households in real terms per capita (units of currency)","","B7G_R_HAB","valid","2015-04-08"
"http://dd.eionet.europa.eu/vocabulary/eurostat/na_item/P4_R_HAB","Actual final consumption in real terms per capita","","P4_R_HAB","valid","2015-04-08"
"http://dd.eionet.europa.eu/vocabulary/eurostat/na_item/P51G_RAT_GDP_S1","Total investment to GDP ratio (S1_P51G/B1GQ*100)","","P51G_RAT_GDP_S1","valid","2015-04-22"
"http://dd.eionet.europa.eu/vocabulary/eurostat/na_item/P51G_RAT_GDP_BUS","Business investment to GDP ratio (S11_S12_P51G/B1GQ*100)","","P51G_RAT_GDP_BUS","valid","2015-04-22"
"http://dd.eionet.europa.eu/vocabulary/eurostat/na_item/P51G_RAT_GDP_S13","Government investment to GDP ratio (S13_P51G/B1GQ*100)","","P51G_RAT_GDP_S13","valid","2015-04-22"
"http://dd.eionet.europa.eu/vocabulary/eurostat/na_item/P51G_RAT_GDP_S1M","Households investment to GDP ratio (S14_S15_P51G/B1GQ*100)","","P51G_RAT_GDP_S1M","valid","2015-04-22"
"http://dd.eionet.europa.eu/vocabulary/eurostat/na_item/B7G_N_HAB","Adjusted gross disposable income of households in nominal terms per capita","","B7G_N_HAB","valid","2015-09-18"
"http://dd.eionet.europa.eu/vocabulary/eurostat/na_item/TX_X_AT","Taxes by economic function - taxes on alcohol and tobacco","","TX_X_AT","valid","2015-12-17"
"http://dd.eionet.europa.eu/vocabulary/eurostat/na_item/TX_X_T","Taxes by economic function - taxes on transport","","TX_X_T","valid","2015-12-17"
"http://dd.eionet.europa.eu/vocabulary/eurostat/na_item/TX_X_E","Taxes by economic function - taxes on energy","","TX_X_E","valid","2015-12-17"
"http://dd.eionet.europa.eu/vocabulary/eurostat/na_item/TX_X_P","Taxes by economic function - recurrent taxes on pollution","","TX_X_P","valid","2015-12-17"
"http://dd.eionet.europa.eu/vocabulary/eurostat/na_item/TX_X_RS","Taxes by economic function - taxes on resources","","TX_X_RS","valid","2015-12-17"
"http://dd.eionet.europa.eu/vocabulary/eurostat/na_item/TX_X_RP","Taxes by economic function - recurrent taxes on immovable property","","TX_X_RP","valid","2015-12-17"
"http://dd.eionet.europa.eu/vocabulary/eurostat/na_item/TX_X_O","Taxes by economic function - other taxes on property","","TX_X_O","valid","2015-12-17"
"http://dd.eionet.europa.eu/vocabulary/eurostat/na_item/IN","Primary incomes and current transfers","","IN","valid","2016-03-01"
"http://dd.eionet.europa.eu/vocabulary/eurostat/na_item/IN2","Secondary income","","IN2","valid","2016-03-01"
"http://dd.eionet.europa.eu/vocabulary/eurostat/na_item/P4","Actual final consumption","","P4","valid","2016-04-15"
"http://dd.eionet.europa.eu/vocabulary/eurostat/na_item/D1_D61NET","Compensation of employees and Net social contributions (RECV-PAID)","","D1_D61NET","valid","2016-04-15"
"http://dd.eionet.europa.eu/vocabulary/eurostat/na_item/D4_D7","Property income and Other current transfers","","D4_D7","valid","2016-04-15"
"http://dd.eionet.europa.eu/vocabulary/eurostat/na_item/PPP_EU28","Purchasing power parities (EU28=1)","","PPP_EU28","valid","2017-03-06"
"http://dd.eionet.europa.eu/vocabulary/eurostat/na_item/PPP_EU27","Purchasing power parities (EU27=1)","","PPP_EU27","invalid","2017-03-06"
"http://dd.eionet.europa.eu/vocabulary/eurostat/na_item/PPP_EU15","Purchasing power parities (EU15=1)","","PPP_EU15","valid","2017-03-06"
"http://dd.eionet.europa.eu/vocabulary/eurostat/na_item/PLI_EU28","Price level indices (EU28=100)","","PLI_EU28","valid","2017-03-06"
"http://dd.eionet.europa.eu/vocabulary/eurostat/na_item/PLI_EU27","Price level indices (EU27=100)","","PLI_EU27","invalid","2017-03-06"
"http://dd.eionet.europa.eu/vocabulary/eurostat/na_item/PLI_EU15","Price level indices (EU15=100)","","PLI_EU15","valid","2017-03-06"
"http://dd.eionet.europa.eu/vocabulary/eurostat/na_item/EXP_NAC","Nominal expenditure in national currency","","EXP_NAC","valid","2017-03-06"
"http://dd.eionet.europa.eu/vocabulary/eurostat/na_item/EXP_NAC_PC_GDP","Nominal expenditure as a percentage of GDP (GDP=100)","","EXP_NAC_PC_GDP","valid","2017-03-06"
"http://dd.eionet.europa.eu/vocabulary/eurostat/na_item/EXP_EUR","Nominal expenditure (in euro)","","EXP_EUR","valid","2017-03-06"
"http://dd.eionet.europa.eu/vocabulary/eurostat/na_item/EXP_EUR_HAB","Nominal expenditure per inhabitant (in euro)","","EXP_EUR_HAB","valid","2017-03-06"
"http://dd.eionet.europa.eu/vocabulary/eurostat/na_item/EXP_PPS_EU28","Real expenditure (in PPS_EU28)","","EXP_PPS_EU28","valid","2017-03-06"
"http://dd.eionet.europa.eu/vocabulary/eurostat/na_item/EXP_PPS_EU27","Real expenditure (in PPS_EU27)","","EXP_PPS_EU27","invalid","2017-03-06"
"http://dd.eionet.europa.eu/vocabulary/eurostat/na_item/EXP_PPS_EU15","Real expenditure (in PPS_EU15)","","EXP_PPS_EU15","valid","2017-03-06"
"http://dd.eionet.europa.eu/vocabulary/eurostat/na_item/EXP_PPS_EU28_HAB","Real expenditure per capita (in PPS_EU28)","","EXP_PPS_EU28_HAB","valid","2017-03-06"
"http://dd.eionet.europa.eu/vocabulary/eurostat/na_item/EXP_PPS_EU27_HAB","Real expenditure per capita (in PPS_EU27)","","EXP_PPS_EU27_HAB","invalid","2017-03-06"
"http://dd.eionet.europa.eu/vocabulary/eurostat/na_item/EXP_PPS_EU15_HAB","Real expenditure per capita (in PPS_EU15)","","EXP_PPS_EU15_HAB","valid","2017-03-06"
"http://dd.eionet.europa.eu/vocabulary/eurostat/na_item/VI_PPS_EU28_HAB","Volume indices of real expenditure per capita (in PPS_EU28=100)","","VI_PPS_EU28_HAB","valid","2017-03-06"
"http://dd.eionet.europa.eu/vocabulary/eurostat/na_item/VI_PPS_EU27_HAB","Volume indices of real expenditure per capita in PPS (EU27=100)","","VI_PPS_EU27_HAB","invalid","2017-03-06"
"http://dd.eionet.europa.eu/vocabulary/eurostat/na_item/VI_PPS_EU15_HAB","Volume indices of real expenditure per capita (in PPS_EU15=100)","","VI_PPS_EU15_HAB","valid","2017-03-06"
"http://dd.eionet.europa.eu/vocabulary/eurostat/na_item/B7G_N_HAB_GR","Adjusted gross disposable income of households in nominal terms per capita (percentage change on previous period)","","B7G_N_HAB_GR","valid","2017-03-13"
"http://dd.eionet.europa.eu/vocabulary/eurostat/na_item/B7G_R_HAB_GR","Adjusted gross disposable income of households in real terms per capita (percentage change on previous period)","","B7G_R_HAB_GR","valid","2017-03-13"
"http://dd.eionet.europa.eu/vocabulary/eurostat/na_item/P4_R_HAB_GR","Actual final consumption in real terms per capita (percentage change on previous period)","","P4_R_HAB_GR","valid","2017-03-13"
"http://dd.eionet.europa.eu/vocabulary/eurostat/na_item/B7G_R_HAB_2008","Adjusted gross disposable income of households in real terms per capita (2008=100)","","B7G_R_HAB_2008","valid","2017-04-21"
"http://dd.eionet.europa.eu/vocabulary/eurostat/na_item/D11PAY","Wages and salaries, payable","","D11PAY","valid","2017-04-24"
"http://dd.eionet.europa.eu/vocabulary/eurostat/na_item/D12PAY","Employers' social contributions, payables","","D12PAY","valid","2017-04-24"
"http://dd.eionet.europa.eu/vocabulary/eurostat/na_item/D3REC_S212","Subsidies, receivable from the EU institutions","","D3REC_S212","valid","2017-04-24"
"http://dd.eionet.europa.eu/vocabulary/eurostat/na_item/D51A_C1REC","Taxes on individual or household income including holding gains, receivable","","D51A_C1REC","valid","2017-04-24"
"http://dd.eionet.europa.eu/vocabulary/eurostat/na_item/D51B_C2REC","Taxes on the income or profits of corporations including holding gains, receivable","","D51B_C2REC","valid","2017-04-24"
"http://dd.eionet.europa.eu/vocabulary/eurostat/na_item/D7REC_S212","Other current transfers, receivable from the EU institutions","","D7REC_S212","valid","2017-04-24"
"http://dd.eionet.europa.eu/vocabulary/eurostat/na_item/D71REC","Net non-life insurance premiums, receivable","","D71REC","valid","2017-04-24"
"http://dd.eionet.europa.eu/vocabulary/eurostat/na_item/D72REC","Non-life insurance claims, receivable","","D72REC","valid","2017-04-24"
"http://dd.eionet.europa.eu/vocabulary/eurostat/na_item/D73REC","Current transfers within general government, receivable","","D73REC","valid","2017-04-24"
"http://dd.eionet.europa.eu/vocabulary/eurostat/na_item/D74REC","Current international cooperation, receivable","","D74REC","valid","2017-04-24"
"http://dd.eionet.europa.eu/vocabulary/eurostat/na_item/D74REC_S212","Current international cooperation, receivable from the EU institutions","","D74REC_S212","valid","2017-04-24"
"http://dd.eionet.europa.eu/vocabulary/eurostat/na_item/D75REC","Miscellaneous current transfers, receivable","","D75REC","valid","2017-04-24"
"http://dd.eionet.europa.eu/vocabulary/eurostat/na_item/D76REC","VAT- and GNI-based EU own resources, receivable","","D76REC","valid","2017-04-24"
"http://dd.eionet.europa.eu/vocabulary/eurostat/na_item/D71PAY","Net non-life insurance premiums payable","","D71PAY","valid","2017-04-24"
"http://dd.eionet.europa.eu/vocabulary/eurostat/na_item/D72PAY","Non-life insurance claims payable","","D72PAY","valid","2017-04-24"
"http://dd.eionet.europa.eu/vocabulary/eurostat/na_item/D73PAY","Current transfers within general government payable","","D73PAY","valid","2017-04-24"
"http://dd.eionet.europa.eu/vocabulary/eurostat/na_item/D74PAY","Current international cooperation, payable","","D74PAY","valid","2017-04-24"
"http://dd.eionet.europa.eu/vocabulary/eurostat/na_item/D74PAY_S212","Current international cooperation, payable to the EU institutions","","D74PAY_S212","valid","2017-04-24"
"http://dd.eionet.europa.eu/vocabulary/eurostat/na_item/D75PAY","Miscellaneous current transfers payable","","D75PAY","valid","2017-04-24"
"http://dd.eionet.europa.eu/vocabulary/eurostat/na_item/D76PAY","VAT- and GNI-based EU own resources payable","","D76PAY","valid","2017-04-24"
"http://dd.eionet.europa.eu/vocabulary/eurostat/na_item/D9PAY_S2","Capital transfers, payable to the EU institutions","","D9PAY_S2","valid","2017-04-24"
"http://dd.eionet.europa.eu/vocabulary/eurostat/na_item/D9REC_S2","Capital transfers, receivable to the EU institutions","","D9REC_S2","valid","2017-04-24"
"http://dd.eionet.europa.eu/vocabulary/eurostat/na_item/D9PAY_S212","Capital transfers, payable to the EU institutions","","D9PAY_S212","valid","2017-04-24"
"http://dd.eionet.europa.eu/vocabulary/eurostat/na_item/D9REC_S212","Capital transfers, receivable from the EU institutions","","D9REC_S212","valid","2017-04-24"
"http://dd.eionet.europa.eu/vocabulary/eurostat/na_item/D92REC","Investment grants, receivable","","D92REC","valid","2017-04-24"
"http://dd.eionet.europa.eu/vocabulary/eurostat/na_item/D99REC","Other capital transfers, receivable","","D99REC","valid","2017-04-24"
"http://dd.eionet.europa.eu/vocabulary/eurostat/na_item/D99PAY","Other capital transfers, payable","","D99PAY","valid","2017-04-24"
"http://dd.eionet.europa.eu/vocabulary/eurostat/na_item/D41GREC","Interest before FISIM allocation, receivable","","D41GREC","valid","2017-04-24"
"http://dd.eionet.europa.eu/vocabulary/eurostat/na_item/D42REC","Distributed income of corporations, receivable","","D42REC","valid","2017-04-24"
"http://dd.eionet.europa.eu/vocabulary/eurostat/na_item/D43REC","Reinvested earnings on foreign direct investment, receivable","","D43REC","valid","2017-04-24"
"http://dd.eionet.europa.eu/vocabulary/eurostat/na_item/D44REC","Other investment income, receivable","","D44REC","valid","2017-04-24"
"http://dd.eionet.europa.eu/vocabulary/eurostat/na_item/D45REC","Rent, receivable","","D45REC","valid","2017-04-24"
"http://dd.eionet.europa.eu/vocabulary/eurostat/na_item/D41GPAY","Interest before FISIM allocation, payable","","D41GPAY","valid","2017-04-24"
"http://dd.eionet.europa.eu/vocabulary/eurostat/na_item/D42PAY","Distributed income of corporations, payable","","D42PAY","valid","2017-04-24"
"http://dd.eionet.europa.eu/vocabulary/eurostat/na_item/D43PAY","Reinvested earnings on foreign direct investment, payable","","D43PAY","valid","2017-04-24"
"http://dd.eionet.europa.eu/vocabulary/eurostat/na_item/D44PAY","Other investment income, payable","","D44PAY","valid","2017-04-24"
"http://dd.eionet.europa.eu/vocabulary/eurostat/na_item/D45PAY","Rent, payable","","D45PAY","valid","2017-04-24"
"http://dd.eionet.europa.eu/vocabulary/eurostat/na_item/D62PAY_GF1002","Social benefits other than social transfers in kind, payable, of which COFOG 10.2 old age","","D62PAY_GF1002","valid","2017-04-24"
"http://dd.eionet.europa.eu/vocabulary/eurostat/na_item/D62PAY_GF1003","Social benefits other than social transfers in kind, payable, of which COFOG 10.3 survivors","","D62PAY_GF1003","valid","2017-04-24"
"http://dd.eionet.europa.eu/vocabulary/eurostat/na_item/D62PAY_GF1005","Social benefits other than social transfers in kind, payable, of which COFOG 10.5 unemployment","","D62PAY_GF1005","valid","2017-04-24"
"http://dd.eionet.europa.eu/vocabulary/eurostat/na_item/CV_VI_HAB","Coefficient of variation of volume indices of expenditure per capita (percentage)","","CV_VI_HAB","valid","2017-11-07"
"http://dd.eionet.europa.eu/vocabulary/eurostat/na_item/F63_LS","Pension entitlements in opening balance sheet","","F63_LS","valid","2017-11-22"
"http://dd.eionet.europa.eu/vocabulary/eurostat/na_item/D61_P","Net pension contributions","","D61_P","valid","2017-11-22"
"http://dd.eionet.europa.eu/vocabulary/eurostat/na_item/D61SC_P","Minus: Pension insurance scheme service charges","","D61SC_P","valid","2017-11-22"
"http://dd.eionet.europa.eu/vocabulary/eurostat/na_item/D619","Other (actuarial) change of pension entitlements in social security pension schemes","","D619","valid","2017-11-22"
"http://dd.eionet.europa.eu/vocabulary/eurostat/na_item/D62_P","Social insurance pension benefits","","D62_P","valid","2017-11-22"
"http://dd.eionet.europa.eu/vocabulary/eurostat/na_item/D81","Transfers of pension entitlements between scheme","","D81","valid","2017-11-22"
"http://dd.eionet.europa.eu/vocabulary/eurostat/na_item/D82","Change in pension entitlements due to negotiated changes in scheme structure","","D82","valid","2017-11-22"
"http://dd.eionet.europa.eu/vocabulary/eurostat/na_item/K5","Changes due to other changes in volume","","K5","valid","2017-11-22"
"http://dd.eionet.europa.eu/vocabulary/eurostat/na_item/K7","Changes due to revaluations","","K7","valid","2017-11-22"
"http://dd.eionet.europa.eu/vocabulary/eurostat/na_item/F63_LE","Pension entitlements in closing balance sheet","","F63_LE","valid","2017-11-22"
"http://dd.eionet.europa.eu/vocabulary/eurostat/na_item/PPP_EU27_2019","Purchasing power parities (EU27_2019=1)","","PPP_EU27_2019","invalid","2018-03-09"
"http://dd.eionet.europa.eu/vocabulary/eurostat/na_item/PLI_EU27_2019","Price level indices (EU27_2019=100)","","PLI_EU27_2019","invalid","2018-03-09"
"http://dd.eionet.europa.eu/vocabulary/eurostat/na_item/EXP_PPS_EU27_2019","Real expenditure (in PPS_EU27_2019)","","EXP_PPS_EU27_2019","invalid","2018-03-09"
"http://dd.eionet.europa.eu/vocabulary/eurostat/na_item/EXP_PPS_EU27_2019_HAB","Real expenditure per capita (in PPS_EU27_2019)","","EXP_PPS_EU27_2019_HAB","invalid","2018-03-09"
"http://dd.eionet.europa.eu/vocabulary/eurostat/na_item/VI_PPS_EU27_2019_HAB","Volume indices of real expenditure per capita in PPS (EU27_2019=100)","","VI_PPS_EU27_2019_HAB","invalid","2018-03-09"
"http://dd.eionet.europa.eu/vocabulary/eurostat/na_item/GD_NAC","General government gross debt, of which in national currency","","GD_NAC","valid","2018-04-26"
"http://dd.eionet.europa.eu/vocabulary/eurostat/na_item/GD_FOR","General government gross debt, of which in foreign currency","","GD_FOR","valid","2018-04-26"
"http://dd.eionet.europa.eu/vocabulary/eurostat/na_item/GD_S1","General government gross debt, of which domestic counterparts","","GD_S1","valid","2018-04-26"
"http://dd.eionet.europa.eu/vocabulary/eurostat/na_item/GD_S2","General government gross debt, of which non-domestic counterparts","","GD_S2","valid","2018-04-26"
"http://dd.eionet.europa.eu/vocabulary/eurostat/na_item/GD_LL","General government gross debt, long-term original maturity, of which payment due in more than one year","","GD_LL","valid","2018-04-26"
"http://dd.eionet.europa.eu/vocabulary/eurostat/na_item/GD_TS","General government gross debt, short-term remaining maturity","","GD_TS","valid","2018-04-26"
"http://dd.eionet.europa.eu/vocabulary/eurostat/na_item/SRG_S14","Gross household saving rate (B8G/(B6G+D8Net)*100)","","SRG_S14","valid","2018-04-26"
"http://dd.eionet.europa.eu/vocabulary/eurostat/na_item/IRG_S14","Gross investment rate of households (P51G/(B6G+D8Net)*100)","","IRG_S14","valid","2018-04-26"
"http://dd.eionet.europa.eu/vocabulary/eurostat/na_item/P51G_RAT_GDP_S14","Households investment to GDP ratio (S14_S15_P51/B1GQ*100)","","P51G_RAT_GDP_S14","valid","2018-04-26"
"http://dd.eionet.europa.eu/vocabulary/eurostat/na_item/DIR_S14","Gross debt-to-income ratio of households: (AF4, liab)/(B6G+D8net)","","DIR_S14","valid","2018-04-26"
"http://dd.eionet.europa.eu/vocabulary/eurostat/na_item/NFW_S14","Household net financial assets ratio (BF90/(B6G+D8net)","","NFW_S14","valid","2018-04-26"
"http://dd.eionet.europa.eu/vocabulary/eurostat/na_item/P51G_N111G","Assets, gross - dwellings","","P51G_N111G","valid","2018-08-01"
"http://dd.eionet.europa.eu/vocabulary/eurostat/na_item/P51G_N112G","Assets, gross - other buildings and structures","","P51G_N112G","valid","2018-08-01"
"http://dd.eionet.europa.eu/vocabulary/eurostat/na_item/P51G_N1121G","Assets, gross - buildings other than dwellings","","P51G_N1121G","valid","2018-08-01"
"http://dd.eionet.europa.eu/vocabulary/eurostat/na_item/P51G_N1122G","Assets, gross - other structures","","P51G_N1122G","valid","2018-08-01"
"http://dd.eionet.europa.eu/vocabulary/eurostat/na_item/P51G_N11G_CLV2010","Assets, gross - fixed assets by type of asset - chain linked volumes reference year 2010","","P51G_N11G_CLV2010","valid","2018-08-01"
"http://dd.eionet.europa.eu/vocabulary/eurostat/na_item/P51G_N111G_CLV2010","Assets, gross - dwellings - chain linked volumes reference year 2010","","P51G_N111G_CLV2010","valid","2018-08-01"
"http://dd.eionet.europa.eu/vocabulary/eurostat/na_item/P51G_N112G_CLV2010","Assets, gross - other buildings and structures - chain linked volumes reference year 2010","","P51G_N112G_CLV2010","valid","2018-08-01"
"http://dd.eionet.europa.eu/vocabulary/eurostat/na_item/P51G_N1121G_CLV2010","Assets, gross - buildings other than dwellings - chain linked volumes reference year 2010","","P51G_N1121G_CLV2010","valid","2018-08-01"
"http://dd.eionet.europa.eu/vocabulary/eurostat/na_item/P51G_N1122G_CLV2010","Assets, gross - other structures - chain linked volumes reference year 2010","","P51G_N1122G_CLV2010","valid","2018-08-01"
"http://dd.eionet.europa.eu/vocabulary/eurostat/na_item/B6G_R_HAB","Gross disposable income of households in real terms per capita","","B6G_R_HAB","valid","2018-10-19"
"http://dd.eionet.europa.eu/vocabulary/eurostat/na_item/B6G_R_HAB_2008","Gross disposable income of households in real terms per capita (2008=100)","","B6G_R_HAB_2008","valid","2018-10-19"
"http://dd.eionet.europa.eu/vocabulary/eurostat/na_item/TRF_CUR_D9","Current and capital transfers (including subsidies)","","TRF_CUR_D9","valid","2022-12-20"
"http://dd.eionet.europa.eu/vocabulary/eurostat/na_item/TRF_CUR","Current transfers (including subsidies)","","TRF_CUR","valid","2022-12-20"
"http://dd.eionet.europa.eu/vocabulary/eurostat/na_item/TRF_CUR_XD3","Current transfers (excluding subsidies)","","TRF_CUR_XD3","valid","2022-12-20"
"http://dd.eionet.europa.eu/vocabulary/eurostat/na_item/F2_NAC","Currency and deposits, of which in national currency","","F2_NAC","valid","2022-12-20"
"http://dd.eionet.europa.eu/vocabulary/eurostat/na_item/F221","Interbank positions","","F221","valid","2022-12-20"
"http://dd.eionet.europa.eu/vocabulary/eurostat/na_item/F229","Other transferable deposits","","F229","valid","2022-12-20"
"http://dd.eionet.europa.eu/vocabulary/eurostat/na_item/F2_F8","Total financial sector liabilities (excluding SDRs)","","F2_F8","valid","2022-12-20"
"http://dd.eionet.europa.eu/vocabulary/eurostat/na_item/F3_NAC","Debt securities, of which in national currency","","F3_NAC","valid","2022-12-20"
"http://dd.eionet.europa.eu/vocabulary/eurostat/na_item/F32_LESSY","Long-term debt securities - With remaining maturity of one year or less","","F32_LESSY","valid","2022-12-20"
"http://dd.eionet.europa.eu/vocabulary/eurostat/na_item/F32_OVERY","Long-term debt securities - With remaining maturity of more than one year","","F32_OVERY","valid","2022-12-20"
"http://dd.eionet.europa.eu/vocabulary/eurostat/na_item/F4_NAC","Loans, of which in national currency","","F4_NAC","valid","2022-12-20"
"http://dd.eionet.europa.eu/vocabulary/eurostat/na_item/F41D","Short-term Loans - Of which: Repurchase agreement, securities lending & margin lending","","F41D","valid","2022-12-20"
"http://dd.eionet.europa.eu/vocabulary/eurostat/na_item/F42_LESSY","Long-term Loans - With remaining maturity of one year or less","","F42_LESSY","valid","2022-12-20"
"http://dd.eionet.europa.eu/vocabulary/eurostat/na_item/F42_OVERY","Long-term Loans - With remaining maturity of more than one year","","F42_OVERY","valid","2022-12-20"
"http://dd.eionet.europa.eu/vocabulary/eurostat/na_item/F512_F519","Unlisted shares; other equity","","F512_F519","valid","2022-12-20"
"http://dd.eionet.europa.eu/vocabulary/eurostat/na_item/F64_F65","Claims of pension funds on pension managers and entitlements to non-pension benefits","","F64_F65","valid","2022-12-20"
"http://dd.eionet.europa.eu/vocabulary/eurostat/na_item/F711","Options","","F711","valid","2022-12-20"
"http://dd.eionet.europa.eu/vocabulary/eurostat/na_item/F712","Forwards","","F712","valid","2022-12-20"
"http://dd.eionet.europa.eu/vocabulary/eurostat/na_item/F8_NAC","Other accounts receivable / payable, of which in national currency","","F8_NAC","valid","2022-12-20"
"http://dd.eionet.europa.eu/vocabulary/eurostat/na_item/IGL_F4_EA20","Intergovernmental lending within EA20 (from 2023)","","IGL_F4_EA20","valid","2022-12-20"
"http://dd.eionet.europa.eu/vocabulary/eurostat/na_item/IGL_F4_EU27_2020","Intergovernmental lending within EU27 (from 2020)","","IGL_F4_EU27_2020","valid","2022-12-20"
"http://dd.eionet.europa.eu/vocabulary/eurostat/na_item/IGL_F4_EU27_2007","Intergovernmental lending within EU27 (2007-2013)","","IGL_F4_EU27_2007","valid","2022-12-20"
"http://dd.eionet.europa.eu/vocabulary/eurostat/na_item/B7G_EU27_2020_HAB","Adjusted disposable income per capita, gross (EU27_2020=100)","","B7G_EU27_2020_HAB","valid","2022-12-20"
"http://dd.eionet.europa.eu/vocabulary/eurostat/na_item/PPP_EU27_2020","Purchasing power parities (EU27_2020=1)","","PPP_EU27_2020","valid","2022-12-20"
"http://dd.eionet.europa.eu/vocabulary/eurostat/na_item/PPP_EU27_2007","Purchasing power parities (EU27_2007=1)","","PPP_EU27_2007","valid","2022-12-20"
"http://dd.eionet.europa.eu/vocabulary/eurostat/na_item/PLI_EU27_2020","Price level indices (EU27_2020=100)","","PLI_EU27_2020","valid","2022-12-20"
"http://dd.eionet.europa.eu/vocabulary/eurostat/na_item/PLI_EU27_2007","Price level indices (EU27_2007=100)","","PLI_EU27_2007","valid","2022-12-20"
"http://dd.eionet.europa.eu/vocabulary/eurostat/na_item/EXP_PPS_EU27_2020","Real expenditure (in PPS_EU27_2020)","","EXP_PPS_EU27_2020","valid","2022-12-20"
"http://dd.eionet.europa.eu/vocabulary/eurostat/na_item/EXP_PPS_EU27_2007","Real expenditure (in PPS_EU27_2007)","","EXP_PPS_EU27_2007","valid","2022-12-20"
"http://dd.eionet.europa.eu/vocabulary/eurostat/na_item/EXP_PPS_EU27_2020_HAB","Real expenditure per capita (in PPS_EU27_2020)","","EXP_PPS_EU27_2020_HAB","valid","2022-12-20"
"http://dd.eionet.europa.eu/vocabulary/eurostat/na_item/EXP_PPS_EU27_2007_HAB","Real expenditure per capita (in PPS_EU27_2007)","","EXP_PPS_EU27_2007_HAB","valid","2022-12-20"
"http://dd.eionet.europa.eu/vocabulary/eurostat/na_item/VI_PPS_EU27_2020_HAB","Volume indices of real expenditure per capita (in PPS_EU27_2020=100)","","VI_PPS_EU27_2020_HAB","valid","2022-12-20"
"http://dd.eionet.europa.eu/vocabulary/eurostat/na_item/VI_PPS_EU27_2007_HAB","Volume indices of real expenditure per capita (in PPS_EU27_2007=100)","","VI_PPS_EU27_2007_HAB","valid","2022-12-20"
"http://dd.eionet.europa.eu/vocabulary/eurostat/na_item/TAXABT","Tax abatements","","TAXABT","valid","2022-12-20"
"http://dd.eionet.europa.eu/vocabulary/eurostat/na_item/EMP_HAB","Total employment (employed persons) per capita","","EMP_HAB","valid","2022-12-20"
"http://dd.eionet.europa.eu/vocabulary/eurostat/na_item/HW_HAB","Hours worked per capita","","HW_HAB","valid","2022-12-20"
"http://dd.eionet.europa.eu/vocabulary/eurostat/na_item/HW_EMP","Hours worked per employed person","","HW_EMP","valid","2022-12-20"
"http://dd.eionet.europa.eu/vocabulary/eurostat/na_item/HW_SELF","Hours worked per self-employed person","","HW_SELF","valid","2022-12-20"
"http://dd.eionet.europa.eu/vocabulary/eurostat/na_item/HW_SAL","Hours worked per employee","","HW_SAL","valid","2022-12-20"
"http://dd.eionet.europa.eu/vocabulary/eurostat/na_item/NCS_EMP","Net fixed assets per employed person","","NCS_EMP","valid","2022-12-20"
"http://dd.eionet.europa.eu/vocabulary/eurostat/na_item/NCS_HW","Net fixed assets per hour worked","","NCS_HW","valid","2022-12-20"
"http://dd.eionet.europa.eu/vocabulary/eurostat/na_item/GVA_NCS","Gross value added per unit of net fixed assets","","GVA_NCS","valid","2022-12-20"
"http://dd.eionet.europa.eu/vocabulary/eurostat/na_item/NCS_GVA","Net fixed assets to gross value added","","NCS_GVA","valid","2022-12-20"
"http://dd.eionet.europa.eu/vocabulary/eurostat/na_item/TRF_CUR_D9_EPS","Current and capital transfers (including services), of which EP services","","TRF_CUR_D9_EPS","valid","2023-05-30"
"http://dd.eionet.europa.eu/vocabulary/eurostat/na_item/NAP","Not applicable","","NAP","valid","2023-06-09"
"http://dd.eionet.europa.eu/vocabulary/eurostat/na_item/D621PAY","Social security benefits in cash, expenditure","","D621PAY","valid","2023-10-23"
"http://dd.eionet.europa.eu/vocabulary/eurostat/na_item/D622PAY","Other social insurance benefits, expenditure","","D622PAY","valid","2023-10-23"
"http://dd.eionet.europa.eu/vocabulary/eurostat/na_item/D623PAY","Social assistance benefits in cash, revenue","","D623PAY","valid","2023-10-23"
"http://dd.eionet.europa.eu/vocabulary/eurostat/na_item/ORCC","Own resource collection costs, revenue","","ORCC","valid","2023-10-23"
"http://dd.eionet.europa.eu/vocabulary/eurostat/na_item/B6G_R_HAB_2010","Gross disposable income of households in real terms per capita (2010=100)","","B6G_R_HAB_2010","valid","2023-11-28"
"http://dd.eionet.europa.eu/vocabulary/eurostat/na_item/B7G_R_HAB_2010","Adjusted gross disposable income of households in real terms per capita (2010=100)","","B7G_R_HAB_2010","valid","2023-11-28"
"http://dd.eionet.europa.eu/vocabulary/eurostat/na_item/F_FDI","Total financial assets/liabilities, of which foreign direct investment","","F_FDI","valid","2023-12-19"
"http://dd.eionet.europa.eu/vocabulary/eurostat/na_item/F3_FDI","Debt securities, of which foreign direct investment","","F3_FDI","valid","2023-12-19"
"http://dd.eionet.europa.eu/vocabulary/eurostat/na_item/F4_FDI","Loans, of which foreign direct investment","","F4_FDI","valid","2023-12-19"
"http://dd.eionet.europa.eu/vocabulary/eurostat/na_item/F51_FDI","Equity, of which foreign direct investment","","F51_FDI","valid","2023-12-19"
"http://dd.eionet.europa.eu/vocabulary/eurostat/na_item/F51M_FDI","Unlisted shares and other equity, of which foreign direct investment","","F51M_FDI","valid","2023-12-19"
"http://dd.eionet.europa.eu/vocabulary/eurostat/na_item/F511_FDI","Listed shares, of which foreign direct investment","","F511_FDI","valid","2023-12-19"
"http://dd.eionet.europa.eu/vocabulary/eurostat/na_item/F62A","Life insurance and annuity entitlements, unit linked","","F62A","valid","2023-12-19"
"http://dd.eionet.europa.eu/vocabulary/eurostat/na_item/F62B","Life insurance and annuity entitlements, non-unit linked","","F62B","valid","2023-12-19"
"http://dd.eionet.europa.eu/vocabulary/eurostat/na_item/F63A","Pension entitlements, defined contribution","","F63A","valid","2023-12-19"
"http://dd.eionet.europa.eu/vocabulary/eurostat/na_item/F63B","Pension entitlements, defined benefit","","F63B","valid","2023-12-19"
"http://dd.eionet.europa.eu/vocabulary/eurostat/na_item/F8_FDI","Other accounts receivable/payable, of which foreign direct investment","","F8_FDI","valid","2023-12-19"
"http://dd.eionet.europa.eu/vocabulary/eurostat/na_item/F81_FDI","Trade credits and advances, of which foreign direct investment","","F81_FDI","valid","2023-12-19"
"http://dd.eionet.europa.eu/vocabulary/eurostat/na_item/F89_FDI","Other accounts receivable/payable, excluding trade credits and advances, of which foreign direct investment","","F89_FDI","valid","2023-12-19"
"http://dd.eionet.europa.eu/vocabulary/eurostat/na_item/B6G_R_HAB_GR","Gross disposable income of households in real terms per capita (percentage change on previous period)","","B6G_R_HAB_GR","valid","2023-12-19"
