freq,unit,na_item,geo\TIME_PERIOD,1975,1976,1977,1978,1979,1980,1981,1982,1983,1984,1985,1986,1987,1988,1989,1990,1991,1992,1993,1994,1995,1996,1997,1998,1999,2000,2001,2002,2003,2004,2005,2006,2007,2008,2009,2010,2011,2012,2013,2014,2015,2016,2017,2018,2019,2020,2021,2022,2023,2024,2025
A,CLV05_MEUR,P6,AL,,,,,,,,,,,,,,,,,,,,,249.2,288.0,235.4,315.0,545.3,757.4,874.4,905.5,1012.1,1199.2,1490.2,1742.4,2075.4,1979.4,2072.7,2470.5,2635.4,2643.1,2685.1,2680.6,2620.2,2818.6,3184.0,3326.2,3408.7,2463.6,3747.1,4385.7,4760.9,4766.1,
A,CLV05_MEUR,P6,AT,,,,,,,,,,,,,,,,,,,,,63483.8,66428.5,73754.1,79544.9,84662.8,96113.1,101659.8,106017.2,106580.6,115811.7,123530.6,132889.5,142951.7,146054.7,125069.4,141492.3,149890.4,152045.4,153007.4,157376.2,162139.3,166991.9,175173.8,184196.9,191629.7,171529.9,187839.2,205582.0,204288.5,199606.2,200195.6
A,CLV05_MEUR,P6,BA,,,,,,,,,,,,,,,,,,,,,,,,,,1422.8,1505.1,1427.2,1614.1,1896.2,2194.4,2606.4,2929.1,2962.6,2868.5,3267.3,3419.0,3422.7,3691.6,3845.3,4221.4,4616.9,5162.7,5538.4,5566.4,4740.2,5943.4,6644.0,6561.2,6455.4,
A,CLV05_MEUR,P6,BE,,,,,,,,,,,,,,,,,,,,,138097.3,144967.8,158726.0,165293.7,173309.2,194794.3,195534.9,202277.7,205545.2,218275.4,230304.7,243433.6,256666.7,261306.2,231761.6,255945.4,268283.5,266488.9,267236.1,281452.5,291781.0,309709.5,326794.0,331842.9,341587.6,321236.3,368303.2,379540.6,352399.5,346409.5,344236.7
A,CLV05_MEUR,P6,BG,,,,,,,,,,,,,,,,,,,,,8187.2,10639.4,11394.5,9415.5,7746.8,6417.4,6495.3,7070.7,7527.6,9372.5,10224.1,11007.6,13167.5,13493.8,11912.9,13228.0,14888.6,15192.0,16655.3,17163.7,18275.7,19849.7,20989.7,21353.5,22206.8,20073.0,22396.4,25098.6,25098.6,25544.0,25000.0
A,CLV05_MEUR,P6,CH,,,,,,,,,,,,,,,,,,,,,113849.7,117920.6,135767.7,139022.4,144159.5,161855.8,161723.8,158565.8,156254.8,171497.3,182212.6,194561.6,216692.4,226027.7,207313.8,233325.6,242937.6,243857.5,277688.3,264580.9,274778.0,290894.3,288542.3,299337.6,297743.9,282502.9,321008.3,343589.8,334482.1,340186.5,356536.5
A,CLV05_MEUR,P6,CY,,,,,,,,,,,,,,,,,,,,,6582.6,7004.8,7003.2,7411.0,7591.2,8257.0,8402.4,8108.3,7873.3,8124.5,8375.7,8568.6,9028.1,8977.1,8559.3,9101.0,9739.5,9683.5,9792.2,10408.3,11337.2,12155.7,13490.7,14464.7,15726.8,15984.1,20324.7,25911.5,25489.5,27039.2,28322.4
A,CLV05_MEUR,P6,CZ,,,,,,,,,,,,,,,,,,,,,25381.2,26017.3,27985.2,30682.4,32269.2,37038.0,40531.4,40900.5,44508.1,57717.2,68193.4,77935.2,86530.7,90175.6,81314.0,93232.6,101775.1,106132.3,106406.7,115692.1,122531.6,127601.2,136664.4,141450.1,143305.3,131101.3,141790.1,149090.8,152591.4,154918.9,160964.1
A,CLV05_MEUR,P6,DE,,,,,,,,,,,,,,,,,393923.8,392571.4,362695.2,390850.1,416177.3,440152.1,493511.3,530641.4,557689.9,633179.7,667850.9,694653.4,706087.5,784651.0,836166.0,935999.4,1016038.2,1031775.5,882148.4,1006571.2,1086118.3,1114273.3,1119560.0,1168124.3,1225049.0,1249392.6,1297588.0,1330783.8,1358324.1,1229475.1,1354635.6,1407380.1,1387462.6,1358815.9,1352791.4
A,CLV05_MEUR,P6,DK,,,,,,,,,,,,,,,,,,,,,59793.6,62580.9,65403.2,68086.2,75763.3,85319.3,88184.3,92022.3,90910.0,93660.4,101089.9,111535.9,115593.3,120066.6,109061.9,112362.2,120729.5,122250.0,123948.9,127691.2,131818.5,136645.4,143212.2,148087.3,154628.5,144794.4,155997.0,166269.8,179210.5,191951.4,197791.9
A,CLV05_MEUR,P6,EA,,,,,,,,,,,,,,,,,,,,,1634697.3,1715461.6,1902374.8,2040819.4,2153568.9,2433467.8,2564355.2,2615593.4,2633310.1,2838174.3,2980132.4,3224377.7,3458564.8,3491859.6,3101138.8,3438328.6,3666751.5,3744288.4,3825308.2,4006911.8,4298807.2,4432277.3,4677821.3,4835101.8,4991462.8,4559699.4,5078158.5,5445905.1,5407783.3,5436172.4,5547546.6
A,CLV05_MEUR,P6,EA12,,,,,,,,,,,,,,,,,,,,,1653290.2,1734784.5,1925882.9,2065481.9,2183510.0,2469997.1,2564355.2,2615593.4,2633310.1,2838174.3,2980132.4,3224377.7,3435925.7,3453951.1,3033832.4,3360838.1,3570535.2,3642002.6,3718731.2,3885834.2,4148941.1,4273944.7,4506663.6,4652933.3,4801260.8,4375541.6,4867943.7,5217118.4,5156875.6,5180654.6,5283905.1
A,CLV05_MEUR,P6,EA19,,,,,,,,,,,,,,,,,,,,,1692650.5,1775881.6,1971733.6,2113455.6,2232433.2,2523449.5,2621554.5,2676437.1,2698487.1,2911797.4,3063151.7,3320066.5,3542677.5,3565198.8,3127940.1,3470114.3,3692706.7,3773389.3,3856044.1,4027626.1,4298807.2,4432277.3,4677821.3,4835101.8,4991462.8,4559699.4,5078158.5,5445905.1,5380055.5,5407981.6,5519124.3
A,CLV05_MEUR,P6,EA20,,,,,,,,,,,,,,,,,,,,,1699509.8,1783680.0,1980126.1,2121933.7,2241090.0,2533299.3,2632289.4,2687667.0,2710423.1,2924615.6,3076560.6,3334541.0,3557861.8,3580034.6,3140707.0,3483831.3,3706667.9,3787072.4,3870090.7,4042743.9,4315535.7,4450256.4,4697080.6,4855061.6,5012892.8,4575708.8,5099934.1,5474041.9,5407783.3,5436172.4,5547546.6
A,CLV05_MEUR,P6,EA21,,,,,,,,,,,,,,,,,,,,,1706234.7,1791987.3,1989150.8,2130307.2,2248526.6,2539937.6,2639042.6,2694943.9,2718099.8,2934008.0,3086784.7,3345548.6,3571231.6,3593790.1,3152876.0,3497347.2,3722157.1,3802868.6,3887917.0,4061024.3,4334982.5,4471747.3,4719819.1,4878054.4,5036874.0,4597294.8,5124029.5,5501638.1,5435581.6,5464652.0,5574822.5
A,CLV05_MEUR,P6,EE,,,,,,,,,,,,,,,,,,,,,3218.6,3301.4,4140.9,4685.8,4708.1,4380.8,4658.3,4789.7,5276.9,6189.4,7422.5,8129.8,9155.4,9237.6,7361.6,9144.4,11354.8,11902.8,12236.1,12559.2,12370.1,12967.1,13593.6,13987.3,14691.5,14086.6,17409.1,18360.4,16682.0,16431.6,17246.2
A,CLV05_MEUR,P6,EL,,,,,,,,,,,,,,,,,,,,,18172.3,18851.3,23228.9,24307.5,30000.2,36809.5,37242.8,34519.9,34425.2,39980.6,40887.9,43107.4,47032.4,49159.8,40671.1,42532.8,42767.6,43639.7,44405.8,48082.1,50598.5,50398.7,54634.8,59679.6,62568.4,49104.9,61072.7,64854.7,66254.6,66896.2,68000.8
A,CLV05_MEUR,P6,ES,,,,,,,,,,,,,,,,,,,,,123088.5,135383.3,154864.8,167452.4,180889.7,199737.0,207617.4,210598.4,217971.3,227303.6,231479.0,242316.9,260891.7,258564.1,230652.0,251361.4,271987.9,274558.7,286336.1,299238.2,312260.2,329098.8,347551.9,353325.2,361327.2,288703.9,327355.8,373916.5,382030.0,394082.4,408146.2
A,CLV05_MEUR,P6,EU27_2020,,,,,,,,,,,,,,,,,,,,,1926935.4,2024873.1,2247930.3,2411429.1,2548535.2,2882407.3,2994176.8,3063042.9,3106148.0,3365039.2,3560597.2,3877849.3,4148712.3,4198335.8,3697707.4,4100176.1,4372020.2,4464477.8,4570918.1,4783780.8,5097187.8,5278716.3,5577600.0,5777045.0,5979667.1,5489437.8,6108438.7,6556369.1,6544389.2,6598179.5,6748331.1
A,CLV05_MEUR,P6,FI,,,,,,16698.9,17667.9,17337.5,18087.8,19268.8,19391.3,19888.9,20550.9,21276.0,21635.6,21939.9,20207.8,22304.4,26022.2,29479.6,32059.3,33907.0,38663.0,42093.2,46864.7,54412.2,55403.7,57611.1,57029.8,62015.2,66325.0,72833.5,79378.9,84618.9,67599.3,71775.0,73230.0,73403.1,74256.5,72925.8,73103.7,76164.5,83040.4,84463.4,90246.8,82574.8,87515.4,91394.7,90150.5,91735.8,94866.6
A,CLV05_MEUR,P6,FR,107439.3,116448.8,125479.7,133535.6,142211.5,146177.1,153214.4,150983.2,158118.8,168894.0,172441.7,171228.7,176358.0,191522.0,210464.2,217974.5,232118.7,245749.8,246475.9,266461.2,289454.3,300981.9,339562.4,368716.9,387194.6,436248.3,448863.6,458158.7,451891.5,476048.1,496255.3,522760.7,537654.2,540805.2,484236.6,525606.7,559914.1,574697.2,589651.8,605828.1,633244.0,646618.4,675111.5,700544.9,715105.4,596598.3,664167.4,724498.7,742394.1,761142.0,770889.7
A,CLV05_MEUR,P6,HR,,,,,,,,,,,,,,,,,,,,,6770.3,7904.1,8433.3,8414.9,8536.8,9726.7,10679.3,11197.4,11939.8,12819.2,13408.9,14474.5,15191.8,14865.2,12815.1,13816.1,14130.0,13917.3,14279.7,15318.5,16887.2,18077.6,19333.8,20030.5,21401.3,16437.1,21819.1,27712.7,27313.3,27740.8,28002.4
A,CLV05_MEUR,P6,HU,,,,,,,,,,,,,,,,,,,,,16217.9,17706.2,21735.6,25085.9,28032.5,35019.5,38081.5,40237.9,42731.5,50446.0,56894.3,68005.4,78984.0,84274.6,75242.8,83608.0,88970.6,87456.7,91023.9,99399.9,106718.5,110776.2,117954.2,123840.7,130598.7,122573.8,132674.4,146918.8,149584.9,148830.3,147218.8
A,CLV05_MEUR,P6,IE,,,,,,,,,,,,,,,,,,,,,44378.8,49891.4,58646.5,72000.6,83356.4,101017.7,115168.4,122626.6,120544.6,128404.6,135441.0,143636.9,156422.6,150473.2,157468.0,166887.5,172075.6,170660.8,188694.9,216043.9,301222.7,317205.9,352155.3,369215.4,409924.1,465496.7,526669.8,590006.1,566846.0,615410.9,675173.9
A,CLV05_MEUR,P6,IS,,,,,,,,,,,,,,,,,,,,,2577.2,2785.7,2919.0,2961.9,3056.5,3178.2,3392.2,3513.2,3543.4,3836.1,4119.0,3933.0,4861.8,5031.6,5431.8,5472.7,5632.2,5808.4,6170.1,6402.5,6941.3,7791.3,8166.8,8346.9,7974.7,5554.5,6242.9,7870.2,8174.9,7995.4,8074.7
A,CLV05_MEUR,P6,IT,,,,,,,,,,,,,,,,,,,,,280992.4,285233.2,299298.1,306933.5,303775.1,340352.5,349426.9,339485.6,335289.0,355920.9,367450.6,397522.8,422281.0,408432.9,335603.2,374371.6,392838.8,400039.6,401030.9,411219.2,427609.0,437606.7,461095.4,470914.9,476688.5,411337.5,469276.5,515603.6,514653.7,512343.2,518691.1
A,CLV05_MEUR,P6,LT,,,,,,,,,,,,,,,,,,,,,3693.1,4647.6,5759.4,5978.0,4852.6,5533.0,6864.9,8250.9,8999.5,9651.1,11566.2,13047.5,13464.1,15028.3,12973.1,15098.3,17294.6,19170.6,20564.3,20189.5,20678.6,21697.5,24633.5,26318.4,28961.1,28980.8,33787.3,37742.4,36486.6,37434.7,39017.3
A,CLV05_MEUR,P6,LU,,,,,,,,,,,,,,,,,,,,,20061.6,21301.3,24171.5,28095.9,31470.7,36823.9,39186.9,39148.3,40238.0,43952.8,46579.5,52598.8,55296.2,55115.0,51122.8,56315.0,58786.2,59737.9,63511.1,67649.6,71126.3,74902.3,74732.4,77369.0,82040.7,83601.2,93083.2,94451.7,94974.1,83406.9,84378.2
A,CLV05_MEUR,P6,LV,,,,,,,,,,,,,,,,,,,,,2362.4,2801.8,3159.0,3308.0,3098.0,3544.0,3851.4,4041.2,4207.4,4791.8,5926.3,6368.0,7254.5,7429.1,6466.7,7347.2,8262.7,9046.5,9106.1,9703.5,10000.0,10389.3,11059.9,11542.5,11476.7,11442.5,12482.9,13908.5,12931.9,12945.8,12955.4
A,CLV05_MEUR,P6,MK,,,,,,,,,,,,,,,,,,,,,,,,,,1547.3,1327.7,1263.2,1267.4,1485.3,1751.5,1964.1,2234.9,2130.6,1834.6,2269.1,2635.2,2686.7,2850.4,3320.1,3601.5,3928.6,4256.5,4801.5,5227.8,4656.3,5321.1,5885.2,5709.3,5483.3,5819.1
A,CLV05_MEUR,P6,MT,,,,,,,,,,,,,,,,,,,,,,,,,,4157.2,3649.2,3949.8,3729.1,3746.9,3810.5,4692.1,5021.0,5332.0,4693.1,5522.0,6022.4,6475.7,6628.7,7032.5,8723.2,9426.9,10934.5,12376.9,13267.1,13769.6,14393.5,16067.5,16896.7,17959.4,18776.5
A,CLV05_MEUR,P6,NL,,,,,,,,,,,,,,,,,,,,,205508.9,213846.2,234446.9,249859.2,272449.9,305480.0,309918.2,311578.9,317207.0,343203.4,362770.0,388981.2,410126.8,416985.3,380743.2,417595.0,441339.5,457735.4,471547.5,495828.5,537334.0,547882.8,585840.3,614673.9,631619.7,607422.2,649085.1,677741.9,657465.4,656440.5,672395.9
A,CLV05_MEUR,P6,NO,26949.1,30352.3,31085.2,34356.1,35090.4,36678.4,37339.4,37505.8,40165.3,43238.6,46401.6,47432.8,47883.3,50853.8,56535.3,61116.0,64901.4,67956.0,70070.4,75889.4,79977.3,88034.7,94826.3,96069.5,98899.4,102760.2,107467.6,106841.9,106486.3,107718.7,108319.7,107701.2,108747.6,110137.7,105490.3,105975.7,105547.4,107799.0,106114.6,110228.1,114605.0,114676.7,116474.2,114890.6,117490.8,114634.0,121295.8,127188.0,128373.6,135816.8,139064.2
A,CLV05_MEUR,P6,PL,,,,,,,,,,,,,,,,,,,,,34901.9,38856.9,43597.9,49807.8,48555.4,60018.1,61851.5,64836.5,73965.2,77453.2,85244.6,98257.6,108256.9,115826.8,108836.0,122538.1,132028.7,137204.2,144147.5,152072.1,162122.1,176647.0,192707.8,205729.7,216710.4,214379.4,240754.8,258584.3,268195.1,273560.0,285818.5
A,CLV05_MEUR,P6,PT,,,,,,,,,,,,,,,,,,,,,27047.7,28590.5,30677.5,33160.7,34322.8,37253.4,38117.6,39382.4,41336.0,42824.8,42942.7,48297.2,51425.4,51209.2,46053.1,50279.7,53740.6,55400.4,59422.3,61979.5,65854.6,68957.5,74743.4,77955.0,81076.6,66211.5,74179.8,86903.7,90647.0,93579.8,93968.2
A,CLV05_MEUR,P6,RO,,,,,,,,,,,,,,,,,,,,,10585.7,11229.9,12484.1,12284.8,13183.5,10734.5,12265.3,14393.5,15594.0,17799.6,19437.8,21725.8,26266.4,29878.2,28180.0,32581.8,36528.2,36915.4,44569.5,48374.0,50591.0,58857.4,63427.8,66765.4,70343.4,63688.3,71736.8,78413.4,77356.3,75426.1,78386.4
A,CLV05_MEUR,P6,RS,,,,,,,,,,,,,,,,,,,,,713.4,1592.8,2406.4,3116.4,1801.1,2050.5,3157.7,3768.4,4825.6,5303.4,6287.4,6733.6,6928.9,7799.0,6899.6,8062.9,8516.8,8760.1,10340.5,10781.8,11756.7,13036.5,14061.6,15333.2,16445.2,15691.1,18896.4,22114.7,22718.1,23897.3,25243.5
A,CLV05_MEUR,P6,SE,,,,,,,,,,,,,,,,,,,57677.0,65521.1,72886.3,76017.4,86531.7,94225.8,100867.8,112729.7,113322.4,115177.8,120055.7,133525.6,142952.5,154840.9,161671.0,163294.3,139971.0,155438.6,165971.5,167146.7,166934.7,173476.3,182306.9,187888.1,194082.6,202548.0,216634.7,204875.9,228555.6,242391.2,248603.6,255101.4,265133.6
A,CLV05_MEUR,P6,SI,,,,,,,,,,,,,,,,,,,,,8156.1,8398.5,9375.7,10109.0,10311.6,11610.1,12444.0,13412.5,13836.4,15641.0,17418.4,19878.3,22633.0,23579.9,19681.5,21713.2,23165.8,23338.8,23991.3,25390.1,26768.9,28490.3,31644.2,33592.1,35097.2,32103.1,36636.6,39361.3,38608.6,39510.5,39630.3
A,CLV05_MEUR,P6,SK,,,,,,,,,,,,,,,,,,,,,11292.2,11033.9,12572.0,12285.0,13526.8,14632.6,16246.3,17449.4,20890.9,25305.1,28499.8,35004.6,40063.8,41269.0,34515.9,40741.5,44852.1,48983.1,51619.1,53323.2,56923.8,59714.4,61889.1,65278.4,66163.9,61959.0,68564.4,70462.8,69988.8,70004.4,72792.5
A,CLV05_MEUR,P6,TR,,,,,,,,,,,,,,,,,,,,,35864.8,43140.5,50517.8,55982.3,50395.6,60024.5,63047.7,68412.5,73846.4,83013.1,90074.0,95414.3,102196.8,106187.2,102836.2,105223.1,119296.4,137219.8,143697.1,153798.2,161574.1,158026.2,177701.6,194628.8,203725.1,170288.4,213006.1,235366.2,230011.5,230179.0,229445.3
A,CLV05_MEUR,P6,UK,,,,,,,,,,,,,,,,,,,,,,,,381983.4,392677.0,427752.7,437112.5,441838.6,452127.4,473183.6,510536.7,575486.5,563904.3,566114.3,518630.1,548831.3,588480.4,592254.7,597320.2,598727.8,615488.6,632358.5,666556.0,686753.8,705007.3,,,,,,
A,CLV05_MEUR,P6_S21,BE,,,,,,,,,,,,,,,,,,,,,91274.5,95869.0,105002.7,109268.8,114464.6,128684.3,128954.7,133671.5,135977.1,144594.5,152534.0,161360.7,169938.1,173916.6,153129.8,162764.1,167513.0,164543.9,164285.2,171687.3,179153.5,189147.1,200306.6,205833.0,213418.1,201317.9,225354.9,223915.4,209107.1,210115.9,216796.9
A,CLV05_MEUR,P6_S21,DK,,,,,,,,,,,,,,,,,,,,,,,,,,,,,,,54759.3,59256.5,60833.3,61883.0,54636.7,55145.8,57623.3,55685.3,58194.8,59536.2,60774.0,63906.0,65814.6,66332.6,68487.0,64021.4,69019.6,73656.9,83442.6,83726.4,87345.4
A,CLV05_MEUR,P6_S21,LT,,,,,,,,,,,,,,,,,,,,,,,,,,,,,,5545.7,6661.0,7420.4,7973.4,8448.1,7874.0,8624.1,10020.9,10630.9,11123.5,11576.1,13020.2,13538.8,15233.5,16571.6,18295.4,18608.2,21983.8,25722.5,24969.3,26175.9,27832.8
A,CLV05_MEUR,P6_S21,LU,,,,,,,,,,,,,,,,,,,,,14928.2,15751.9,17462.7,20037.9,22291.1,26052.8,27605.2,28600.3,29579.5,32209.1,33149.9,36409.4,37883.1,37908.7,35338.7,35571.9,36764.2,38952.9,41020.2,42963.4,44453.9,47828.7,46595.7,48834.2,51571.8,52841.9,58776.8,60452.4,61490.8,54500.7,55272.7
A,CLV05_MEUR,P6_S21,LV,,,,,,,,,,,,,,,,,,,,,,,,,,1600.8,1887.2,2087.7,2245.3,2686.6,3527.2,3851.4,4413.3,4482.4,3916.4,4367.2,4989.4,5332.3,5420.0,5989.2,6255.7,6595.5,6876.8,7354.4,7605.2,7553.4,8512.6,9408.1,8875.8,8960.2,9237.7
A,CLV05_MEUR,P6_S21,MT,,,,,,,,,,,,,,,,,,,,,,,,,,2495.6,2188.8,2377.3,2238.0,2251.1,2285.6,2815.2,3020.5,3198.3,2819.7,3316.6,3606.3,3886.6,3985.3,4221.6,5212.4,5697.3,6521.5,7501.6,8088.8,8804.0,8977.7,9431.2,10738.3,11306.8,12117.3
A,CLV05_MEUR,P6_S21,NL,,,,,,,,,,,,,,,,,,,,,137834.0,142745.6,154276.5,164849.9,179767.6,199146.7,202142.4,199304.4,202160.1,223529.4,233758.0,251507.0,265533.7,271946.6,245953.1,262012.1,279579.9,282811.6,291147.0,304511.3,321714.9,333456.5,358629.8,383830.1,390226.9,363274.2,398893.6,422902.0,407079.9,399905.9,413083.9
A,CLV05_MEUR,P6_S21,SK,,,,,,,,,,,,,,,,,,,,,9447.2,9206.6,10553.0,10753.5,11907.7,12895.5,14354.0,15263.1,17596.5,21296.4,24077.9,29174.5,32928.4,33388.1,28135.0,33010.3,36445.0,39126.7,40360.8,42041.6,45204.3,47349.2,49464.8,52255.0,53106.7,49740.9,56190.2,58324.5,55675.1,57066.6,56098.9
A,CLV05_MEUR,P6_S21,UK,,,,,,,,,,,,,,,,,,,,,,,,206669.3,214268.6,231202.6,240704.7,245816.9,240950.1,246207.6,263860.8,316053.8,286623.0,280204.1,251033.4,261395.8,275072.9,265896.2,264089.3,266663.8,273956.7,285033.0,304415.2,314056.3,304404.7,,,,,,
A,CLV05_MEUR,P6_S2111,BE,,,,,,,,,,,,,,,,,,,,,,,,,104628.4,117633.0,117830.5,122203.7,124344.5,132269.3,139525.4,147629.0,155432.5,157310.3,138977.1,147435.4,150991.8,147982.5,147164.6,153214.3,159101.9,167563.3,177296.7,182646.6,187822.2,176008.8,198136.5,194345.0,179730.7,181344.8,186640.8
A,CLV05_MEUR,P6_S2111,DK,,,,,,,,,,,,,,,,,,,,,,,,,,,,,,,38826.5,41072.4,41403.9,42463.2,37463.9,37293.5,38810.9,37000.1,39766.6,41157.8,42078.0,44164.3,45320.0,45714.0,47286.7,45640.8,48810.4,52568.8,60531.4,60784.1,62552.1
A,CLV05_MEUR,P6_S2111,LT,,,,,,,,,,,,,,,,,,,,,,,,,,,,,,4230.4,5032.1,5498.6,5951.2,6197.7,5801.9,6288.2,7607.5,8131.7,8148.6,8167.3,9093.6,9361.3,10773.0,11773.2,13385.2,13787.3,15866.3,18905.0,18454.4,19251.5,20362.1
A,CLV05_MEUR,P6_S2111,LU,,,,,,,,,,,,,,,,,,,,,14149.5,14960.1,16526.3,18845.1,21120.3,24679.8,26105.7,26908.5,27741.8,30241.0,31064.6,33970.6,35145.7,35245.0,32962.5,33031.8,34099.3,35954.9,37789.0,39552.5,40806.2,43923.0,42703.3,44702.5,47187.7,48270.7,53748.5,55538.6,56626.6,50314.1,50987.5
A,CLV05_MEUR,P6_S2111,LV,,,,,,,,,,,,,,,,,,,,,,,,,,1116.1,1306.7,1445.6,1527.2,1828.3,2519.8,3014.0,3409.4,3499.4,3069.9,3354.0,3775.3,3981.7,4005.3,4534.3,4737.1,4963.9,5086.8,5430.1,5771.4,5720.9,6602.4,7398.6,6994.9,7025.9,7304.7
A,CLV05_MEUR,P6_S2111,MT,,,,,,,,,,,,,,,,,,,,,,,,,,2308.3,2018.2,2192.5,2063.3,2070.0,2094.6,2578.3,2762.5,2910.5,2557.6,3014.5,3279.2,3536.9,3611.7,3811.3,4680.8,5116.6,5840.1,6728.3,7210.5,7989.3,8120.7,8486.3,9739.3,10224.4,11030.4
A,CLV05_MEUR,P6_S2111,NL,,,,,,,,,,,,,,,,,,,,,128176.5,132635.6,141962.6,151336.8,163876.2,181105.7,185088.5,182378.5,186840.1,200817.6,208527.0,231538.9,230474.3,235091.9,215360.6,231951.1,247509.9,248579.6,251039.3,260883.8,272764.0,281160.5,305925.7,328604.7,333725.5,308940.8,338142.4,362781.2,348046.8,341166.8,351495.2
A,CLV05_MEUR,P6_S2111,SK,,,,,,,,,,,,,,,,,,,,,4248.0,4563.0,5927.2,6749.6,7829.4,8428.4,9441.4,10233.9,12329.6,14382.3,15513.5,18521.2,20892.7,20387.7,17068.1,19586.3,21037.1,22289.0,23093.5,24777.1,26936.8,28661.3,29841.0,31919.2,32505.2,30479.7,32980.5,33242.4,31862.7,32120.3,31660.9
A,CLV05_MEUR,P6_S2111,UK,,,,,,,,,,,,,,,,,,,,,,,,186854.3,194813.7,209782.2,218639.4,222746.6,217981.9,221808.9,237468.6,281753.4,256413.6,249927.2,223786.6,231288.8,243635.7,236268.4,233113.7,234407.6,241694.8,251079.9,270058.7,278091.9,269410.7,,,,,,
A,CLV05_MEUR,P6_S2112,BE,,,,,,,,,,,,,,,,,,,,,,,,,9836.2,11051.3,11124.4,11468.0,11632.6,12325.2,13008.6,13731.6,14505.6,16606.9,14153.5,15327.7,16515.0,16554.6,17113.8,18464.0,20035.4,21556.2,22976.3,23160.6,25551.8,25252.4,27173.4,29544.9,29435.2,28816.3,30207.3
A,CLV05_MEUR,P6_S2112,DK,,,,,,,,,,,,,,,,,,,,,,,,,,,,,,,15932.9,18184.2,19430.2,19420.3,17173.3,17854.8,18815.4,18691.3,18427.7,18375.4,18692.5,19738.4,20492.4,20616.1,21197.1,18368.7,20198.9,21071.6,22876.1,22906.5,24765.8
A,CLV05_MEUR,P6_S2112,LT,,,,,,,,,,,,,,,,,,,,,,,,,,,,,,1315.1,1628.9,1921.8,2022.2,2250.3,2072.1,2335.4,2414.6,2500.7,2974.7,3407.2,3924.6,4175.3,4457.6,4795.2,4907.5,4817.9,6115.1,6814.1,6510.5,6921.5,7469.8
A,CLV05_MEUR,P6_S2112,LU,,,,,,,,,,,,,,,,,,,,,780.1,793.7,937.8,1192.8,1172.5,1375.0,1501.2,1692.2,1837.5,1968.0,2085.4,2438.8,2737.4,2663.5,2375.8,2540.6,2665.4,2999.2,3232.5,3412.1,3648.2,3906.6,3892.4,4131.2,4383.3,4569.8,5027.1,4913.8,4865.2,4188.5,4287.3
A,CLV05_MEUR,P6_S2112,LV,,,,,,,,,,,,,,,,,,,,,,,,,,484.4,580.5,642.0,719.0,859.4,1007.4,837.4,1002.7,982.8,846.7,1011.3,1210.0,1344.4,1406.9,1450.0,1513.5,1625.2,1780.1,1913.3,1828.5,1826.5,1913.1,2021.2,1893.0,1942.5,1948.1
A,CLV05_MEUR,P6_S2112,MT,,,,,,,,,,,,,,,,,,,,,,,,,,187.2,170.6,184.8,174.7,181.1,191.0,236.9,258.0,287.8,262.0,302.2,327.2,349.8,373.6,410.0,531.0,580.0,680.3,772.3,876.4,815.6,857.3,944.3,999.9,1082.8,1088.9
A,CLV05_MEUR,P6_S2112,NL,,,,,,,,,,,,,,,,,,,,,9598.3,10052.4,12296.5,13505.0,15911.2,18070.9,17058.1,16932.4,15308.6,22712.6,25231.0,19968.1,35095.2,36895.4,30612.1,30099.0,32110.1,34274.0,40165.7,43691.8,49022.2,52371.0,52782.0,55308.0,56585.8,54412.6,60837.6,60207.2,59123.6,58830.7,61687.5
A,CLV05_MEUR,P6_S2112,SK,,,,,,,,,,,,,,,,,,,,,5192.4,4637.7,4621.7,4001.9,4077.1,4465.7,4911.2,5028.8,5266.5,6914.0,8564.3,10653.3,12035.7,13000.3,11067.0,13424.8,15409.5,16839.8,17269.3,17265.4,18267.9,18679.5,19618.9,20315.5,20578.3,19238.1,23239.8,25149.2,23871.6,25027.7,24514.8
A,CLV05_MEUR,P6_S2112,UK,,,,,,,,,,,,,,,,,,,,,,,,19819.6,19453.9,21420.6,22066.0,23070.8,22969.2,24399.4,26392.2,34299.7,30211.3,30278.4,27248.2,30104.5,31435.1,29626.7,30972.0,32251.3,32260.8,33948.7,34364.7,35968.8,34997.5,,,,,,
A,CLV05_MEUR,P6_S212,BE,,,,,,,,,,,,,,,,,,,,,1472.1,1462.2,1468.9,1396.7,1249.5,1281.5,1467.7,1736.0,1223.4,1549.6,1753.7,2136.7,2356.4,2203.5,2314.6,2120.0,2231.4,2343.9,2418.8,2314.2,2534.8,2928.7,3039.7,3159.8,3432.7,3315.4,2626.1,2720.5,2490.5,2783.9,
A,CLV05_MEUR,P6_S212,IE,,,,,,,,,,,,,,,,,,,,,5.4,6.1,7.1,8.7,10.1,12.2,17.0,13.9,12.6,16.8,22.2,22.9,25.3,22.7,20.6,20.7,22.1,21.1,22.0,24.3,28.2,26.7,32.6,27.1,28.3,22.1,43.3,52.0,0.2,43.0,
A,CLV05_MEUR,P6_S212,LT,,,,,,,,,,,,,,,,,,,,,,,,,,,,,,4.9,11.4,12.3,13.7,17.6,12.6,10.8,11.9,13.1,14.3,17.6,23.5,18.2,16.0,17.9,19.8,19.3,22.1,29.4,25.6,19.4,23.0
A,CLV05_MEUR,P6_S212,LU,,,,,,,,,,,,,,,,,,,,,417.2,482.9,475.5,485.9,369.3,379.9,418.4,448.0,505.1,496.6,450.1,472.1,572.6,577.5,594.1,507.1,499.8,490.7,447.0,473.2,468.8,539.4,532.7,575.0,574.7,677.5,747.4,756.4,731.9,589.0,594.3
A,CLV05_MEUR,P6_S212,LV,,,,,,,,,,,,,,,,,,,,,,,,,,0.2,1.2,0.4,0.4,4.0,7.5,7.6,9.0,7.5,4.2,4.8,5.7,5.8,5.1,7.0,7.7,8.0,6.8,7.3,6.5,6.0,10.5,11.6,7.4,8.1,9.3
A,CLV05_MEUR,P6_S212,NL,,,,,,,,,,,,,,,,,,,,,98.6,105.3,117.9,125.4,137.9,146.3,151.3,153.0,153.0,156.3,163.0,170.5,181.4,190.6,183.9,193.1,208.1,218.2,233.2,261.6,307.6,294.2,321.0,351.1,372.0,344.4,351.9,393.7,397.1,407.1,409.6
A,CLV05_MEUR,P6_S212,SE,,,,,,,,,,,,,,,,,,,103.8,106.7,105.7,108.3,124.8,138.2,129.7,138.4,109.2,97.1,154.5,160.9,258.0,205.2,292.7,264.8,244.6,323.0,253.4,250.8,282.5,299.3,328.2,123.6,280.3,263.3,279.7,235.0,413.8,444.5,331.6,359.8,317.0
A,CLV05_MEUR,P6_S22,BE,,,,,,,,,,,,,,,,,,,,,46822.8,49098.5,53722.6,56024.6,58845.0,66110.2,66581.0,68606.0,69567.9,73680.9,77770.6,82072.8,86728.8,87389.6,78630.9,93145.3,100719.0,101888.1,102891.8,109709.7,112559.0,120494.8,126413.9,125898.7,128015.8,119761.5,142840.6,155809.3,143376.6,136100.4,126846.8
A,CLV05_MEUR,P6_S22,DK,,,,,,,,,,,,,,,,,,,,,,,,,,,,,,,46330.5,52279.3,54764.4,58204.0,54467.2,57290.0,63201.9,66727.7,65878.9,68291.4,71197.3,72885.5,77578.3,81975.4,86384.6,81001.8,87223.6,92876.8,96286.9,108553.5,110833.5
A,CLV05_MEUR,P6_S22,LT,,,,,,,,,,,,,,,,,,,,,,,,,,,,,,4105.4,4905.2,5627.0,5491.2,6578.9,5100.8,6471.7,7272.0,8536.8,9437.2,8611.5,7660.5,8160.3,9400.6,9749.8,10669.4,10378.6,11811.8,12035.7,11532.8,11271.6,11194.3
A,CLV05_MEUR,P6_S22,LU,,,,,,,,,,,,,,,,,,,,,5120.1,5537.3,6699.1,8047.5,9169.1,10758.6,11565.8,10539.2,10648.9,11734.4,13429.6,16189.4,17407.2,17203.5,15783.1,20708.9,21983.2,20755.4,22454.9,24632.1,26593.9,27036.0,28054.6,28475.5,30397.2,30699.4,34236.8,33965.1,33472.0,28914.4,29119.7
A,CLV05_MEUR,P6_S22,LV,,,,,,,,,,,,,,,,,,,,,,,,,,1954.3,1969.2,1956.1,1963.5,2107.5,2399.1,2516.6,2841.6,2947.5,2550.4,2977.9,3267.7,3712.1,3682.9,3705.2,3731.5,3776.9,4169.3,4168.6,3842.9,3859.5,3949.0,4472.2,4035.9,3970.5,3719.7
A,CLV05_MEUR,P6_S22,MT,,,,,,,,,,,,,,,,,,,,,,,,,,1661.7,1460.4,1572.5,1491.1,1495.8,1524.9,1876.9,2000.5,2133.7,1873.4,2205.4,2416.0,2589.1,2643.4,2811.0,3510.9,3729.5,4413.3,4875.0,5177.8,4963.2,5415.2,6640.7,6160.6,6655.3,6661.2
A,CLV05_MEUR,P6_S22,NL,,,,,,,,,,,,,,,,,,,,,67595.2,71031.1,80133.6,84963.4,92632.4,106296.2,107736.4,112271.7,115046.0,119681.4,129012.0,137473.9,144591.6,145028.4,134798.1,155560.2,161733.4,174954.5,180435.0,191366.5,215695.9,214522.5,227332.8,231015.4,241543.8,244210.4,250420.7,255088.0,250680.7,256873.4,259683.1
A,CLV05_MEUR,P6_S22,SK,,,,,,,,,,,,,,,,,,,,,1844.7,1826.7,2018.7,1528.5,1614.3,1731.6,1885.8,2180.9,3294.7,4009.0,4422.0,5830.1,7135.5,7880.8,6380.6,7731.2,8406.6,9860.3,11269.1,11290.2,11726.5,12374.1,12424.4,13021.7,13053.3,12214.3,12350.5,12103.5,14315.4,12912.8,16730.1
A,CLV05_MEUR,P6_S22,UK,,,,,,,,,,,,,,,,,,,,,,,,175556.6,178630.3,196795.3,196681.2,196348.0,211228.3,226976.7,246675.9,259434.8,277045.5,285614.8,267449.8,287274.6,313306.5,326702.9,333702.0,332496.7,341977.2,347977.7,363050.3,373650.7,401160.4,,,,,,
A,CLV05_MEUR,P7,AL,,,,,,,,,,,,,,,,,,,,,703.4,1029.9,940.4,1073.4,1239.0,1852.8,2134.8,2344.4,2464.6,2667.1,3099.0,3368.8,4100.5,4305.7,4330.7,4305.8,4555.2,4239.5,4212.2,4412.5,4294.5,4551.0,4852.3,4936.0,5061.2,4059.6,5377.2,5996.5,6007.5,6367.1,
A,CLV05_MEUR,P7,AT,,,,,,,,,,,,,,,,,,,,,68482.6,71338.9,76525.4,80931.4,84220.3,92799.2,97617.7,97901.6,101335.4,109417.0,115385.8,122141.1,129023.7,130254.9,114755.6,128500.7,136151.1,137408.3,138464.6,142615.3,147804.7,153314.5,161376.4,169613.8,173603.0,156982.5,179179.9,191599.0,183269.1,178538.0,181606.4
A,CLV05_MEUR,P7,BA,,,,,,,,,,,,,,,,,,,,,,,,,,3941.5,4215.6,4335.0,4605.4,4906.5,5418.2,5401.9,6351.4,6994.9,5991.6,6140.1,6319.2,6358.1,6354.5,6835.9,6957.7,7458.3,8028.9,8345.9,8455.6,7320.4,8828.3,9378.1,9260.5,9696.7,
A,CLV05_MEUR,P7,BE,,,,,,,,,,,,,,,,,,,,,134951.4,142446.8,154130.8,161927.0,167389.2,189175.8,187746.6,189729.1,192498.1,204638.4,217789.7,228988.1,241764.1,250963.2,224339.2,245937.5,259993.6,258367.7,258272.2,272273.6,283711.1,305765.0,322164.9,329697.7,334596.3,312097.2,352143.7,364392.3,336570.6,332235.1,331594.5
A,CLV05_MEUR,P7,BG,,,,,,,,,,,,,,,,,,,,,6841.6,6749.6,6719.4,6569.0,7651.1,6912.3,7780.6,8270.0,9523.0,12022.2,13747.1,15935.0,19539.0,20489.3,16082.4,16033.9,17575.7,18521.0,19324.1,20325.7,21287.2,22357.5,23990.0,25334.5,26695.7,25571.3,28305.6,32648.7,30868.0,32081.2,33967.6
A,CLV05_MEUR,P7,CH,,,,,,,,,,,,,,,,,,,,,102251.9,106673.5,119034.7,126200.7,132035.7,143288.2,145644.1,142385.4,142848.4,149917.1,164892.5,170141.6,179993.1,187764.9,182891.7,197487.3,216067.9,211353.3,236380.0,220735.4,231239.4,243340.1,242023.3,243361.6,244202.8,237443.9,249577.5,265030.8,265128.7,266707.9,292580.1
A,CLV05_MEUR,P7,CY,,,,,,,,,,,,,,,,,,,,,6485.0,6866.3,6937.8,7009.5,7213.4,7889.3,7912.8,7833.9,7794.9,8371.9,8455.8,8938.0,9796.9,11068.8,9372.6,10384.5,10115.4,9747.8,9303.8,10021.9,10829.9,11930.6,13634.0,14223.5,15577.2,16085.8,19237.0,24996.7,25282.9,26535.2,27623.3
A,CLV05_MEUR,P7,CZ,,,,,,,,,,,,,,,,,,,,,24168.6,27012.5,28592.2,30180.7,31745.4,36302.3,40423.4,42439.1,46456.8,58342.0,65624.6,73160.0,82581.0,85205.4,75767.9,86991.0,92832.8,95281.5,95341.1,104893.2,111777.2,114647.6,121562.1,128262.5,129918.2,118945.6,135222.1,143265.2,141544.4,142305.8,149435.9
A,CLV05_MEUR,P7,DE,,,,,,,,,,,,,,,,,383294.4,394119.4,361975.7,390916.1,416321.8,432780.2,472656.1,516839.9,562128.3,621665.9,626084.3,606643.4,636578.0,680319.9,720969.0,797738.3,845235.9,859374.7,772884.9,869316.1,927307.3,923441.2,939899.7,972485.2,1024290.7,1062620.1,1106583.0,1162144.1,1202461.9,1104594.8,1207653.4,1299003.4,1280777.6,1273597.8,1319328.0
A,CLV05_MEUR,P7,DK,,,,,,,,,,,,,,,,,,,,,49081.1,50618.1,55296.2,59488.2,61003.7,69367.2,71032.2,75558.3,74778.3,80127.4,89670.9,102172.5,108105.5,113013.7,99249.1,100554.5,108659.4,111756.7,113386.4,117998.6,122792.8,128055.7,133590.8,141212.4,145524.1,139770.5,153120.9,162274.5,166303.8,173192.7,172586.5
A,CLV05_MEUR,P7,EA,,,,,,,,,,,,,,,,,,,,,1535112.9,1594614.5,1750220.9,1930285.7,2081298.7,2330537.9,2437663.1,2444181.4,2509285.3,2672117.5,2830284.6,3058739.9,3278628.3,3296012.0,2964616.7,3246286.0,3388385.7,3343444.2,3394230.8,3562841.8,3866679.2,4028795.6,4241042.1,4405682.3,4623781.4,4248235.1,4628775.2,5011301.2,4942134.3,4934834.7,5113624.2
A,CLV05_MEUR,P7,EA12,,,,,,,,,,,,,,,,,,,,,1562049.4,1624128.7,1782947.9,1968473.7,2125461.8,2382970.9,2437663.1,2444181.4,2509285.3,2672117.5,2830284.6,3058739.9,3255473.5,3255323.1,2898241.7,3170205.5,3296914.6,3250085.2,3298205.7,3452731.0,3727393.8,3881690.9,4082698.8,4236717.0,4447461.2,4079204.2,4432778.0,4795189.3,4708900.9,4692711.8,4860633.9
A,CLV05_MEUR,P7,EA19,,,,,,,,,,,,,,,,,,,,,1602906.5,1668800.2,1832558.3,2020881.5,2177779.2,2438520.2,2497740.7,2507899.3,2577550.6,2751431.3,2919451.9,3162141.0,3371486.8,3375539.3,2990976.8,3277352.2,3415241.1,3372032.4,3423997.1,3582020.6,3866679.2,4028795.6,4241042.1,4405682.3,4623781.4,4248235.1,4628775.2,5011301.2,4912534.1,4902611.1,5080519.5
A,CLV05_MEUR,P7,EA20,,,,,,,,,,,,,,,,,,,,,1610657.6,1677265.7,1843295.1,2030636.1,2187309.2,2448766.5,2509139.0,2521320.9,2592541.3,2767214.8,2936060.7,3180117.7,3390554.6,3395350.4,3006691.7,3292451.1,3430710.4,3387131.1,3439598.0,3598151.4,3884313.1,4047596.4,4261482.1,4427681.9,4647267.6,4268775.5,4652975.6,5042205.7,4942134.3,4934834.7,5113624.2
A,CLV05_MEUR,P7,EA21,,,,,,,,,,,,,,,,,,,,,1616984.3,1683658.9,1849917.4,2037441.5,2195090.8,2456047.9,2517215.8,2529851.9,2602243.0,2779288.9,2949807.8,3196052.8,3410254.0,3416116.0,3022607.9,3308071.9,3448010.8,3405627.3,3459020.1,3618604.6,3905593.1,4069983.8,4285585.0,4453225.1,4674205.4,4294796.2,4681843.0,5075931.7,4973743.0,4968003.7,5148914.8
A,CLV05_MEUR,P7,EE,,,,,,,,,,,,,,,,,,,,,2889.9,3116.8,4033.3,4557.3,4296.2,4066.2,4569.0,5176.1,5900.9,6853.0,7997.4,9653.1,10906.3,10234.7,7102.3,8612.0,10953.5,12014.7,12308.6,12630.2,12360.2,13109.0,13570.5,14450.6,14981.3,15107.1,18663.2,19606.7,18172.7,18240.7,19161.1
A,CLV05_MEUR,P7,EL,,,,,,,,,,,,,,,,,,,,,26455.0,29182.2,32393.5,37993.9,44182.8,52602.3,53349.0,50179.6,53376.9,57110.2,57191.3,62787.2,70899.4,73188.2,58818.5,56309.6,50801.2,48011.0,46278.1,49442.3,53485.3,54624.7,58529.7,63359.2,65145.8,60393.1,70885.4,78643.8,78681.6,82438.0,81375.3
A,CLV05_MEUR,P7,ES,,,,,,,,,,,,,,,,,,,,,120072.0,128845.6,145454.7,165880.3,188583.7,206636.7,214185.7,222062.9,235457.0,258222.0,276196.0,298879.5,323503.7,305685.9,249738.4,265217.7,263648.4,248186.5,247494.5,264330.4,277790.2,285139.8,304232.1,316061.9,320228.9,271719.1,312425.7,336581.3,336470.9,346389.1,367994.4
A,CLV05_MEUR,P7,EU27_2020,,,,,,,,,,,,,,,,,,,,,1823201.8,1905760.5,2100533.9,2317806.5,2487848.5,2788962.2,2855712.6,2880672.0,2973158.6,3193805.2,3403109.3,3711736.1,3993562.3,4032567.3,3555545.3,3898914.8,4077356.1,4036641.1,4102900.3,4313172.1,4640828.0,4849838.2,5120021.7,5339080.5,5593519.0,5168606.1,5668079.1,6139896.2,6041572.7,6060996.5,6283245.1
A,CLV05_MEUR,P7,FI,,,,,,18164.9,17331.6,17714.2,18442.0,18611.8,19796.0,20493.9,22296.7,24720.9,26943.6,26842.8,23267.1,23429.5,23748.6,26791.5,28985.2,31082.0,34774.3,37720.1,39337.2,45183.1,45808.3,47774.4,49736.7,53777.1,59791.0,63730.6,68435.3,73886.6,61327.8,65190.9,69239.7,70018.8,70108.4,69477.6,70961.3,74976.5,78227.4,82789.4,84755.5,79568.3,85134.3,93016.3,86657.2,85986.2,87462.4
A,CLV05_MEUR,P7,FR,104833.5,123933.9,126103.7,131483.3,142465.3,149972.4,148211.8,153564.2,149390.2,154042.8,161351.2,172190.4,186113.4,202464.6,218882.9,229705.3,236906.9,241053.1,232907.9,253327.5,271159.5,277388.4,298954.8,335307.9,357793.4,410556.5,419984.5,429806.1,432715.8,458698.6,487369.7,515488.9,543703.3,550578.3,501414.8,544547.3,576511.8,578419.8,594302.9,619646.1,655705.9,680626.4,710939.9,733409.7,747609.4,656117.6,710336.8,774597.9,772529.0,763182.7,785114.4
A,CLV05_MEUR,P7,HR,,,,,,,,,,,,,,,,,,,,,7723.8,8501.3,10971.4,9790.7,9479.3,10154.3,11366.6,13428.0,14991.6,15783.9,16608.7,17976.7,19068.0,19800.1,15765.8,15291.2,15678.9,15308.4,15811.3,16354.0,17870.7,19034.2,20657.3,22189.1,23668.5,20752.8,24337.1,30855.5,29564.6,32043.6,32935.2
A,CLV05_MEUR,P7,HU,,,,,,,,,,,,,,,,,,,,,16374.9,17516.2,21724.6,26630.5,30142.4,37120.3,39275.1,42680.8,46729.8,55189.8,59589.5,68579.7,78201.8,82796.7,71037.4,77991.2,81165.2,78655.0,81920.8,90840.6,95992.4,99300.4,107660.5,115179.3,124608.3,120117.5,129377.6,143405.4,138558.0,136623.1,138278.6
A,CLV05_MEUR,P7,IE,,,,,,,,,,,,,,,,,,,,,37983.7,42862.2,49996.2,63883.0,71942.5,87544.4,99013.8,104299.6,101778.2,103716.0,116912.0,127786.9,139736.6,135843.5,133530.6,134289.6,137837.9,136439.0,148106.7,169412.5,224806.4,264125.5,275247.2,269637.9,378482.0,379199.3,344255.9,395791.1,404613.2,415481.7,454865.6
A,CLV05_MEUR,P7,IS,,,,,,,,,,,,,,,,,,,,,2426.1,2780.2,2971.5,3623.6,3745.1,4037.3,3634.6,3535.3,3897.9,4467.8,5711.1,6271.9,6130.0,4884.8,3875.2,3964.6,4233.8,4415.0,4415.2,4857.7,5488.2,6302.5,7084.0,7125.4,6475.3,5165.8,6212.5,7617.8,7470.3,7781.6,8338.1
A,CLV05_MEUR,P7,IT,,,,,,,,,,,,,,,,,,,,,237993.7,235063.7,259754.7,283597.3,296345.3,328639.3,336444.5,338559.1,341079.6,356428.7,368926.7,398773.8,420114.8,402825.7,348908.9,390717.9,391314.5,359380.8,349694.3,362329.9,385242.1,400366.9,423653.6,436206.5,431297.7,377469.3,437680.6,494057.2,484795.7,479817.5,497279.3
A,CLV05_MEUR,P7,LT,,,,,,,,,,,,,,,,,,,,,3620.8,4685.4,6049.6,6438.0,5504.0,5855.8,7010.4,8421.4,9229.6,10932.5,13081.8,14952.8,16544.9,18335.1,13081.4,15280.5,17453.0,18355.3,19422.0,19070.3,20882.4,21727.0,24159.7,25594.8,27155.2,25977.5,30958.5,34982.1,33138.2,33947.8,36815.0
A,CLV05_MEUR,P7,LU,,,,,,,,,,,,,,,,,,,,,16078.3,17334.5,20111.7,23608.9,26716.9,31226.3,33359.1,32862.4,34059.7,37157.6,39441.9,43974.4,45101.8,46085.2,41903.7,47876.3,51106.0,52005.6,55245.3,59795.4,63208.3,65579.9,66074.0,68358.6,73448.9,74513.3,84493.7,86526.2,87306.6,75431.6,76788.3
A,CLV05_MEUR,P7,LV,,,,,,,,,,,,,,,,,,,,,2799.8,3548.2,3709.1,4331.0,4105.6,4218.7,4875.4,5007.0,5597.1,6751.9,7898.0,9617.1,11292.6,10025.1,6928.0,7810.5,9573.7,10073.4,10060.5,10362.2,10467.2,10905.8,11839.7,12589.0,12844.3,12700.1,14622.8,16072.4,15261.8,14991.5,15848.8
A,CLV05_MEUR,P7,MK,,,,,,,,,,,,,,,,,,,,,,,,,,2092.4,1889.7,2050.7,1929.5,2341.6,2568.0,2809.4,3230.3,3396.0,2979.7,3288.6,3551.1,3843.7,3927.0,4482.5,4928.3,5476.6,5763.5,6382.1,7025.6,6262.6,7189.2,8166.9,7334.5,7235.0,7717.9
A,CLV05_MEUR,P7,MT,,,,,,,,,,,,,,,,,,,,,,,,,,4456.9,3777.6,3793.9,3912.7,4035.2,4277.7,4910.4,5231.0,5529.8,4814.1,5535.4,5901.7,6381.1,6218.8,6350.9,8385.8,8948.6,9768.5,11369.6,12569.8,12998.9,13417.0,15942.7,15635.2,16450.0,17171.5
A,CLV05_MEUR,P7,NL,,,,,,,,,,,,,,,,,,,,,171849.9,180921.2,200527.2,217257.5,238721.2,265814.4,272424.7,273303.1,279233.3,297250.2,313454.0,337281.3,363482.7,361001.1,332617.1,360701.9,377423.9,388343.0,399557.9,415346.8,479320.9,468528.2,504220.8,532035.3,553363.6,530463.5,565135.5,589741.2,566637.9,567140.3,580841.0
A,CLV05_MEUR,P7,NO,26917.2,30510.4,31147.8,26410.5,26552.7,27262.6,27686.0,29229.5,28324.8,29852.6,32540.2,36435.6,34061.4,33150.5,33859.7,34666.2,34793.7,35374.8,37127.8,39116.1,41285.0,44911.8,50503.1,55160.1,54285.8,55799.7,56927.4,57137.1,57563.9,62753.4,67649.1,73613.7,80658.6,84270.4,75748.4,81866.5,85110.0,87953.0,92537.7,94610.4,96475.5,98123.8,99916.9,101340.7,106913.1,96325.1,98007.4,111423.9,110092.0,115616.3,118598.9
A,CLV05_MEUR,P7,PL,,,,,,,,,,,,,,,,,,,,,33672.2,42914.5,52006.6,61675.3,62372.1,72003.7,68245.2,70094.7,76635.3,82913.7,88356.9,104345.9,120784.2,132055.4,115304.0,132264.5,139379.1,138112.9,140544.8,153478.2,162075.9,174612.0,191786.2,206261.8,212906.4,207667.6,241539.2,257963.8,254113.1,265463.3,280393.1
A,CLV05_MEUR,P7,PT,,,,,,,,,,,,,,,,,,,,,33427.2,35406.3,39055.4,44778.8,48818.7,51525.2,52050.8,51915.3,51792.5,55634.5,56857.5,61169.9,64603.9,66056.8,59778.9,64435.1,60442.8,56636.4,59302.5,64051.5,69217.6,72831.1,78678.4,82539.0,86717.9,76667.0,86065.4,95761.2,97998.6,102595.6,106998.8
A,CLV05_MEUR,P7,RO,,,,,,,,,,,,,,,,,,,,,9643.2,10513.9,11616.5,12958.0,12403.4,11392.0,14068.7,15570.0,18441.5,23040.9,27590.0,34950.9,49384.1,54914.2,43487.7,49173.8,53940.4,52873.2,57544.8,62631.5,67960.1,79233.6,88319.2,96143.9,104616.0,99168.7,113613.5,124124.3,122243.9,127192.6,133243.1
A,CLV05_MEUR,P7,RS,,,,,,,,,,,,,,,,,,,,,1999.3,3307.0,4394.6,4004.2,2618.2,3264.8,5578.5,7064.6,8222.9,10737.8,10110.4,11865.0,13819.0,15226.6,11867.3,12194.0,13260.4,13455.3,14420.9,15150.5,16188.3,17219.4,18990.9,21100.5,23178.1,22256.6,26190.4,30395.8,29969.0,32365.6,34961.9
A,CLV05_MEUR,P7,SE,,,,,,,,,,,,,,,,,,,57203.3,64562.0,69237.4,71710.4,80619.8,89465.1,94455.9,106316.6,104861.7,103862.4,107239.2,114630.6,122469.7,132474.3,144218.1,148300.9,127508.5,143034.5,152631.6,153472.8,154815.8,164883.0,174432.7,184253.6,192346.8,200390.6,204366.7,191487.7,217116.6,238396.8,236968.0,242779.2,253316.0
A,CLV05_MEUR,P7,SI,,,,,,,,,,,,,,,,,,,,,8488.6,8692.1,9708.2,10684.7,11583.3,12350.1,12797.5,13517.4,14391.3,16401.5,17604.8,19785.8,23160.7,24108.0,19675.7,21043.6,22101.5,21399.8,21778.8,22642.6,23836.5,25416.1,28128.5,30121.9,31528.2,28653.7,33748.9,36872.3,35200.9,36709.8,37486.1
A,CLV05_MEUR,P7,SK,,,,,,,,,,,,,,,,,,,,,12142.0,14148.0,15520.0,15232.4,14653.4,15565.2,18502.5,19517.3,21099.3,25861.5,29851.7,35543.9,38970.5,40582.8,32968.9,38771.6,41558.8,42477.4,44611.0,46432.6,50675.9,53030.8,55041.4,57808.7,59171.0,54494.7,60843.4,63355.0,58490.1,60011.3,62239.3
A,CLV05_MEUR,P7,TR,,,,,,,,,,,,,,,,,,,,,36556.8,43891.3,53096.9,54225.0,52472.0,63841.9,48424.0,58767.7,72485.5,87803.0,98508.6,105583.9,115825.1,112426.2,96264.4,114879.5,131556.2,132003.8,145832.8,145824.6,148936.0,153290.6,169672.1,159642.5,151093.1,161432.0,164880.6,178490.0,199998.1,191205.1,200639.8
A,CLV05_MEUR,P7,UK,,,,,,,,,,,,,,,,,,,,,,,,369502.6,396061.0,433339.0,460015.9,484259.3,493296.4,523978.4,560185.7,618030.6,598723.1,584620.9,537796.3,580397.0,589869.2,601389.3,619894.2,640655.9,675326.0,701979.2,720566.0,740162.1,760397.1,,,,,,
A,CLV05_MEUR,P7_S21,BE,,,,,,,,,,,,,,,,,,,,,80186.6,84550.7,91477.7,96202.4,99770.6,112715.2,112099.8,113254.4,114750.9,121780.3,129470.3,136106.6,143698.6,158878.9,151342.8,165374.4,173440.9,174350.7,173188.8,184491.2,183604.4,200584.3,216561.6,219988.8,225980.2,213043.4,244845.0,237889.5,227685.2,230127.2,233000.6
A,CLV05_MEUR,P7_S21,DK,,,,,,,,,,,,,,,,,,,,,,,,,,,,,,,52716.3,59838.6,63796.5,64252.6,55002.4,55723.2,59063.6,60770.4,62227.5,64234.2,67390.0,71146.0,73570.9,77251.2,79816.1,79274.3,86291.9,88774.7,92577.7,93044.0,96930.6
A,CLV05_MEUR,P7_S21,LT,,,,,,,,,,,,,,,,,,,,,,,,,,,,,,6492.1,7293.0,8805.2,10675.1,10045.9,7359.1,8252.2,9428.1,10010.3,10899.6,11130.6,12992.6,14333.7,15714.7,16449.4,17561.7,17990.4,20983.6,22459.1,23615.4,24069.3,26115.0
A,CLV05_MEUR,P7_S21,LU,,,,,,,,,,,,,,,,,,,,,12339.6,13271.0,14751.2,17136.1,18406.3,21899.7,23665.1,23417.2,24759.1,26468.8,27093.3,29120.5,29602.0,31340.2,28546.2,30393.1,31410.4,34108.4,35603.8,38385.0,40503.7,43004.6,42891.0,44554.2,47592.1,46796.5,52276.8,55855.5,56924.1,48554.0,50018.4
A,CLV05_MEUR,P7_S21,LV,,,,,,,,,,,,,,,,,,,,,,,,,,2759.1,3313.0,3445.2,3809.1,4620.7,5570.8,7067.2,8480.1,7441.1,4982.8,5567.0,7107.4,7621.5,7723.9,8115.1,7984.9,8298.2,8930.9,9478.0,9779.9,9843.7,11190.5,12842.7,12560.3,12442.7,13273.4
A,CLV05_MEUR,P7_S21,MT,,,,,,,,,,,,,,,,,,,,,,,,,,2433.7,2049.3,2060.4,2126.0,2187.9,2310.9,2657.1,2817.2,2970.8,2576.2,2972.2,3150.9,3425.8,3279.0,3407.5,4293.4,4822.6,4934.2,6016.5,6632.7,6392.2,6789.2,7975.4,8192.0,8652.3,9021.4
A,CLV05_MEUR,P7_S21,NL,,,,,,,,,,,,,,,,,,,,,98814.3,105006.2,114215.0,121180.5,128819.1,133039.3,135324.1,140131.4,142778.1,151679.7,155268.0,166456.9,185454.2,182145.8,169084.5,171594.6,178239.5,180216.3,190183.7,194368.2,222578.5,224828.5,245845.7,262886.2,280048.3,265701.8,279363.5,280453.3,286453.9,289572.7,298461.8
A,CLV05_MEUR,P7_S21,SK,,,,,,,,,,,,,,,,,,,,,8133.0,9217.7,10613.5,11048.3,10622.7,10507.8,12822.9,13739.0,15248.6,17310.6,18292.5,20582.1,21945.1,21933.0,17128.9,19207.2,20618.9,20580.5,22965.5,24489.0,27497.2,29478.5,30871.4,32704.9,35109.5,31459.7,33906.4,31829.1,32456.4,33445.3,30668.9
A,CLV05_MEUR,P7_S21,UK,,,,,,,,,,,,,,,,,,,,,,,,202234.8,218346.2,231836.1,255078.6,280132.2,279000.5,291253.6,315700.5,356425.5,329487.0,315983.7,282804.0,303181.0,310785.6,321096.7,332911.0,350978.9,370437.0,385112.3,396672.6,410004.7,410931.5,,,,,,
A,CLV05_MEUR,P7_S2111,BE,,,,,,,,,,,,,,,,,,,,,,,,,95505.3,107932.2,107386.3,108463.8,109889.5,116571.2,123863.0,130124.4,137515.3,148351.1,140161.4,151857.0,158575.1,159581.5,158623.4,168257.1,165985.1,182082.8,196717.8,200420.4,204177.9,192968.2,222421.8,215242.7,203411.0,206907.9,209313.0
A,CLV05_MEUR,P7_S2111,DK,,,,,,,,,,,,,,,,,,,,,,,,,,,,,,,38889.5,44105.2,46794.2,46974.7,40232.4,39959.2,42401.8,43920.1,45099.7,46274.5,48875.9,51196.4,52792.2,56068.6,57920.1,57173.4,62055.0,63375.7,66617.0,67414.4,70134.8
A,CLV05_MEUR,P7_S2111,LT,,,,,,,,,,,,,,,,,,,,,,,,,,,,,,4723.2,5186.5,6231.0,7425.6,6856.7,5070.7,5765.3,6602.4,6787.1,7444.5,7603.3,8943.7,9737.8,10724.5,11126.4,11908.5,12150.3,14494.0,14887.1,16265.7,16160.0,17917.8
A,CLV05_MEUR,P7_S2111,LU,,,,,,,,,,,,,,,,,,,,,12033.2,12937.5,14338.3,16596.2,17769.9,21163.5,22726.9,22702.1,24035.1,25644.9,26216.2,28095.5,28455.1,29885.2,27452.9,29170.6,30062.8,32516.3,33858.9,36443.9,38194.7,40410.1,40003.9,41477.8,44462.7,43420.2,48205.2,52063.4,53097.3,45332.7,46709.3
A,CLV05_MEUR,P7_S2111,LV,,,,,,,,,,,,,,,,,,,,,,,,,,2133.9,2599.5,2703.3,2959.5,3567.1,4317.7,5435.9,6611.4,5777.5,3851.9,4349.7,5554.0,5965.0,5984.0,6206.8,6081.8,6276.5,6913.5,7304.7,7525.6,7457.6,8541.4,9806.7,9484.7,9464.3,10092.0
A,CLV05_MEUR,P7_S2111,MT,,,,,,,,,,,,,,,,,,,,,,,,,,2262.4,1894.8,1903.8,1965.4,2019.5,2126.1,2447.0,2583.7,2715.5,2345.9,2714.2,2872.0,3116.1,2964.6,3068.9,3849.6,4303.4,4351.5,5282.8,5903.8,5563.6,5508.7,6880.4,7049.0,7269.9,7638.5
A,CLV05_MEUR,P7_S2111,NL,,,,,,,,,,,,,,,,,,,,,92197.8,97765.3,104827.8,111683.3,118505.7,118847.6,122487.2,129410.6,133391.3,139134.4,141664.0,151490.4,163393.6,158880.6,144861.6,146705.9,151386.9,151213.1,158409.6,164256.1,191328.1,193130.1,208758.2,221797.1,235610.8,225703.4,237286.2,237549.5,243443.1,245917.3,252895.3
A,CLV05_MEUR,P7_S2111,SK,,,,,,,,,,,,,,,,,,,,,3916.7,4915.3,6314.2,7243.1,7199.6,7174.5,8669.1,9274.1,10342.2,11414.8,11647.0,12792.8,13513.7,13553.8,10105.9,11418.8,12220.1,12449.7,13006.9,13789.1,15515.5,17272.1,18110.7,19130.1,18903.2,18536.1,20568.9,17932.1,17818.1,18397.0,16817.9
A,CLV05_MEUR,P7_S2111,UK,,,,,,,,,,,,,,,,,,,,,,,,186756.0,201766.9,213317.5,234652.6,258128.6,255414.7,264774.0,282964.3,315121.4,294070.6,278820.2,248220.9,263194.9,266647.4,275309.5,288896.8,306073.2,323231.8,336906.4,344550.1,353162.9,352146.7,,,,,,
A,CLV05_MEUR,P7_S2112,BE,,,,,,,,,,,,,,,,,,,,,,,,,4266.1,4783.8,4714.1,4791.6,4862.4,5209.6,5607.3,5982.2,6182.8,10516.4,11167.3,13492.9,14836.5,14740.0,14535.7,16202.6,17611.4,18480.3,19822.4,19556.9,21761.2,20054.4,22442.6,22645.3,24385.5,23315.6,23785.2
A,CLV05_MEUR,P7_S2112,DK,,,,,,,,,,,,,,,,,,,,,,,,,,,,,,,13826.8,15733.4,17002.3,17277.9,14770.0,15763.4,16661.3,16850.4,17128.2,17959.4,18514.7,19949.3,20778.1,21183.4,21896.9,22101.4,24237.4,25399.4,25960.8,25629.4,26795.7
A,CLV05_MEUR,P7_S2112,LT,,,,,,,,,,,,,,,,,,,,,,,,,,,,,,1768.9,2106.4,2574.2,3249.5,3189.3,2288.4,2486.8,2825.6,3223.4,3455.3,3527.4,4049.1,4595.9,4990.4,5323.1,5653.3,5840.1,6489.8,7571.3,7352.3,7911.6,8199.4
A,CLV05_MEUR,P7_S2112,LU,,,,,,,,,,,,,,,,,,,,,305.7,332.7,412.2,539.4,636.3,736.1,937.0,715.3,724.3,823.9,877.1,1025.0,1145.7,1449.2,1092.9,1221.1,1343.8,1584.1,1733.6,1926.2,2278.5,2552.4,2825.0,3006.2,3064.9,3293.4,3958.5,3708.8,3744.1,3153.3,3239.7
A,CLV05_MEUR,P7_S2112,LV,,,,,,,,,,,,,,,,,,,,,,,,,,625.1,713.5,741.9,849.6,1053.6,1253.2,1631.3,1868.6,1663.6,1131.0,1216.7,1552.7,1655.6,1739.9,1909.6,1904.8,2024.2,2016.8,2173.4,2254.6,2389.1,2650.8,3037.7,3094.6,2990.9,3195.1
A,CLV05_MEUR,P7_S2112,MT,,,,,,,,,,,,,,,,,,,,,,,,,,171.1,154.5,156.6,160.6,168.4,184.7,210.0,233.5,255.2,230.2,258.0,278.8,309.5,313.8,337.6,442.1,516.7,578.1,727.3,725.1,818.6,1242.9,1079.2,1125.6,1353.7,1356.5
A,CLV05_MEUR,P7_S2112,NL,,,,,,,,,,,,,,,,,,,,,6607.7,7234.7,9409.8,9512.8,10334.2,14306.6,12912.2,10735.4,9379.1,12545.1,13604.0,14966.9,22060.4,23263.8,24230.6,24895.0,26856.7,29006.1,31778.4,30116.5,31251.0,31699.5,37097.1,41105.2,44458.0,40013.0,42092.7,42921.5,43030.3,43674.8,45589.2
A,CLV05_MEUR,P7_S2112,SK,,,,,,,,,,,,,,,,,,,,,4214.7,4301.2,4298.5,3805.1,3423.3,3333.4,4154.0,4465.1,4906.6,5895.9,6645.5,7789.2,8431.3,8379.2,7023.5,7788.8,8399.4,8130.7,9961.2,10702.9,11985.0,12206.6,12761.1,13574.9,16199.8,12925.0,13341.9,13890.0,14626.8,15036.6,13839.9
A,CLV05_MEUR,P7_S2112,UK,,,,,,,,,,,,,,,,,,,,,,,,15492.9,16595.6,18527.6,20437.1,22017.2,23595.1,26486.4,32736.2,41304.6,35413.4,37162.7,34583.0,39991.2,44146.6,45795.0,44022.2,44913.1,47212.6,48213.4,52130.0,56852.4,58797.8,,,,,,
A,CLV05_MEUR,P7_S212,BE,,,,,,,,,,,,,,,,,,,,,13.5,56.4,6.4,4.9,89.2,55.6,70.5,75.1,29.1,83.7,23.2,26.3,84.8,119.7,121.3,132.4,141.0,94.3,155.4,177.4,207.2,220.6,209.3,197.4,208.5,188.9,180.1,245.4,225.3,227.2,
A,CLV05_MEUR,P7_S212,LT,,,,,,,,,,,,,,,,,,,,,,,,,,,,,,12.3,18.5,20.6,30.5,24.5,54.3,49.6,46.7,67.1,61.4,60.9,36.6,45.5,40.4,43.1,32.7,31.8,25.2,22.7,15.4,17.3,14.6
A,CLV05_MEUR,P7_S212,LU,,,,,,,,,,,,,,,,,,,,,4.9,2.6,9.0,4.9,29.7,38.6,36.1,16.0,3.2,4.3,3.5,3.3,3.4,4.9,6.0,5.3,11.3,7.0,7.1,7.9,10.2,15.0,11.2,11.6,9.1,10.1,9.3,8.7,4.5,2.9,2.9
A,CLV05_MEUR,P7_S212,NL,,,,,,,,,,,,,,,,,,,,,4.0,4.0,4.0,4.0,4.0,4.0,4.0,4.0,4.0,4.0,4.0,4.0,4.0,4.0,4.0,4.0,4.0,4.0,4.0,4.0,4.0,4.0,4.0,4.0,4.0,4.0,4.0,4.0,4.0,4.0,4.0
A,CLV05_MEUR,P7_S22,BE,,,,,,,,,,,,,,,,,,,,,54764.7,57896.0,62652.9,65724.5,67617.4,76459.3,75645.9,76473.8,77746.4,82857.8,88319.5,92881.5,98065.4,92074.4,72979.6,80543.3,86529.8,83996.4,85061.8,87780.8,99800.7,104710.3,104913.4,109059.2,107870.4,98304.5,106422.0,125760.2,108000.2,101060.4,97469.3
A,CLV05_MEUR,P7_S22,DK,,,,,,,,,,,,,,,,,,,,,,,,,,,,,,,36954.6,42333.9,44310.6,48761.2,44266.5,44851.4,49623.9,51014.8,51177.1,53789.8,55421.7,56928.4,60043.2,63988.8,65735.7,60533.5,66860.9,73493.2,73741.5,80120.5,75708.2
A,CLV05_MEUR,P7_S22,LT,,,,,,,,,,,,,,,,,,,,,,,,,,,,,,4441.8,5788.8,6147.6,5869.1,8292.0,5724.1,7029.8,8026.6,8346.5,8523.0,7939.4,7888.8,7395.3,8445.8,9145.0,9593.8,7996.7,9981.4,12511.8,9552.5,9907.3,10731.3
A,CLV05_MEUR,P7_S22,LU,,,,,,,,,,,,,,,,,,,,,3706.7,4030.2,5331.4,6439.4,8275.2,9290.8,9665.1,9418.4,9266.4,10664.6,12348.6,14854.0,15491.9,14786.1,13395.0,17551.4,19767.5,17968.9,19709.2,21478.8,22773.0,22731.2,23303.4,23944.9,25984.0,27696.7,32110.5,30798.5,30550.6,26972.4,26930.7
A,CLV05_MEUR,P7_S22,LV,,,,,,,,,,,,,,,,,,,,,,,,,,1465.4,1565.2,1563.1,1791.4,2134.5,2327.2,2549.9,2818.9,2584.8,1927.6,2217.0,2470.3,2482.4,2387.8,2325.4,2529.8,2654.2,2951.0,3153.6,3123.0,2930.7,3503.9,3369.2,2872.6,2728.2,2779.2
A,CLV05_MEUR,P7_S22,MT,,,,,,,,,,,,,,,,,,,,,,,,,,2023.2,1728.3,1733.5,1786.7,1847.2,1966.8,2253.3,2413.8,2559.0,2237.8,2563.2,2750.7,2955.3,2939.6,2943.4,4091.8,4126.5,4832.9,5353.3,5937.2,6603.2,6626.4,7964.5,7445.6,7800.8,8153.1
A,CLV05_MEUR,P7_S22,NL,,,,,,,,,,,,,,,,,,,,,73041.2,75923.3,86314.5,96072.2,109893.3,132770.2,137095.1,133168.6,136451.7,145566.8,158186.0,170824.2,178027.2,178854.6,163533.0,189108.0,199184.1,208121.0,209378.2,220977.8,256738.7,243725.1,258419.0,269210.3,273405.7,264841.6,285842.6,309318.3,280463.5,277882.4,282699.8
A,CLV05_MEUR,P7_S22,SK,,,,,,,,,,,,,,,,,,,,,4011.0,4932.2,4909.4,4188.0,4034.4,5058.9,5682.3,5781.6,5855.3,8552.9,11559.2,14961.8,17025.5,18649.5,15840.3,19565.7,20941.2,21898.4,21645.7,21943.0,23177.2,23551.7,24173.1,25110.7,24097.3,23051.3,26931.3,31437.6,26022.6,26557.6,31514.4
A,CLV05_MEUR,P7_S22,UK,,,,,,,,,,,,,,,,,,,,,,,,167027.7,177358.6,201370.6,204801.1,203910.2,214207.1,232946.9,244485.2,261605.1,268802.4,268129.1,254150.0,276275.0,278242.4,279779.8,286644.0,289937.5,305198.2,317191.3,324314.3,330773.3,349288.3,,,,,,
A,CLV05_MNAC,P6,AL,,,,,,,,,,,,,,,,,,,,,30948.5,35771.1,29234.1,39125.0,67724.2,94056.2,108593.7,112451.4,125690.5,148923.0,185062.0,216388.2,257744.7,245822.6,257404.6,306809.7,327286.5,328247.4,333463.2,332897.6,325398.9,350040.6,395422.2,413082.9,423327.9,305957.7,465353.6,544661.4,591252.3,591901.1,
A,CLV05_MNAC,P6,AT,,,,,,,,,,,,,,,,,,,,,63483.8,66428.5,73754.1,79544.9,84662.8,96113.1,101659.8,106017.2,106580.6,115811.7,123530.6,132889.5,142951.7,146054.7,125069.4,141492.3,149890.4,152045.4,153007.4,157376.2,162139.3,166991.9,175173.8,184196.9,191629.7,171529.9,187839.2,205582.0,204288.5,199606.2,200195.6
A,CLV05_MNAC,P6,BA,,,,,,,,,,,,,,,,,,,,,,,,,,2782.7,2943.7,2791.3,3156.9,3708.6,4291.9,5097.6,5728.8,5794.4,5610.4,6390.2,6687.0,6694.2,7220.1,7520.7,8256.4,9029.9,10097.3,10832.2,10886.8,9271.0,11624.3,12994.6,12832.5,12625.6,
A,CLV05_MNAC,P6,BE,,,,,,,,,,,,,,,,,,,,,138097.3,144967.8,158726.0,165293.7,173309.2,194794.3,195534.9,202277.7,205545.2,218275.4,230304.7,243433.6,256666.7,261306.2,231761.6,255945.4,268283.5,266488.9,267236.1,281452.5,291781.0,309709.5,326794.0,331842.9,341587.6,321236.3,368303.2,379540.6,352399.5,346409.5,344236.7
A,CLV05_MNAC,P6,BG,,,,,,,,,,,,,,,,,,,,,8187.1,10639.3,11394.3,9415.3,7746.6,6417.3,6495.2,7070.5,7527.5,9372.3,10223.9,11007.4,13167.3,13493.6,11912.7,13227.8,14888.4,15191.8,16655.1,17163.4,18275.4,19849.4,20989.4,21353.2,22206.5,20072.7,22396.0,25098.2,25098.3,25543.6,24999.6
A,CLV05_MNAC,P6,CH,,,,,,,,,,,,,,,,,,,,,176273.5,182576.5,210209.2,215248.4,223202.1,250601.3,250397.0,245507.5,241929.2,265529.3,282119.8,301239.7,335504.9,349958.7,320983.9,361258.0,376140.3,377564.6,429944.8,409650.7,425438.8,450391.6,446750.1,463464.5,460996.9,437399.3,497017.1,531980.1,517878.6,526710.7,552025.4
A,CLV05_MNAC,P6,CY,,,,,,,,,,,,,,,,,,,,,6487.7,6903.7,6902.2,7304.1,7481.7,8137.9,8281.2,7991.3,7759.7,8007.3,8254.9,8445.0,8897.9,8847.6,8435.8,8969.7,9599.0,9543.8,9650.9,10258.1,11173.6,11980.4,13296.1,14256.1,15499.9,15753.5,20031.4,25537.6,25121.7,26649.1,27913.7
A,CLV05_MNAC,P6,CZ,,,,,,,,,,,,,,,,,,,,,755901.7,774846.0,833454.6,913783.5,961040.4,1103066.4,1207106.8,1218097.5,1325538.9,1718934.3,2030936.0,2321065.1,2577056.4,2685611.0,2421694.7,2776654.8,3031066.2,3160831.1,3169005.2,3445543.4,3649234.7,3800219.7,4070140.0,4212667.2,4267919.3,3904457.9,4222791.8,4440223.3,4544478.2,4613794.7,4793832.9
A,CLV05_MNAC,P6,DE,,,,,,,,,,,,,,,,,393923.8,392571.4,362695.2,390850.1,416177.3,440152.1,493511.3,530641.4,557689.9,633179.7,667850.9,694653.4,706087.5,784651.0,836166.0,935999.4,1016038.2,1031775.5,882148.4,1006571.2,1086118.3,1114273.3,1119560.0,1168124.3,1225049.0,1249392.6,1297588.0,1330783.8,1358324.1,1229475.1,1354635.6,1407380.1,1387462.6,1358815.9,1352791.4
A,CLV05_MNAC,P6,DK,,,,,,,,,,,,,,,,,,,,,445570.3,466340.3,487371.8,507364.9,564573.2,635782.5,657131.6,685732.0,677443.0,697938.2,753301.6,831142.9,861378.1,894712.5,812707.5,837301.0,899652.0,910982.9,923642.1,951529.5,982285.4,1018254.3,1067189.0,1103517.3,1152260.4,1078979.2,1162458.4,1239009.6,1335440.6,1430383.7,1473905.8
A,CLV05_MNAC,P6,EA,,,,,,,,,,,,,,,,,,,,,1634697.3,1715461.6,1902374.8,2040819.4,2153568.9,2433467.8,2564355.2,2615593.4,2633310.1,2838174.3,2980132.4,3224377.7,3458564.8,3491859.6,3101138.8,3438328.6,3666751.5,3744288.4,3825308.2,4006911.8,4298807.2,4432277.3,4677821.3,4835101.8,4991462.8,4559699.4,5078158.5,5445905.1,5407783.3,5436172.4,5547546.6
A,CLV05_MNAC,P6,EA12,,,,,,,,,,,,,,,,,,,,,1653290.2,1734784.5,1925882.9,2065481.9,2183510.0,2469997.1,2564355.2,2615593.4,2633310.1,2838174.3,2980132.4,3224377.7,3435925.7,3453951.1,3033832.4,3360838.1,3570535.2,3642002.6,3718731.2,3885834.2,4148941.1,4273944.7,4506663.6,4652933.3,4801260.8,4375541.6,4867943.7,5217118.4,5156875.6,5180654.6,5283905.1
A,CLV05_MNAC,P6,EA19,,,,,,,,,,,,,,,,,,,,,1692650.5,1775881.6,1971733.6,2113455.6,2232433.2,2523449.5,2621554.5,2676437.1,2698487.1,2911797.4,3063151.7,3320066.5,3542677.5,3565198.8,3127940.1,3470114.3,3692706.7,3773389.3,3856044.1,4027626.1,4298807.2,4432277.3,4677821.3,4835101.8,4991462.8,4559699.4,5078158.5,5445905.1,5380055.5,5407981.6,5519124.3
A,CLV05_MNAC,P6,EA20,,,,,,,,,,,,,,,,,,,,,1699509.8,1783680.0,1980126.1,2121933.7,2241090.0,2533299.3,2632289.4,2687667.0,2710423.1,2924615.6,3076560.6,3334541.0,3557861.8,3580034.6,3140707.0,3483831.3,3706667.9,3787072.4,3870090.7,4042743.9,4315535.7,4450256.4,4697080.6,4855061.6,5012892.8,4575708.8,5099934.1,5474041.9,5407783.3,5436172.4,5547546.6
A,CLV05_MNAC,P6,EA21,,,,,,,,,,,,,,,,,,,,,1706234.7,1791987.3,1989150.8,2130307.2,2248526.6,2539937.6,2639042.6,2694943.9,2718099.8,2934008.0,3086784.7,3345548.6,3571231.6,3593790.1,3152876.0,3497347.2,3722157.1,3802868.6,3887917.0,4061024.3,4334982.5,4471747.3,4719819.1,4878054.4,5036874.0,4597294.8,5124029.5,5501638.1,5435581.6,5464652.0,5574822.5
A,CLV05_MNAC,P6,EE,,,,,,,,,,,,,,,,,,,,,3218.6,3301.4,4140.9,4685.8,4708.1,4380.8,4658.3,4789.7,5276.9,6189.4,7422.5,8129.8,9155.4,9237.6,7361.6,9144.4,11354.8,11902.8,12236.1,12559.2,12370.1,12967.1,13593.6,13987.3,14691.5,14086.6,17409.1,18360.4,16682.0,16431.6,17246.2
A,CLV05_MNAC,P6,EL,,,,,,,,,,,,,,,,,,,,,18172.3,18851.3,23228.9,24307.5,30000.2,36809.5,37242.8,34519.9,34425.2,39980.6,40887.9,43107.4,47032.4,49159.8,40671.1,42532.8,42767.6,43639.7,44405.8,48082.1,50598.5,50398.7,54634.8,59679.6,62568.4,49104.9,61072.7,64854.7,66254.6,66896.2,68000.8
A,CLV05_MNAC,P6,ES,,,,,,,,,,,,,,,,,,,,,123088.5,135383.3,154864.8,167452.4,180889.7,199737.0,207617.4,210598.4,217971.3,227303.6,231479.0,242316.9,260891.7,258564.1,230652.0,251361.4,271987.9,274558.7,286336.1,299238.2,312260.2,329098.8,347551.9,353325.2,361327.2,288703.9,327355.8,373916.5,382030.0,394082.4,408146.2
A,CLV05_MNAC,P6,EU27_2020,,,,,,,,,,,,,,,,,,,,,1926935.4,2024873.1,2247930.3,2411429.1,2548535.2,2882407.3,2994176.8,3063042.9,3106148.0,3365039.2,3560597.2,3877849.3,4148712.3,4198335.8,3697707.4,4100176.1,4372020.2,4464477.8,4570918.1,4783780.8,5097187.8,5278716.3,5577600.0,5777045.0,5979667.1,5489437.8,6108438.7,6556369.1,6544389.2,6598179.5,6748331.1
A,CLV05_MNAC,P6,FI,,,,,,16698.9,17667.9,17337.5,18087.8,19268.8,19391.3,19888.9,20550.9,21276.0,21635.6,21939.9,20207.8,22304.4,26022.2,29479.6,32059.3,33907.0,38663.0,42093.2,46864.7,54412.2,55403.7,57611.1,57029.8,62015.2,66325.0,72833.5,79378.9,84618.9,67599.3,71775.0,73230.0,73403.1,74256.5,72925.8,73103.7,76164.5,83040.4,84463.4,90246.8,82574.8,87515.4,91394.7,90150.5,91735.8,94866.6
A,CLV05_MNAC,P6,FR,107439.3,116448.8,125479.7,133535.6,142211.5,146177.1,153214.4,150983.2,158118.8,168894.0,172441.7,171228.7,176358.0,191522.0,210464.2,217974.5,232118.7,245749.8,246475.9,266461.2,289454.3,300981.9,339562.4,368716.9,387194.6,436248.3,448863.6,458158.7,451891.5,476048.1,496255.3,522760.7,537654.2,540805.2,484236.6,525606.7,559914.1,574697.2,589651.8,605828.1,633244.0,646618.4,675111.5,700544.9,715105.4,596598.3,664167.4,724498.7,742394.1,761142.0,770889.7
A,CLV05_MNAC,P6,HR,,,,,,,,,,,,,,,,,,,,,6650.2,7763.8,8283.6,8265.6,8385.3,9554.1,10489.8,10998.7,11727.9,12591.8,13170.9,14217.7,14922.2,14601.4,12587.7,13571.0,13879.2,13670.4,14026.3,15046.7,16587.6,17756.8,18990.7,19675.1,21021.5,16145.5,21431.9,27220.9,26828.6,27248.5,27505.5
A,CLV05_MNAC,P6,HU,,,,,,,,,,,,,,,,,,,,,4022839.6,4392023.0,5391526.0,6222545.5,6953451.2,8686592.0,9446110.9,9981002.9,10599548.5,12513129.3,14112626.0,16868728.9,19591981.8,20904316.6,18663988.5,20738963.0,22069150.7,21693645.1,22578469.0,24656157.1,26471533.5,27478039.6,29258542.5,30718688.2,32395018.6,30404427.2,32909876.7,36443196.3,37104527.1,36917363.6,36517622.4
A,CLV05_MNAC,P6,IE,,,,,,,,,,,,,,,,,,,,,44378.8,49891.4,58646.5,72000.6,83356.4,101017.7,115168.4,122626.6,120544.6,128404.6,135441.0,143636.9,156422.6,150473.2,157468.0,166887.5,172075.6,170660.8,188694.9,216043.9,301222.7,317205.9,352155.3,369215.4,409924.1,465496.7,526669.8,590006.1,566846.0,615410.9,675173.9
A,CLV05_MNAC,P6,IS,,,,,,,,,,,,,,,,,,,,,201615.2,217926.6,228356.3,231709.2,239109.1,248632.0,265368.8,274840.6,277203.3,300099.2,322232.5,307679.3,380335.9,393623.6,424933.0,428129.5,440607.9,454387.6,482683.8,500867.9,543015.2,609511.8,638891.4,652976.9,623857.8,434528.0,488381.2,615684.7,639523.1,625482.4,631680.8
A,CLV05_MNAC,P6,IT,,,,,,,,,,,,,,,,,,,,,280992.4,285233.2,299298.1,306933.5,303775.1,340352.5,349426.9,339485.6,335289.0,355920.9,367450.6,397522.8,422281.0,408432.9,335603.2,374371.6,392838.8,400039.6,401030.9,411219.2,427609.0,437606.7,461095.4,470914.9,476688.5,411337.5,469276.5,515603.6,514653.7,512343.2,518691.1
A,CLV05_MNAC,P6,LT,,,,,,,,,,,,,,,,,,,,,3693.1,4647.6,5759.4,5978.0,4852.6,5533.0,6864.9,8250.9,8999.5,9651.1,11566.2,13047.5,13464.1,15028.3,12973.1,15098.3,17294.6,19170.6,20564.3,20189.5,20678.6,21697.5,24633.5,26318.4,28961.1,28980.8,33787.3,37742.4,36486.6,37434.7,39017.3
A,CLV05_MNAC,P6,LU,,,,,,,,,,,,,,,,,,,,,20061.6,21301.3,24171.5,28095.9,31470.7,36823.9,39186.9,39148.3,40238.0,43952.8,46579.5,52598.8,55296.2,55115.0,51122.8,56315.0,58786.2,59737.9,63511.1,67649.6,71126.3,74902.3,74732.4,77369.0,82040.7,83601.2,93083.2,94451.7,94974.1,83406.9,84378.2
A,CLV05_MNAC,P6,LV,,,,,,,,,,,,,,,,,,,,,2340.2,2775.5,3129.3,3276.9,3068.9,3510.7,3815.2,4003.2,4167.9,4746.8,5870.7,6308.1,7186.3,7359.3,6405.9,7278.2,8185.1,8961.5,9020.5,9612.3,9906.0,10291.6,10956.0,11434.0,11368.8,11335.0,12365.6,13777.8,12810.4,12824.2,12833.7
A,CLV05_MNAC,P6,MK,,,,,,,,,,,,,,,,,,,,,,,,,,94845.8,81383.9,77427.8,77687.4,91041.4,107363.2,120390.5,136992.5,130598.0,112457.3,139086.7,161532.1,164685.3,174721.1,203513.9,220762.9,240811.1,260911.3,294320.5,320446.6,285416.4,326168.6,360743.8,349961.9,336112.3,356694.3
A,CLV05_MNAC,P6,MT,,,,,,,,,,,,,,,,,,,,,,,,,,4163.1,3654.3,3955.3,3734.3,3752.1,3815.8,4698.6,5028.0,5339.4,4699.6,5529.7,6030.8,6484.7,6638.0,7042.4,8735.4,9440.1,10949.8,12394.2,13285.6,13788.8,14413.6,16089.9,16920.3,17984.5,18802.8
A,CLV05_MNAC,P6,NL,,,,,,,,,,,,,,,,,,,,,205508.9,213846.2,234446.9,249859.2,272449.9,305480.0,309918.2,311578.9,317207.0,343203.4,362770.0,388981.2,410126.8,416985.3,380743.2,417595.0,441339.5,457735.4,471547.5,495828.5,537334.0,547882.8,585840.3,614673.9,631619.7,607422.2,649085.1,677741.9,657465.4,656440.5,672395.9
A,CLV05_MNAC,P6,NO,215841.0,243097.8,248967.5,275164.8,281045.8,293764.3,299058.8,300391.3,321691.8,346306.9,371639.5,379898.9,383506.8,407298.5,452802.1,489490.6,519808.6,544273.3,561208.0,607813.3,640554.0,705087.3,759482.7,769440.1,792105.4,823027.2,860729.3,855718.3,852869.9,862740.8,867554.0,862600.1,870981.4,882114.8,844893.2,848780.8,845350.4,863383.7,849892.9,882838.9,917894.2,918468.7,932864.8,920181.6,941006.9,918126.5,971482.0,1018673.8,1028170.2,1087784.2,1113792.7
A,CLV05_MNAC,P6,PL,,,,,,,,,,,,,,,,,,,,,140410.4,156321.2,175394.5,200376.9,195338.6,241452.6,248828.6,260837.0,297562.1,311594.1,342939.0,395290.2,435517.3,465971.2,437847.2,492970.9,531151.5,551972.7,579905.3,611786.1,652217.2,710650.9,775263.3,827650.7,871826.1,862448.2,968556.7,1040284.6,1078949.0,1100531.7,1149847.9
A,CLV05_MNAC,P6,PT,,,,,,,,,,,,,,,,,,,,,27047.7,28590.5,30677.5,33160.7,34322.8,37253.4,38117.6,39382.4,41336.0,42824.8,42942.7,48297.2,51425.4,51209.2,46053.1,50279.7,53740.6,55400.4,59422.3,61979.5,65854.6,68957.5,74743.4,77955.0,81076.6,66211.5,74179.8,86903.7,90647.0,93579.8,93968.2
A,CLV05_MNAC,P6,RO,,,,,,,,,,,,,,,,,,,,,38329.8,40662.4,45203.8,44482.0,47736.1,38868.5,44411.3,52117.3,56464.3,64450.5,70382.2,78667.1,95107.9,108185.9,102036.8,117975.5,132264.9,133666.9,161381.8,175157.3,183185.1,213116.8,229665.7,241751.0,254706.5,230609.0,259751.7,283927.1,280099.4,273110.2,283829.4
A,CLV05_MNAC,P6,RS,,,,,,,,,,,,,,,,,,,,,59206.4,132186.0,199706.2,258629.4,149474.9,170170.4,262056.2,312739.2,400477.4,440129.4,521796.5,558824.4,575032.9,647245.9,572600.0,669145.4,706809.9,727006.7,858160.7,894781.9,975691.4,1081901.2,1166979.4,1272510.8,1364791.8,1302212.6,1568222.3,1835311.2,1885388.0,1983248.6,2094966.7
A,CLV05_MNAC,P6,SE,,,,,,,,,,,,,,,,,,,535369.1,608179.9,676545.0,705608.4,803204.9,874622.8,936274.7,1046380.0,1051881.1,1069103.0,1114381.0,1239411.7,1326914.0,1437264.3,1500662.8,1515730.4,1299239.0,1442812.5,1540580.2,1551489.0,1549521.4,1610241.3,1692209.1,1744015.3,1801513.5,1880090.9,2010846.2,1901699.5,2121498.9,2249923.5,2307588.7,2367902.6,2461023.3
A,CLV05_MNAC,P6,SI,,,,,,,,,,,,,,,,,,,,,8153.7,8396.0,9372.8,10106.0,10308.6,11606.7,12440.3,13408.5,13832.2,15636.3,17413.2,19872.4,22626.3,23572.8,19675.6,21706.7,23158.9,23331.8,23984.1,25382.5,26760.9,28481.7,31634.7,33582.0,35086.7,32093.5,36625.6,39349.5,38597.0,39498.6,39618.4
A,CLV05_MNAC,P6,SK,,,,,,,,,,,,,,,,,,,,,14468.1,14137.2,16107.9,15740.2,17331.2,18748.1,20815.6,22357.1,26766.6,32422.2,36515.5,44849.7,51331.9,52876.0,44223.6,52200.1,57466.9,62759.6,66137.1,68320.4,72933.7,76509.3,79295.5,83638.0,84772.6,79385.0,87848.3,90280.6,89673.2,89693.3,93265.6
A,CLV05_MNAC,P6,TR,,,,,,,,,,,,,,,,,,,,,60148.9,72351.0,84723.4,93887.9,84518.4,100667.1,105737.3,114734.6,123847.7,139221.3,151063.1,160019.3,171394.3,178086.6,172466.6,176469.6,200071.9,230131.3,240994.4,257935.0,270976.0,265025.8,298023.4,326411.9,341667.4,285590.6,357232.5,394732.7,385752.3,386033.2,384802.7
A,CLV05_MNAC,P6,UK,,,,,,,,,,,,,,,,,,,,,,,,261200.2,268512.6,292497.3,298897.5,302129.2,309164.7,323563.0,349105.0,393517.7,385597.8,387108.9,354639.3,375290.8,402402.9,404983.7,408447.6,409410.0,420871.1,432406.7,455791.0,469602.2,482084.0,,,,,,
A,CLV05_MNAC,P6_S21,BE,,,,,,,,,,,,,,,,,,,,,91274.5,95869.0,105002.7,109268.8,114464.6,128684.3,128954.7,133671.5,135977.1,144594.5,152534.0,161360.7,169938.1,173916.6,153129.8,162764.1,167513.0,164543.9,164285.2,171687.3,179153.5,189147.1,200306.6,205833.0,213418.1,201317.9,225354.9,223915.4,209107.1,210115.9,216796.9
A,CLV05_MNAC,P6_S21,DK,,,,,,,,,,,,,,,,,,,,,,,,,,,,,,,408055.7,441567.9,453317.5,461140.0,407141.7,410935.5,429397.5,414955.6,433655.8,443652.0,452875.7,476214.8,490437.5,494297.4,510351.3,477074.6,514320.2,548876.7,621797.9,623912.2,650880.2
A,CLV05_MNAC,P6_S21,LT,,,,,,,,,,,,,,,,,,,,,,,,,,,,,,5545.7,6661.0,7420.4,7973.4,8448.1,7874.0,8624.1,10020.9,10630.9,11123.5,11576.1,13020.2,13538.8,15233.5,16571.6,18295.4,18608.2,21983.8,25722.5,24969.3,26175.9,27832.8
A,CLV05_MNAC,P6_S21,LU,,,,,,,,,,,,,,,,,,,,,14928.2,15751.9,17462.7,20037.9,22291.1,26052.8,27605.2,28600.3,29579.5,32209.1,33149.9,36409.4,37883.1,37908.7,35338.7,35571.9,36764.2,38952.9,41020.2,42963.4,44453.9,47828.7,46595.7,48834.2,51571.8,52841.9,58776.8,60452.4,61490.8,54500.7,55272.7
A,CLV05_MNAC,P6_S21,LV,,,,,,,,,,,,,,,,,,,,,,,,,,1585.8,1869.5,2068.1,2224.2,2661.4,3494.1,3815.2,4371.9,4440.2,3879.6,4326.2,4942.5,5282.2,5369.1,5932.9,6196.9,6533.5,6812.2,7285.3,7533.7,7482.4,8432.6,9319.7,8792.4,8876.1,9150.9
A,CLV05_MNAC,P6_S21,MT,,,,,,,,,,,,,,,,,,,,,,,,,,2499.1,2191.9,2380.6,2241.1,2254.2,2288.8,2819.1,3024.7,3202.7,2823.6,3321.3,3611.4,3892.0,3990.9,4227.5,5219.7,5705.3,6530.6,7512.1,8100.1,8816.3,8990.3,9444.4,10753.3,11322.6,12134.3
A,CLV05_MNAC,P6_S21,NL,,,,,,,,,,,,,,,,,,,,,137834.0,142745.6,154276.5,164849.9,179767.6,199146.7,202142.4,199304.4,202160.1,223529.4,233758.0,251507.0,265533.7,271946.6,245953.1,262012.1,279579.9,282811.6,291147.0,304511.3,321714.9,333456.5,358629.8,383830.1,390226.9,363274.2,398893.6,422902.0,407079.9,399905.9,413083.9
A,CLV05_MNAC,P6_S21,SK,,,,,,,,,,,,,,,,,,,,,12104.2,11796.0,13521.1,13778.0,15256.8,16522.4,18391.0,19555.9,22545.5,27286.1,30849.8,37379.9,42189.6,42778.6,36048.0,42294.6,46695.2,50131.2,51712.4,53865.9,57918.1,60666.3,63376.8,66951.8,68043.0,63730.6,71993.8,74728.5,71333.9,73116.6,71876.9
A,CLV05_MNAC,P6_S21,UK,,,,,,,,,,,,,,,,,,,,,,,,141320.4,146516.9,158096.4,164593.9,168089.6,164761.6,168356.7,180428.0,216117.6,195992.8,191603.5,171656.6,178742.4,188094.8,181819.8,180584.2,182344.7,187331.6,194905.6,208159.1,214751.7,208151.9,,,,,,
A,CLV05_MNAC,P6_S2111,BE,,,,,,,,,,,,,,,,,,,,,,,,,104628.4,117633.0,117830.5,122203.7,124344.5,132269.3,139525.4,147629.0,155432.5,157310.3,138977.1,147435.4,150991.8,147982.5,147164.6,153214.3,159101.9,167563.3,177296.7,182646.6,187822.2,176008.8,198136.5,194345.0,179730.7,181344.8,186640.8
A,CLV05_MNAC,P6_S2111,DK,,,,,,,,,,,,,,,,,,,,,,,,,,,,,,,289327.2,306063.2,308533.8,316427.5,279173.6,277903.6,289211.1,275717.1,296332.7,306699.7,313557.2,329103.8,337715.5,340651.9,352370.9,340106.4,363725.7,391732.4,451068.0,452951.2,466125.5
A,CLV05_MNAC,P6_S2111,LT,,,,,,,,,,,,,,,,,,,,,,,,,,,,,,4230.4,5032.1,5498.6,5951.2,6197.7,5801.9,6288.2,7607.5,8131.7,8148.6,8167.3,9093.6,9361.3,10773.0,11773.2,13385.2,13787.3,15866.3,18905.0,18454.4,19251.5,20362.1
A,CLV05_MNAC,P6_S2111,LU,,,,,,,,,,,,,,,,,,,,,14149.5,14960.1,16526.3,18845.1,21120.3,24679.8,26105.7,26908.5,27741.8,30241.0,31064.6,33970.6,35145.7,35245.0,32962.5,33031.8,34099.3,35954.9,37789.0,39552.5,40806.2,43923.0,42703.3,44702.5,47187.7,48270.7,53748.5,55538.6,56626.6,50314.1,50987.5
A,CLV05_MNAC,P6_S2111,LV,,,,,,,,,,,,,,,,,,,,,,,,,,1105.6,1294.4,1432.0,1512.8,1811.1,2496.2,2985.7,3377.3,3466.5,3041.1,3322.5,3739.9,3944.2,3967.7,4491.7,4692.6,4917.2,5039.0,5379.1,5717.1,5667.2,6540.4,7329.1,6929.2,6959.9,7236.0
A,CLV05_MNAC,P6_S2111,MT,,,,,,,,,,,,,,,,,,,,,,,,,,2311.5,2021.0,2195.6,2066.1,2072.9,2097.5,2581.9,2766.3,2914.6,2561.2,3018.7,3283.7,3541.8,3616.7,3816.6,4687.3,5123.8,5848.3,6737.7,7220.6,8000.5,8132.0,8498.1,9752.9,10238.7,11045.8
A,CLV05_MNAC,P6_S2111,NL,,,,,,,,,,,,,,,,,,,,,128176.5,132635.6,141962.6,151336.8,163876.2,181105.7,185088.5,182378.5,186840.1,200817.6,208527.0,231538.9,230474.3,235091.9,215360.6,231951.1,247509.9,248579.6,251039.3,260883.8,272764.0,281160.5,305925.7,328604.7,333725.5,308940.8,338142.4,362781.2,348046.8,341166.8,351495.2
A,CLV05_MNAC,P6_S2111,SK,,,,,,,,,,,,,,,,,,,,,5442.8,5846.4,7594.3,8648.0,10031.5,10798.9,12096.8,13112.2,15797.4,18427.3,19876.8,23730.3,26768.8,26121.8,21868.5,25095.0,26953.8,28557.8,29588.5,31745.7,34512.8,36722.3,38233.9,40896.5,41647.3,39052.1,42256.4,42591.9,40824.2,41154.1,40565.5
A,CLV05_MNAC,P6_S2111,UK,,,,,,,,,,,,,,,,,,,,,,,,127771.0,133213.6,143449.1,149505.6,152314.1,149056.0,151672.9,162381.0,192663.0,175335.6,170900.2,153025.3,158155.3,166598.1,161560.3,159403.2,160287.9,165270.9,171688.4,184666.1,190159.2,184223.0,,,,,,
A,CLV05_MNAC,P6_S2112,BE,,,,,,,,,,,,,,,,,,,,,,,,,9836.2,11051.3,11124.4,11468.0,11632.6,12325.2,13008.6,13731.6,14505.6,16606.9,14153.5,15327.7,16515.0,16554.6,17113.8,18464.0,20035.4,21556.2,22976.3,23160.6,25551.8,25252.4,27173.4,29544.9,29435.2,28816.3,30207.3
A,CLV05_MNAC,P6_S2112,DK,,,,,,,,,,,,,,,,,,,,,,,,,,,,,,,118728.5,135504.7,144789.8,144716.6,127971.7,133050.2,140208.7,139283.5,137319.4,136929.5,139292.8,147086.9,152705.6,153627.0,157956.7,136879.6,150518.5,157021.4,170467.9,170694.6,184550.1
A,CLV05_MNAC,P6_S2112,LT,,,,,,,,,,,,,,,,,,,,,,,,,,,,,,1315.1,1628.9,1921.8,2022.2,2250.3,2072.1,2335.4,2414.6,2500.7,2974.7,3407.2,3924.6,4175.3,4457.6,4795.2,4907.5,4817.9,6115.1,6814.1,6510.5,6921.5,7469.8
A,CLV05_MNAC,P6_S2112,LU,,,,,,,,,,,,,,,,,,,,,780.1,793.7,937.8,1192.8,1172.5,1375.0,1501.2,1692.2,1837.5,1968.0,2085.4,2438.8,2737.4,2663.5,2375.8,2540.6,2665.4,2999.2,3232.5,3412.1,3648.2,3906.6,3892.4,4131.2,4383.3,4569.8,5027.1,4913.8,4865.2,4188.5,4287.3
A,CLV05_MNAC,P6_S2112,LV,,,,,,,,,,,,,,,,,,,,,,,,,,479.8,575.0,636.0,712.3,851.3,997.9,829.5,993.3,973.5,838.8,1001.8,1198.6,1331.8,1393.6,1436.4,1499.3,1610.0,1763.3,1895.3,1811.3,1809.3,1895.2,2002.2,1875.2,1924.3,1929.8
A,CLV05_MNAC,P6_S2112,MT,,,,,,,,,,,,,,,,,,,,,,,,,,187.5,170.8,185.1,175.0,181.3,191.3,237.2,258.4,288.2,262.4,302.6,327.7,350.3,374.1,410.6,531.8,580.8,681.2,773.4,877.6,816.7,858.5,945.7,1001.3,1084.3,1090.4
A,CLV05_MNAC,P6_S2112,NL,,,,,,,,,,,,,,,,,,,,,9598.3,10052.4,12296.5,13505.0,15911.2,18070.9,17058.1,16932.4,15308.6,22712.6,25231.0,19968.1,35095.2,36895.4,30612.1,30099.0,32110.1,34274.0,40165.7,43691.8,49022.2,52371.0,52782.0,55308.0,56585.8,54412.6,60837.6,60207.2,59123.6,58830.7,61687.5
A,CLV05_MNAC,P6_S2112,SK,,,,,,,,,,,,,,,,,,,,,6652.8,5942.1,5921.5,5127.5,5223.8,5721.7,6292.5,6443.2,6747.8,8858.6,10973.1,13649.6,15420.8,16656.7,14179.6,17200.6,19743.5,21576.0,22126.4,22121.4,23405.7,23933.2,25136.7,26029.2,26365.9,24648.9,29776.0,32222.4,30585.6,32066.7,31409.6
A,CLV05_MNAC,P6_S2112,UK,,,,,,,,,,,,,,,,,,,,,,,,13552.6,13302.6,14647.4,15088.7,15775.8,15706.3,16684.3,18047.0,23454.2,20658.5,20704.4,18632.4,20585.4,21495.3,20258.7,21178.7,22053.5,22059.9,23214.1,23498.6,24595.5,23931.3,,,,,,
A,CLV05_MNAC,P6_S212,BE,,,,,,,,,,,,,,,,,,,,,1472.1,1462.2,1468.9,1396.7,1249.5,1281.5,1467.7,1736.0,1223.4,1549.6,1753.7,2136.7,2356.4,2203.5,2314.6,2120.0,2231.4,2343.9,2418.8,2314.2,2534.8,2928.7,3039.7,3159.8,3432.7,3315.4,2626.1,2720.5,2490.5,2783.9,
A,CLV05_MNAC,P6_S212,IE,,,,,,,,,,,,,,,,,,,,,5.4,6.1,7.1,8.7,10.1,12.2,17.0,13.9,12.6,16.8,22.2,22.9,25.3,22.7,20.6,20.7,22.1,21.1,22.0,24.3,28.2,26.7,32.6,27.1,28.3,22.1,43.3,52.0,0.2,43.0,
A,CLV05_MNAC,P6_S212,LT,,,,,,,,,,,,,,,,,,,,,,,,,,,,,,4.9,11.4,12.3,13.7,17.6,12.6,10.8,11.9,13.1,14.3,17.6,23.5,18.2,16.0,17.9,19.8,19.3,22.1,29.4,25.6,19.4,23.0
A,CLV05_MNAC,P6_S212,LU,,,,,,,,,,,,,,,,,,,,,417.2,482.9,475.5,485.9,369.3,379.9,418.4,448.0,505.1,496.6,450.1,472.1,572.6,577.5,594.1,507.1,499.8,490.7,447.0,473.2,468.8,539.4,532.7,575.0,574.7,677.5,747.4,756.4,731.9,589.0,594.3
A,CLV05_MNAC,P6_S212,LV,,,,,,,,,,,,,,,,,,,,,,,,,,0.2,1.1,0.3,0.4,4.0,7.4,7.5,8.9,7.4,4.2,4.8,5.6,5.8,5.0,6.9,7.7,7.9,6.8,7.2,6.4,5.9,10.4,11.5,7.3,8.0,9.2
A,CLV05_MNAC,P6_S212,NL,,,,,,,,,,,,,,,,,,,,,98.6,105.3,117.9,125.4,137.9,146.3,151.3,153.0,153.0,156.3,163.0,170.5,181.4,190.6,183.9,193.1,208.1,218.2,233.2,261.6,307.6,294.2,321.0,351.1,372.0,344.4,351.9,393.7,397.1,407.1,409.6
A,CLV05_MNAC,P6_S212,SE,,,,,,,,,,,,,,,,,,,963.6,990.0,981.4,1005.1,1158.2,1283.0,1204.2,1284.3,1014.1,901.4,1434.6,1493.2,2395.1,1904.3,2716.9,2458.0,2270.4,2998.4,2352.2,2327.8,2622.4,2778.2,3046.2,1147.3,2601.7,2444.0,2595.9,2181.6,3841.3,4125.7,3078.2,3339.9,2942.5
A,CLV05_MNAC,P6_S22,BE,,,,,,,,,,,,,,,,,,,,,46822.8,49098.5,53722.6,56024.6,58845.0,66110.2,66581.0,68606.0,69567.9,73680.9,77770.6,82072.8,86728.8,87389.6,78630.9,93145.3,100719.0,101888.1,102891.8,109709.7,112559.0,120494.8,126413.9,125898.7,128015.8,119761.5,142840.6,155809.3,143376.6,136100.4,126846.8
A,CLV05_MNAC,P6_S22,DK,,,,,,,,,,,,,,,,,,,,,,,,,,,,,,,345246.0,389575.0,408093.5,433724.9,405879.0,426914.0,470968.0,497241.1,490916.3,508894.1,530548.1,543128.2,578098.2,610864.1,643720.7,603609.1,649972.5,692099.5,717510.6,808918.9,825908.7
A,CLV05_MNAC,P6_S22,LT,,,,,,,,,,,,,,,,,,,,,,,,,,,,,,4105.4,4905.2,5627.0,5491.2,6578.9,5100.8,6471.7,7272.0,8536.8,9437.2,8611.5,7660.5,8160.3,9400.6,9749.8,10669.4,10378.6,11811.8,12035.7,11532.8,11271.6,11194.3
A,CLV05_MNAC,P6_S22,LU,,,,,,,,,,,,,,,,,,,,,5120.1,5537.3,6699.1,8047.5,9169.1,10758.6,11565.8,10539.2,10648.9,11734.4,13429.6,16189.4,17407.2,17203.5,15783.1,20708.9,21983.2,20755.4,22454.9,24632.1,26593.9,27036.0,28054.6,28475.5,30397.2,30699.4,34236.8,33965.1,33472.0,28914.4,29119.7
A,CLV05_MNAC,P6_S22,LV,,,,,,,,,,,,,,,,,,,,,,,,,,1935.9,1950.7,1937.7,1945.0,2087.7,2376.6,2492.9,2814.9,2919.8,2526.5,2950.0,3237.0,3677.2,3648.3,3670.4,3696.4,3741.4,4130.2,4129.4,3806.8,3823.2,3911.9,4430.1,3998.0,3933.2,3684.8
A,CLV05_MNAC,P6_S22,MT,,,,,,,,,,,,,,,,,,,,,,,,,,1664.0,1462.4,1574.7,1493.2,1497.9,1527.0,1879.5,2003.3,2136.7,1876.0,2208.5,2419.4,2592.7,2647.1,2814.9,3515.8,3734.7,4419.4,4881.8,5185.0,4970.1,5422.8,6649.9,6169.2,6664.6,6670.5
A,CLV05_MNAC,P6_S22,NL,,,,,,,,,,,,,,,,,,,,,67595.2,71031.1,80133.6,84963.4,92632.4,106296.2,107736.4,112271.7,115046.0,119681.4,129012.0,137473.9,144591.6,145028.4,134798.1,155560.2,161733.4,174954.5,180435.0,191366.5,215695.9,214522.5,227332.8,231015.4,241543.8,244210.4,250420.7,255088.0,250680.7,256873.4,259683.1
A,CLV05_MNAC,P6_S22,SK,,,,,,,,,,,,,,,,,,,,,2363.5,2340.4,2586.4,1958.4,2068.3,2218.6,2416.1,2794.3,4221.4,5136.6,5665.6,7469.8,9142.3,10097.3,8175.2,9905.7,10770.9,12633.5,14438.6,14465.6,15024.6,15854.4,15918.8,16684.1,16724.6,15649.5,15824.1,15507.6,18341.7,16544.6,21435.5
A,CLV05_MNAC,P6_S22,UK,,,,,,,,,,,,,,,,,,,,,,,,120045.6,122147.4,134568.6,134490.6,134262.7,144437.9,155206.6,168677.0,177401.5,189443.7,195303.4,182882.2,196438.4,214239.0,223399.5,228185.4,227361.3,233844.0,237947.1,248253.8,255502.3,274313.5,,,,,,
A,CLV05_MNAC,P7,AL,,,,,,,,,,,,,,,,,,,,,87349.5,127898.2,116783.1,133307.3,153869.7,230097.3,265122.4,291147.8,306076.8,331224.7,384867.2,418374.3,509236.4,534727.5,537823.9,534742.4,565711.0,526503.4,523114.7,547984.3,533328.6,565185.7,602601.8,612998.2,628544.3,504155.8,667798.7,744710.7,746072.3,790732.4,
A,CLV05_MNAC,P7,AT,,,,,,,,,,,,,,,,,,,,,68482.6,71338.9,76525.4,80931.4,84220.3,92799.2,97617.7,97901.6,101335.4,109417.0,115385.8,122141.1,129023.7,130254.9,114755.6,128500.7,136151.1,137408.3,138464.6,142615.3,147804.7,153314.5,161376.4,169613.8,173603.0,156982.5,179179.9,191599.0,183269.1,178538.0,181606.4
A,CLV05_MNAC,P7,BA,,,,,,,,,,,,,,,,,,,,,,,,,,7709.0,8244.9,8478.5,9007.4,9596.2,10597.1,10565.2,12422.2,13680.8,11718.5,12009.0,12359.2,12435.3,12428.3,13369.8,13608.1,14587.2,15703.2,16323.1,16537.7,14317.5,17266.6,18342.0,18111.9,18965.0,
A,CLV05_MNAC,P7,BE,,,,,,,,,,,,,,,,,,,,,134951.4,142446.8,154130.8,161927.0,167389.2,189175.8,187746.6,189729.1,192498.1,204638.4,217789.7,228988.1,241764.1,250963.2,224339.2,245937.5,259993.6,258367.7,258272.2,272273.6,283711.1,305765.0,322164.9,329697.7,334596.3,312097.2,352143.7,364392.3,336570.6,332235.1,331594.5
A,CLV05_MNAC,P7,BG,,,,,,,,,,,,,,,,,,,,,6841.4,6749.5,6719.3,6568.9,7651.0,6912.2,7780.4,8269.9,9522.9,12022.0,13746.9,15934.8,19538.7,20489.0,16082.2,16033.6,17575.4,18520.7,19323.8,20325.3,21286.9,22357.1,23989.6,25334.1,26695.3,25570.9,28305.2,32648.2,30867.6,32080.7,33967.1
A,CLV05_MNAC,P7,CH,,,,,,,,,,,,,,,,,,,,,158316.6,165162.6,184301.5,195396.5,204430.8,221853.1,225500.8,220455.3,221172.3,232116.7,255303.1,263430.3,278683.4,290716.4,283171.3,305769.6,334537.9,327238.4,365987.1,341764.6,358028.0,376763.4,374724.7,376796.7,378099.3,367634.4,386420.8,410347.1,410498.7,412943.9,453001.8
A,CLV05_MNAC,P7,CY,,,,,,,,,,,,,,,,,,,,,6391.5,6767.2,6837.7,6908.4,7109.3,7775.5,7798.7,7720.9,7682.4,8251.1,8333.8,8809.1,9655.5,10909.2,9237.4,10234.7,9969.4,9607.2,9169.5,9877.3,10673.6,11758.5,13437.3,14018.3,15352.5,15853.8,18959.5,24636.1,24918.1,26152.4,27224.8
A,CLV05_MNAC,P7,CZ,,,,,,,,,,,,,,,,,,,,,719790.2,804486.2,851532.7,898841.1,945442.3,1081156.1,1203890.0,1263921.3,1383575.4,1737541.4,1954431.0,2178850.9,2459427.4,2537587.1,2256519.6,2590766.4,2764747.2,2837673.6,2839448.6,3123929.7,3328947.1,3414434.0,3620363.8,3819913.8,3869225.3,3542437.1,4027183.4,4266725.6,4215476.8,4238151.3,4450499.9
A,CLV05_MNAC,P7,DE,,,,,,,,,,,,,,,,,383294.4,394119.4,361975.7,390916.1,416321.8,432780.2,472656.1,516839.9,562128.3,621665.9,626084.3,606643.4,636578.0,680319.9,720969.0,797738.3,845235.9,859374.7,772884.9,869316.1,927307.3,923441.2,939899.7,972485.2,1024290.7,1062620.1,1106583.0,1162144.1,1202461.9,1104594.8,1207653.4,1299003.4,1280777.6,1273597.8,1319328.0
A,CLV05_MNAC,P7,DK,,,,,,,,,,,,,,,,,,,,,365742.9,377196.0,412056.1,443294.4,454587.1,516910.7,529317.6,563045.3,557232.9,597093.4,668209.4,761369.1,805580.5,842155.6,739584.6,749311.8,809708.2,832788.4,844933.1,879301.6,915027.5,954245.7,995491.6,1052286.7,1084416.5,1041541.5,1141026.6,1209236.8,1239262.4,1290597.6,1286080.3
A,CLV05_MNAC,P7,EA,,,,,,,,,,,,,,,,,,,,,1535112.9,1594614.5,1750220.9,1930285.7,2081298.7,2330537.9,2437663.1,2444181.4,2509285.3,2672117.5,2830284.6,3058739.9,3278628.3,3296012.0,2964616.7,3246286.0,3388385.7,3343444.2,3394230.8,3562841.8,3866679.2,4028795.6,4241042.1,4405682.3,4623781.4,4248235.1,4628775.2,5011301.2,4942134.3,4934834.7,5113624.2
A,CLV05_MNAC,P7,EA12,,,,,,,,,,,,,,,,,,,,,1562049.4,1624128.7,1782947.9,1968473.7,2125461.8,2382970.9,2437663.1,2444181.4,2509285.3,2672117.5,2830284.6,3058739.9,3255473.5,3255323.1,2898241.7,3170205.5,3296914.6,3250085.2,3298205.7,3452731.0,3727393.8,3881690.9,4082698.8,4236717.0,4447461.2,4079204.2,4432778.0,4795189.3,4708900.9,4692711.8,4860633.9
A,CLV05_MNAC,P7,EA19,,,,,,,,,,,,,,,,,,,,,1602906.5,1668800.2,1832558.3,2020881.5,2177779.2,2438520.2,2497740.7,2507899.3,2577550.6,2751431.3,2919451.9,3162141.0,3371486.8,3375539.3,2990976.8,3277352.2,3415241.1,3372032.4,3423997.1,3582020.6,3866679.2,4028795.6,4241042.1,4405682.3,4623781.4,4248235.1,4628775.2,5011301.2,4912534.1,4902611.1,5080519.5
A,CLV05_MNAC,P7,EA20,,,,,,,,,,,,,,,,,,,,,1610657.6,1677265.7,1843295.1,2030636.1,2187309.2,2448766.5,2509139.0,2521320.9,2592541.3,2767214.8,2936060.7,3180117.7,3390554.6,3395350.4,3006691.7,3292451.1,3430710.4,3387131.1,3439598.0,3598151.4,3884313.1,4047596.4,4261482.1,4427681.9,4647267.6,4268775.5,4652975.6,5042205.7,4942134.3,4934834.7,5113624.2
A,CLV05_MNAC,P7,EA21,,,,,,,,,,,,,,,,,,,,,1616984.3,1683658.9,1849917.4,2037441.5,2195090.8,2456047.9,2517215.8,2529851.9,2602243.0,2779288.9,2949807.8,3196052.8,3410254.0,3416116.0,3022607.9,3308071.9,3448010.8,3405627.3,3459020.1,3618604.6,3905593.1,4069983.8,4285585.0,4453225.1,4674205.4,4294796.2,4681843.0,5075931.7,4973743.0,4968003.7,5148914.8
A,CLV05_MNAC,P7,EE,,,,,,,,,,,,,,,,,,,,,2889.9,3116.8,4033.3,4557.3,4296.2,4066.2,4569.0,5176.1,5900.9,6853.0,7997.4,9653.1,10906.3,10234.7,7102.3,8612.0,10953.5,12014.7,12308.6,12630.2,12360.2,13109.0,13570.5,14450.6,14981.3,15107.1,18663.2,19606.7,18172.7,18240.7,19161.1
A,CLV05_MNAC,P7,EL,,,,,,,,,,,,,,,,,,,,,26455.0,29182.2,32393.5,37993.9,44182.8,52602.3,53349.0,50179.6,53376.9,57110.2,57191.3,62787.2,70899.4,73188.2,58818.5,56309.6,50801.2,48011.0,46278.1,49442.3,53485.3,54624.7,58529.7,63359.2,65145.8,60393.1,70885.4,78643.8,78681.6,82438.0,81375.3
A,CLV05_MNAC,P7,ES,,,,,,,,,,,,,,,,,,,,,120072.0,128845.6,145454.7,165880.3,188583.7,206636.7,214185.7,222062.9,235457.0,258222.0,276196.0,298879.5,323503.7,305685.9,249738.4,265217.7,263648.4,248186.5,247494.5,264330.4,277790.2,285139.8,304232.1,316061.9,320228.9,271719.1,312425.7,336581.3,336470.9,346389.1,367994.4
A,CLV05_MNAC,P7,EU27_2020,,,,,,,,,,,,,,,,,,,,,1823201.8,1905760.5,2100533.9,2317806.5,2487848.5,2788962.2,2855712.6,2880672.0,2973158.6,3193805.2,3403109.3,3711736.1,3993562.3,4032567.3,3555545.3,3898914.8,4077356.1,4036641.1,4102900.3,4313172.1,4640828.0,4849838.2,5120021.7,5339080.5,5593519.0,5168606.1,5668079.1,6139896.2,6041572.7,6060996.5,6283245.1
A,CLV05_MNAC,P7,FI,,,,,,18164.9,17331.6,17714.2,18442.0,18611.8,19796.0,20493.9,22296.7,24720.9,26943.6,26842.8,23267.1,23429.5,23748.6,26791.5,28985.2,31082.0,34774.3,37720.1,39337.2,45183.1,45808.3,47774.4,49736.7,53777.1,59791.0,63730.6,68435.3,73886.6,61327.8,65190.9,69239.7,70018.8,70108.4,69477.6,70961.3,74976.5,78227.4,82789.4,84755.5,79568.3,85134.3,93016.3,86657.2,85986.2,87462.4
A,CLV05_MNAC,P7,FR,104833.5,123933.9,126103.7,131483.3,142465.3,149972.4,148211.8,153564.2,149390.2,154042.8,161351.2,172190.4,186113.4,202464.6,218882.9,229705.3,236906.9,241053.1,232907.9,253327.5,271159.5,277388.4,298954.8,335307.9,357793.4,410556.5,419984.5,429806.1,432715.8,458698.6,487369.7,515488.9,543703.3,550578.3,501414.8,544547.3,576511.8,578419.8,594302.9,619646.1,655705.9,680626.4,710939.9,733409.7,747609.4,656117.6,710336.8,774597.9,772529.0,763182.7,785114.4
A,CLV05_MNAC,P7,HR,,,,,,,,,,,,,,,,,,,,,7586.7,8350.4,10776.7,9616.9,9311.1,9974.1,11164.9,13189.7,14725.5,15503.8,16314.0,17657.7,18729.7,19448.8,15486.0,15019.9,15400.6,15036.8,15530.7,16063.8,17553.6,18696.4,20290.7,21795.3,23248.5,20384.5,23905.2,30307.9,29039.9,31475.0,32350.7
A,CLV05_MNAC,P7,HU,,,,,,,,,,,,,,,,,,,,,4061796.8,4344889.6,5388780.7,6605689.5,7476833.0,9207688.3,9742183.5,10586968.5,11591328.8,13689831.8,14781169.0,17011195.3,19397960.0,20537709.1,17620815.0,19345709.2,20133034.8,19510367.9,20320461.5,22533011.0,23810906.0,24631476.4,26705179.0,28570222.6,30909083.0,29795158.1,32092124.3,35571701.1,34369322.2,33889367.1,34300002.4
A,CLV05_MNAC,P7,IE,,,,,,,,,,,,,,,,,,,,,37983.7,42862.2,49996.2,63883.0,71942.5,87544.4,99013.8,104299.6,101778.2,103716.0,116912.0,127786.9,139736.6,135843.5,133530.6,134289.6,137837.9,136439.0,148106.7,169412.5,224806.4,264125.5,275247.2,269637.9,378482.0,379199.3,344255.9,395791.1,404613.2,415481.7,454865.6
A,CLV05_MNAC,P7,IS,,,,,,,,,,,,,,,,,,,,,189790.4,217498.1,232462.2,283477.0,292980.1,315838.5,284331.5,276567.7,304930.9,349518.1,446778.8,490652.5,479549.1,382139.7,303153.7,310150.9,331208.5,345386.1,345399.5,380020.5,429343.6,493047.8,554182.9,557423.4,506564.9,404119.6,486002.9,595943.1,584399.3,608754.2,652288.5
A,CLV05_MNAC,P7,IT,,,,,,,,,,,,,,,,,,,,,237993.7,235063.7,259754.7,283597.3,296345.3,328639.3,336444.5,338559.1,341079.6,356428.7,368926.7,398773.8,420114.8,402825.7,348908.9,390717.9,391314.5,359380.8,349694.3,362329.9,385242.1,400366.9,423653.6,436206.5,431297.7,377469.3,437680.6,494057.2,484795.7,479817.5,497279.3
A,CLV05_MNAC,P7,LT,,,,,,,,,,,,,,,,,,,,,3620.8,4685.4,6049.6,6438.0,5504.0,5855.8,7010.4,8421.4,9229.6,10932.5,13081.8,14952.8,16544.9,18335.1,13081.4,15280.5,17453.0,18355.3,19422.0,19070.3,20882.4,21727.0,24159.7,25594.8,27155.2,25977.5,30958.5,34982.1,33138.2,33947.8,36815.0
A,CLV05_MNAC,P7,LU,,,,,,,,,,,,,,,,,,,,,16078.3,17334.5,20111.7,23608.9,26716.9,31226.3,33359.1,32862.4,34059.7,37157.6,39441.9,43974.4,45101.8,46085.2,41903.7,47876.3,51106.0,52005.6,55245.3,59795.4,63208.3,65579.9,66074.0,68358.6,73448.9,74513.3,84493.7,86526.2,87306.6,75431.6,76788.3
A,CLV05_MNAC,P7,LV,,,,,,,,,,,,,,,,,,,,,2773.5,3514.8,3674.2,4290.3,4067.0,4179.0,4829.6,4960.0,5544.5,6688.5,7823.8,9526.7,11186.5,9930.9,6862.9,7737.1,9483.8,9978.7,9966.0,10264.9,10368.9,10803.3,11728.5,12470.7,12723.6,12580.7,14485.4,15921.3,15118.4,14850.7,15699.9
A,CLV05_MNAC,P7,MK,,,,,,,,,,,,,,,,,,,,,,,,,,128255.8,115832.8,125704.6,118270.0,143535.8,157410.6,172209.0,198008.2,208161.9,182644.4,201578.4,217669.7,235604.4,240711.5,274765.1,302090.6,335701.8,353287.0,391206.2,430649.8,383876.2,440676.3,500609.2,449581.5,443484.7,473086.3
A,CLV05_MNAC,P7,MT,,,,,,,,,,,,,,,,,,,,,,,,,,4463.1,3782.9,3799.2,3918.2,4040.8,4283.7,4917.2,5238.3,5537.5,4820.8,5543.2,5909.9,6390.1,6227.5,6359.8,8397.5,8961.1,9782.1,11385.5,12587.4,13017.1,13435.8,15965.0,15657.1,16473.0,17195.5
A,CLV05_MNAC,P7,NL,,,,,,,,,,,,,,,,,,,,,171849.9,180921.2,200527.2,217257.5,238721.2,265814.4,272424.7,273303.1,279233.3,297250.2,313454.0,337281.3,363482.7,361001.1,332617.1,360701.9,377423.9,388343.0,399557.9,415346.8,479320.9,468528.2,504220.8,532035.3,553363.6,530463.5,565135.5,589741.2,566637.9,567140.3,580841.0
A,CLV05_MNAC,P7,NO,215584.9,244364.1,249468.8,211526.8,212665.7,218351.7,221743.1,234104.7,226859.3,239095.4,260620.7,291820.2,272804.5,265509.0,271189.0,277648.2,278670.0,283324.2,297363.8,313288.5,330660.2,359707.4,404489.1,441788.1,434786.0,446911.3,455943.3,457622.7,461041.0,502604.6,541815.0,589586.8,646010.9,674938.8,606684.3,655685.1,681662.9,704433.3,741152.6,757753.4,772691.7,785893.5,800254.2,811657.9,856288.7,771487.3,784960.9,892416.5,881748.9,925993.9,949882.5
A,CLV05_MNAC,P7,PL,,,,,,,,,,,,,,,,,,,,,135463.3,172644.9,209222.4,248119.6,250923.2,289670.8,274550.3,281990.9,308303.8,333562.0,355460.0,419783.6,485914.9,531258.9,463868.1,532100.0,560722.0,555628.3,565411.8,617442.8,652031.4,702463.9,771555.8,829791.3,856522.5,835446.8,971712.0,1037788.2,1022297.0,1067958.9,1128021.6
A,CLV05_MNAC,P7,PT,,,,,,,,,,,,,,,,,,,,,33427.2,35406.3,39055.4,44778.8,48818.7,51525.2,52050.8,51915.3,51792.5,55634.5,56857.5,61169.9,64603.9,66056.8,59778.9,64435.1,60442.8,56636.4,59302.5,64051.5,69217.6,72831.1,78678.4,82539.0,86717.9,76667.0,86065.4,95761.2,97998.6,102595.6,106998.8
A,CLV05_MNAC,P7,RO,,,,,,,,,,,,,,,,,,,,,34917.0,38069.8,42062.2,46919.6,44911.5,41249.3,50941.5,56377.5,66774.8,83428.9,99900.6,126553.6,178815.0,198838.8,157464.5,178053.5,195312.7,191448.5,208363.9,226782.5,246076.8,286896.8,319795.0,348127.5,378803.9,359079.8,411383.1,449441.7,442632.9,460551.6,482459.9
A,CLV05_MNAC,P7,RS,,,,,,,,,,,,,,,,,,,,,165921.7,274449.0,364706.8,332306.6,217283.7,270949.9,462964.7,586290.4,682418.1,891137.5,839068.5,984679.4,1146845.1,1263658.5,984868.4,1011986.1,1100484.6,1116664.3,1196793.2,1257349.7,1343476.2,1429045.3,1576064.6,1751135.1,1923563.4,1847085.9,2173554.1,2522559.0,2487141.7,2686038.2,2901502.3
A,CLV05_MNAC,P7,SE,,,,,,,,,,,,,,,,,,,530972.8,599277.3,642675.2,665630.2,748329.5,830433.2,876758.7,986851.8,973347.2,964071.5,995415.4,1064024.3,1136788.0,1229653.2,1338661.1,1376558.7,1183559.9,1327674.6,1416757.4,1424565.0,1437031.0,1530476.8,1619119.3,1710279.1,1785401.2,1860065.3,1896973.0,1777426.9,2015320.1,2212847.0,2199584.2,2253524.7,2351330.0
A,CLV05_MNAC,P7,SI,,,,,,,,,,,,,,,,,,,,,8486.1,8689.5,9705.3,10681.5,11579.8,12346.4,12793.7,13513.4,14387.0,16396.5,17599.5,19779.9,23153.8,24100.8,19669.8,21037.3,22094.8,21393.4,21772.3,22635.8,23829.3,25408.5,28120.0,30112.8,31518.8,28645.1,33738.8,36861.3,35190.3,36698.7,37474.9
A,CLV05_MNAC,P7,SK,,,,,,,,,,,,,,,,,,,,,15557.0,18127.1,19885.0,19516.6,18774.7,19942.9,23706.4,25006.6,27033.5,33135.1,38247.5,45540.6,49931.1,51996.8,42241.4,49676.2,53247.3,54424.3,57158.0,59491.9,64928.6,67945.8,70521.9,74067.5,75813.0,69821.4,77955.8,81173.8,74940.6,76889.6,79744.3
A,CLV05_MNAC,P7,TR,,,,,,,,,,,,,,,,,,,,,61309.5,73610.1,89048.8,90940.8,88000.7,107069.2,81211.9,98559.3,121565.4,147254.4,165208.8,177074.7,194250.3,188550.0,161445.1,192664.4,220632.9,221383.5,244576.2,244562.4,249780.5,257083.7,284557.0,267736.5,253398.3,270737.5,276521.2,299345.6,335416.9,320670.1,336493.0
A,CLV05_MNAC,P7,UK,,,,,,,,,,,,,,,,,,,,,,,,252665.9,270826.5,296317.2,314558.9,331136.5,337316.0,358296.5,383055.0,422609.3,409406.8,399763.8,367745.1,396875.5,403352.6,411230.0,423883.6,438080.5,461787.9,480013.4,492723.0,506122.9,519959.5,,,,,,
A,CLV05_MNAC,P7_S21,BE,,,,,,,,,,,,,,,,,,,,,80186.6,84550.7,91477.7,96202.4,99770.6,112715.2,112099.8,113254.4,114750.9,121780.3,129470.3,136106.6,143698.6,158878.9,151342.8,165374.4,173440.9,174350.7,173188.8,184491.2,183604.4,200584.3,216561.6,219988.8,225980.2,213043.4,244845.0,237889.5,227685.2,230127.2,233000.6
A,CLV05_MNAC,P7_S21,DK,,,,,,,,,,,,,,,,,,,,,,,,,,,,,,,392831.4,445905.3,475398.9,478797.3,409866.8,415237.8,440130.5,452848.8,463707.1,478660.4,502177.1,530165.9,548235.8,575660.7,594773.4,590736.4,643030.2,661531.5,689870.5,693345.1,722307.3
A,CLV05_MNAC,P7_S21,LT,,,,,,,,,,,,,,,,,,,,,,,,,,,,,,6492.1,7293.0,8805.2,10675.1,10045.9,7359.1,8252.2,9428.1,10010.3,10899.6,11130.6,12992.6,14333.7,15714.7,16449.4,17561.7,17990.4,20983.6,22459.1,23615.4,24069.3,26115.0
A,CLV05_MNAC,P7_S21,LU,,,,,,,,,,,,,,,,,,,,,12339.6,13271.0,14751.2,17136.1,18406.3,21899.7,23665.1,23417.2,24759.1,26468.8,27093.3,29120.5,29602.0,31340.2,28546.2,30393.1,31410.4,34108.4,35603.8,38385.0,40503.7,43004.6,42891.0,44554.2,47592.1,46796.5,52276.8,55855.5,56924.1,48554.0,50018.4
A,CLV05_MNAC,P7_S21,LV,,,,,,,,,,,,,,,,,,,,,,,,,,2733.1,3281.8,3412.8,3773.3,4577.3,5518.5,7000.8,8400.4,7371.1,4936.0,5514.7,7040.6,7549.9,7651.3,8038.9,7909.9,8220.2,8846.9,9388.9,9688.0,9751.2,11085.3,12722.0,12442.3,12325.8,13148.7
A,CLV05_MNAC,P7_S21,MT,,,,,,,,,,,,,,,,,,,,,,,,,,2437.1,2052.2,2063.2,2129.0,2191.0,2314.1,2660.8,2821.1,2974.9,2579.8,2976.4,3155.3,3430.6,3283.6,3412.3,4299.4,4829.4,4941.1,6025.0,6642.0,6401.1,6798.6,7986.6,8203.5,8664.4,9034.0
A,CLV05_MNAC,P7_S21,NL,,,,,,,,,,,,,,,,,,,,,98814.3,105006.2,114215.0,121180.5,128819.1,133039.3,135324.1,140131.4,142778.1,151679.7,155268.0,166456.9,185454.2,182145.8,169084.5,171594.6,178239.5,180216.3,190183.7,194368.2,222578.5,224828.5,245845.7,262886.2,280048.3,265701.8,279363.5,280453.3,286453.9,289572.7,298461.8
A,CLV05_MNAC,P7_S21,SK,,,,,,,,,,,,,,,,,,,,,10420.4,11810.2,13598.5,14155.7,13610.4,13463.1,16429.4,17603.2,19537.3,22179.3,23437.2,26370.8,28117.2,28101.8,21946.5,24609.2,26418.0,26368.8,29424.6,31376.6,35230.9,37769.3,39554.0,41903.2,44984.1,40307.8,43442.7,40781.1,41584.9,42851.8,39294.6
A,CLV05_MNAC,P7_S21,UK,,,,,,,,,,,,,,,,,,,,,,,,138288.2,149305.1,158529.5,174422.8,191554.4,190780.6,199159.2,215876.0,243723.8,225303.2,216069.6,193381.3,207315.2,212515.2,219565.9,227644.6,239999.4,253304.8,263339.8,271244.7,280361.2,280994.9,,,,,,
A,CLV05_MNAC,P7_S2111,BE,,,,,,,,,,,,,,,,,,,,,,,,,95505.3,107932.2,107386.3,108463.8,109889.5,116571.2,123863.0,130124.4,137515.3,148351.1,140161.4,151857.0,158575.1,159581.5,158623.4,168257.1,165985.1,182082.8,196717.8,200420.4,204177.9,192968.2,222421.8,215242.7,203411.0,206907.9,209313.0
A,CLV05_MNAC,P7_S2111,DK,,,,,,,,,,,,,,,,,,,,,,,,,,,,,,,289796.6,328663.3,348701.2,350045.9,299804.2,297768.0,315969.8,327283.8,336073.8,344828.3,364213.3,381505.6,393396.9,417812.3,431608.8,426044.4,462421.2,472262.9,496416.2,502358.4,522630.8
A,CLV05_MNAC,P7_S2111,LT,,,,,,,,,,,,,,,,,,,,,,,,,,,,,,4723.2,5186.5,6231.0,7425.6,6856.7,5070.7,5765.3,6602.4,6787.1,7444.5,7603.3,8943.7,9737.8,10724.5,11126.4,11908.5,12150.3,14494.0,14887.1,16265.7,16160.0,17917.8
A,CLV05_MNAC,P7_S2111,LU,,,,,,,,,,,,,,,,,,,,,12033.2,12937.5,14338.3,16596.2,17769.9,21163.5,22726.9,22702.1,24035.1,25644.9,26216.2,28095.5,28455.1,29885.2,27452.9,29170.6,30062.8,32516.3,33858.9,36443.9,38194.7,40410.1,40003.9,41477.8,44462.7,43420.2,48205.2,52063.4,53097.3,45332.7,46709.3
A,CLV05_MNAC,P7_S2111,LV,,,,,,,,,,,,,,,,,,,,,,,,,,2113.8,2575.0,2677.9,2931.7,3533.6,4277.1,5384.8,6549.2,5723.2,3815.7,4308.8,5501.8,5909.0,5927.7,6148.5,6024.7,6217.5,6848.6,7236.0,7454.9,7387.5,8461.2,9714.6,9395.6,9375.3,9997.2
A,CLV05_MNAC,P7_S2111,MT,,,,,,,,,,,,,,,,,,,,,,,,,,2265.5,1897.4,1906.4,1968.1,2022.4,2129.1,2450.4,2587.3,2719.3,2349.2,2717.9,2876.0,3120.4,2968.7,3073.2,3855.0,4309.4,4357.6,5290.1,5912.1,5571.3,5516.4,6890.1,7058.9,7280.1,7649.2
A,CLV05_MNAC,P7_S2111,NL,,,,,,,,,,,,,,,,,,,,,92197.8,97765.3,104827.8,111683.3,118505.7,118847.6,122487.2,129410.6,133391.3,139134.4,141664.0,151490.4,163393.6,158880.6,144861.6,146705.9,151386.9,151213.1,158409.6,164256.1,191328.1,193130.1,208758.2,221797.1,235610.8,225703.4,237286.2,237549.5,243443.1,245917.3,252895.3
A,CLV05_MNAC,P7_S2111,SK,,,,,,,,,,,,,,,,,,,,,5018.3,6297.7,8090.1,9280.2,9224.5,9192.4,11107.3,11882.4,13251.0,14625.2,14922.7,16390.9,17314.5,17365.9,12948.2,14630.4,15657.0,15951.2,16665.2,17667.3,19879.3,22129.9,23204.3,24510.5,24219.8,23749.4,26354.0,22975.6,22829.4,23571.2,21548.0
A,CLV05_MNAC,P7_S2111,UK,,,,,,,,,,,,,,,,,,,,,,,,127703.8,137968.2,145866.5,160455.4,176508.3,174652.6,181052.4,193491.0,215480.0,201085.5,190657.2,169733.5,179972.7,182333.5,188256.6,197547.7,209292.9,221025.9,230376.6,235603.3,241492.8,240797.9,,,,,,
A,CLV05_MNAC,P7_S2112,BE,,,,,,,,,,,,,,,,,,,,,,,,,4266.1,4783.8,4714.1,4791.6,4862.4,5209.6,5607.3,5982.2,6182.8,10516.4,11167.3,13492.9,14836.5,14740.0,14535.7,16202.6,17611.4,18480.3,19822.4,19556.9,21761.2,20054.4,22442.6,22645.3,24385.5,23315.6,23785.2
A,CLV05_MNAC,P7_S2112,DK,,,,,,,,,,,,,,,,,,,,,,,,,,,,,,,103034.8,117242.1,126697.9,128751.7,110063.0,117465.7,124156.9,125565.7,127636.2,133830.2,137968.2,148658.3,154834.2,157854.7,163171.0,164695.0,180611.9,189271.1,193454.4,190985.1,199676.0
A,CLV05_MNAC,P7_S2112,LT,,,,,,,,,,,,,,,,,,,,,,,,,,,,,,1768.9,2106.4,2574.2,3249.5,3189.3,2288.4,2486.8,2825.6,3223.4,3455.3,3527.4,4049.1,4595.9,4990.4,5323.1,5653.3,5840.1,6489.8,7571.3,7352.3,7911.6,8199.4
A,CLV05_MNAC,P7_S2112,LU,,,,,,,,,,,,,,,,,,,,,305.7,332.7,412.2,539.4,636.3,736.1,937.0,715.3,724.3,823.9,877.1,1025.0,1145.7,1449.2,1092.9,1221.1,1343.8,1584.1,1733.6,1926.2,2278.5,2552.4,2825.0,3006.2,3064.9,3293.4,3958.5,3708.8,3744.1,3153.3,3239.7
A,CLV05_MNAC,P7_S2112,LV,,,,,,,,,,,,,,,,,,,,,,,,,,619.2,706.8,735.0,841.6,1043.7,1241.4,1616.0,1851.0,1647.9,1120.4,1205.3,1538.1,1640.0,1723.6,1891.6,1886.9,2005.2,1997.8,2153.0,2233.4,2366.6,2625.9,3009.2,3065.5,2962.8,3165.1
A,CLV05_MNAC,P7_S2112,MT,,,,,,,,,,,,,,,,,,,,,,,,,,171.3,154.7,156.8,160.8,168.6,185.0,210.3,233.8,255.6,230.5,258.3,279.1,309.9,314.2,338.1,442.8,517.5,578.9,728.3,726.1,819.7,1244.6,1080.7,1127.2,1355.6,1358.4
A,CLV05_MNAC,P7_S2112,NL,,,,,,,,,,,,,,,,,,,,,6607.7,7234.7,9409.8,9512.8,10334.2,14306.6,12912.2,10735.4,9379.1,12545.1,13604.0,14966.9,22060.4,23263.8,24230.6,24895.0,26856.7,29006.1,31778.4,30116.5,31251.0,31699.5,37097.1,41105.2,44458.0,40013.0,42092.7,42921.5,43030.3,43674.8,45589.2
A,CLV05_MNAC,P7_S2112,SK,,,,,,,,,,,,,,,,,,,,,5400.1,5510.9,5507.5,4875.3,4386.1,4270.9,5322.3,5721.0,6286.6,7554.2,8514.6,9979.9,10802.7,10735.9,8998.8,9979.5,10761.7,10417.5,12762.8,13713.2,15355.8,15639.8,16350.2,17392.9,20756.1,16560.1,17094.4,17796.6,18740.6,19265.7,17732.3
A,CLV05_MNAC,P7_S2112,UK,,,,,,,,,,,,,,,,,,,,,,,,10594.0,11348.1,12669.1,13974.9,15055.4,16134.3,18111.4,22385.0,28244.1,24215.7,25411.9,23647.9,27346.0,30187.4,31314.6,30102.4,30711.6,32284.0,32968.3,35646.5,38875.7,40205.9,,,,,,
A,CLV05_MNAC,P7_S212,BE,,,,,,,,,,,,,,,,,,,,,13.5,56.4,6.4,4.9,89.2,55.6,70.5,75.1,29.1,83.7,23.2,26.3,84.8,119.7,121.3,132.4,141.0,94.3,155.4,177.4,207.2,220.6,209.3,197.4,208.5,188.9,180.1,245.4,225.3,227.2,
A,CLV05_MNAC,P7_S212,LT,,,,,,,,,,,,,,,,,,,,,,,,,,,,,,12.3,18.5,20.6,30.5,24.5,54.3,49.6,46.7,67.1,61.4,60.9,36.6,45.5,40.4,43.1,32.7,31.8,25.2,22.7,15.4,17.3,14.6
A,CLV05_MNAC,P7_S212,LU,,,,,,,,,,,,,,,,,,,,,4.9,2.6,9.0,4.9,29.7,38.6,36.1,16.0,3.2,4.3,3.5,3.3,3.4,4.9,6.0,5.3,11.3,7.0,7.1,7.9,10.2,15.0,11.2,11.6,9.1,10.1,9.3,8.7,4.5,2.9,2.9
A,CLV05_MNAC,P7_S212,NL,,,,,,,,,,,,,,,,,,,,,4.0,4.0,4.0,4.0,4.0,4.0,4.0,4.0,4.0,4.0,4.0,4.0,4.0,4.0,4.0,4.0,4.0,4.0,4.0,4.0,4.0,4.0,4.0,4.0,4.0,4.0,4.0,4.0,4.0,4.0,4.0
A,CLV05_MNAC,P7_S22,BE,,,,,,,,,,,,,,,,,,,,,54764.7,57896.0,62652.9,65724.5,67617.4,76459.3,75645.9,76473.8,77746.4,82857.8,88319.5,92881.5,98065.4,92074.4,72979.6,80543.3,86529.8,83996.4,85061.8,87780.8,99800.7,104710.3,104913.4,109059.2,107870.4,98304.5,106422.0,125760.2,108000.2,101060.4,97469.3
A,CLV05_MNAC,P7_S22,DK,,,,,,,,,,,,,,,,,,,,,,,,,,,,,,,275378.0,315463.7,330194.0,363358.6,329865.0,334223.5,369787.7,380152.4,381361.6,400831.0,412991.2,424218.7,447429.9,476831.4,489849.2,451083.2,498233.9,547656.8,549506.6,597042.0,564162.5
A,CLV05_MNAC,P7_S22,LT,,,,,,,,,,,,,,,,,,,,,,,,,,,,,,4441.8,5788.8,6147.6,5869.1,8292.0,5724.1,7029.8,8026.6,8346.5,8523.0,7939.4,7888.8,7395.3,8445.8,9145.0,9593.8,7996.7,9981.4,12511.8,9552.5,9907.3,10731.3
A,CLV05_MNAC,P7_S22,LU,,,,,,,,,,,,,,,,,,,,,3706.7,4030.2,5331.4,6439.4,8275.2,9290.8,9665.1,9418.4,9266.4,10664.6,12348.6,14854.0,15491.9,14786.1,13395.0,17551.4,19767.5,17968.9,19709.2,21478.8,22773.0,22731.2,23303.4,23944.9,25984.0,27696.7,32110.5,30798.5,30550.6,26972.4,26930.7
A,CLV05_MNAC,P7_S22,LV,,,,,,,,,,,,,,,,,,,,,,,,,,1451.6,1550.5,1548.4,1774.5,2114.5,2305.4,2525.9,2792.4,2560.5,1909.5,2196.1,2447.1,2459.1,2365.4,2303.6,2506.0,2629.3,2923.3,3124.0,3093.6,2903.2,3470.9,3337.5,2845.6,2702.6,2753.1
A,CLV05_MNAC,P7_S22,MT,,,,,,,,,,,,,,,,,,,,,,,,,,2026.0,1730.7,1735.9,1789.2,1849.8,1969.6,2256.4,2417.2,2562.6,2241.0,2566.8,2754.6,2959.4,2943.8,2947.5,4097.5,4132.3,4839.7,5360.8,5945.5,6612.5,6635.7,7975.6,7456.0,7811.7,8164.5
A,CLV05_MNAC,P7_S22,NL,,,,,,,,,,,,,,,,,,,,,73041.2,75923.3,86314.5,96072.2,109893.3,132770.2,137095.1,133168.6,136451.7,145566.8,158186.0,170824.2,178027.2,178854.6,163533.0,189108.0,199184.1,208121.0,209378.2,220977.8,256738.7,243725.1,258419.0,269210.3,273405.7,264841.6,285842.6,309318.3,280463.5,277882.4,282699.8
A,CLV05_MNAC,P7_S22,SK,,,,,,,,,,,,,,,,,,,,,5139.2,6319.4,6290.2,5365.8,5169.0,6481.7,7280.4,7407.7,7502.1,10958.4,14810.3,19169.8,21814.0,23894.7,20295.5,25068.5,26831.0,28057.4,27733.5,28114.6,29695.8,30175.7,30971.8,32173.2,30874.7,29534.6,34505.8,40279.5,33341.5,34027.0,40377.9
A,CLV05_MNAC,P7_S22,UK,,,,,,,,,,,,,,,,,,,,,,,,114213.6,121277.8,137697.2,140043.0,139433.8,146474.8,159289.1,167179.0,178885.6,183807.1,183346.6,173787.8,188916.8,190262.1,191313.4,196007.2,198259.2,208694.5,216895.4,221766.1,226182.8,238843.4,,,,,,
A,CLV10_MEUR,P6,AL,,,,,,,,,,,,,,,,,,,,,253.9,293.5,239.8,321.0,555.6,771.7,891.0,922.6,1031.2,1221.8,1518.3,1775.3,2114.7,2016.8,2111.9,2517.2,2685.2,2693.1,2735.9,2731.2,2669.7,2871.9,3244.2,3389.1,3473.2,2510.2,3818.0,4468.6,4850.9,4856.2,
A,CLV10_MEUR,P6,AT,,,,,,,,,,,,,,,,,,,,,68056.1,71212.9,79066.1,85274.0,90760.5,103035.5,108981.6,113652.8,114256.9,124152.7,132427.7,142460.6,153247.5,156574.0,134077.2,151683.0,160685.9,162996.1,164027.4,168710.8,173817.0,179019.1,187790.3,197463.2,205431.4,183883.9,201367.9,220388.6,219001.9,213982.4,214614.2
A,CLV10_MEUR,P6,BA,,,,,,,,,,,,,,,,,,,,,,,,,,1677.1,1774.1,1682.2,1902.5,2235.1,2586.6,3072.2,3452.6,3492.1,3381.2,3851.2,4030.0,4034.4,4351.3,4532.5,4975.9,5442.0,6085.3,6528.2,6561.2,5587.3,7005.6,7831.4,7733.8,7609.0,
A,CLV10_MEUR,P6,BE,,,,,,,,,,,,,,,,,,,,,148616.0,156009.8,170816.1,177884.0,186510.1,209631.6,210428.7,217685.0,221201.4,234901.2,247846.8,261975.7,276216.8,281209.7,249414.7,275440.5,288718.5,286787.2,287591.3,302890.5,314005.8,333299.8,351685.6,357119.1,367606.1,345704.6,396356.6,408449.9,379241.5,372795.3,370457.0
A,CLV10_MEUR,P6,BG,,,,,,,,,,,,,,,,,,,,,11872.5,15428.5,16523.4,13653.6,11233.8,9306.0,9419.0,10253.3,10915.9,13591.2,14826.2,15962.3,19094.5,19567.7,17275.2,19182.3,21590.3,22030.3,24152.3,24889.4,26502.0,28784.5,30437.7,30965.3,32202.6,29108.3,32477.5,36396.1,36396.1,37042.0,36253.1
A,CLV10_MEUR,P6,CH,,,,,,,,,,,,,,,,,,,,,144753.6,149929.5,172621.1,176759.3,183290.7,205790.6,205622.8,201607.6,198669.2,218049.3,231673.2,247374.2,275512.3,287381.6,263587.9,296660.4,308881.6,310051.2,353065.1,336399.9,349364.9,369855.8,366865.4,380591.1,378564.7,359186.7,408144.1,436855.3,425275.3,432528.1,453316.2
A,CLV10_MEUR,P6,CY,,,,,,,,,,,,,,,,,,,,,7085.1,7539.5,7537.8,7976.7,8170.7,8887.3,9043.8,8727.2,8474.3,8744.7,9015.0,9222.6,9717.3,9662.4,9212.6,9795.7,10482.9,10422.6,10539.6,11202.8,12202.6,13083.6,14520.5,15568.9,16927.2,17204.1,21876.1,27889.3,27435.1,29103.1,30484.2
A,CLV10_MEUR,P6,CZ,,,,,,,,,,,,,,,,,,,,,28177.9,28884.1,31068.9,34063.3,35824.9,41119.3,44997.6,45407.3,49412.4,64077.1,75707.7,86522.9,96065.6,100112.2,90274.1,103506.1,112989.8,117827.1,118131.8,128440.4,136033.4,141661.7,151723.6,157036.6,159096.3,145547.4,157414.1,165519.3,169405.6,171989.6,178700.9
A,CLV10_MEUR,P6,DE,,,,,,,,,,,,,,,,,404230.0,402842.2,372184.3,401075.9,427065.7,451667.7,506422.9,544524.5,572280.6,649745.4,685323.7,712827.5,724560.8,805179.7,858042.5,960487.8,1042620.6,1058769.7,905227.9,1032906.0,1114534.2,1143425.8,1148850.9,1198685.7,1257099.7,1282080.2,1331536.6,1365600.9,1393861.7,1261641.6,1390076.7,1444201.2,1423762.6,1394366.3,1388184.3
A,CLV10_MEUR,P6,DK,,,,,,,,,,,,,,,,,,,,,65536.0,68590.9,71684.3,74625.0,83039.4,93513.1,96653.2,100859.8,99640.6,102655.1,110798.2,122247.4,126694.5,131597.4,119535.8,123153.1,132323.9,133990.5,135852.5,139954.2,144477.9,149768.3,156965.8,162309.1,169478.4,158700.0,170978.4,182237.8,196421.2,210385.8,216787.1
A,CLV10_MEUR,P6,EA,,,,,,,,,,,,,,,,,,,,,1729262.7,1814699.1,2012425.1,2158878.5,2278150.4,2574241.2,2715593.5,2769853.6,2788615.2,3005561.6,3155892.0,3414542.2,3662918.0,3698646.5,3293267.1,3651347.2,3895302.3,3977672.1,4063741.9,4258607.5,4571066.0,4712989.2,4974084.4,5141326.1,5307590.0,4848481.5,5399776.5,5790813.7,5752978.4,5783179.7,5901663.2
A,CLV10_MEUR,P6,EA12,,,,,,,,,,,,,,,,,,,,,1750796.5,1837097.1,2039465.9,2187298.0,2312287.1,2615670.4,2715593.5,2769853.6,2788615.2,3005561.6,3155892.0,3414542.2,3638566.7,3657655.2,3212759.1,3559050.6,3781115.1,3856797.4,3938051.3,4115009.5,4393633.7,4526009.7,4772453.7,4927349.9,5084425.3,4633598.4,5155041.0,5524809.0,5461013.3,5486194.6,5595534.6
A,CLV10_MEUR,P6,EA19,,,,,,,,,,,,,,,,,,,,,1799852.1,1888354.5,2096610.6,2247308.3,2373821.2,2683268.6,2787587.0,2845945.4,2869392.0,3096211.9,3257152.1,3530338.2,3767047.9,3790995.6,3326043.7,3689889.0,3926579.0,4012371.5,4100261.2,4282710.1,4571066.0,4712989.2,4974084.4,5141326.1,5307590.0,4848481.5,5399776.5,5790813.7,5720793.7,5750488.4,5868670.1
A,CLV10_MEUR,P6,EA20,,,,,,,,,,,,,,,,,,,,,1807994.6,1897537.6,2106523.5,2257383.1,2384145.5,2695007.4,2800316.4,2859228.9,2883437.6,3111302.6,3272946.8,3547394.8,3784970.9,3808559.0,3341187.8,3706214.8,3943275.6,4028812.6,4117130.3,4300804.4,4591009.3,4734329.7,4996909.4,5164974.8,5332880.9,4867790.0,5425478.2,5823466.5,5752978.4,5783179.7,5901663.2
A,CLV10_MEUR,P6,EA21,,,,,,,,,,,,,,,,,,,,,1817492.3,1908836.5,2118856.4,2269217.1,2395145.2,2705558.0,2811125.3,2870671.8,2895337.6,3125324.4,3288063.1,3563700.1,3804099.2,3828128.6,3358464.0,3725397.0,3964866.0,4050840.4,4141434.5,4325829.5,4617651.5,4763334.3,5027582.0,5196135.3,5365310.9,4897068.4,5458149.6,5860380.7,5790016.9,5820982.8,5938337.2
A,CLV10_MEUR,P6,EE,,,,,,,,,,,,,,,,,,,,,3893.9,3994.1,5009.7,5669.1,5695.9,5300.1,5635.7,5794.7,6384.1,7488.1,8979.9,9835.7,11076.5,11175.9,8906.3,11063.1,13737.4,14400.4,14803.6,15194.5,14965.7,15687.9,16446.0,16922.2,17774.2,17042.4,21062.0,22212.9,20182.4,19879.5,20865.0
A,CLV10_MEUR,P6,EL,,,,,,,,,,,,,,,,,,,,,20757.5,21533.1,26533.5,27765.6,34268.1,42046.1,42541.0,39430.8,39322.7,45668.4,46704.7,49240.0,53723.3,56153.5,46457.1,48583.6,48851.8,49848.0,50723.1,54922.4,57796.8,57568.5,62407.3,68169.8,71469.6,56090.7,69761.0,74081.1,75680.1,76413.0,77674.7
A,CLV10_MEUR,P6,ES,,,,,,,,,,,,,,,,,,,,,136232.4,149840.2,171402.0,185333.7,200205.9,221065.9,229787.7,233087.1,241247.3,251576.1,256197.4,268192.6,288750.9,286174.7,255282.1,278203.0,301032.0,303877.4,316912.4,331192.2,345604.9,364241.5,384665.1,391055.0,399911.4,319533.1,362312.4,413845.0,422824.9,436164.4,451730.0
A,CLV10_MEUR,P6,EU27_2020,,,,,,,,,,,,,,,,,,,,,2060620.1,2165352.4,2403884.6,2578726.4,2725344.5,3082379.6,3201903.4,3275547.1,3321642.8,3598495.0,3807620.2,4146882.2,4436536.9,4489603.1,3954242.7,4384633.3,4675337.1,4774209.2,4888033.9,5115664.4,5450814.6,5644937.0,5964556.2,6177838.2,6394517.5,5870277.6,6532222.9,7011229.3,6998418.3,7055940.4,7216509.0
A,CLV10_MEUR,P6,FI,,,,,,16814.7,17790.5,17457.8,18213.3,19402.5,19525.8,20027.0,20693.5,21423.6,21785.7,22092.1,20348.0,22459.1,26202.8,29684.2,32281.7,34142.3,38931.3,42385.3,47189.9,54789.8,55788.1,58010.8,57425.5,62445.5,66785.2,73338.8,79929.7,85206.1,68068.3,72273.0,73738.2,73912.4,74771.7,73431.8,73610.9,76693.0,83616.6,85049.5,90872.9,83147.8,88122.7,92028.8,90776.1,92372.4,95524.9
A,CLV10_MEUR,P6,FR,113537.0,123057.9,132601.3,141114.5,150282.8,154473.4,161910.1,159552.3,167092.8,178479.6,182228.6,180946.8,186367.3,202391.9,222409.1,230345.7,245292.6,259697.4,260464.6,281584.2,305882.4,318064.1,358834.3,389643.4,409169.8,461007.6,474338.9,484161.5,477538.6,503066.3,524420.3,552430.0,568168.8,571498.7,511719.6,555437.6,591692.1,607314.2,623117.6,640211.9,669183.8,683317.3,713427.6,740304.4,755691.2,630458.3,701862.3,765617.7,784528.8,804340.7,814641.7
A,CLV10_MEUR,P6,HR,,,,,,,,,,,,,,,,,,,,,8000.1,9339.8,9965.1,9943.5,10087.5,11493.6,12619.2,13231.3,14108.6,15147.8,15844.6,17103.8,17951.3,17565.4,15143.0,16325.8,16696.6,16445.4,16873.5,18101.0,19954.7,21361.3,22845.7,23669.0,25288.7,19422.9,25782.5,32746.6,32274.7,32779.8,33088.9
A,CLV10_MEUR,P6,HU,,,,,,,,,,,,,,,,,,,,,15692.2,17132.4,21031.2,24272.8,27123.9,33884.6,36847.3,38933.8,41346.6,48811.1,55050.4,65801.3,76424.2,81543.3,72804.3,80898.3,86087.1,84622.3,88073.8,96178.4,103259.8,107186.0,114131.4,119827.1,126366.1,118601.2,128374.5,142157.2,144736.9,144006.8,142447.5
A,CLV10_MEUR,P6,IE,,,,,,,,,,,,,,,,,,,,,45956.3,51664.9,60731.2,74560.0,86319.4,104608.6,119262.3,126985.5,124829.6,132968.9,140255.5,148742.7,161983.0,155822.0,163065.4,172819.8,178192.3,176727.2,195402.4,223723.6,311930.2,328481.5,364673.3,382339.8,424495.6,482043.6,545391.2,610978.9,586995.6,637286.8,699174.1
A,CLV10_MEUR,P6,IS,,,,,,,,,,,,,,,,,,,,,2532.3,2737.1,2868.1,2910.3,3003.2,3122.8,3333.0,3452.0,3481.7,3769.2,4047.2,3864.4,4777.0,4943.9,5337.1,5377.3,5534.0,5707.1,6062.5,6290.9,6820.2,7655.4,8024.4,8201.3,7835.6,5457.6,6134.0,7733.0,8032.4,7856.0,7933.9
A,CLV10_MEUR,P6,IT,,,,,,,,,,,,,,,,,,,,,302607.6,307174.6,322321.5,330544.2,327142.9,366534.0,376306.4,365600.4,361080.9,383299.9,395716.6,428102.1,454764.7,439851.4,361419.4,403170.0,423057.8,430812.5,431880.1,442852.0,460502.6,471269.4,496565.0,507139.8,513357.6,442979.5,505375.4,555266.2,554243.2,551755.0,558591.2
A,CLV10_MEUR,P6,LT,,,,,,,,,,,,,,,,,,,,,4384.7,5517.9,6837.8,7097.4,5761.3,6569.1,8150.4,9795.9,10684.7,11458.3,13732.0,15490.7,15985.3,17842.4,15402.3,17925.5,20533.1,22760.4,24415.1,23970.0,24550.7,25760.5,29246.2,31246.6,34384.2,34407.6,40114.1,44809.8,43318.9,44444.5,46323.5
A,CLV10_MEUR,P6,LU,,,,,,,,,,,,,,,,,,,,,24578.2,26096.9,29613.3,34421.2,38555.8,45114.1,48009.1,47961.9,49296.9,53848.0,57066.1,64440.5,67745.2,67523.2,62632.3,68993.4,72020.9,73186.9,77809.5,82879.7,87139.2,91765.3,91557.1,94787.3,100510.7,102422.6,114039.2,115715.8,116355.8,102184.5,103374.5
A,CLV10_MEUR,P6,LV,,,,,,,,,,,,,,,,,,,,,3071.7,3643.0,4107.4,4301.3,4028.2,4608.1,5007.8,5254.6,5470.7,6230.5,7705.7,8280.0,9432.6,9659.7,8408.3,9553.2,10743.6,11762.7,11840.2,12617.0,13002.5,13508.6,14380.7,15008.1,14922.5,14878.1,16230.9,18084.5,16814.7,16832.8,16845.3
A,CLV10_MEUR,P6,ME,,,,,,,,,,,,,,,,,,,,,,,,,,,,,,,,940.6,1222.6,1242.8,1085.5,1145.7,1319.1,1274.2,1305.4,1286.7,1365.7,1393.1,1418.0,1516.0,1604.1,847.1,1517.4,1810.9,1974.5,1896.4,1808.3
A,CLV10_MEUR,P6,MK,,,,,,,,,,,,,,,,,,,,,,,,,,1928.7,1655.0,1574.5,1579.8,1851.4,2183.3,2448.2,2785.8,2655.8,2286.9,2828.4,3284.8,3348.9,3553.0,4138.5,4489.3,4897.0,5305.7,5985.1,6516.4,5804.0,6632.7,7335.8,7116.6,6835.0,7253.5
A,CLV10_MEUR,P6,MT,,,,,,,,,,,,,,,,,,,,,,,,,,4630.0,4064.2,4399.0,4153.2,4173.0,4243.8,5225.6,5592.0,5938.3,5226.8,6150.0,6707.2,7212.1,7382.5,7832.3,9715.2,10499.0,12178.0,13784.4,14775.8,15335.5,16030.3,17894.7,18818.2,20001.8,20911.8
A,CLV10_MEUR,P6,NL,,,,,,,,,,,,,,,,,,,,,219257.9,228153.0,250132.0,266575.3,290677.4,325917.3,330652.4,332424.2,338428.8,366164.5,387040.1,415004.8,437565.1,444882.5,406215.8,445533.0,470866.1,488358.9,503095.1,529000.5,573282.8,584537.3,625034.3,655796.9,673876.5,648060.0,692510.3,723084.3,701451.3,700357.8,717380.7
A,CLV10_MEUR,P6,NO,33442.9,37666.2,38575.6,42634.7,43545.9,45516.6,46336.9,46543.4,49843.7,53657.7,57582.7,58862.5,59421.5,63107.8,70158.3,75842.9,80540.4,84331.1,86955.0,94176.1,99249.0,109248.0,117676.1,119218.9,122730.8,127521.9,133363.5,132587.1,132145.8,133675.2,134421.0,133653.4,134952.0,136677.0,130909.8,131512.2,130980.7,133774.8,131684.5,136789.2,142220.8,142309.8,144540.4,142575.2,145801.9,142256.8,150523.8,157835.8,159307.2,168544.0,172573.8
A,CLV10_MEUR,P6,PL,,,,,,,,,,,,,,,,,,,,,41005.5,45652.1,51222.2,58518.1,57046.7,70513.8,72667.9,76174.9,86900.0,90998.0,100151.9,115440.6,127188.5,136082.2,127868.9,143967.3,155117.5,161198.1,169355.6,178666.0,190473.5,207538.5,226407.9,241707.1,254608.1,251869.4,282857.3,303804.8,315096.3,321399.3,335801.6
A,CLV10_MEUR,P6,PT,,,,,,,,,,,,,,,,,,,,,29053.2,30710.4,32952.1,35619.4,36867.7,40015.6,40943.9,42302.4,44400.9,46000.1,46126.7,51878.2,55238.4,55006.1,49467.7,54007.7,57725.3,59508.1,63828.2,66575.1,70737.5,74070.4,80285.3,83735.0,87088.1,71120.8,79679.9,93347.3,97368.1,100518.4,100935.5
A,CLV10_MEUR,P6,RO,,,,,,,,,,,,,,,,,,,,,13190.1,13992.8,15555.6,15307.2,16427.0,13375.5,15282.8,17934.6,19430.5,22178.8,24220.0,27071.0,32728.6,37229.0,35113.0,40597.8,45515.1,45997.6,55534.9,60275.3,63037.8,73337.9,79032.8,83191.6,87649.9,79357.4,89386.0,97705.3,96388.1,93983.0,97671.7
A,CLV10_MEUR,P6,RS,,,,,,,,,,,,,,,,,,,,,900.5,2010.4,3037.3,3933.4,2273.3,2588.1,3985.6,4756.4,6090.8,6693.8,7935.9,8499.0,8745.6,9843.8,8708.6,10176.9,10749.7,11056.9,13051.6,13608.5,14839.1,16454.4,17748.3,19353.3,20756.8,19805.1,23850.8,27912.9,28674.5,30162.8,31861.9
A,CLV10_MEUR,P6,SE,,,,,,,,,,,,,,,,,,,62009.1,70442.4,78360.8,81727.1,93031.2,101303.2,108444.0,121197.0,121834.1,123828.9,129073.2,143554.9,153689.8,166471.1,173814.3,175559.5,150484.4,167113.8,178437.7,179701.2,179473.3,186506.2,196000.1,202000.6,208660.3,217761.5,232906.3,220264.3,245722.6,260597.4,267276.5,274262.3,285048.0
A,CLV10_MEUR,P6,SI,,,,,,,,,,,,,,,,,,,,,8780.6,9041.6,10093.5,10883.0,11101.2,12499.1,13396.8,14439.4,14895.8,16838.5,18752.1,21400.3,24365.9,25385.2,21188.4,23375.6,24939.5,25125.7,25828.2,27334.1,28818.5,30671.6,34067.1,36164.0,37784.4,34561.1,39441.6,42375.0,41564.6,42535.6,42664.5
A,CLV10_MEUR,P6,SK,,,,,,,,,,,,,,,,,,,,,14683.0,14347.1,16347.1,15973.9,17588.6,19026.5,21124.7,22689.1,27164.1,32903.7,37057.7,45515.8,52094.2,53661.2,44880.3,52975.3,58320.3,63691.7,67119.2,69335.0,74016.8,77645.5,80473.1,84880.1,86031.6,80563.9,89152.9,91621.3,91004.9,91025.3,94650.6
A,CLV10_MEUR,P6,TR,,,,,,,,,,,,,,,,,,,,,43347.6,52141.3,61057.7,67662.3,60910.0,72547.9,76201.8,82685.9,89253.5,100332.8,108866.8,115321.3,123519.0,128341.9,124291.7,127176.6,144186.1,165849.0,173677.7,185886.4,195284.6,190996.5,214776.9,235235.7,246229.9,205817.0,257447.2,284472.6,278000.6,278203.1,277316.3
A,CLV10_MEUR,P6,UA,,,,,,,,,,,,,,,,,,,,,,,,,,,,,,,,,,,,48122.0,49406.3,46617.1,42859.2,36755.3,31916.3,31336.2,32565.9,32125.0,34470.0,32467.3,29686.2,17204.4,16180.9,17847.9,
A,CLV10_MEUR,P6,UK,,,,,,,,,,,,,,,,,,,,,,,,368104.4,378409.5,412210.7,421230.4,425784.8,435699.8,455990.9,491986.8,554576.8,543415.4,545545.0,499786.2,528890.0,567098.6,570735.7,575617.1,576973.5,593125.4,609382.4,642337.3,661801.2,679391.5,,,,,,
A,CLV10_MEUR,P6,XK,,,,,,,,,,,,,,,,,,,,,,,,,,,,,,,,,,573.0,685.2,873.5,1120.0,1142.7,1125.9,1197.0,1219.0,1345.6,1614.9,1761.3,1894.4,1343.2,2374.3,2822.7,3026.8,3312.4,3567.5
A,CLV10_MEUR,P6_S21,BE,,,,,,,,,,,,,,,,,,,,,98080.6,103017.7,112832.5,117416.7,122999.9,138280.0,138570.5,143639.1,146116.6,155376.6,163908.1,173392.9,182609.9,186885.1,164548.3,174901.0,180004.1,176813.6,176535.6,184489.6,192512.5,203251.4,215243.0,221181.5,229332.1,216329.7,242159.0,240612.2,224699.7,225783.7,232963.0
A,CLV10_MEUR,P6_S21,CY,,,,,,,,,,,,,,,,,,,,,,,,,,,,,,,,,,3590.1,3219.0,3455.7,3662.6,3318.7,3374.1,3841.4,3934.5,4111.7,4744.2,5111.2,6628.6,6747.8,8690.0,11051.9,10359.1,11310.6,11860.3
A,CLV10_MEUR,P6_S21,CZ,,,,,,,,,,,,,,,,,,,,,,,,,,,,,,,,,,,,81763.4,89049.9,89181.7,89429.9,98643.1,104131.2,108219.8,115629.8,119371.2,120799.9,111021.3,120238.5,127630.2,129709.2,128287.0,132794.1
A,CLV10_MEUR,P6_S21,DK,,,,,,,,,,,,,,,,,,,,,,,,,,,,,,,60290.1,65241.5,66977.5,68133.2,60155.0,60715.5,63443.3,61309.5,64072.5,65549.4,66912.2,70360.5,72461.9,73032.2,75404.2,70487.6,75990.6,81096.3,91870.4,92182.8,96167.3
A,CLV10_MEUR,P6_S21,EE,,,,,,,,,,,,,,,,,,,,,,,,,,,,,,,,,,8075.1,6543.0,8013.4,9592.1,9718.4,10752.0,11000.5,11185.9,11545.7,12116.6,12562.7,12883.0,11520.3,14336.9,15523.0,14596.2,14024.3,14978.9
A,CLV10_MEUR,P6_S21,FI,,,,,,,,,,,,,,,,,,,,,,,,,,,,,,,,,,40574.8,31297.5,32518.0,34539.1,34371.7,36042.4,34930.5,36157.9,38624.2,42669.3,43374.0,47577.6,42159.4,45955.8,49017.3,49653.4,50264.2,51790.0
A,CLV10_MEUR,P6_S21,FR,,,,,,,,,,,,,,,,,,,,,,,,,,,,,,,,,,299870.5,263298.4,284411.6,303270.4,301304.9,312489.4,318922.0,329606.1,341152.2,350652.2,367744.3,374727.3,326798.6,363825.0,388698.0,400640.6,405049.7,412188.0
A,CLV10_MEUR,P6_S21,HU,,,,,,,,,,,,,,,,,,,,,,,,,,,,,,,,,,59279.5,52878.3,57810.7,62473.5,62042.0,63009.8,71430.9,73760.5,79420.4,85600.3,90008.5,95321.8,89845.5,95456.3,106958.8,108451.8,105013.9,107179.1
A,CLV10_MEUR,P6_S21,IT,,,,,,,,,,,,,,,,,,,,,,,,,,,,,,,,,,236355.6,189492.0,207128.0,212894.1,206156.2,202731.9,211438.5,221978.2,231157.6,245130.6,253941.1,257871.9,227239.8,263956.1,288887.4,295063.2,290191.2,303760.6
A,CLV10_MEUR,P6_S21,LT,,,,,,,,,,,,,,,,,,,,,,,,,,,,,,6563.3,7883.2,8782.0,9436.4,9998.2,9318.8,10206.6,11859.7,12581.6,13164.6,13700.1,15409.3,16023.0,18028.7,19612.3,21652.5,22022.5,26017.6,30442.3,29550.9,30978.9,32939.8
A,CLV10_MEUR,P6_S21,LU,,,,,,,,,,,,,,,,,,,,,18243.3,19249.9,21340.7,24487.8,27241.3,31838.4,33735.6,34951.7,36148.3,39361.9,40511.6,44494.9,46295.9,46327.1,43186.5,43471.5,44928.5,47603.2,50129.7,52504.3,54325.9,58450.1,56943.3,59678.9,63024.4,64576.6,71829.5,73877.2,75146.2,66603.7,67547.3
A,CLV10_MEUR,P6_S21,LV,,,,,,,,,,,,,,,,,,,,,,,,,,2117.4,2496.3,2761.4,2969.9,3553.6,4665.5,5094.3,5837.6,5928.9,5180.3,5776.6,6599.5,7053.1,7169.1,7922.0,8274.5,8724.0,9096.0,9727.8,10059.4,9990.9,11259.7,12444.3,11740.2,11851.8,12218.9
A,CLV10_MEUR,P6_S21,ME,,,,,,,,,,,,,,,,,,,,,,,,,,,,,,,,455.3,578.6,500.4,385.0,443.9,493.7,369.9,349.5,363.8,374.7,389.5,397.8,500.4,512.4,318.8,456.9,656.2,702.7,639.6,597.2
A,CLV10_MEUR,P6_S21,MT,,,,,,,,,,,,,,,,,,,,,,,,,,2781.6,2439.7,2649.7,2494.5,2509.0,2547.5,3137.8,3366.6,3564.8,3142.8,3696.7,4019.6,4332.0,4442.1,4705.3,5809.8,6350.2,7268.8,8361.3,9015.8,9813.0,10006.6,10512.0,11968.8,12602.5,13506.0
A,CLV10_MEUR,P6_S21,NL,,,,,,,,,,,,,,,,,,,,,147098.9,152340.6,164646.6,175930.7,191851.1,212533.0,215730.0,212701.2,215748.9,238554.5,249470.7,268412.8,283382.4,290226.2,262485.6,279624.0,298372.6,301821.6,310717.3,324979.9,343339.9,355870.8,382736.2,409630.3,416457.1,387692.7,425706.4,451328.6,434442.9,426786.8,440850.5
A,CLV10_MEUR,P6_S21,PL,,,,,,,,,,,,,,,,,,,,,,,,,,,,,,,,,,97927.9,93306.2,104000.1,110183.7,111208.5,115394.4,125142.7,135664.7,147445.9,160378.5,172831.2,181193.9,180413.7,205863.4,227195.2,226595.8,230425.6,241586.3
A,CLV10_MEUR,P6_S21,PT,,,,,,,,,,,,,,,,,,,,,,,,,,,,,,,,,,36247.9,32079.0,35376.2,37362.4,36842.6,38895.7,40673.7,43757.0,46792.5,50229.5,53997.7,56199.5,47762.9,53630.4,60652.0,62263.4,65127.0,66025.8
A,CLV10_MEUR,P6_S21,RO,,,,,,,,,,,,,,,,,,,,,,,,,,,,,,,,,23148.2,26221.6,25719.8,28761.4,32016.7,32348.3,39181.2,43219.1,46797.1,55274.8,60336.3,64509.7,68103.6,58034.2,64385.4,68797.9,68100.3,67037.8,69401.6
A,CLV10_MEUR,P6_S21,SI,,,,,,,,,,,,,,,,,,,,,,,,,,,,,,,,,,17528.7,15732.9,17451.3,18720.3,18471.8,18999.9,20445.8,21612.8,22910.0,25719.8,27602.0,28838.1,26065.7,29959.8,32234.5,31175.9,31592.9,31896.0
A,CLV10_MEUR,P6_S21,SK,,,,,,,,,,,,,,,,,,,,,12298.9,11985.6,13738.5,13999.5,15502.1,16788.1,18686.8,19870.3,22908.0,27724.9,31345.9,37981.0,42868.0,43466.5,36627.7,42974.7,47446.1,50937.3,52543.9,54732.1,58849.5,61641.8,64396.0,68028.4,69137.2,64755.4,73151.4,75930.1,72480.9,74292.4,73032.7
A,CLV10_MEUR,P6_S21,TR,,,,,,,,,,,,,,,,,,,,,,,,,,,,,,,,,,,53792.5,54730.8,61195.5,69510.5,70911.2,77519.5,82592.2,85334.8,92655.8,107134.1,109847.8,77934.8,97680.3,106200.5,106263.2,108152.9,110698.3
A,CLV10_MEUR,P6_S21,UK,,,,,,,,,,,,,,,,,,,,,,,,200676.9,208055.9,224498.9,233725.5,238689.4,233963.7,239068.8,256210.1,306889.8,278312.4,272079.5,243754.7,253816.6,267097.1,258186.5,256432.0,258931.9,266013.3,276768.5,295588.7,304950.2,295578.4,,,,,,
A,CLV10_MEUR,P6_S2111,BE,,,,,,,,,,,,,,,,,,,,,,,,,112359.2,126324.6,126536.7,131233.0,133532.1,142042.4,149834.6,158537.0,166917.0,168933.5,149245.8,158329.0,162148.2,158916.6,158038.3,164535.0,170857.6,179944.1,190396.7,196141.9,201700.0,189013.7,212776.4,208704.7,193010.5,194744.0,200431.3
A,CLV10_MEUR,P6_S2111,CY,,,,,,,,,,,,,,,,,,,,,,,,,,,,,,,,,,2387.9,2198.2,2317.7,2526.5,2311.6,2874.0,2807.7,3194.9,3320.6,3914.8,4152.2,5570.8,5983.2,7175.6,8909.9,8254.8,9017.0,9450.9
A,CLV10_MEUR,P6_S2111,CZ,,,,,,,,,,,,,,,,,,,,,,,,,,,,,,,,,,,,68871.5,74455.7,74010.3,73701.4,80356.7,85398.6,88679.7,94807.0,97564.5,98596.9,90769.0,97555.2,103713.4,104763.8,102707.5,106254.6
A,CLV10_MEUR,P6_S2111,DK,,,,,,,,,,,,,,,,,,,,,,,,,,,,,,,42783.0,45257.8,45623.1,46790.4,41281.6,41093.8,42765.8,40770.5,43818.9,45351.9,46365.9,48664.8,49938.2,50372.4,52105.3,50291.8,53784.4,57925.7,66699.7,66978.2,68926.3
A,CLV10_MEUR,P6_S2111,EE,,,,,,,,,,,,,,,,,,,,,,,,,,,,,,,,,,4044.0,3501.4,4053.9,4722.2,4667.9,6351.1,7990.5,8919.0,9117.6,10030.6,10400.7,10884.1,9844.9,12553.8,13666.8,13077.8,12664.2,13462.0
A,CLV10_MEUR,P6_S2111,FI,,,,,,,,,,,,,,,,,,,,,,,,,,,,,,,,,,27195.9,20329.2,20935.0,21525.2,22123.2,22898.3,22230.8,23526.7,24522.0,27790.0,27402.4,31298.8,27296.7,29602.6,31104.0,32218.8,33038.0,33869.9
A,CLV10_MEUR,P6_S2111,FR,,,,,,,,,,,,,,,,,,,,,,,,,,,,,,,,,,268224.8,236720.6,254925.6,271439.1,270027.6,278528.1,283560.6,291560.2,301971.1,309151.5,323481.4,329719.8,284816.0,316767.4,339219.0,360624.4,362592.4,368242.3
A,CLV10_MEUR,P6_S2111,HU,,,,,,,,,,,,,,,,,,,,,,,,,,,,,,,,,,47169.6,42312.1,46069.3,49559.0,49475.5,50091.0,57154.5,58251.3,62353.0,67559.6,70781.2,74860.3,70721.6,75989.2,87120.9,88364.7,84131.1,85933.7
A,CLV10_MEUR,P6_S2111,IT,,,,,,,,,,,,,,,,,,,,,,,,,,,,,,,,,,200156.3,160489.9,175130.0,180192.6,174676.5,170818.2,177669.2,185287.3,193724.9,204144.3,212892.3,215561.5,188969.4,219336.2,240816.7,245230.1,240358.7,244312.2
A,CLV10_MEUR,P6_S2111,LT,,,,,,,,,,,,,,,,,,,,,,,,,,,,,,4999.3,5946.8,6498.1,7032.9,7324.2,6856.4,7431.2,8990.2,9609.7,9629.7,9651.8,10746.5,11062.9,12731.1,13913.2,15818.1,16293.4,18750.3,22341.2,21808.7,22750.8,24063.3
A,CLV10_MEUR,P6_S2111,LU,,,,,,,,,,,,,,,,,,,,,17295.2,18286.0,20200.3,23034.7,25815.7,30166.5,31909.4,32890.7,33909.2,36964.0,37970.7,41522.8,42959.1,43080.5,40290.6,40375.3,41680.1,43948.2,46190.1,48345.6,49878.1,53687.7,52197.0,54640.5,57678.2,59002.0,65697.7,67885.7,69215.6,61499.7,62322.8
A,CLV10_MEUR,P6_S2111,LV,,,,,,,,,,,,,,,,,,,,,,,,,,1465.1,1715.3,1897.7,2004.8,2400.1,3307.9,3956.7,4475.6,4593.8,4030.0,4403.0,4956.1,5226.9,5258.0,5952.4,6218.6,6516.2,6677.6,7128.3,7576.3,7510.1,8667.3,9712.5,9182.5,9223.2,9589.1
A,CLV10_MEUR,P6_S2111,ME,,,,,,,,,,,,,,,,,,,,,,,,,,,,,,,,322.9,387.2,386.7,279.7,299.1,285.2,217.8,258.2,238.7,268.1,247.8,252.3,305.3,308.0,205.0,316.1,470.0,518.4,453.0,437.6
A,CLV10_MEUR,P6_S2111,MT,,,,,,,,,,,,,,,,,,,,,,,,,,2571.6,2248.4,2442.6,2298.6,2306.1,2333.5,2872.4,3077.5,3242.5,2849.4,3358.3,3653.2,3940.3,4023.6,4246.0,5214.7,5700.3,6506.2,7495.7,8032.9,8900.6,9046.9,9454.2,10850.2,11390.6,12288.5
A,CLV10_MEUR,P6_S2111,NL,,,,,,,,,,,,,,,,,,,,,136712.5,141468.5,151416.7,161415.2,174789.6,193166.5,197414.6,194524.1,199282.8,214191.1,222413.9,246958.4,245822.8,250747.9,229702.6,247398.0,263992.9,265133.8,267757.3,278257.5,290928.9,299884.4,326298.9,350488.2,355950.0,329514.9,360661.1,386940.7,371225.1,363887.0,374903.2
A,CLV10_MEUR,P6_S2111,PL,,,,,,,,,,,,,,,,,,,,,,,,,,,,,,,,,,77518.7,75078.3,82632.7,87209.3,87574.3,90634.2,98096.4,105730.8,114591.6,125125.3,135103.0,141958.7,142018.9,162811.3,177026.3,181805.2,183516.6,191681.1
A,CLV10_MEUR,P6_S2111,PT,,,,,,,,,,,,,,,,,,,,,,,,,,,,,,,,,,34051.0,29885.3,32896.6,34742.2,33967.6,36015.8,37662.3,40735.6,43385.0,46432.8,50158.4,52158.6,44121.8,49454.6,55671.9,57082.8,59666.1,60354.9
A,CLV10_MEUR,P6_S2111,RO,,,,,,,,,,,,,,,,,,,,,,,,,,,,,,,,,17086.1,19484.0,19448.2,21429.2,23505.8,23601.9,29026.2,32021.4,34595.8,40958.9,45029.4,47753.9,49979.4,45802.8,49838.8,52105.4,53072.7,52133.4,53928.2
A,CLV10_MEUR,P6_S2111,SI,,,,,,,,,,,,,,,,,,,,,,,,,,,,,,,,,,13146.7,13280.3,14559.6,15600.6,15409.7,15812.5,17012.9,17981.9,19000.2,21440.5,23022.5,24071.7,21552.3,24759.0,26717.9,25633.6,25689.2,25794.9
A,CLV10_MEUR,P6_S2111,SK,,,,,,,,,,,,,,,,,,,,,5533.1,5943.4,7720.3,8791.4,10197.9,10978.1,12297.5,13329.7,16059.4,18733.0,20206.5,24124.0,27212.9,26555.2,22231.3,25511.3,27400.9,29031.6,30079.4,32272.3,35085.4,37331.5,38868.2,41574.9,42338.2,39700.0,42957.4,43298.4,41501.4,41836.9,41238.5
A,CLV10_MEUR,P6_S2111,TR,,,,,,,,,,,,,,,,,,,,,,,,,,,,,,,,,,,39305.9,39836.7,43912.5,49665.0,50382.7,54238.2,55856.1,56634.7,62446.7,72531.0,73737.8,59671.2,74962.8,81082.2,79899.9,81207.3,82754.2
A,CLV10_MEUR,P6_S2111,UK,,,,,,,,,,,,,,,,,,,,,,,,181417.7,189145.6,203678.6,212278.0,216265.8,211639.7,215355.3,230559.4,273555.7,248953.2,242655.5,217275.5,224559.4,236547.1,229394.1,226331.2,227587.5,234662.7,243774.7,262201.3,270000.7,261572.1,,,,,,
A,CLV10_MEUR,P6_S2112,BE,,,,,,,,,,,,,,,,,,,,,,,,,10634.7,11948.4,12027.5,12399.0,12576.9,13325.8,14064.6,14846.3,15683.2,17955.0,15302.5,16572.0,17855.7,17898.5,18503.1,19962.9,21661.9,23306.1,24841.6,25040.8,27626.1,27302.4,29379.4,31943.4,31824.8,31155.6,32659.6
A,CLV10_MEUR,P6_S2112,CY,,,,,,,,,,,,,,,,,,,,,,,,,,,,,,,,,,1202.2,1020.9,1138.0,1136.1,1007.1,499.2,1034.0,738.4,789.9,827.5,957.3,1054.7,760.7,1508.2,2132.8,2095.1,2283.6,2398.8
A,CLV10_MEUR,P6_S2112,CZ,,,,,,,,,,,,,,,,,,,,,,,,,,,,,,,,,,,,12891.9,14594.2,15168.4,15727.3,18295.8,18737.5,19544.6,20828.0,21809.3,22205.0,20254.2,22686.7,23917.2,24959.6,25624.9,26589.1
A,CLV10_MEUR,P6_S2112,DK,,,,,,,,,,,,,,,,,,,,,,,,,,,,,,,17509.6,19983.7,21353.1,21342.3,18872.8,19621.7,20677.5,20541.0,20251.3,20193.9,20542.4,21691.8,22520.4,22656.3,23294.9,20186.5,22197.9,23156.9,25140.0,25173.4,27216.8
A,CLV10_MEUR,P6_S2112,EE,,,,,,,,,,,,,,,,,,,,,,,,,,,,,,,,,,4030.7,3040.3,3959.5,4869.9,5050.7,4387.2,3544.8,3089.8,3246.9,3108.7,3222.6,3142.0,2723.4,3156.9,3360.6,2985.0,2791.8,3031.5
A,CLV10_MEUR,P6_S2112,FI,,,,,,,,,,,,,,,,,,,,,,,,,,,,,,,,,,13379.2,10968.3,11583.0,13014.1,12248.6,13144.3,12701.9,12633.3,14105.6,14881.8,15975.2,16282.6,14866.1,16357.0,17917.3,17438.6,17230.1,17923.2
A,CLV10_MEUR,P6_S2112,FR,,,,,,,,,,,,,,,,,,,,,,,,,,,,,,,,,,31635.9,26580.8,29486.0,31831.3,31276.3,33966.4,35370.7,38074.0,39206.3,41576.9,44372.6,45116.1,42189.3,47304.1,49735.8,41201.0,43306.6,44694.5
A,CLV10_MEUR,P6_S2112,HU,,,,,,,,,,,,,,,,,,,,,,,,,,,,,,,,,,12100.1,10560.0,11741.4,12914.5,12577.4,12921.7,14297.3,15498.7,17051.0,18022.8,19202.6,20432.0,19099.9,19438.3,19915.1,20169.2,20768.6,21137.9
A,CLV10_MEUR,P6_S2112,IT,,,,,,,,,,,,,,,,,,,,,,,,,,,,,,,,,,36196.9,29000.3,31998.0,32701.3,31480.5,31918.3,33772.8,36694.0,37432.6,40985.6,41050.0,42307.6,38273.5,44625.2,48082.6,49845.1,49859.8,59592.3
A,CLV10_MEUR,P6_S2112,LT,,,,,,,,,,,,,,,,,,,,,,,,,,,,,,1562.9,1935.7,2283.8,2403.2,2674.2,2462.4,2775.3,2869.4,2971.8,3535.0,4049.1,4663.9,4961.8,5297.3,5698.5,5831.9,5725.5,7267.1,8097.7,7737.0,8225.4,8877.0
A,CLV10_MEUR,P6_S2112,LU,,,,,,,,,,,,,,,,,,,,,950.7,967.2,1142.9,1453.7,1428.9,1675.7,1829.5,2062.3,2239.4,2398.4,2541.4,2972.2,3336.1,3246.0,2895.4,3096.2,3248.3,3655.1,3939.4,4158.3,4446.1,4760.9,4743.6,5034.6,5342.0,5569.2,6126.5,5988.4,5929.3,5104.5,5224.9
A,CLV10_MEUR,P6_S2112,LV,,,,,,,,,,,,,,,,,,,,,,,,,,657.9,788.4,872.0,976.6,1167.2,1368.3,1137.4,1361.9,1334.9,1150.1,1373.6,1643.5,1826.1,1910.9,1969.4,2055.7,2207.5,2417.8,2598.8,2483.5,2480.8,2598.5,2745.3,2571.1,2638.5,2646.1
A,CLV10_MEUR,P6_S2112,ME,,,,,,,,,,,,,,,,,,,,,,,,,,,,,,,,134.0,195.8,112.4,105.7,144.8,208.5,152.1,91.6,125.2,106.5,141.7,145.6,195.4,204.9,113.5,139.6,183.6,180.7,184.3,156.7
A,CLV10_MEUR,P6_S2112,MT,,,,,,,,,,,,,,,,,,,,,,,,,,209.7,191.1,207.0,195.7,202.8,213.9,265.3,289.0,322.3,293.5,338.4,366.5,391.7,418.4,459.2,594.7,649.6,761.9,865.0,981.5,913.4,960.2,1057.6,1119.8,1212.6,1219.5
A,CLV10_MEUR,P6_S2112,NL,,,,,,,,,,,,,,,,,,,,,10276.6,10762.8,13165.5,14459.4,17035.6,19347.9,18263.6,18128.9,16390.4,24317.7,27014.0,21379.2,37575.3,39502.7,32775.4,32226.0,34379.3,36696.1,43004.1,46779.4,52486.5,56072.0,56512.1,59216.5,60584.6,58257.8,65136.9,64461.9,63301.7,62988.2,66046.9
A,CLV10_MEUR,P6_S2112,PL,,,,,,,,,,,,,,,,,,,,,,,,,,,,,,,,,,20408.4,18227.5,21367.3,22974.4,23634.5,24760.5,27046.5,29934.1,32854.8,35253.7,37728.7,39235.6,38395.0,43051.7,50169.8,44789.4,46910.6,49908.6
A,CLV10_MEUR,P6_S2112,PT,,,,,,,,,,,,,,,,,,,,,,,,,,,,,,,,,,2170.5,2189.4,2479.6,2620.3,2897.6,2891.7,3023.8,3017.9,3417.4,3818.0,3843.6,4048.8,3663.7,4208.0,5036.4,5243.6,5529.9,5751.3
A,CLV10_MEUR,P6_S2112,RO,,,,,,,,,,,,,,,,,,,,,,,,,,,,,,,,,6062.1,6737.5,6271.7,7332.2,8510.9,8746.4,10155.0,11197.7,12201.4,14315.9,15306.9,16755.8,18124.3,12231.4,14546.5,16692.5,15027.6,14904.4,15473.4
A,CLV10_MEUR,P6_S2112,SI,,,,,,,,,,,,,,,,,,,,,,,,,,,,,,,,,,4377.4,2452.6,2891.7,3119.8,3062.1,3187.4,3432.8,3630.9,3910.1,4278.9,4579.1,4765.9,4514.2,5201.8,5517.2,5542.8,5905.0,6103.2
A,CLV10_MEUR,P6_S2112,SK,,,,,,,,,,,,,,,,,,,,,6754.4,6032.9,6012.0,5205.8,5303.6,5809.1,6388.7,6541.6,6850.9,8994.0,11140.7,13858.1,15656.3,16911.2,14396.2,17463.4,20045.1,21905.6,22464.4,22459.3,23763.3,24298.8,25520.7,26426.9,26768.7,25025.5,30230.9,32714.7,31052.8,32556.6,31889.5
A,CLV10_MEUR,P6_S2112,TR,,,,,,,,,,,,,,,,,,,,,,,,,,,,,,,,,,,14487.1,14894.1,17280.9,19842.3,20524.3,23274.0,26721.8,28681.7,30192.3,34584.8,36089.1,18273.5,22730.5,25131.0,24814.6,25397.0,26433.0
A,CLV10_MEUR,P6_S2112,UK,,,,,,,,,,,,,,,,,,,,,,,,19261.8,18906.4,20817.7,21445.0,22421.5,22322.7,23712.7,25649.4,33334.4,29361.1,29426.2,26481.4,29257.2,30550.4,28792.9,30100.3,31343.7,31352.8,32993.3,33397.5,34956.5,34012.6,,,,,,
A,CLV10_MEUR,P6_S212,BE,,,,,,,,,,,,,,,,,,,,,1646.9,1635.8,1643.3,1562.5,1397.9,1433.6,1642.0,1942.1,1368.6,1733.6,1961.9,2390.4,2636.2,2465.1,2589.5,2371.7,2496.3,2622.2,2706.1,2588.9,2835.8,3276.5,3400.6,3535.0,3840.3,3709.0,2937.9,3043.5,2786.2,3114.5,
A,CLV10_MEUR,P6_S212,CY,,,,,,,,,,,,,,,,,,,,,,,,,,,,,,,,,,24.0,24.5,23.8,18.7,18.8,25.0,20.3,21.2,18.9,26.4,37.1,29.0,30.5,15.5,21.3,33.3,33.9,36.2
A,CLV10_MEUR,P6_S212,EE,,,,,,,,,,,,,,,,,,,,,,,,,,,,,,,,,,8.8,5.2,5.8,8.0,7.1,6.6,8.0,185.1,330.6,513.7,772.9,429.8,983.8,1580.0,1375.9,1129.9,1070.0,1185.7
A,CLV10_MEUR,P6_S212,IE,,,,,,,,,,,,,,,,,,,,,5.6,6.3,7.3,9.0,10.4,12.6,17.6,14.4,13.0,17.3,23.0,23.7,26.2,23.5,21.3,21.4,22.8,21.8,22.8,25.2,29.2,27.7,33.8,28.1,29.3,22.9,44.9,53.9,0.2,44.6,
A,CLV10_MEUR,P6_S212,IT,,,,,,,,,,,,,,,,,,,,,,,,,,,,,,,,,,749.7,617.3,713.0,618.0,538.8,487.7,484.8,599.1,551.5,477.7,464.6,455.8,388.7,521.2,837.1,687.6,718.7,740.2
A,CLV10_MEUR,P6_S212,LT,,,,,,,,,,,,,,,,,,,,,,,,,,,,,,5.9,13.9,15.0,16.7,21.4,15.4,13.1,14.5,16.0,17.5,21.5,28.6,22.2,19.5,21.8,24.1,23.6,27.0,35.9,31.2,23.7,28.0
A,CLV10_MEUR,P6_S212,LU,,,,,,,,,,,,,,,,,,,,,511.4,592.0,582.9,595.7,452.8,465.7,513.0,549.2,619.2,608.8,551.8,578.7,701.9,707.9,728.3,621.6,612.6,601.5,547.9,580.1,574.7,661.2,653.0,704.9,704.4,830.5,916.3,927.2,897.2,722.0,728.5
A,CLV10_MEUR,P6_S212,LV,,,,,,,,,,,,,,,,,,,,,,,,,,0.3,1.6,0.5,0.5,5.4,10.2,10.2,12.1,10.1,5.7,6.6,7.7,7.9,6.9,9.5,10.5,10.8,9.2,9.9,8.7,8.1,14.2,15.7,10.0,11.0,12.6
A,CLV10_MEUR,P6_S212,ME,,,,,,,,,,,,,,,,,,,,,,,,,,,,,,,,0.0,0.0,0.0,0.0,0.0,0.0,0.0,0.0,0.0,0.0,0.0,0.0,0.0,0.0,0.0,0.0,0.0,0.0,0.0,0.0
A,CLV10_MEUR,P6_S212,NL,,,,,,,,,,,,,,,,,,,,,105.2,112.4,125.7,133.8,147.1,156.1,161.4,163.2,163.2,166.8,173.9,181.9,193.5,203.3,196.2,206.0,222.1,232.8,248.8,279.1,328.2,313.9,342.4,374.5,396.8,367.4,375.4,420.0,423.6,434.3,437.0
A,CLV10_MEUR,P6_S212,SE,,,,,,,,,,,,,,,,,,,112.7,115.8,114.8,117.6,135.5,150.1,140.9,150.2,118.6,105.4,167.8,174.7,280.2,222.7,317.8,287.5,265.6,350.7,275.1,272.3,306.7,325.0,356.3,134.2,304.3,285.9,303.6,255.2,449.3,482.6,360.1,390.7,344.2
A,CLV10_MEUR,P6_S212,SI,,,,,,,,,,,,,,,,,,,,,,,,,,,,,,,,,,0.9,0.7,0.7,0.3,1.1,0.5,0.4,0.4,1.2,1.4,3.1,4.0,6.4,0.1,0.4,1.5,3.0,5.6
A,CLV10_MEUR,P6_S22,BE,,,,,,,,,,,,,,,,,,,,,50539.7,52996.0,57987.3,60472.0,63516.3,71358.2,71866.4,74052.2,75090.4,79529.9,83944.3,88588.0,93613.6,94326.8,84872.9,100539.5,108714.4,109976.3,111059.6,118418.8,121494.3,130060.0,136449.0,135893.0,138178.1,129268.5,154179.8,168177.9,154758.2,146904.5,136916.3
A,CLV10_MEUR,P6_S22,CY,,,,,,,,,,,,,,,,,,,,,,,,,,,,,,,,,,6071.7,5993.8,6340.0,6820.4,7103.3,7165.1,7362.3,8268.1,8971.5,9776.9,10458.3,10305.3,10463.2,13195.6,16849.4,17083.3,17802.9,18635.1
A,CLV10_MEUR,P6_S22,CZ,,,,,,,,,,,,,,,,,,,,,,,,,,,,,,,,,,,,21742.6,23939.9,28644.1,28700.6,29797.2,31900.6,33437.3,36082.6,37648.5,38277.1,34519.1,37172.7,37888.7,39728.6,43819.5,46036.7
A,CLV10_MEUR,P6_S22,DK,,,,,,,,,,,,,,,,,,,,,,,,,,,,,,,50493.4,56976.6,59685.0,63433.7,59361.1,62437.6,68880.6,72723.1,71798.1,74427.4,77594.4,79434.3,84548.8,89340.9,94146.3,88279.8,95060.6,101221.8,104938.3,118307.0,120791.9
A,CLV10_MEUR,P6_S22,EE,,,,,,,,,,,,,,,,,,,,,,,,,,,,,,,,,,3100.8,2363.3,3049.7,4145.3,4682.0,4069.9,4215.2,3772.6,4153.0,4340.1,4366.1,4899.4,5543.4,6749.9,6705.9,5583.7,5862.2,5887.6
A,CLV10_MEUR,P6_S22,FI,,,,,,,,,,,,,,,,,,,,,,,,,,,,,,,,,,44631.1,36770.8,39755.0,39199.1,39540.7,38729.3,38500.2,37453.0,38068.6,40947.1,41675.3,43295.2,40988.2,42166.6,43011.3,41122.3,42107.9,43734.6
A,CLV10_MEUR,P6_S22,FR,,,,,,,,,,,,,,,,,,,,,,,,,,,,,,,,,,271556.3,248424.0,271026.0,288421.7,306106.9,310701.8,321383.3,339681.6,342307.9,362857.8,372671.1,381077.1,303862.6,338263.3,377108.4,383953.0,399592.6,402724.8
A,CLV10_MEUR,P6_S22,HU,,,,,,,,,,,,,,,,,,,,,,,,,,,,,,,,,,22243.3,19908.0,23087.6,23613.6,22573.1,25052.2,24715.1,29492.0,27766.4,28533.5,29821.6,31043.5,28750.3,32953.1,35212.0,36296.1,39060.6,35336.2
A,CLV10_MEUR,P6_S22,IT,,,,,,,,,,,,,,,,,,,,,,,,,,,,,,,,,,203572.8,171958.2,196042.0,210163.7,224739.1,229224.1,231491.8,238611.4,240239.8,251582.9,253339.7,255620.2,215831.2,241492.9,266482.2,259168.8,261550.3,254895.9
A,CLV10_MEUR,P6_S22,LT,,,,,,,,,,,,,,,,,,,,,,,,,,,,,,4896.6,5850.5,6711.5,6549.5,7846.9,6083.9,7718.9,8673.4,10182.0,11256.0,10271.2,9136.8,9732.9,11212.4,11628.8,12725.6,12378.7,14088.2,14355.3,13755.4,13443.9,13351.7
A,CLV10_MEUR,P6_S22,LU,,,,,,,,,,,,,,,,,,,,,6310.1,6824.3,8256.1,9917.9,11300.2,13259.0,14253.9,12988.7,13123.8,14461.6,16550.9,19952.0,21452.9,21201.9,19451.4,25521.9,27092.5,25579.3,27673.8,30357.0,32774.8,33319.6,34575.0,35093.6,37462.0,37834.4,42193.9,41859.2,41251.5,35634.6,35887.6
A,CLV10_MEUR,P6_S22,LV,,,,,,,,,,,,,,,,,,,,,,,,,,2478.4,2497.3,2480.7,2490.1,2672.7,3042.6,3191.5,3603.7,3738.0,3234.5,3776.7,4144.1,4707.7,4670.7,4699.0,4732.3,4789.9,5287.6,5286.6,4873.7,4894.6,5008.2,5671.6,5118.4,5035.4,4717.4
A,CLV10_MEUR,P6_S22,ME,,,,,,,,,,,,,,,,,,,,,,,,,,,,,,,,480.4,638.2,740.0,699.8,701.8,825.4,904.6,956.2,923.2,991.2,1004.0,1020.5,1017.3,1093.1,530.3,1060.8,1158.5,1275.5,1259.2,1213.0
A,CLV10_MEUR,P6_S22,MT,,,,,,,,,,,,,,,,,,,,,,,,,,1848.4,1624.6,1749.3,1658.7,1663.9,1696.3,2087.8,2225.3,2373.5,2083.9,2453.3,2687.6,2880.1,2940.5,3126.9,3905.5,4148.7,4909.3,5422.9,5759.7,5521.0,6023.8,7387.0,6853.0,7403.3,7409.9
A,CLV10_MEUR,P6_S22,NL,,,,,,,,,,,,,,,,,,,,,72092.0,75756.5,85464.5,90615.7,98794.9,113367.7,114903.7,119740.7,122699.6,127643.4,137594.7,146619.5,154210.7,154676.6,143765.7,165909.0,172492.9,186593.5,192438.6,204097.4,230045.3,228793.9,242456.4,246384.0,257612.8,260456.8,267080.2,272058.1,267357.6,273962.2,276958.8
A,CLV10_MEUR,P6_S22,PL,,,,,,,,,,,,,,,,,,,,,,,,,,,,,,,,,,38152.9,34563.3,39967.2,44933.8,49984.8,53955.1,53514.0,54795.1,60077.9,66014.3,68855.2,73394.6,71433.5,76963.3,76566.4,88439.8,90911.5,94150.9
A,CLV10_MEUR,P6_S22,PT,,,,,,,,,,,,,,,,,,,,,,,,,,,,,,,,,,18748.0,17403.9,18631.5,20383.9,22765.7,25069.2,26039.0,27101.4,27358.8,30166.5,29777.2,30928.3,23302.7,25982.0,32718.3,35175.7,35424.9,34913.9
A,CLV10_MEUR,P6_S22,RO,,,,,,,,,,,,,,,,,,,,,,,,,,,,,,,,,9580.4,11007.4,9393.2,11836.5,13498.4,13649.3,16353.7,17056.2,16240.7,18063.2,18696.5,18681.9,19546.2,21323.2,25000.6,28907.4,28287.7,26945.1,28270.0
A,CLV10_MEUR,P6_S22,SI,,,,,,,,,,,,,,,,,,,,,,,,,,,,,,,,,,7855.9,5455.5,5924.3,6219.2,6653.7,6828.0,6887.7,7204.9,7760.9,8346.2,8560.5,8944.7,8494.4,9480.2,10138.7,10387.8,10942.7,10768.0
A,CLV10_MEUR,P6_S22,SK,,,,,,,,,,,,,,,,,,,,,2386.1,2362.9,2611.2,1977.2,2088.2,2239.9,2439.3,2821.0,4261.8,5185.8,5719.9,7541.4,9230.0,10194.1,8253.5,10000.6,10874.2,12754.6,14577.0,14604.3,15168.6,16006.4,16071.4,16844.0,16884.9,15799.6,15975.8,15656.3,18517.5,16703.2,21641.0
A,CLV10_MEUR,P6_S22,TR,,,,,,,,,,,,,,,,,,,,,,,,,,,,,,,,,,,70499.9,72445.8,82992.7,96382.2,102907.9,108478.1,112935.5,105618.2,122228.9,127575.3,136189.7,127280.4,158953.6,177671.0,172619.2,170776.7,167087.8
A,CLV10_MEUR,P6_S22,UK,,,,,,,,,,,,,,,,,,,,,,,,168100.3,171043.5,188437.0,188327.7,188008.7,202257.0,217336.5,236199.1,248416.1,265278.8,273484.2,256090.7,275073.4,299999.7,312827.2,319529.0,318374.9,327452.7,333198.4,347630.9,357781.0,384122.3,,,,,,
A,CLV10_MEUR,P7,AL,,,,,,,,,,,,,,,,,,,,,713.7,1045.0,954.2,1089.2,1257.2,1880.0,2166.2,2378.8,2500.8,2706.3,3144.6,3418.3,4160.7,4369.0,4394.3,4369.1,4622.1,4301.8,4274.1,4477.3,4357.6,4617.9,4923.6,5008.5,5135.5,4119.2,5456.3,6084.7,6095.8,6460.7,
A,CLV10_MEUR,P7,AT,,,,,,,,,,,,,,,,,,,,,75316.2,78457.6,84161.6,89007.3,92624.4,102059.4,107358.6,107670.8,111447.3,120335.4,126899.7,134329.1,141898.6,143252.6,126206.7,141323.4,149737.1,151119.8,152281.6,156846.4,162553.6,168613.2,177479.6,186539.0,190926.3,172647.2,197059.6,210718.0,201556.9,196353.7,199728.3
A,CLV10_MEUR,P7,BA,,,,,,,,,,,,,,,,,,,,,,,,,,4268.5,4565.3,4694.6,4987.5,5313.5,5867.7,5850.1,6878.3,7575.2,6488.7,6649.5,6843.4,6885.5,6881.7,7403.0,7534.9,8077.1,8695.0,9038.2,9157.1,7927.7,9560.7,10156.1,10028.7,10501.1,
A,CLV10_MEUR,P7,BE,,,,,,,,,,,,,,,,,,,,,148162.5,156391.7,169219.5,177778.9,183775.8,207695.2,206126.1,208302.7,211342.8,224671.5,239110.3,251405.0,265431.7,275531.3,246301.0,270013.6,285445.8,283660.7,283555.9,298928.0,311485.1,335697.9,353703.4,361973.6,367351.8,342650.0,386617.0,400064.6,369519.3,364759.4,364056.1
A,CLV10_MEUR,P7,BG,,,,,,,,,,,,,,,,,,,,,8705.2,8588.2,8549.8,8358.4,9735.3,8795.2,9900.0,10522.8,12117.1,15297.1,17491.9,20275.8,24861.4,26070.7,20463.3,20401.6,22363.4,23566.2,24588.0,25862.4,27085.9,28447.7,30524.9,32235.7,33967.7,32537.0,36016.2,41542.3,39276.6,40820.3,43220.5
A,CLV10_MEUR,P7,CH,,,,,,,,,,,,,,,,,,,,,130858.0,136516.6,152336.0,161506.8,168974.1,183374.7,186389.7,182219.3,182811.9,191858.1,211023.1,217740.6,230348.2,240294.2,234057.7,252736.6,276515.3,270481.8,302509.9,282488.6,295931.2,311417.2,309732.1,311444.7,312521.3,303871.4,319399.5,339176.1,339301.4,341322.4,374432.7
A,CLV10_MEUR,P7,CY,,,,,,,,,,,,,,,,,,,,,7117.8,7536.2,7614.7,7693.5,7917.2,8659.1,8684.9,8598.3,8555.5,9188.8,9280.9,9810.2,10752.8,12148.9,10287.2,11397.8,11102.4,10699.0,10211.6,10999.8,11886.6,13094.8,14964.4,15611.4,17097.2,17655.5,21114.1,27435.8,27749.9,29124.4,30318.7
A,CLV10_MEUR,P7,CZ,,,,,,,,,,,,,,,,,,,,,27415.7,30641.6,32433.6,34235.5,36010.4,41179.6,45854.3,48140.8,52698.2,66180.2,74441.2,82989.0,93675.8,96652.7,85947.3,98678.3,105304.9,108082.6,108150.2,118985.6,126794.4,130050.5,137894.0,145494.6,147372.8,134925.9,153389.1,162512.9,160560.9,161424.6,169512.6
A,CLV10_MEUR,P7,DE,,,,,,,,,,,,,,,,,396552.2,407751.7,374496.1,404437.6,430722.0,447749.7,489004.9,534716.9,581571.8,643168.8,647740.1,627626.7,658596.7,703851.6,745906.7,825331.4,874471.9,889099.8,799618.4,899385.0,959382.1,955382.3,972410.0,1006122.7,1059720.1,1099375.3,1144858.8,1202341.8,1244054.0,1142801.8,1249425.2,1343934.9,1325078.7,1317650.4,1364962.4
A,CLV10_MEUR,P7,DK,,,,,,,,,,,,,,,,,,,,,52039.3,53668.9,58628.9,63073.6,64680.4,73548.0,75313.3,80112.2,79285.2,84956.7,95075.3,108330.4,114621.0,119825.0,105230.9,106614.9,115208.3,118492.2,120220.2,125110.3,130193.5,135773.6,141642.3,149723.3,154294.8,148194.4,162349.5,172054.7,176326.9,183631.0,182988.3
A,CLV10_MEUR,P7,EA,,,,,,,,,,,,,,,,,,,,,1644101.5,1707827.6,1874481.5,2067330.4,2229064.9,2495999.3,2615250.1,2622243.2,2692090.0,2866784.8,3036474.6,3281573.1,3517890.2,3536929.2,3191979.9,3495251.0,3649175.8,3600775.4,3655470.8,3839168.6,4169220.1,4344020.9,4572874.2,4750396.4,4985560.2,4580630.1,4990944.8,5403400.8,5330022.4,5322149.9,5514971.8
A,CLV10_MEUR,P7,EA12,,,,,,,,,,,,,,,,,,,,,1675846.7,1742448.6,1912838.0,2111879.6,2280304.5,2556573.5,2615250.1,2622243.2,2692090.0,2866784.8,3036474.6,3281573.1,3492639.1,3492477.7,3109382.4,3401159.1,3537099.2,3486858.2,3538484.4,3704267.0,3998939.3,4164477.1,4380128.8,4545367.4,4771464.6,4376379.5,4755711.7,5144525.1,5051950.5,5034582.0,5214737.5
A,CLV10_MEUR,P7,EA19,,,,,,,,,,,,,,,,,,,,,1728322.8,1799372.3,1975943.3,2179001.4,2348175.3,2629317.5,2693171.7,2704125.1,2779226.1,2966711.8,3147878.8,3409556.6,3635282.3,3639651.9,3225000.1,3533782.4,3682460.1,3635870.6,3691901.1,3862288.9,4169220.1,4344020.9,4572874.2,4750396.4,4985560.2,4580630.1,4990944.8,5403400.8,5296905.8,5286206.5,5478034.9
A,CLV10_MEUR,P7,EA20,,,,,,,,,,,,,,,,,,,,,1737071.5,1808907.5,1987967.9,2190012.5,2358982.2,2640960.3,2706071.1,2719209.2,2796019.4,2984402.3,3166500.2,3429712.3,3656665.5,3661837.7,3242674.7,3550862.2,3699973.0,3652973.3,3709558.1,3880555.7,4189177.1,4365275.8,4595948.6,4775192.7,5012012.8,4603814.4,5018168.8,5437948.0,5330022.4,5322149.9,5514971.8
A,CLV10_MEUR,P7,EA21,,,,,,,,,,,,,,,,,,,,,1745632.4,1817611.7,1997097.8,2199541.4,2369733.4,2651452.4,2717486.9,2731128.3,2809278.8,3000410.6,3184496.1,3450332.4,3681575.6,3687903.9,3263088.2,3571263.8,3722336.4,3676580.8,3734221.6,3906502.7,4216324.1,4393793.8,4626548.3,4807526.0,5046087.6,4636492.5,5054332.9,5479775.5,5369456.6,5363260.7,5558565.2
A,CLV10_MEUR,P7,EE,,,,,,,,,,,,,,,,,,,,,3394.8,3661.4,4737.9,5353.5,5046.7,4776.6,5367.3,6080.4,6931.8,8050.3,9394.7,11339.6,12811.7,12022.8,8343.2,10116.7,12867.2,14113.8,14459.0,14836.9,14519.6,15399.3,15941.4,16975.3,17598.7,17746.4,21923.8,23032.2,21347.7,21427.5,22508.8
A,CLV10_MEUR,P7,EL,,,,,,,,,,,,,,,,,,,,,30666.8,33828.1,37550.6,44042.7,51217.0,60976.8,61842.4,58168.4,61874.7,66202.4,66296.4,72783.2,82186.9,84840.1,68182.7,65274.3,58889.0,55654.6,53645.8,57313.7,62000.4,63321.2,67847.9,73446.2,75517.3,70008.0,82170.7,91164.3,91208.1,95562.6,94330.6
A,CLV10_MEUR,P7,ES,,,,,,,,,,,,,,,,,,,,,131011.5,140584.4,158706.7,180993.2,205765.1,225462.9,233699.6,242294.5,256908.9,281747.9,301359.5,326109.7,352977.3,333536.1,272491.4,289381.0,287668.7,270798.2,270043.1,288412.9,303099.0,311118.2,331949.9,344857.5,349404.2,296474.8,340890.0,367246.4,367125.9,377947.8,401521.4
A,CLV10_MEUR,P7,EU27_2020,,,,,,,,,,,,,,,,,,,,,1966096.6,2055125.9,2265164.7,2499466.3,2682835.4,3007549.1,3079531.1,3106446.7,3206182.0,3444121.9,3669830.5,4002646.1,4306560.7,4348622.6,3834213.7,4204495.0,4396921.8,4353015.7,4424468.1,4651220.0,5004556.2,5229947.8,5521307.1,5757534.8,6031915.1,5573699.4,6112318.9,6621115.0,6515085.3,6536031.4,6775699.0
A,CLV10_MEUR,P7,FI,,,,,,19422.7,18531.7,18940.8,19719.0,19900.6,21166.7,21913.0,23840.6,26432.7,28809.3,28701.5,24878.3,25051.9,25393.1,28646.7,30992.3,33234.2,37182.2,40332.0,42061.1,48311.8,48980.3,51082.5,53180.7,57500.8,63931.2,68143.6,73174.1,79002.8,65574.4,69705.0,74034.1,74867.2,74963.0,74288.5,75874.9,80168.1,83644.2,88522.1,90624.3,85077.9,91029.4,99457.1,92657.6,91940.3,93518.7
A,CLV10_MEUR,P7,FR,110521.4,130658.1,132945.6,138617.1,150195.0,158109.4,156253.2,161896.1,157495.6,162400.6,170105.5,181532.8,196211.2,213449.6,230758.7,242168.3,249760.6,254131.8,245544.6,267072.2,285871.6,292438.5,315175.0,353500.4,377206.0,432831.7,442771.3,453125.9,456193.4,483585.9,513812.6,543457.4,573202.6,580450.7,528619.8,574092.5,607791.2,609802.7,626547.6,653265.9,691282.1,717554.7,749512.9,773201.8,788172.0,691716.1,748877.1,816624.8,814443.6,804590.2,827711.8
A,CLV10_MEUR,P7,HR,,,,,,,,,,,,,,,,,,,,,8627.3,9495.7,12254.8,10935.9,10588.2,11342.1,12696.2,14998.7,16745.2,17630.2,18551.6,20079.6,21298.5,22116.2,17610.0,17079.9,17512.9,17099.2,17660.9,18267.0,19961.1,21260.7,23073.6,24784.6,26437.2,23180.4,27183.9,34464.8,33022.9,35792.0,36787.8
A,CLV10_MEUR,P7,HU,,,,,,,,,,,,,,,,,,,,,16009.5,17125.3,21239.8,26036.2,29469.8,36291.9,38398.6,41728.3,45687.0,53958.2,58259.6,67049.2,76456.6,80948.9,69452.0,76250.7,79353.9,76899.7,80092.6,88813.3,93850.1,97084.4,105257.8,112608.9,121827.4,117436.9,126490.4,140205.0,135465.9,133574.1,135192.7
A,CLV10_MEUR,P7,IE,,,,,,,,,,,,,,,,,,,,,41041.2,46312.4,54020.6,69025.2,77733.4,94591.1,106983.8,112695.1,109970.7,112064.5,126322.7,138072.9,150984.5,146778.1,144279.0,145099.1,148933.1,147421.5,160028.4,183049.1,242902.0,285386.0,297402.9,291342.1,408947.5,409722.5,371966.4,427649.9,437182.1,448925.4,491479.6
A,CLV10_MEUR,P7,IS,,,,,,,,,,,,,,,,,,,,,2659.5,3047.8,3257.5,3972.4,4105.5,4425.8,3984.3,3875.5,4273.0,4897.8,6260.7,6875.5,6719.9,5354.9,4248.1,4346.1,4641.2,4839.9,4840.1,5325.2,6016.4,6909.1,7765.8,7811.2,7098.5,5662.9,6810.4,8351.0,8189.2,8530.5,9140.5
A,CLV10_MEUR,P7,IT,,,,,,,,,,,,,,,,,,,,,263562.4,260317.6,287661.3,314065.3,328182.9,363946.4,372590.2,374932.0,377723.2,394721.4,408562.1,441615.7,465249.5,446103.0,386393.6,432694.4,433355.1,397990.7,387263.5,401256.5,426630.3,443380.0,469168.5,483070.1,477633.8,418022.4,484702.5,547135.9,536879.4,531366.4,550704.2
A,CLV10_MEUR,P7,LT,,,,,,,,,,,,,,,,,,,,,4380.6,5668.5,7319.1,7788.9,6658.9,7084.5,8481.4,10188.6,11166.4,13226.6,15826.8,18090.5,20016.6,22182.5,15826.4,18486.9,21115.3,22206.9,23497.4,23071.9,25264.3,26286.1,29229.3,30965.5,32853.3,31428.6,37454.8,42322.6,40091.8,41071.3,44540.1
A,CLV10_MEUR,P7,LU,,,,,,,,,,,,,,,,,,,,,18649.1,20106.2,23327.4,27383.8,30988.8,36219.2,38693.0,38116.9,39505.7,43098.9,45748.4,51005.7,52313.3,53454.0,48603.9,55531.5,59277.5,60321.0,64078.7,69356.3,73314.9,76065.7,76638.9,79288.7,85192.9,86427.6,98003.7,100361.2,101266.4,87492.7,89066.3
A,CLV10_MEUR,P7,LV,,,,,,,,,,,,,,,,,,,,,3558.8,4510.1,4714.6,5505.1,5218.6,5362.3,6197.0,6364.4,7114.4,8582.3,10039.1,12224.1,14353.8,12742.7,8806.1,9927.8,12169.0,12804.1,12787.8,13171.3,13304.8,13862.2,15049.3,16001.7,16326.2,16142.8,18586.9,20429.3,19399.0,19055.5,20145.2
A,CLV10_MEUR,P7,ME,,,,,,,,,,,,,,,,,,,,,,,,,,,,,,,,1650.2,2373.1,2785.4,2012.0,1939.5,1951.0,1929.2,1919.5,1954.2,2045.6,2412.6,2616.1,2857.7,2935.3,2300.3,2669.4,3290.9,3560.4,3764.9,3859.4
A,CLV10_MEUR,P7,MK,,,,,,,,,,,,,,,,,,,,,,,,,,2627.3,2372.8,2575.0,2422.7,2940.3,3224.5,3527.7,4056.2,4264.2,3741.4,4129.3,4458.9,4826.3,4930.9,5628.5,6188.3,6876.8,7237.0,8013.8,8821.8,7863.6,9027.2,10254.9,9209.6,9084.7,9691.1
A,CLV10_MEUR,P7,MT,,,,,,,,,,,,,,,,,,,,,,,,,,4895.6,4149.5,4167.3,4297.9,4432.4,4698.8,5393.7,5745.9,6074.1,5288.0,6080.3,6482.7,7009.3,6831.0,6976.1,9211.2,9829.5,10730.1,12488.8,13807.2,14278.6,14737.8,17512.1,17174.4,18069.4,18861.9
A,CLV10_MEUR,P7,NL,,,,,,,,,,,,,,,,,,,,,186247.2,196078.5,217327.1,235459.0,258721.0,288083.9,295248.0,296200.0,302627.0,322153.4,339714.7,365538.2,393934.8,391245.2,360483.3,390921.0,409043.9,420877.8,433032.2,450144.0,519477.7,507780.8,546463.6,576608.5,599723.6,574905.0,612481.7,639148.8,614110.0,614654.5,629503.0
A,CLV10_MEUR,P7,NO,30087.8,34104.3,34816.7,29521.4,29680.4,30473.9,30947.2,32672.5,31661.3,33369.0,36373.1,40727.4,38073.5,37055.4,37848.1,38749.5,38892.2,39541.7,41501.1,43723.6,46148.1,50202.0,56451.9,61657.5,60680.2,62372.5,63633.0,63867.4,64344.5,70145.2,75617.6,82284.8,90159.5,94196.8,84671.0,91509.7,95135.2,98313.2,103437.8,105754.7,107839.5,109682.0,111686.2,113277.8,119506.6,107671.4,109551.9,124548.7,123059.9,129234.9,132568.9
A,CLV10_MEUR,P7,PL,,,,,,,,,,,,,,,,,,,,,38894.6,49570.3,60072.6,71240.8,72045.8,83171.2,78829.7,80966.1,88521.1,95773.3,102060.8,120529.6,139517.4,152536.7,133187.2,152778.2,160996.2,159533.7,162342.8,177282.1,187213.2,201693.6,221531.5,238252.2,245927.4,239876.0,279000.9,297972.9,293525.0,306635.6,323881.0
A,CLV10_MEUR,P7,PT,,,,,,,,,,,,,,,,,,,,,35140.9,37221.5,41057.6,47074.4,51321.5,54166.6,54719.2,54576.7,54447.6,58486.6,59772.4,64305.8,67915.9,69443.3,62843.5,67738.4,63541.5,59539.9,62342.7,67335.1,72766.1,76564.9,82711.9,86770.4,91163.5,80597.3,90477.6,100670.4,103022.5,107855.2,112484.2
A,CLV10_MEUR,P7,RO,,,,,,,,,,,,,,,,,,,,,9640.1,10510.5,11612.8,12953.8,12399.4,11388.4,14064.2,15565.0,18435.6,23033.5,27581.1,34939.6,49368.3,54896.6,43473.7,49158.0,53923.1,52856.2,57526.3,62611.4,67938.3,79208.1,88290.9,96113.1,104582.4,99136.8,113577.0,124084.5,122204.6,127151.8,133200.3
A,CLV10_MEUR,P7,RS,,,,,,,,,,,,,,,,,,,,,2300.3,3804.9,5056.2,4607.0,3012.4,3756.4,6418.4,8128.2,9460.9,12354.5,11632.7,13651.4,15899.6,17519.1,13654.0,14029.9,15256.9,15481.2,16592.1,17431.6,18625.7,19812.0,21850.2,24277.3,26667.9,25607.6,30133.7,34972.2,34481.2,37238.6,40225.8
A,CLV10_MEUR,P7,SE,,,,,,,,,,,,,,,,,,,59889.5,67593.7,72488.7,75077.8,84405.6,93666.3,98891.4,111309.1,109785.9,108739.6,112275.0,120013.5,128220.7,138695.1,150990.4,155264.9,133496.2,149751.2,159799.0,160679.6,162085.7,172625.7,182623.8,192905.9,201379.1,209800.6,213963.5,200479.7,227312.1,249591.6,248095.7,254179.7,265211.4
A,CLV10_MEUR,P7,SI,,,,,,,,,,,,,,,,,,,,,9273.0,9495.2,10605.3,11672.0,12653.6,13491.2,13980.0,14766.4,15721.0,17917.0,19231.5,21614.0,25300.8,26335.6,21493.7,22988.0,24143.6,23377.1,23791.2,24734.8,26039.0,27764.6,30727.5,32905.1,34441.4,31301.3,36867.3,40279.4,38453.5,40101.7,40949.9
A,CLV10_MEUR,P7,SK,,,,,,,,,,,,,,,,,,,,,16793.9,19568.3,21466.0,21068.3,20267.4,21528.5,25591.2,26994.8,29182.8,35769.5,41288.4,49161.3,53900.8,56130.8,45599.8,53625.7,57480.7,58751.3,61702.3,64221.8,70090.7,73347.8,76128.8,79956.2,81840.5,75372.5,84153.6,87627.5,80898.7,83002.7,86084.3
A,CLV10_MEUR,P7,TR,,,,,,,,,,,,,,,,,,,,,47524.5,57059.4,69026.9,70493.5,68214.5,82995.6,62952.0,76399.0,94232.4,114145.4,128062.9,137260.9,150574.6,146156.0,125145.4,149345.4,171025.3,171607.2,189585.2,189574.5,193619.4,199280.4,220576.6,207538.1,196423.7,209864.3,214347.6,232040.1,260001.0,248570.0,260835.2
A,CLV10_MEUR,P7,UA,,,,,,,,,,,,,,,,,,,,,,,,,,,,,,,,,,,,52246.8,60280.6,62570.3,60389.1,47039.7,39197.2,42842.9,48381.2,49727.7,52584.7,49244.1,56238.5,46443.4,50590.8,56935.1,
A,CLV10_MEUR,P7,UK,,,,,,,,,,,,,,,,,,,,,,,,359808.9,385670.6,421970.7,447947.7,471555.1,480355.0,510232.2,545489.6,601816.9,583016.0,569283.7,523687.5,565170.7,574394.4,585612.2,603631.7,623848.7,657609.2,683563.2,701662.4,720744.5,740448.6,,,,,,
A,CLV10_MEUR,P7,XK,,,,,,,,,,,,,,,,,,,,,,,,,,,,,,,,,,2123.5,2181.8,2439.1,2812.1,2756.0,2697.8,2836.6,2755.1,2966.0,3127.9,3468.9,3625.1,3406.6,4477.4,4721.0,4942.7,5370.9,5844.3
A,CLV10_MEUR,P7_S21,BE,,,,,,,,,,,,,,,,,,,,,88001.5,92790.9,100393.1,105578.2,109494.2,123700.3,123025.0,124292.1,125934.5,133648.9,142088.4,149371.4,157703.3,174363.1,166092.5,181491.6,190344.3,191342.8,190067.6,202471.6,201498.3,220133.1,237667.5,241428.7,248004.1,233806.4,268707.4,261074.1,249875.2,252555.2,255708.7
A,CLV10_MEUR,P7_S21,CY,,,,,,,,,,,,,,,,,,,,,,,,,,,,,,,,,,6332.1,5422.1,5596.8,5246.3,5097.5,4836.4,5099.6,5270.5,6192.3,6965.6,7150.5,7508.9,7083.9,9451.6,11864.0,12164.6,13287.9,13838.6
A,CLV10_MEUR,P7_S21,CZ,,,,,,,,,,,,,,,,,,,,,,,,,,,,,,,,,,,,63520.2,68357.8,69742.4,70453.5,79066.4,80342.2,84496.7,88634.7,93616.9,95036.0,85744.8,96012.1,99636.1,101510.8,101529.2,105309.8
A,CLV10_MEUR,P7_S21,DK,,,,,,,,,,,,,,,,,,,,,,,,,,,,,,,56022.7,63591.7,67797.9,68282.5,58452.2,59218.1,62768.2,64581.9,66130.5,68263.0,71616.8,75608.3,78185.3,82096.5,84822.2,84246.5,91704.2,94342.7,98384.2,98879.8,103010.1
A,CLV10_MEUR,P7_S21,EE,,,,,,,,,,,,,,,,,,,,,,,,,,,,,,,,,,9941.3,6952.3,8408.7,10759.5,11563.5,11920.7,12250.6,12138.9,13151.8,13750.6,14302.0,14649.7,14606.8,17482.0,18816.0,18006.8,17829.6,18478.1
A,CLV10_MEUR,P7_S21,FI,,,,,,,,,,,,,,,,,,,,,,,,,,,,,,,,,,44998.8,39471.4,41395.0,43081.2,45078.6,42323.9,42375.8,45620.4,49178.3,50830.6,53204.2,54389.5,52454.9,55445.1,58556.0,56914.8,56699.2,57806.7
A,CLV10_MEUR,P7_S21,FR,,,,,,,,,,,,,,,,,,,,,,,,,,,,,,,,,,319684.8,284250.5,308387.3,323889.2,328339.7,338150.7,349135.0,368092.4,384684.0,400324.3,413118.1,415283.8,370886.7,401558.6,423092.5,427449.6,416072.3,422343.0
A,CLV10_MEUR,P7_S21,HU,,,,,,,,,,,,,,,,,,,,,,,,,,,,,,,,,,53463.3,45972.8,50659.9,53903.1,53542.8,56653.2,65045.8,68141.5,72210.2,77379.1,81773.9,85150.8,81848.3,88997.0,98091.1,93511.7,91513.6,92830.5
A,CLV10_MEUR,P7_S21,IT,,,,,,,,,,,,,,,,,,,,,,,,,,,,,,,,,,230881.5,202121.2,228142.3,231214.4,215531.9,213588.2,223408.3,238910.7,248346.1,264931.8,271519.2,271209.9,239769.2,285891.7,322040.1,318789.9,317276.6,344680.8
A,CLV10_MEUR,P7_S21,LT,,,,,,,,,,,,,,,,,,,,,,,,,,,,,,7858.2,8827.6,10658.0,12921.5,12159.9,8907.7,9988.7,11412.0,12116.7,13193.2,13472.8,15726.6,17349.9,19021.5,19910.9,21257.2,21776.2,25399.2,27185.2,28584.8,29134.2,31610.4
A,CLV10_MEUR,P7_S21,LU,,,,,,,,,,,,,,,,,,,,,14288.2,15366.7,17080.6,19842.2,21312.9,25358.0,27402.2,27115.1,28668.9,30648.6,31371.8,33719.0,34276.6,36289.3,33054.1,35192.7,36370.6,39494.7,41226.2,44446.5,46899.9,49795.7,49664.2,51590.0,55107.6,54186.4,60532.1,64676.0,65913.3,56221.5,57917.1
A,CLV10_MEUR,P7_S21,LV,,,,,,,,,,,,,,,,,,,,,,,,,,3377.3,4055.3,4217.2,4662.5,5656.1,6819.1,8650.8,10380.3,9108.4,6099.3,6814.4,8700.0,9329.2,9454.6,9933.5,9774.1,10157.6,10932.0,11601.7,11971.3,12049.4,13697.9,15720.3,15374.7,15230.7,16247.6
A,CLV10_MEUR,P7_S21,ME,,,,,,,,,,,,,,,,,,,,,,,,,,,,,,,,746.2,1035.7,1155.0,741.3,714.7,752.8,740.5,748.1,874.1,857.3,1122.8,1201.7,1343.5,1382.7,1022.9,1213.3,1484.1,1645.1,1718.8,1653.7
A,CLV10_MEUR,P7_S21,MT,,,,,,,,,,,,,,,,,,,,,,,,,,2670.4,2248.7,2260.8,2332.8,2400.7,2535.6,2915.5,3091.2,3259.7,2826.8,3261.3,3457.4,3759.1,3597.9,3738.9,4711.0,5291.7,5414.1,6601.7,7277.9,7013.9,7449.5,8751.2,8988.8,9493.8,9898.9
A,CLV10_MEUR,P7_S21,NL,,,,,,,,,,,,,,,,,,,,,107040.7,113748.1,123723.5,131268.8,139543.4,144114.9,146590.0,151797.5,154664.5,164307.2,168194.2,180314.6,200893.4,197309.6,183161.0,185880.0,193078.1,195219.4,206016.6,210549.5,241108.4,243545.7,266312.5,284771.6,303362.6,287821.7,302620.7,303801.3,310301.5,313679.8,323309.0
A,CLV10_MEUR,P7_S21,PL,,,,,,,,,,,,,,,,,,,,,,,,,,,,,,,,,,106361.5,93252.0,106086.8,110291.9,106729.3,110567.5,121057.3,129426.9,141993.5,153570.2,162298.5,166308.7,163774.5,187241.9,193731.3,200852.1,210639.1,222819.2
A,CLV10_MEUR,P7_S21,PT,,,,,,,,,,,,,,,,,,,,,,,,,,,,,,,,,,49146.8,44456.9,47705.9,44955.8,41648.6,43419.8,48207.2,51124.5,54217.7,58715.0,62328.4,64829.9,57527.3,65122.4,72468.8,75154.1,78515.5,83389.9
A,CLV10_MEUR,P7_S21,RO,,,,,,,,,,,,,,,,,,,,,,,,,,,,,,,,,34316.4,37672.8,31183.2,35500.8,39219.7,38977.1,43920.0,47557.8,52338.2,61214.1,68112.6,73552.2,80422.2,73198.2,83306.5,89972.7,91171.4,94083.9,98174.4
A,CLV10_MEUR,P7_S21,SI,,,,,,,,,,,,,,,,,,,,,,,,,,,,,,,,,,19722.8,16979.4,17913.4,18734.9,18175.3,18293.9,19050.5,20462.3,21890.3,24088.7,25586.3,26602.0,24050.3,28365.3,30062.3,29744.4,30959.7,31574.2
A,CLV10_MEUR,P7_S21,SK,,,,,,,,,,,,,,,,,,,,,11247.6,12747.6,14677.9,15279.3,14690.7,14531.7,17733.5,19000.5,21088.1,23939.8,25297.6,28464.0,30349.0,30332.4,23688.5,26562.6,28515.0,28461.8,31760.2,33867.2,38027.4,40767.3,42693.6,45229.3,48554.8,43507.3,46891.0,44018.1,44885.7,46253.2,42413.6
A,CLV10_MEUR,P7_S21,TR,,,,,,,,,,,,,,,,,,,,,,,,,,,,,,,,,,,47721.2,56930.0,64872.9,64718.9,71031.1,72390.0,77524.5,82864.5,85907.2,79819.6,72989.0,73706.8,69432.2,59030.3,76548.4,79473.3,83423.9
A,CLV10_MEUR,P7_S21,UK,,,,,,,,,,,,,,,,,,,,,,,,193037.7,208416.4,221292.8,243478.3,267392.5,266312.3,278008.2,301343.3,340216.2,314502.8,301613.6,269942.8,289393.1,296651.9,306494.1,317771.1,335017.3,353590.5,367598.4,378632.9,391358.7,392243.4,,,,,,
A,CLV10_MEUR,P7_S2111,BE,,,,,,,,,,,,,,,,,,,,,,,,,104783.1,118417.2,117818.3,119000.4,120564.6,127895.4,135895.5,142765.2,150874.1,162762.5,153777.3,166609.0,173979.7,175083.9,174032.7,184602.2,182109.5,199771.0,215827.7,219890.0,224012.6,211713.9,244028.8,236152.2,223171.2,227007.8,229646.5
A,CLV10_MEUR,P7_S2111,CY,,,,,,,,,,,,,,,,,,,,,,,,,,,,,,,,,,5755.8,4959.6,5080.2,4740.4,4612.6,4419.6,4654.1,4715.3,5677.9,6269.0,6261.5,6553.2,6164.4,8121.6,10123.5,10452.6,11469.6,11945.0
A,CLV10_MEUR,P7_S2111,CZ,,,,,,,,,,,,,,,,,,,,,,,,,,,,,,,,,,,,51470.9,55061.9,56541.2,56280.1,62941.4,63444.5,66963.7,70165.9,72347.3,73418.0,66693.9,74280.6,76728.4,77707.4,78808.5,82279.9
A,CLV10_MEUR,P7_S2111,DK,,,,,,,,,,,,,,,,,,,,,,,,,,,,,,,41312.2,46852.9,49709.4,49901.1,42738.8,42448.6,45043.3,46656.2,47909.3,49157.3,51920.7,54385.8,56081.0,59561.6,61528.3,60735.1,65920.8,67323.8,70767.0,71614.1,74504.0
A,CLV10_MEUR,P7_S2111,EE,,,,,,,,,,,,,,,,,,,,,,,,,,,,,,,,,,5180.3,3441.7,4117.9,5020.8,5613.7,7303.4,9697.3,11111.1,12074.8,12650.4,13182.3,13533.0,14702.8,17734.8,19184.9,17979.3,17621.4,18378.0
A,CLV10_MEUR,P7_S2111,FI,,,,,,,,,,,,,,,,,,,,,,,,,,,,,,,,,,29762.2,25616.7,26354.0,27133.2,28266.6,26548.6,26758.1,29480.9,32163.8,32852.2,34361.8,35175.9,33878.9,35285.7,36907.0,36722.4,36681.5,36907.0
A,CLV10_MEUR,P7_S2111,FR,,,,,,,,,,,,,,,,,,,,,,,,,,,,,,,,,,289271.2,256512.4,274504.1,288925.2,294702.1,302633.9,311627.7,328460.7,342677.9,355595.3,365872.5,365964.3,326560.8,352216.7,371244.6,373019.6,361946.0,367625.1
A,CLV10_MEUR,P7_S2111,HU,,,,,,,,,,,,,,,,,,,,,,,,,,,,,,,,,,44107.3,37727.3,40985.9,43867.8,44199.4,45695.4,52040.5,54028.9,57212.3,61533.2,64513.8,67133.2,63916.8,71935.5,80839.5,76357.9,74670.7,75581.8
A,CLV10_MEUR,P7_S2111,IT,,,,,,,,,,,,,,,,,,,,,,,,,,,,,,,,,,202235.7,175166.0,198279.5,200727.0,187454.9,185823.9,192701.8,204683.3,212110.6,225543.5,230052.5,228917.0,202199.2,240412.2,271076.2,266804.7,267704.1,285148.2
A,CLV10_MEUR,P7_S2111,LT,,,,,,,,,,,,,,,,,,,,,,,,,,,,,,5720.3,6281.5,7546.5,8993.2,8304.2,6141.2,6982.4,7996.3,8220.0,9016.1,9208.5,10831.8,11793.6,12988.7,13475.3,14422.6,14715.4,17553.9,18030.0,19699.7,19571.6,21700.5
A,CLV10_MEUR,P7_S2111,LU,,,,,,,,,,,,,,,,,,,,,13918.3,14964.4,16584.5,19196.2,20553.8,24479.1,26287.4,26258.7,27800.5,29662.5,30323.3,32497.0,32913.0,34567.1,31753.8,33740.6,34772.6,37610.5,39163.4,42153.4,44178.4,46741.0,46271.0,47975.9,51428.5,50222.6,55757.2,60219.9,61415.7,52434.8,54026.9
A,CLV10_MEUR,P7_S2111,LV,,,,,,,,,,,,,,,,,,,,,,,,,,2620.7,3192.5,3320.0,3634.6,4380.9,5302.6,6675.9,8119.6,7095.5,4730.6,5342.0,6821.1,7325.8,7349.1,7622.8,7469.3,7708.3,8490.7,8971.1,9242.4,9158.9,10490.0,12044.0,11648.4,11623.4,12394.3
A,CLV10_MEUR,P7_S2111,ME,,,,,,,,,,,,,,,,,,,,,,,,,,,,,,,,567.4,847.9,970.5,623.8,618.1,636.8,629.6,617.6,641.0,615.2,831.1,864.4,959.1,980.2,715.0,893.2,1265.2,1394.8,1469.7,1397.8
A,CLV10_MEUR,P7_S2111,MT,,,,,,,,,,,,,,,,,,,,,,,,,,2478.7,2076.0,2085.8,2153.3,2212.7,2329.4,2681.0,2830.8,2975.2,2570.2,2973.7,3146.7,3414.1,3248.1,3362.4,4217.8,4715.0,4767.7,5788.0,6468.5,6095.7,6035.5,7538.5,7723.2,7965.2,8369.0
A,CLV10_MEUR,P7_S2111,NL,,,,,,,,,,,,,,,,,,,,,99841.7,105870.8,113518.8,120942.7,128330.8,128701.0,132642.4,140139.8,144450.6,150669.7,153409.1,164050.1,176940.2,172053.1,156871.8,158869.0,163938.1,163749.8,171543.1,177874.3,207190.7,209142.1,226066.0,240185.9,255144.9,244416.0,256959.2,257244.2,263626.5,266305.8,273862.4
A,CLV10_MEUR,P7_S2111,PL,,,,,,,,,,,,,,,,,,,,,,,,,,,,,,,,,,90755.4,79682.3,89992.2,93087.1,89785.7,92993.1,101774.6,108948.8,119381.7,129257.9,136404.9,139656.6,138101.1,158077.0,162306.9,166614.2,172727.9,183239.2
A,CLV10_MEUR,P7_S2111,PT,,,,,,,,,,,,,,,,,,,,,,,,,,,,,,,,,,46853.8,42229.8,45237.3,42539.9,39289.9,40941.5,45425.0,48164.4,50966.0,55363.2,58707.8,60922.8,53741.3,60626.3,67461.0,69701.3,72970.0,77330.1
A,CLV10_MEUR,P7_S2111,RO,,,,,,,,,,,,,,,,,,,,,,,,,,,,,,,,,25317.5,27158.6,21862.4,24797.1,27253.4,27069.9,31021.5,33188.6,37094.0,43589.4,48019.2,51733.1,54893.5,52870.4,59953.0,62592.3,66300.1,67956.7,70409.3
A,CLV10_MEUR,P7_S2111,SI,,,,,,,,,,,,,,,,,,,,,,,,,,,,,,,,,,16154.9,14763.1,15455.2,16085.9,15608.5,15584.7,16121.2,17251.4,18498.2,20327.6,21537.0,22339.5,19990.1,23648.5,24914.0,24754.0,25906.8,26213.3
A,CLV10_MEUR,P7_S2111,SK,,,,,,,,,,,,,,,,,,,,,5420.5,6802.4,8738.4,10024.0,9963.7,9929.1,11997.5,12834.7,14312.9,15797.3,16118.6,17704.4,18702.1,18757.6,13985.9,15802.8,16911.8,17229.5,18000.7,19083.1,21472.4,23903.4,25063.9,26474.8,26160.8,25652.6,28466.0,24816.8,24659.0,25460.2,23274.8
A,CLV10_MEUR,P7_S2111,TR,,,,,,,,,,,,,,,,,,,,,,,,,,,,,,,,,,,35876.8,42735.0,48767.8,48755.9,54057.6,54708.3,58433.1,62439.3,63954.9,58938.7,54319.0,60265.9,56946.5,48589.2,63183.5,65452.7,68320.8
A,CLV10_MEUR,P7_S2111,UK,,,,,,,,,,,,,,,,,,,,,,,,178286.6,192616.8,203643.5,224011.1,246422.4,243831.6,252766.5,270131.9,300830.6,280734.5,266175.7,236964.1,251259.0,254554.9,262824.2,275795.3,292192.8,308573.2,321627.7,328924.7,337146.9,336176.9,,,,,,
A,CLV10_MEUR,P7_S2112,BE,,,,,,,,,,,,,,,,,,,,,,,,,4705.5,5276.5,5199.7,5285.1,5363.1,5746.2,6184.8,6598.3,6819.6,11599.6,12317.5,14882.6,16364.6,16258.2,16032.8,17871.4,19425.2,20383.7,21864.0,21571.2,24002.4,22119.9,24754.0,24977.7,26897.1,25716.9,26234.9
A,CLV10_MEUR,P7_S2112,CY,,,,,,,,,,,,,,,,,,,,,,,,,,,,,,,,,,576.4,462.5,516.6,505.9,484.9,416.8,445.4,555.2,514.3,696.6,889.2,955.9,919.7,1330.4,1740.9,1712.5,1818.8,1894.1
A,CLV10_MEUR,P7_S2112,CZ,,,,,,,,,,,,,,,,,,,,,,,,,,,,,,,,,,,,12049.4,13295.9,13201.5,14174.3,16123.9,16893.8,17532.3,18466.7,21225.7,21573.0,19017.1,21679.1,22846.7,23729.5,22684.8,23027.7
A,CLV10_MEUR,P7_S2112,DK,,,,,,,,,,,,,,,,,,,,,,,,,,,,,,,14709.4,16737.7,18087.6,18380.8,15712.8,16769.6,17724.8,17926.0,18221.5,19105.8,19696.6,21222.7,22104.4,22535.6,23294.6,23512.1,25784.4,27020.6,27617.9,27265.3,28506.1
A,CLV10_MEUR,P7_S2112,EE,,,,,,,,,,,,,,,,,,,,,,,,,,,,,,,,,,4761.1,3510.5,4290.8,5738.8,5950.3,4615.8,3467.0,2590.3,2786.0,2898.4,3000.9,3057.2,2382.2,2774.9,2933.6,3016.3,3086.3,3134.8
A,CLV10_MEUR,P7_S2112,FI,,,,,,,,,,,,,,,,,,,,,,,,,,,,,,,,,,15236.6,13854.7,15041.0,15947.9,16813.0,15775.3,15617.7,16138.5,17015.5,17978.4,18842.4,19213.6,18576.0,20159.4,21650.1,20193.4,20019.7,20900.8
A,CLV10_MEUR,P7_S2112,FR,,,,,,,,,,,,,,,,,,,,,,,,,,,,,,,,,,30508.4,27815.2,33883.2,34963.9,33594.8,35501.8,37520.5,39648.9,42038.7,44777.5,47323.4,49462.8,44462.5,49517.0,52023.7,54892.7,54678.5,55261.7
A,CLV10_MEUR,P7_S2112,HU,,,,,,,,,,,,,,,,,,,,,,,,,,,,,,,,,,9338.8,8224.7,9674.0,10035.4,9358.1,10955.2,13002.2,14117.6,15005.4,15836.6,17276.8,18037.0,17977.9,16931.2,17182.1,16966.3,16650.0,17025.0
A,CLV10_MEUR,P7_S2112,IT,,,,,,,,,,,,,,,,,,,,,,,,,,,,,,,,,,28669.3,26964.5,29862.8,30487.4,28072.5,27759.1,30683.1,34190.4,36203.9,39357.4,41458.5,42306.5,37587.7,45520.7,50996.1,52130.9,49676.2,59714.5
A,CLV10_MEUR,P7_S2112,LT,,,,,,,,,,,,,,,,,,,,,,,,,,,,,,2138.3,2546.4,3111.8,3928.3,3855.5,2766.4,3006.3,3415.7,3896.7,4177.1,4264.2,4894.9,5555.9,6032.7,6434.9,6834.1,7060.0,7845.3,9152.7,8888.0,9564.1,9912.1
A,CLV10_MEUR,P7_S2112,LU,,,,,,,,,,,,,,,,,,,,,363.5,395.6,490.1,641.5,756.7,875.4,1114.3,850.6,861.3,979.7,1043.0,1218.9,1362.4,1723.3,1299.6,1452.1,1598.0,1883.7,2061.6,2290.6,2709.5,3035.1,3359.3,3574.8,3644.7,3916.3,4707.3,4410.3,4452.3,3749.7,3852.5
A,CLV10_MEUR,P7_S2112,LV,,,,,,,,,,,,,,,,,,,,,,,,,,756.4,863.4,897.8,1028.1,1274.9,1516.5,1974.1,2261.2,2013.1,1368.7,1472.4,1878.9,2003.4,2105.5,2310.8,2305.1,2449.5,2440.5,2630.1,2728.3,2891.1,3207.8,3676.0,3744.8,3619.3,3866.5
A,CLV10_MEUR,P7_S2112,ME,,,,,,,,,,,,,,,,,,,,,,,,,,,,,,,,179.1,187.9,184.7,117.5,96.6,116.1,110.9,130.5,232.7,241.7,291.1,336.7,383.7,401.9,307.4,319.4,218.0,249.3,248.0,254.8
A,CLV10_MEUR,P7_S2112,MT,,,,,,,,,,,,,,,,,,,,,,,,,,190.7,172.2,174.6,179.0,187.7,205.9,234.1,260.3,284.5,256.6,287.6,310.7,345.0,349.8,376.3,492.9,576.0,644.4,810.7,808.3,912.4,1385.5,1203.0,1254.7,1508.9,1512.1
A,CLV10_MEUR,P7_S2112,NL,,,,,,,,,,,,,,,,,,,,,7169.3,7849.6,10209.7,10321.4,11212.6,15522.7,14009.7,11647.8,10176.3,13611.4,14760.3,16239.0,23935.5,25241.2,26290.1,27011.0,29139.4,31471.5,34479.5,32676.3,33907.3,34393.9,40250.2,44599.0,48236.8,43414.0,45670.4,46569.8,46687.8,47387.1,49464.1
A,CLV10_MEUR,P7_S2112,PL,,,,,,,,,,,,,,,,,,,,,,,,,,,,,,,,,,15606.0,13569.6,16094.6,17204.7,16943.6,17574.3,19282.4,20478.1,22611.5,24312.0,25893.6,26651.9,25673.3,29164.7,31425.6,34238.4,37914.6,39582.9
A,CLV10_MEUR,P7_S2112,PT,,,,,,,,,,,,,,,,,,,,,,,,,,,,,,,,,,2296.8,2228.2,2468.7,2414.6,2355.6,2474.8,2777.9,2955.5,3245.0,3347.1,3614.7,3899.0,3773.9,4479.4,4989.1,5429.7,5523.5,6033.9
A,CLV10_MEUR,P7_S2112,RO,,,,,,,,,,,,,,,,,,,,,,,,,,,,,,,,,8998.9,10514.3,9320.8,10703.7,11966.2,11907.2,12898.4,14370.1,15241.5,17620.0,20092.5,21819.0,25541.8,20316.8,23342.7,27385.8,24854.1,26113.1,27754.4
A,CLV10_MEUR,P7_S2112,SI,,,,,,,,,,,,,,,,,,,,,,,,,,,,,,,,,,3566.9,2216.1,2458.1,2649.0,2566.8,2709.2,2929.3,3211.0,3392.2,3761.3,4049.6,4262.9,4061.0,4717.5,5149.4,4991.6,5053.8,5362.8
A,CLV10_MEUR,P7_S2112,SK,,,,,,,,,,,,,,,,,,,,,5822.3,5941.8,5938.1,5256.6,4729.0,4604.8,5738.4,6168.3,6778.2,8144.9,9180.4,10760.3,11647.4,11575.4,9702.5,10759.8,11603.2,11232.1,13760.8,14785.5,16556.5,16862.7,17628.8,18753.0,22379.1,17855.1,18431.1,19188.2,20206.0,20772.2,19118.9
A,CLV10_MEUR,P7_S2112,TR,,,,,,,,,,,,,,,,,,,,,,,,,,,,,,,,,,,11844.8,14195.0,16105.2,15963.1,16976.7,17670.3,19077.2,20410.2,21926.9,20847.3,18649.2,13646.3,12688.8,10625.5,13617.6,14271.7,15336.0
A,CLV10_MEUR,P7_S2112,UK,,,,,,,,,,,,,,,,,,,,,,,,14773.4,15824.9,17667.2,19488.1,20994.8,22499.4,25256.4,31216.0,39386.6,33768.9,35437.0,32977.1,38134.2,42096.5,43668.4,41977.9,42827.5,45020.2,45974.5,49709.3,54212.3,56067.4,,,,,,
A,CLV10_MEUR,P7_S212,BE,,,,,,,,,,,,,,,,,,,,,15.2,63.7,7.3,5.5,100.8,62.8,79.6,84.9,32.9,94.6,26.2,29.7,95.8,135.3,137.0,149.6,159.3,106.6,175.6,200.5,234.2,249.2,236.5,223.1,235.6,213.5,203.5,277.3,254.6,256.8,
A,CLV10_MEUR,P7_S212,CY,,,,,,,,,,,,,,,,,,,,,,,,,,,,,,,,,,-3.1,-0.1,4.8,-2.0,-2.1,-10.8,-6.1,-15.3,-15.9,-9.3,-8.1,3.6,7.9,4.7,11.6,-4.5,-9.8,-10.3
A,CLV10_MEUR,P7_S212,IT,,,,,,,,,,,,,,,,,,,,,,,,,,,,,,,,,,2.0,2.1,5.0,1.0,4.8,181.4,242.0,114.6,69.8,53.3,81.6,73.6,67.7,69.1,57.6,81.6,85.9,94.3
A,CLV10_MEUR,P7_S212,LT,,,,,,,,,,,,,,,,,,,,,,,,,,,,,,13.5,20.4,22.7,33.6,27.0,59.8,54.7,51.4,73.9,67.7,67.1,40.3,50.1,44.5,47.5,36.0,35.0,27.8,25.0,17.0,19.1,16.0
A,CLV10_MEUR,P7_S212,LU,,,,,,,,,,,,,,,,,,,,,5.8,3.0,10.6,5.7,34.8,45.4,42.4,18.7,3.8,5.0,4.1,3.8,3.9,5.7,7.1,6.2,13.2,8.3,8.3,9.3,12.0,17.6,13.1,13.6,10.7,11.8,10.9,10.2,5.2,3.4,3.4
A,CLV10_MEUR,P7_S212,LV,,,,,,,,,,,,,,,,,,,,,,,,,,0.0,0.0,0.0,0.0,0.0,0.0,0.0,0.0,0.0,1.5,1.2,1.1,1.1,1.9,21.9,22.1,19.7,18.8,18.4,17.7,13.7,10.8,9.7,5.2,1.2,3.8
A,CLV10_MEUR,P7_S212,ME,,,,,,,,,,,,,,,,,,,,,,,,,,,,,,,,0.0,0.0,0.0,0.0,0.0,0.0,0.0,0.0,0.0,0.0,0.0,0.0,0.0,0.0,0.0,0.0,0.0,0.0,0.0,0.0
A,CLV10_MEUR,P7_S212,NL,,,,,,,,,,,,,,,,,,,,,4.0,4.0,4.0,4.0,4.0,4.0,4.0,4.0,4.0,4.0,4.0,4.0,4.0,4.0,4.0,4.0,4.0,4.0,4.0,4.0,4.0,4.0,4.0,4.0,4.0,4.0,4.0,4.0,4.0,4.0,4.0
A,CLV10_MEUR,P7_S212,RO,,,,,,,,,,,,,,,,,,,,,,,,,,,,,,,,,0.0,0.2,1.2,20.9,28.7,45.4,65.9,30.3,24.1,15.4,22.4,102.8,73.5,86.4,71.0,11.4,4.7,23.6,129.9
A,CLV10_MEUR,P7_S212,SE,,,,,,,,,,,,,,,,,,,0.0,0.0,0.0,0.0,0.0,0.0,0.0,0.0,0.0,0.0,0.0,0.0,0.0,0.0,0.0,0.0,2.0,1.3,0.0,0.0,3.8,2.0,1.8,1.4,3.5,2.4,3.0,9.8,7.5,6.9,20.7,6.5,
A,CLV10_MEUR,P7_S212,SI,,,,,,,,,,,,,,,,,,,,,,,,,,,,,,,,,,4.1,12.7,10.3,10.1,8.9,10.3,15.4,16.2,18.9,20.1,17.0,10.8,8.0,8.4,3.4,0.8,2.4,-1.3
A,CLV10_MEUR,P7_S22,BE,,,,,,,,,,,,,,,,,,,,,60189.8,63631.2,68859.3,72235.2,74315.6,84033.4,83139.4,84049.3,85448.0,91065.8,97068.5,102082.4,107779.8,101195.3,80209.0,88522.0,95101.5,92317.1,93488.1,96476.4,109687.0,115082.9,115306.2,119862.7,118556.0,108042.6,116964.2,138218.0,118698.8,111071.4,107124.7
A,CLV10_MEUR,P7_S22,CY,,,,,,,,,,,,,,,,,,,,,,,,,,,,,,,,,,5816.9,4865.3,5801.0,5856.1,5601.7,5375.4,5900.6,6616.5,6902.8,7998.9,8461.1,9588.6,10572.6,11663.1,15572.9,15586.3,15836.8,16480.9
A,CLV10_MEUR,P7_S22,CZ,,,,,,,,,,,,,,,,,,,,,,,,,,,,,,,,,,,,35158.0,36947.1,38339.4,37709.3,39928.4,46545.7,45565.8,49324.3,51940.2,52386.0,49312.6,57647.7,63299.5,59411.1,60292.2,64710.1
A,CLV10_MEUR,P7_S22,DK,,,,,,,,,,,,,,,,,,,,,,,,,,,,,,,39051.8,44736.4,46825.3,51528.4,46778.7,47396.7,52440.2,53910.0,54081.5,56842.5,58566.9,60159.1,63450.7,67620.2,69466.3,63968.8,70655.3,77664.0,77926.4,84667.4,80004.7
A,CLV10_MEUR,P7_S22,EE,,,,,,,,,,,,,,,,,,,,,,,,,,,,,,,,,,2081.7,1390.9,1708.0,2107.7,2550.7,2538.8,2587.0,2394.9,2311.3,2287.8,2718.1,2968.8,3126.1,4310.5,4168.3,3399.1,3609.2,3992.6
A,CLV10_MEUR,P7_S22,FI,,,,,,,,,,,,,,,,,,,,,,,,,,,,,,,,,,34004.1,26103.0,28310.0,30953.0,29788.7,32639.2,31913.9,30255.6,30990.9,32814.8,35319.2,36236.1,32624.2,35585.6,40902.5,35744.2,35242.3,35713.3
A,CLV10_MEUR,P7_S22,FR,,,,,,,,,,,,,,,,,,,,,,,,,,,,,,,,,,260923.3,244364.2,265705.2,283901.9,281549.1,288513.3,304154.5,323193.8,332867.5,349201.5,360096.3,372879.8,320811.7,347298.9,393694.7,387355.4,388815.8,405604.8
A,CLV10_MEUR,P7_S22,HU,,,,,,,,,,,,,,,,,,,,,,,,,,,,,,,,,,27491.3,23485.2,25590.8,25450.7,23377.8,23493.6,23847.5,25803.2,24913.3,27981.0,30993.1,37008.4,35921.6,37763.1,42462.9,42257.8,42405.7,42688.6
A,CLV10_MEUR,P7_S22,IT,,,,,,,,,,,,,,,,,,,,,,,,,,,,,,,,,,215366.0,184398.9,204552.0,202140.6,182641.9,174266.1,178634.2,188636.5,195987.4,205135.9,212504.9,207356.9,179027.5,198969.6,225274.3,218815.2,214926.4,207558.5
A,CLV10_MEUR,P7_S22,LT,,,,,,,,,,,,,,,,,,,,,,,,,,,,,,5369.6,6998.0,7431.8,7095.0,10024.0,6919.8,8498.2,9703.2,10089.9,10303.2,9597.7,9536.5,8940.1,10210.0,11055.2,11597.7,9667.1,12066.4,15125.2,11547.8,11976.7,12972.8
A,CLV10_MEUR,P7_S22,LU,,,,,,,,,,,,,,,,,,,,,4295.4,4670.2,6178.1,7462.1,9589.4,10766.3,11200.1,10914.1,10738.1,12358.3,14309.8,17213.0,17952.2,17134.3,15522.3,20338.8,22906.9,20822.7,22839.3,24890.0,26389.8,26341.2,27004.3,27747.8,30110.6,32095.3,37210.1,35689.8,35402.5,31256.0,31207.7
A,CLV10_MEUR,P7_S22,LV,,,,,,,,,,,,,,,,,,,,,,,,,,2057.9,2198.1,2195.1,2515.7,2997.6,3268.2,3580.9,3958.7,3629.9,2706.9,3113.4,3469.1,3486.1,3353.3,3265.7,3552.7,3727.4,4144.2,4428.7,4385.7,4115.7,4920.6,4731.4,4034.1,3831.4,3903.0
A,CLV10_MEUR,P7_S22,ME,,,,,,,,,,,,,,,,,,,,,,,,,,,,,,,,904.1,1337.6,1630.4,1270.7,1224.8,1198.2,1188.7,1171.4,1080.0,1188.2,1289.1,1413.7,1513.4,1551.6,1276.9,1455.4,1806.0,1914.4,2045.1,2205.2
A,CLV10_MEUR,P7_S22,MT,,,,,,,,,,,,,,,,,,,,,,,,,,2225.1,1900.8,1906.5,1965.1,2031.6,2163.1,2478.2,2654.7,2814.4,2461.2,2819.0,3025.3,3250.2,3233.0,3237.2,4500.1,4538.3,5315.3,5887.6,6529.8,7262.3,7287.8,8759.4,8188.8,8579.3,8966.9
A,CLV10_MEUR,P7_S22,NL,,,,,,,,,,,,,,,,,,,,,79195.1,82320.1,93586.8,104166.6,119152.2,143956.5,148645.8,144388.5,147948.2,157831.2,171513.7,185216.7,193026.6,193923.7,177311.2,205041.0,215966.0,225655.9,227019.0,239596.0,278369.8,264259.8,280191.7,291892.1,296441.0,287155.4,309925.8,335379.4,304093.5,301294.9,306518.2
A,CLV10_MEUR,P7_S22,PL,,,,,,,,,,,,,,,,,,,,,,,,,,,,,,,,,,46174.6,39935.1,46691.4,50704.2,52800.7,51774.6,56224.7,57788.5,59706.7,67963.4,75949.3,79611.2,76098.4,91746.2,104178.6,92708.7,96042.5,101114.0
A,CLV10_MEUR,P7_S22,PT,,,,,,,,,,,,,,,,,,,,,,,,,,,,,,,,,,20291.0,18382.1,20032.4,18581.0,17897.8,18933.9,19110.0,21644.3,22340.4,23986.4,24414.2,26319.3,23052.6,25323.3,28165.9,27809.1,29281.5,28999.2
A,CLV10_MEUR,P7_S22,RO,,,,,,,,,,,,,,,,,,,,,,,,,,,,,,,,,15051.8,17223.8,12290.5,13657.2,14703.4,13879.1,13606.4,15054.0,15598.3,17991.3,20175.6,22559.4,24157.7,25943.4,30277.2,34121.5,31036.8,33073.5,35032.6
A,CLV10_MEUR,P7_S22,SI,,,,,,,,,,,,,,,,,,,,,,,,,,,,,,,,,,6618.2,4515.1,5074.7,5408.8,5201.8,5497.5,5684.6,5576.6,5874.1,6638.3,7318.0,7838.4,7249.9,8500.8,10214.1,8707.6,9140.3,9373.8
A,CLV10_MEUR,P7_S22,SK,,,,,,,,,,,,,,,,,,,,,5548.0,6822.2,6790.7,5792.8,5580.3,6997.4,7859.6,7997.1,8099.0,11830.2,15988.6,20695.0,23549.6,25795.8,21910.2,27063.1,28965.7,30289.7,29940.1,30351.4,32058.5,32576.5,33436.0,34732.9,33331.1,31884.4,37251.2,43484.2,35994.2,36734.2,43590.5
A,CLV10_MEUR,P7_S22,TR,,,,,,,,,,,,,,,,,,,,,,,,,,,,,,,,,,,77424.3,92415.3,106152.4,106890.8,118566.9,117165.6,116073.6,116422.7,134573.2,127611.3,123266.7,135886.1,144483.6,172286.7,181907.3,167229.5,175450.5
A,CLV10_MEUR,P7_S22,UK,,,,,,,,,,,,,,,,,,,,,,,,166727.0,177039.3,201008.0,204432.4,203543.1,213821.4,232527.4,244045.0,261134.1,268318.4,267646.3,253692.4,275777.5,277741.4,279276.0,286127.9,289415.4,304648.7,316620.2,323730.4,330177.8,348659.4,,,,,,
A,CLV10_MNAC,P6,AL,,,,,,,,,,,,,,,,,,,,,34987.0,40438.9,33048.9,44230.5,76561.6,106329.7,122764.2,127125.3,142092.0,168356.1,209210.9,244624.9,291378.1,277900.2,290993.6,346845.7,369994.5,371080.7,376977.2,376337.7,367860.6,395717.8,447021.3,466986.5,478568.5,345882.4,526078.1,615734.9,668405.5,669138.9,
A,CLV10_MNAC,P6,AT,,,,,,,,,,,,,,,,,,,,,68056.1,71212.9,79066.1,85274.0,90760.5,103035.5,108981.6,113652.8,114256.9,124152.7,132427.7,142460.6,153247.5,156574.0,134077.2,151683.0,160685.9,162996.1,164027.4,168710.8,173817.0,179019.1,187790.3,197463.2,205431.4,183883.9,201367.9,220388.6,219001.9,213982.4,214614.2
A,CLV10_MNAC,P6,BA,,,,,,,,,,,,,,,,,,,,,,,,,,3280.0,3469.8,3290.1,3721.0,4371.4,5059.0,6008.6,6752.6,6829.9,6613.0,7532.3,7882.1,7890.5,8510.4,8864.7,9732.0,10643.6,11901.8,12768.1,12832.5,10927.9,13701.7,15317.0,15125.9,14882.0,
A,CLV10_MNAC,P6,BE,,,,,,,,,,,,,,,,,,,,,148616.0,156009.8,170816.1,177884.0,186510.1,209631.6,210428.7,217685.0,221201.4,234901.2,247846.8,261975.7,276216.8,281209.7,249414.7,275440.5,288718.5,286787.2,287591.3,302890.5,314005.8,333299.8,351685.6,357119.1,367606.1,345704.6,396356.6,408449.9,379241.5,372795.3,370457.0
A,CLV10_MNAC,P6,BG,,,,,,,,,,,,,,,,,,,,,11872.5,15428.5,16523.4,13653.6,11233.8,9306.0,9419.0,10253.3,10915.9,13591.2,14826.2,15962.3,19094.5,19567.7,17275.2,19182.3,21590.3,22030.3,24152.3,24889.4,26502.0,28784.5,30437.7,30965.3,32202.6,29108.3,32477.5,36396.1,36396.1,37042.0,36253.1
A,CLV10_MNAC,P6,CH,,,,,,,,,,,,,,,,,,,,,199803.3,206947.7,238268.9,243980.8,252996.2,284052.8,283821.1,278279.0,274223.1,300973.4,319778.5,341450.6,380289.6,396672.8,363830.4,409480.4,426349.2,427963.7,487335.8,464332.7,482228.4,510512.0,506384.4,525329.9,522532.9,495785.4,563361.2,602991.3,587007.5,597018.5,625712.4
A,CLV10_MNAC,P6,CY,,,,,,,,,,,,,,,,,,,,,7085.1,7539.5,7537.8,7976.7,8170.7,8887.3,9043.8,8727.2,8474.3,8744.7,9015.0,9222.6,9717.3,9662.4,9212.6,9795.7,10482.9,10422.6,10539.6,11202.8,12202.6,13083.6,14520.5,15568.9,16927.2,17204.1,21876.1,27889.3,27435.1,29103.1,30484.2
A,CLV10_MNAC,P6,CZ,,,,,,,,,,,,,,,,,,,,,712451.0,730306.3,785545.9,861257.4,905797.9,1039659.9,1137719.9,1148078.8,1249344.2,1620126.5,1914193.7,2187645.5,2428922.0,2531236.6,2282490.8,2617047.0,2856834.4,2979140.1,2986844.3,3247486.6,3439469.3,3581775.4,3836180.1,3970514.5,4022590.6,3680021.7,3980057.2,4184990.2,4283252.4,4348584.4,4518273.6
A,CLV10_MNAC,P6,DE,,,,,,,,,,,,,,,,,404230.0,402842.2,372184.3,401075.9,427065.7,451667.7,506422.9,544524.5,572280.6,649745.4,685323.7,712827.5,724560.8,805179.7,858042.5,960487.8,1042620.6,1058769.7,905227.9,1032906.0,1114534.2,1143425.8,1148850.9,1198685.7,1257099.7,1282080.2,1331536.6,1365600.9,1393861.7,1261641.6,1390076.7,1444201.2,1423762.6,1394366.3,1388184.3
A,CLV10_MNAC,P6,DK,,,,,,,,,,,,,,,,,,,,,488066.3,510817.2,533854.6,555754.5,618419.1,696419.9,719805.2,751133.3,742053.8,764503.7,825147.4,910412.8,943531.6,980045.2,890219.0,917158.1,985455.8,997867.4,1011734.0,1042281.1,1075970.3,1115369.7,1168971.5,1208764.7,1262156.6,1181886.3,1273327.2,1357179.5,1462807.6,1566805.8,1614478.8
A,CLV10_MNAC,P6,EA,,,,,,,,,,,,,,,,,,,,,1729262.7,1814699.1,2012425.1,2158878.5,2278150.4,2574241.2,2715593.5,2769853.6,2788615.2,3005561.6,3155892.0,3414542.2,3662918.0,3698646.5,3293267.1,3651347.2,3895302.3,3977672.1,4063741.9,4258607.5,4571066.0,4712989.2,4974084.4,5141326.1,5307590.0,4848481.5,5399776.5,5790813.7,5752978.4,5783179.7,5901663.2
A,CLV10_MNAC,P6,EA12,,,,,,,,,,,,,,,,,,,,,1750796.5,1837097.1,2039465.9,2187298.0,2312287.1,2615670.4,2715593.5,2769853.6,2788615.2,3005561.6,3155892.0,3414542.2,3638566.7,3657655.2,3212759.1,3559050.6,3781115.1,3856797.4,3938051.3,4115009.5,4393633.7,4526009.7,4772453.7,4927349.9,5084425.3,4633598.4,5155041.0,5524809.0,5461013.3,5486194.6,5595534.6
A,CLV10_MNAC,P6,EA19,,,,,,,,,,,,,,,,,,,,,1799852.1,1888354.5,2096610.6,2247308.3,2373821.2,2683268.6,2787587.0,2845945.4,2869392.0,3096211.9,3257152.1,3530338.2,3767047.9,3790995.6,3326043.7,3689889.0,3926579.0,4012371.5,4100261.2,4282710.1,4571066.0,4712989.2,4974084.4,5141326.1,5307590.0,4848481.5,5399776.5,5790813.7,5720793.7,5750488.4,5868670.1
A,CLV10_MNAC,P6,EA20,,,,,,,,,,,,,,,,,,,,,1807994.6,1897537.6,2106523.5,2257383.1,2384145.5,2695007.4,2800316.4,2859228.9,2883437.6,3111302.6,3272946.8,3547394.8,3784970.9,3808559.0,3341187.8,3706214.8,3943275.6,4028812.6,4117130.3,4300804.4,4591009.3,4734329.7,4996909.4,5164974.8,5332880.9,4867790.0,5425478.2,5823466.5,5752978.4,5783179.7,5901663.2
A,CLV10_MNAC,P6,EA21,,,,,,,,,,,,,,,,,,,,,1817492.3,1908836.5,2118856.4,2269217.1,2395145.2,2705558.0,2811125.3,2870671.8,2895337.6,3125324.4,3288063.1,3563700.1,3804099.2,3828128.6,3358464.0,3725397.0,3964866.0,4050840.4,4141434.5,4325829.5,4617651.5,4763334.3,5027582.0,5196135.3,5365310.9,4897068.4,5458149.6,5860380.7,5790016.9,5820982.8,5938337.2
A,CLV10_MNAC,P6,EE,,,,,,,,,,,,,,,,,,,,,3893.9,3994.1,5009.7,5669.1,5695.9,5300.1,5635.7,5794.7,6384.1,7488.1,8979.9,9835.7,11076.5,11175.9,8906.3,11063.1,13737.4,14400.4,14803.6,15194.5,14965.7,15687.9,16446.0,16922.2,17774.2,17042.4,21062.0,22212.9,20182.4,19879.5,20865.0
A,CLV10_MNAC,P6,EL,,,,,,,,,,,,,,,,,,,,,20757.5,21533.1,26533.5,27765.6,34268.1,42046.1,42541.0,39430.8,39322.7,45668.4,46704.7,49240.0,53723.3,56153.5,46457.1,48583.6,48851.8,49848.0,50723.1,54922.4,57796.8,57568.5,62407.3,68169.8,71469.6,56090.7,69761.0,74081.1,75680.1,76413.0,77674.7
A,CLV10_MNAC,P6,ES,,,,,,,,,,,,,,,,,,,,,136232.4,149840.2,171402.0,185333.7,200205.9,221065.9,229787.7,233087.1,241247.3,251576.1,256197.4,268192.6,288750.9,286174.7,255282.1,278203.0,301032.0,303877.4,316912.4,331192.2,345604.9,364241.5,384665.1,391055.0,399911.4,319533.1,362312.4,413845.0,422824.9,436164.4,451730.0
A,CLV10_MNAC,P6,EU27_2020,,,,,,,,,,,,,,,,,,,,,2060620.1,2165352.4,2403884.6,2578726.4,2725344.5,3082379.6,3201903.4,3275547.1,3321642.8,3598495.0,3807620.2,4146882.2,4436536.9,4489603.1,3954242.7,4384633.3,4675337.1,4774209.2,4888033.9,5115664.4,5450814.6,5644937.0,5964556.2,6177838.2,6394517.5,5870277.6,6532222.9,7011229.3,6998418.3,7055940.4,7216509.0
A,CLV10_MNAC,P6,FI,,,,,,16814.7,17790.5,17457.8,18213.3,19402.5,19525.8,20027.0,20693.5,21423.6,21785.7,22092.1,20348.0,22459.1,26202.8,29684.2,32281.7,34142.3,38931.3,42385.3,47189.9,54789.8,55788.1,58010.8,57425.5,62445.5,66785.2,73338.8,79929.7,85206.1,68068.3,72273.0,73738.2,73912.4,74771.7,73431.8,73610.9,76693.0,83616.6,85049.5,90872.9,83147.8,88122.7,92028.8,90776.1,92372.4,95524.9
A,CLV10_MNAC,P6,FR,113537.0,123057.9,132601.3,141114.5,150282.8,154473.4,161910.1,159552.3,167092.8,178479.6,182228.6,180946.8,186367.3,202391.9,222409.1,230345.7,245292.6,259697.4,260464.6,281584.2,305882.4,318064.1,358834.3,389643.4,409169.8,461007.6,474338.9,484161.5,477538.6,503066.3,524420.3,552430.0,568168.8,571498.7,511719.6,555437.6,591692.1,607314.2,623117.6,640211.9,669183.8,683317.3,713427.6,740304.4,755691.2,630458.3,701862.3,765617.7,784528.8,804340.7,814641.7
A,CLV10_MNAC,P6,HR,,,,,,,,,,,,,,,,,,,,,7739.5,9035.6,9640.6,9619.6,9759.0,11119.2,12208.1,12800.4,13649.1,14654.4,15328.5,16546.7,17366.6,16993.3,14649.7,15794.1,16152.8,15909.8,16323.9,17511.5,19304.8,20665.6,22101.6,22898.1,24465.1,18790.3,24942.8,31680.1,31223.5,31712.1,32011.2
A,CLV10_MNAC,P6,HU,,,,,,,,,,,,,,,,,,,,,4322899.7,4719620.2,5793675.2,6686679.8,7472103.0,9334517.2,10150688.0,10725477.1,11390159.5,13446472.7,15165274.4,18126952.5,21053330.5,22463551.2,20056119.0,22285864.0,23715269.3,23311755.1,24262577.2,26495238.2,28446021.9,29527602.5,31440911.5,33009968.1,34811334.6,32672266.7,35364595.5,39161462.3,39872121.2,39670997.3,39241439.8
A,CLV10_MNAC,P6,IE,,,,,,,,,,,,,,,,,,,,,45956.3,51664.9,60731.2,74560.0,86319.4,104608.6,119262.3,126985.5,124829.6,132968.9,140255.5,148742.7,161983.0,155822.0,163065.4,172819.8,178192.3,176727.2,195402.4,223723.6,311930.2,328481.5,364673.3,382339.8,424495.6,482043.6,545391.2,610978.9,586995.6,637286.8,699174.1
A,CLV10_MNAC,P6,IS,,,,,,,,,,,,,,,,,,,,,409949.4,443115.8,464322.8,471140.4,486186.8,505549.9,539581.2,558840.4,563644.7,610199.4,655203.6,625612.3,773346.8,800365.0,864027.3,870526.7,895899.5,923918.0,981453.3,1018427.7,1104126.8,1239336.1,1299074.3,1327714.7,1268506.0,883537.0,993038.1,1251887.6,1300358.8,1271809.5,1284412.8
A,CLV10_MNAC,P6,IT,,,,,,,,,,,,,,,,,,,,,302607.6,307174.6,322321.5,330544.2,327142.9,366534.0,376306.4,365600.4,361080.9,383299.9,395716.6,428102.1,454764.7,439851.4,361419.4,403170.0,423057.8,430812.5,431880.1,442852.0,460502.6,471269.4,496565.0,507139.8,513357.6,442979.5,505375.4,555266.2,554243.2,551755.0,558591.2
A,CLV10_MNAC,P6,LT,,,,,,,,,,,,,,,,,,,,,4384.7,5517.9,6837.8,7097.4,5761.3,6569.1,8150.4,9795.9,10684.7,11458.3,13732.0,15490.7,15985.3,17842.4,15402.3,17925.5,20533.1,22760.4,24415.1,23970.0,24550.7,25760.5,29246.2,31246.6,34384.2,34407.6,40114.1,44809.8,43318.9,44444.5,46323.5
A,CLV10_MNAC,P6,LU,,,,,,,,,,,,,,,,,,,,,24578.2,26096.9,29613.3,34421.2,38555.8,45114.1,48009.1,47961.9,49296.9,53848.0,57066.1,64440.5,67745.2,67523.2,62632.3,68993.4,72020.9,73186.9,77809.5,82879.7,87139.2,91765.3,91557.1,94787.3,100510.7,102422.6,114039.2,115715.8,116355.8,102184.5,103374.5
A,CLV10_MNAC,P6,LV,,,,,,,,,,,,,,,,,,,,,3097.4,3673.6,4141.9,4337.3,4062.0,4646.7,5049.8,5298.7,5516.6,6282.8,7770.4,8349.4,9511.8,9740.7,8478.9,9633.4,10833.8,11861.3,11939.5,12722.9,13111.6,13622.0,14501.3,15134.0,15047.7,15002.9,16367.1,18236.2,16955.8,16974.0,16986.6
A,CLV10_MNAC,P6,ME,,,,,,,,,,,,,,,,,,,,,,,,,,,,,,,,940.6,1222.6,1242.8,1085.5,1145.7,1319.1,1274.2,1305.4,1286.7,1365.7,1393.1,1418.0,1516.0,1604.1,847.1,1517.4,1810.9,1974.5,1896.4,1808.3
A,CLV10_MNAC,P6,MK,,,,,,,,,,,,,,,,,,,,,,,,,,118653.3,101812.3,96863.2,97188.0,113894.0,134312.8,150610.1,171379.4,163379.9,140685.6,173999.3,202078.8,206023.4,218578.4,254598.5,276177.3,301257.8,326403.4,368198.9,400882.9,357059.7,408041.2,451295.3,437807.0,420480.9,446229.3
A,CLV10_MNAC,P6,MT,,,,,,,,,,,,,,,,,,,,,,,,,,4630.0,4064.2,4399.0,4153.2,4173.0,4243.8,5225.6,5592.0,5938.3,5226.8,6150.0,6707.2,7212.1,7382.5,7832.3,9715.2,10499.0,12178.0,13784.4,14775.8,15335.5,16030.3,17894.7,18818.2,20001.8,20911.8
A,CLV10_MNAC,P6,NL,,,,,,,,,,,,,,,,,,,,,219257.9,228153.0,250132.0,266575.3,290677.4,325917.3,330652.4,332424.2,338428.8,366164.5,387040.1,415004.8,437565.1,444882.5,406215.8,445533.0,470866.1,488358.9,503095.1,529000.5,573282.8,584537.3,625034.3,655796.9,673876.5,648060.0,692510.3,723084.3,701451.3,700357.8,717380.7
A,CLV10_MNAC,P6,NO,267687.3,301491.3,308771.0,341261.0,348554.7,364328.3,370894.5,372547.0,398964.1,429492.0,460909.5,471152.9,475627.4,505134.1,561567.9,607069.2,644669.7,675011.0,696013.6,753813.7,794418.9,874453.5,941915.0,954264.2,982373.9,1020723.2,1067481.6,1061266.9,1057734.3,1069976.3,1075945.7,1069801.9,1080196.4,1094004.1,1047841.6,1052663.0,1048408.6,1070773.6,1054042.3,1094902.1,1138377.9,1139090.3,1156944.5,1141214.8,1167042.4,1138666.0,1204837.8,1263365.3,1275142.8,1349076.5,1381332.4
A,CLV10_MNAC,P6,PL,,,,,,,,,,,,,,,,,,,,,163804.5,182366.3,204617.4,233762.2,227884.4,281681.6,290286.5,304295.7,347139.6,363509.6,400076.9,461150.4,508079.9,543607.7,510797.9,575106.0,619648.0,643938.2,676524.6,713717.2,760884.7,829054.2,904431.8,965547.5,1017083.1,1006142.7,1129930.2,1213608.9,1258715.3,1283893.9,1341426.8
A,CLV10_MNAC,P6,PT,,,,,,,,,,,,,,,,,,,,,29053.2,30710.4,32952.1,35619.4,36867.7,40015.6,40943.9,42302.4,44400.9,46000.1,46126.7,51878.2,55238.4,55006.1,49467.7,54007.7,57725.3,59508.1,63828.2,66575.1,70737.5,74070.4,80285.3,83735.0,87088.1,71120.8,79679.9,93347.3,97368.1,100518.4,100935.5
A,CLV10_MNAC,P6,RO,,,,,,,,,,,,,,,,,,,,,55559.3,58940.3,65523.1,64477.0,69193.8,56340.1,64374.4,75544.3,81845.3,93421.5,102019.4,114028.4,137859.4,156816.1,147903.0,171006.2,191718.8,193751.0,233923.9,253891.6,265528.0,308914.1,332901.9,350419.6,369198.7,334269.1,376511.7,411554.1,406005.8,395875.0,411412.5
A,CLV10_MNAC,P6,RS,,,,,,,,,,,,,,,,,,,,,92785.9,207156.7,312971.6,405313.8,234251.1,266684.3,410684.2,490112.6,627612.5,689753.4,817739.0,875767.5,901168.9,1014338.2,897356.2,1048658.4,1107684.6,1139336.3,1344875.6,1402266.9,1529065.1,1695512.9,1828844.1,1994228.8,2138848.0,2040776.3,2457656.2,2876227.4,2954705.7,3108069.2,3283149.3
A,CLV10_MNAC,P6,SE,,,,,,,,,,,,,,,,,,,591399.7,671830.7,747350.6,779455.8,887266.5,966158.9,1034263.1,1155891.8,1161968.6,1180992.9,1231009.6,1369125.8,1465785.8,1587685.2,1657718.8,1674363.3,1435214.5,1593814.0,1701813.9,1713864.4,1711690.8,1778765.5,1869311.9,1926540.0,1990055.9,2076857.0,2221296.9,2100727.0,2343530.2,2485395.4,2549095.8,2615722.0,2718588.5
A,CLV10_MNAC,P6,SI,,,,,,,,,,,,,,,,,,,,,8780.6,9041.6,10093.5,10883.0,11101.2,12499.1,13396.8,14439.4,14895.8,16838.5,18752.1,21400.3,24365.9,25385.2,21188.4,23375.6,24939.5,25125.7,25828.2,27334.1,28818.5,30671.6,34067.1,36164.0,37784.4,34561.1,39441.6,42375.0,41564.6,42535.6,42664.5
A,CLV10_MNAC,P6,SK,,,,,,,,,,,,,,,,,,,,,14683.0,14347.1,16347.1,15973.9,17588.6,19026.5,21124.7,22689.1,27164.1,32903.7,37057.7,45515.8,52094.2,53661.2,44880.3,52975.3,58320.3,63691.7,67119.2,69335.0,74016.8,77645.5,80473.1,84880.1,86031.6,80563.9,89152.9,91621.3,91004.9,91025.3,94650.6
A,CLV10_MNAC,P6,TR,,,,,,,,,,,,,,,,,,,,,86543.4,104100.0,121901.8,135087.9,121606.8,144841.8,152136.9,165082.5,178194.6,200314.4,217352.6,230239.1,246605.6,256234.6,248148.4,253908.1,287867.6,331117.6,346747.6,371122.1,389885.7,381324.4,428802.1,469648.1,491598.1,410913.6,513993.3,567949.5,555028.2,555432.5,553661.9
A,CLV10_MNAC,P6,UA,,,,,,,,,,,,,,,,,,,,,,,,,,,,,,,,,,,,507869.0,521424.1,491986.9,452326.7,387907.4,336838.3,330716.2,343694.2,339040.1,363789.3,342653.1,313302.2,181571.5,170770.0,188362.8,
A,CLV10_MNAC,P6,UK,,,,,,,,,,,,,,,,,,,,,,,,315774.6,324614.8,353610.8,361348.3,365255.2,373760.7,391167.3,422046.0,475738.1,466163.5,467990.4,428736.6,453703.0,486479.8,489599.9,493787.4,494951.0,508806.7,522752.6,551022.6,567719.6,582809.2,,,,,,
A,CLV10_MNAC,P6,XK,,,,,,,,,,,,,,,,,,,,,,,,,,,,,,,,,,573.0,685.2,873.5,1120.0,1142.7,1125.9,1197.0,1219.0,1345.6,1614.9,1761.3,1894.4,1343.2,2374.3,2822.7,3026.8,3312.4,3567.5
A,CLV10_MNAC,P6_S21,BE,,,,,,,,,,,,,,,,,,,,,98080.6,103017.7,112832.5,117416.7,122999.9,138280.0,138570.5,143639.1,146116.6,155376.6,163908.1,173392.9,182609.9,186885.1,164548.3,174901.0,180004.1,176813.6,176535.6,184489.6,192512.5,203251.4,215243.0,221181.5,229332.1,216329.7,242159.0,240612.2,224699.7,225783.7,232963.0
A,CLV10_MNAC,P6_S21,CY,,,,,,,,,,,,,,,,,,,,,,,,,,,,,,,,,,3590.1,3219.0,3455.7,3662.6,3318.7,3374.1,3841.4,3934.5,4111.7,4744.2,5111.2,6628.6,6747.8,8690.0,11051.9,10359.1,11310.6,11860.3
A,CLV10_MNAC,P6_S21,CZ,,,,,,,,,,,,,,,,,,,,,,,,,,,,,,,,,,,,2067306.0,2251538.2,2254870.9,2261146.0,2494093.0,2632853.1,2736228.4,2923585.0,3018181.9,3054304.2,2807062.8,3040110.1,3227002.3,3279566.8,3243607.7,3357565.7
A,CLV10_MNAC,P6_S21,DK,,,,,,,,,,,,,,,,,,,,,,,,,,,,,,,448998.1,485872.8,498801.3,507408.6,447992.4,452166.8,472481.2,456590.3,477166.9,488166.0,498315.1,523995.9,539645.7,543892.9,561557.6,524942.1,565924.7,603948.5,684186.3,686512.7,716186.5
A,CLV10_MNAC,P6_S21,EE,,,,,,,,,,,,,,,,,,,,,,,,,,,,,,,,,,8075.1,6543.0,8013.4,9592.1,9718.4,10752.0,11000.5,11185.9,11545.7,12116.6,12562.7,12883.0,11520.3,14336.9,15523.0,14596.2,14024.3,14978.9
A,CLV10_MNAC,P6_S21,FI,,,,,,,,,,,,,,,,,,,,,,,,,,,,,,,,,,40574.8,31297.5,32518.0,34539.1,34371.7,36042.4,34930.5,36157.9,38624.2,42669.3,43374.0,47577.6,42159.4,45955.8,49017.3,49653.4,50264.2,51790.0
A,CLV10_MNAC,P6_S21,FR,,,,,,,,,,,,,,,,,,,,,,,,,,,,,,,,,,299870.5,263298.4,284411.6,303270.4,301304.9,312489.4,318922.0,329606.1,341152.2,350652.2,367744.3,374727.3,326798.6,363825.0,388698.0,400640.6,405049.7,412188.0
A,CLV10_MNAC,P6_S21,HU,,,,,,,,,,,,,,,,,,,,,,,,,,,,,,,,,,16330309.7,14566922.2,15925698.0,17210193.5,17091326.8,17357946.8,19677774.9,20319534.4,21878721.1,23581177.2,24795546.9,26259245.4,24750639.8,26296311.0,29464999.9,29876288.4,28929236.0,29525711.9
A,CLV10_MNAC,P6_S21,IT,,,,,,,,,,,,,,,,,,,,,,,,,,,,,,,,,,236355.6,189492.0,207128.0,212894.1,206156.2,202731.9,211438.5,221978.2,231157.6,245130.6,253941.1,257871.9,227239.8,263956.1,288887.4,295063.2,290191.2,303760.6
A,CLV10_MNAC,P6_S21,LT,,,,,,,,,,,,,,,,,,,,,,,,,,,,,,6563.3,7883.2,8782.0,9436.4,9998.2,9318.8,10206.6,11859.7,12581.6,13164.6,13700.1,15409.3,16023.0,18028.7,19612.3,21652.5,22022.5,26017.6,30442.3,29550.9,30978.9,32939.8
A,CLV10_MNAC,P6_S21,LU,,,,,,,,,,,,,,,,,,,,,18243.3,19249.9,21340.7,24487.8,27241.3,31838.4,33735.6,34951.7,36148.3,39361.9,40511.6,44494.9,46295.9,46327.1,43186.5,43471.5,44928.5,47603.2,50129.7,52504.3,54325.9,58450.1,56943.3,59678.9,63024.4,64576.6,71829.5,73877.2,75146.2,66603.7,67547.3
A,CLV10_MNAC,P6_S21,LV,,,,,,,,,,,,,,,,,,,,,,,,,,2135.2,2517.2,2784.6,2994.8,3583.4,4704.7,5137.1,5886.6,5978.6,5223.7,5825.0,6654.9,7112.3,7229.2,7988.4,8343.9,8797.1,9172.3,9809.4,10143.8,10074.8,11354.2,12548.6,11838.7,11951.3,12321.4
A,CLV10_MNAC,P6_S21,ME,,,,,,,,,,,,,,,,,,,,,,,,,,,,,,,,455.3,578.6,500.4,385.0,443.9,493.7,369.9,349.5,363.8,374.7,389.5,397.8,500.4,512.4,318.8,456.9,656.2,702.7,639.6,597.2
A,CLV10_MNAC,P6_S21,MT,,,,,,,,,,,,,,,,,,,,,,,,,,2781.6,2439.7,2649.7,2494.5,2509.0,2547.5,3137.8,3366.6,3564.8,3142.8,3696.7,4019.6,4332.0,4442.1,4705.3,5809.8,6350.2,7268.8,8361.3,9015.8,9813.0,10006.6,10512.0,11968.8,12602.5,13506.0
A,CLV10_MNAC,P6_S21,NL,,,,,,,,,,,,,,,,,,,,,147098.9,152340.6,164646.6,175930.7,191851.1,212533.0,215730.0,212701.2,215748.9,238554.5,249470.7,268412.8,283382.4,290226.2,262485.6,279624.0,298372.6,301821.6,310717.3,324979.9,343339.9,355870.8,382736.2,409630.3,416457.1,387692.7,425706.4,451328.6,434442.9,426786.8,440850.5
A,CLV10_MNAC,P6_S21,PL,,,,,,,,,,,,,,,,,,,,,,,,,,,,,,,,,,391192.6,372730.3,415449.0,440150.9,444244.7,460966.1,499907.6,541939.8,589002.2,640663.9,690408.7,723815.1,720698.6,822362.4,907576.6,905182.4,920481.1,965064.9
A,CLV10_MNAC,P6_S21,PT,,,,,,,,,,,,,,,,,,,,,,,,,,,,,,,,,,36247.9,32079.0,35376.2,37362.4,36842.6,38895.7,40673.7,43757.0,46792.5,50229.5,53997.7,56199.5,47762.9,53630.4,60652.0,62263.4,65127.0,66025.8
A,CLV10_MNAC,P6_S21,RO,,,,,,,,,,,,,,,,,,,,,,,,,,,,,,,,,97504.8,110450.6,108336.9,121148.7,134860.9,136257.6,165039.0,182047.4,197118.9,232828.4,254148.7,271727.8,286866.1,244451.6,271204.1,289790.4,286852.3,282376.7,292333.5
A,CLV10_MNAC,P6_S21,SI,,,,,,,,,,,,,,,,,,,,,,,,,,,,,,,,,,17528.7,15732.9,17451.3,18720.3,18471.8,18999.9,20445.8,21612.8,22910.0,25719.8,27602.0,28838.1,26065.7,29959.8,32234.5,31175.9,31592.9,31896.0
A,CLV10_MNAC,P6_S21,SK,,,,,,,,,,,,,,,,,,,,,12298.9,11985.6,13738.5,13999.5,15502.1,16788.1,18686.8,19870.3,22908.0,27724.9,31345.9,37981.0,42868.0,43466.5,36627.7,42974.7,47446.1,50937.3,52543.9,54732.1,58849.5,61641.8,64396.0,68028.4,69137.2,64755.4,73151.4,75930.1,72480.9,74292.4,73032.7
A,CLV10_MNAC,P6_S21,TR,,,,,,,,,,,,,,,,,,,,,,,,,,,,,,,,,,,107396.7,109270.1,122176.8,138777.7,141574.2,154767.8,164895.4,170370.9,184987.3,213893.1,219311.2,155596.8,195018.8,212029.3,212154.6,215927.2,221009.2
A,CLV10_MNAC,P6_S21,UK,,,,,,,,,,,,,,,,,,,,,,,,172148.7,178478.7,192584.1,200499.0,204757.4,200703.4,205082.8,219787.3,263262.3,238747.5,233400.7,209102.5,217734.0,229126.6,221482.7,219977.6,222122.1,228196.9,237423.1,253567.8,261598.5,253559.0,,,,,,
A,CLV10_MNAC,P6_S2111,BE,,,,,,,,,,,,,,,,,,,,,,,,,112359.2,126324.6,126536.7,131233.0,133532.1,142042.4,149834.6,158537.0,166917.0,168933.5,149245.8,158329.0,162148.2,158916.6,158038.3,164535.0,170857.6,179944.1,190396.7,196141.9,201700.0,189013.7,212776.4,208704.7,193010.5,194744.0,200431.3
A,CLV10_MNAC,P6_S2111,CY,,,,,,,,,,,,,,,,,,,,,,,,,,,,,,,,,,2387.9,2198.2,2317.7,2526.5,2311.6,2874.0,2807.7,3194.9,3320.6,3914.8,4152.2,5570.8,5983.2,7175.6,8909.9,8254.8,9017.0,9450.9
A,CLV10_MNAC,P6_S2111,CZ,,,,,,,,,,,,,,,,,,,,,,,,,,,,,,,,,,,,1741348.0,1882537.4,1871276.9,1863466.3,2031739.2,2159219.0,2242176.4,2397099.8,2466821.3,2492924.5,2295003.8,2466585.8,2622288.7,2648847.8,2596857.1,2686540.8
A,CLV10_MNAC,P6_S2111,DK,,,,,,,,,,,,,,,,,,,,,,,,,,,,,,,318617.8,337048.2,339768.9,348461.8,307436.4,306037.8,318490.0,303629.9,326332.6,337749.1,345300.8,362421.4,371904.8,375138.6,388044.0,374537.9,400548.3,431390.3,496732.9,498806.7,513314.7
A,CLV10_MNAC,P6_S2111,EE,,,,,,,,,,,,,,,,,,,,,,,,,,,,,,,,,,4044.0,3501.4,4053.9,4722.2,4667.9,6351.1,7990.5,8919.0,9117.6,10030.6,10400.7,10884.1,9844.9,12553.8,13666.8,13077.8,12664.2,13462.0
A,CLV10_MNAC,P6_S2111,FI,,,,,,,,,,,,,,,,,,,,,,,,,,,,,,,,,,27195.9,20329.2,20935.0,21525.2,22123.2,22898.3,22230.8,23526.7,24522.0,27790.0,27402.4,31298.8,27296.7,29602.6,31104.0,32218.8,33038.0,33869.9
A,CLV10_MNAC,P6_S2111,FR,,,,,,,,,,,,,,,,,,,,,,,,,,,,,,,,,,268224.8,236720.6,254925.6,271439.1,270027.6,278528.1,283560.6,291560.2,301971.1,309151.5,323481.4,329719.8,284816.0,316767.4,339219.0,360624.4,362592.4,368242.3
A,CLV10_MNAC,P6_S2111,HU,,,,,,,,,,,,,,,,,,,,,,,,,,,,,,,,,,12994279.1,11656147.9,12691168.0,13652509.8,13629497.1,13799066.7,15744908.2,16047068.6,17177011.6,18611319.7,19498807.2,20622513.6,19482392.6,20933501.9,24000067.9,24342700.6,23176443.0,23673019.3
A,CLV10_MNAC,P6_S2111,IT,,,,,,,,,,,,,,,,,,,,,,,,,,,,,,,,,,200156.3,160489.9,175130.0,180192.6,174676.5,170818.2,177669.2,185287.3,193724.9,204144.3,212892.3,215561.5,188969.4,219336.2,240816.7,245230.1,240358.7,244312.2
A,CLV10_MNAC,P6_S2111,LT,,,,,,,,,,,,,,,,,,,,,,,,,,,,,,4999.3,5946.8,6498.1,7032.9,7324.2,6856.4,7431.2,8990.2,9609.7,9629.7,9651.8,10746.5,11062.9,12731.1,13913.2,15818.1,16293.4,18750.3,22341.2,21808.7,22750.8,24063.3
A,CLV10_MNAC,P6_S2111,LU,,,,,,,,,,,,,,,,,,,,,17295.2,18286.0,20200.3,23034.7,25815.7,30166.5,31909.4,32890.7,33909.2,36964.0,37970.7,41522.8,42959.1,43080.5,40290.6,40375.3,41680.1,43948.2,46190.1,48345.6,49878.1,53687.7,52197.0,54640.5,57678.2,59002.0,65697.7,67885.7,69215.6,61499.7,62322.8
A,CLV10_MNAC,P6_S2111,LV,,,,,,,,,,,,,,,,,,,,,,,,,,1477.4,1729.7,1913.6,2021.6,2420.2,3335.6,3989.8,4513.2,4632.4,4063.8,4439.9,4997.6,5270.7,5302.1,6002.4,6270.8,6570.9,6733.6,7188.1,7639.8,7573.1,8740.0,9794.0,9259.6,9300.5,9669.6
A,CLV10_MNAC,P6_S2111,ME,,,,,,,,,,,,,,,,,,,,,,,,,,,,,,,,322.9,387.2,386.7,279.7,299.1,285.2,217.8,258.2,238.7,268.1,247.8,252.3,305.3,308.0,205.0,316.1,470.0,518.4,453.0,437.6
A,CLV10_MNAC,P6_S2111,MT,,,,,,,,,,,,,,,,,,,,,,,,,,2571.6,2248.4,2442.6,2298.6,2306.1,2333.5,2872.4,3077.5,3242.5,2849.4,3358.3,3653.2,3940.3,4023.6,4246.0,5214.7,5700.3,6506.2,7495.7,8032.9,8900.6,9046.9,9454.2,10850.2,11390.6,12288.5
A,CLV10_MNAC,P6_S2111,NL,,,,,,,,,,,,,,,,,,,,,136712.5,141468.5,151416.7,161415.2,174789.6,193166.5,197414.6,194524.1,199282.8,214191.1,222413.9,246958.4,245822.8,250747.9,229702.6,247398.0,263992.9,265133.8,267757.3,278257.5,290928.9,299884.4,326298.9,350488.2,355950.0,329514.9,360661.1,386940.7,371225.1,363887.0,374903.2
A,CLV10_MNAC,P6_S2111,PL,,,,,,,,,,,,,,,,,,,,,,,,,,,,,,,,,,309663.8,299915.5,330093.0,348375.0,349833.2,362056.6,391865.7,422363.0,457759.2,499838.0,539695.8,567082.6,567322.8,650382.4,707167.0,726257.2,733094.0,765708.4
A,CLV10_MNAC,P6_S2111,PT,,,,,,,,,,,,,,,,,,,,,,,,,,,,,,,,,,34051.0,29885.3,32896.6,34742.2,33967.6,36015.8,37662.3,40735.6,43385.0,46432.8,50158.4,52158.6,44121.8,49454.6,55671.9,57082.8,59666.1,60354.9
A,CLV10_MNAC,P6_S2111,RO,,,,,,,,,,,,,,,,,,,,,,,,,,,,,,,,,71970.2,82070.6,81919.5,90263.9,99011.2,99415.9,122264.0,134880.7,145724.2,172527.2,189672.9,201149.1,210523.1,192930.4,209931.1,219478.3,223552.9,219596.3,227156.4
A,CLV10_MNAC,P6_S2111,SI,,,,,,,,,,,,,,,,,,,,,,,,,,,,,,,,,,13146.7,13280.3,14559.6,15600.6,15409.7,15812.5,17012.9,17981.9,19000.2,21440.5,23022.5,24071.7,21552.3,24759.0,26717.9,25633.6,25689.2,25794.9
A,CLV10_MNAC,P6_S2111,SK,,,,,,,,,,,,,,,,,,,,,5533.1,5943.4,7720.3,8791.4,10197.9,10978.1,12297.5,13329.7,16059.4,18733.0,20206.5,24124.0,27212.9,26555.2,22231.3,25511.3,27400.9,29031.6,30079.4,32272.3,35085.4,37331.5,38868.2,41574.9,42338.2,39700.0,42957.4,43298.4,41501.4,41836.9,41238.5
A,CLV10_MNAC,P6_S2111,TR,,,,,,,,,,,,,,,,,,,,,,,,,,,,,,,,,,,78474.3,79534.0,87671.3,99156.3,100589.1,108286.6,111516.7,113071.1,124674.8,144808.1,147217.5,119133.5,149663.2,161880.7,159520.2,162130.3,165218.7
A,CLV10_MNAC,P6_S2111,UK,,,,,,,,,,,,,,,,,,,,,,,,155627.4,162256.6,174723.6,182100.6,185521.4,181553.0,184740.4,197783.0,234667.0,213562.0,208159.6,186387.6,192636.0,202919.5,196783.5,194156.0,195233.7,201303.0,209119.7,224926.7,231617.4,224387.0,,,,,,
A,CLV10_MNAC,P6_S2112,BE,,,,,,,,,,,,,,,,,,,,,,,,,10634.7,11948.4,12027.5,12399.0,12576.9,13325.8,14064.6,14846.3,15683.2,17955.0,15302.5,16572.0,17855.7,17898.5,18503.1,19962.9,21661.9,23306.1,24841.6,25040.8,27626.1,27302.4,29379.4,31943.4,31824.8,31155.6,32659.6
A,CLV10_MNAC,P6_S2112,CY,,,,,,,,,,,,,,,,,,,,,,,,,,,,,,,,,,1202.2,1020.9,1138.0,1136.1,1007.1,499.2,1034.0,738.4,789.9,827.5,957.3,1054.7,760.7,1508.2,2132.8,2095.1,2283.6,2398.8
A,CLV10_MNAC,P6_S2112,CZ,,,,,,,,,,,,,,,,,,,,,,,,,,,,,,,,,,,,325958.0,369000.6,383517.5,397649.3,462592.2,473758.6,494165.0,526616.3,551425.7,561430.7,512107.8,573609.9,604721.3,631078.3,647900.1,672279.2
A,CLV10_MNAC,P6_S2112,DK,,,,,,,,,,,,,,,,,,,,,,,,,,,,,,,130399.5,148824.8,159022.7,158942.2,140551.4,146129.0,153991.2,152975.1,150817.9,150389.7,152985.3,161545.5,167716.5,168728.5,173483.9,150334.9,165314.4,172456.6,187224.9,187473.9,202691.3
A,CLV10_MNAC,P6_S2112,EE,,,,,,,,,,,,,,,,,,,,,,,,,,,,,,,,,,4030.7,3040.3,3959.5,4869.9,5050.7,4387.2,3544.8,3089.8,3246.9,3108.7,3222.6,3142.0,2723.4,3156.9,3360.6,2985.0,2791.8,3031.5
A,CLV10_MNAC,P6_S2112,FI,,,,,,,,,,,,,,,,,,,,,,,,,,,,,,,,,,13379.2,10968.3,11583.0,13014.1,12248.6,13144.3,12701.9,12633.3,14105.6,14881.8,15975.2,16282.6,14866.1,16357.0,17917.3,17438.6,17230.1,17923.2
A,CLV10_MNAC,P6_S2112,FR,,,,,,,,,,,,,,,,,,,,,,,,,,,,,,,,,,31635.9,26580.8,29486.0,31831.3,31276.3,33966.4,35370.7,38074.0,39206.3,41576.9,44372.6,45116.1,42189.3,47304.1,49735.8,41201.0,43306.6,44694.5
A,CLV10_MNAC,P6_S2112,HU,,,,,,,,,,,,,,,,,,,,,,,,,,,,,,,,,,3333344.4,2909071.3,3234530.0,3557683.7,3464820.8,3559659.4,3938622.7,4269575.6,4697216.3,4964923.1,5289926.0,5628599.6,5261628.6,5354864.2,5486214.1,5556204.4,5721332.1,5823062.1
A,CLV10_MNAC,P6_S2112,IT,,,,,,,,,,,,,,,,,,,,,,,,,,,,,,,,,,36196.9,29000.3,31998.0,32701.3,31480.5,31918.3,33772.8,36694.0,37432.6,40985.6,41050.0,42307.6,38273.5,44625.2,48082.6,49845.1,49859.8,59592.3
A,CLV10_MNAC,P6_S2112,LT,,,,,,,,,,,,,,,,,,,,,,,,,,,,,,1562.9,1935.7,2283.8,2403.2,2674.2,2462.4,2775.3,2869.4,2971.8,3535.0,4049.1,4663.9,4961.8,5297.3,5698.5,5831.9,5725.5,7267.1,8097.7,7737.0,8225.4,8877.0
A,CLV10_MNAC,P6_S2112,LU,,,,,,,,,,,,,,,,,,,,,950.7,967.2,1142.9,1453.7,1428.9,1675.7,1829.5,2062.3,2239.4,2398.4,2541.4,2972.2,3336.1,3246.0,2895.4,3096.2,3248.3,3655.1,3939.4,4158.3,4446.1,4760.9,4743.6,5034.6,5342.0,5569.2,6126.5,5988.4,5929.3,5104.5,5224.9
A,CLV10_MNAC,P6_S2112,LV,,,,,,,,,,,,,,,,,,,,,,,,,,663.5,795.0,879.3,984.8,1177.0,1379.8,1146.9,1373.3,1346.0,1159.7,1385.1,1657.3,1841.4,1926.9,1986.0,2073.0,2226.0,2438.1,2620.6,2504.3,2501.6,2620.3,2768.3,2592.7,2660.6,2668.3
A,CLV10_MNAC,P6_S2112,ME,,,,,,,,,,,,,,,,,,,,,,,,,,,,,,,,134.0,195.8,112.4,105.7,144.8,208.5,152.1,91.6,125.2,106.5,141.7,145.6,195.4,204.9,113.5,139.6,183.6,180.7,184.3,156.7
A,CLV10_MNAC,P6_S2112,MT,,,,,,,,,,,,,,,,,,,,,,,,,,209.7,191.1,207.0,195.7,202.8,213.9,265.3,289.0,322.3,293.5,338.4,366.5,391.7,418.4,459.2,594.7,649.6,761.9,865.0,981.5,913.4,960.2,1057.6,1119.8,1212.6,1219.5
A,CLV10_MNAC,P6_S2112,NL,,,,,,,,,,,,,,,,,,,,,10276.6,10762.8,13165.5,14459.4,17035.6,19347.9,18263.6,18128.9,16390.4,24317.7,27014.0,21379.2,37575.3,39502.7,32775.4,32226.0,34379.3,36696.1,43004.1,46779.4,52486.5,56072.0,56512.1,59216.5,60584.6,58257.8,65136.9,64461.9,63301.7,62988.2,66046.9
A,CLV10_MNAC,P6_S2112,PL,,,,,,,,,,,,,,,,,,,,,,,,,,,,,,,,,,81525.6,72813.2,85356.0,91776.0,94412.7,98910.6,108042.8,119577.8,131245.2,140828.1,150714.7,156734.3,153376.6,171978.8,200413.2,178920.1,187393.7,199369.7
A,CLV10_MNAC,P6_S2112,PT,,,,,,,,,,,,,,,,,,,,,,,,,,,,,,,,,,2170.5,2189.4,2479.6,2620.3,2897.6,2891.7,3023.8,3017.9,3417.4,3818.0,3843.6,4048.8,3663.7,4208.0,5036.4,5243.6,5529.9,5751.3
A,CLV10_MNAC,P6_S2112,RO,,,,,,,,,,,,,,,,,,,,,,,,,,,,,,,,,25534.7,28379.9,26417.5,30884.8,35849.7,36841.7,42775.1,47166.8,51394.7,60301.2,64475.9,70578.8,76343.1,51521.1,61272.9,70312.1,63299.2,62780.3,65177.1
A,CLV10_MNAC,P6_S2112,SI,,,,,,,,,,,,,,,,,,,,,,,,,,,,,,,,,,4377.4,2452.6,2891.7,3119.8,3062.1,3187.4,3432.8,3630.9,3910.1,4278.9,4579.1,4765.9,4514.2,5201.8,5517.2,5542.8,5905.0,6103.2
A,CLV10_MNAC,P6_S2112,SK,,,,,,,,,,,,,,,,,,,,,6754.4,6032.9,6012.0,5205.8,5303.6,5809.1,6388.7,6541.6,6850.9,8994.0,11140.7,13858.1,15656.3,16911.2,14396.2,17463.4,20045.1,21905.6,22464.4,22459.3,23763.3,24298.8,25520.7,26426.9,26768.7,25025.5,30230.9,32714.7,31052.8,32556.6,31889.5
A,CLV10_MNAC,P6_S2112,TR,,,,,,,,,,,,,,,,,,,,,,,,,,,,,,,,,,,28923.5,29736.0,34501.4,39615.2,40976.8,46466.5,53350.2,57263.0,60279.0,69048.5,72051.9,36483.0,45381.5,50174.0,49542.3,50705.1,52773.5
A,CLV10_MNAC,P6_S2112,UK,,,,,,,,,,,,,,,,,,,,,,,,16523.5,16218.7,17858.3,18396.3,19234.1,19149.3,20341.7,22003.1,28595.6,25187.1,25243.0,22716.8,25098.0,26207.4,24699.7,25821.3,26887.8,26895.7,28302.9,28649.7,29987.1,29177.3,,,,,,
A,CLV10_MNAC,P6_S212,BE,,,,,,,,,,,,,,,,,,,,,1646.9,1635.8,1643.3,1562.5,1397.9,1433.6,1642.0,1942.1,1368.6,1733.6,1961.9,2390.4,2636.2,2465.1,2589.5,2371.7,2496.3,2622.2,2706.1,2588.9,2835.8,3276.5,3400.6,3535.0,3840.3,3709.0,2937.9,3043.5,2786.2,3114.5,
A,CLV10_MNAC,P6_S212,CY,,,,,,,,,,,,,,,,,,,,,,,,,,,,,,,,,,24.0,24.5,23.8,18.7,18.8,25.0,20.3,21.2,18.9,26.4,37.1,29.0,30.5,15.5,21.3,33.3,33.9,36.2
A,CLV10_MNAC,P6_S212,EE,,,,,,,,,,,,,,,,,,,,,,,,,,,,,,,,,,8.8,5.2,5.8,8.0,7.1,6.6,8.0,185.1,330.6,513.7,772.9,429.8,983.8,1580.0,1375.9,1129.9,1070.0,1185.7
A,CLV10_MNAC,P6_S212,IE,,,,,,,,,,,,,,,,,,,,,5.6,6.3,7.3,9.0,10.4,12.6,17.6,14.4,13.0,17.3,23.0,23.7,26.2,23.5,21.3,21.4,22.8,21.8,22.8,25.2,29.2,27.7,33.8,28.1,29.3,22.9,44.9,53.9,0.2,44.6,
A,CLV10_MNAC,P6_S212,IT,,,,,,,,,,,,,,,,,,,,,,,,,,,,,,,,,,749.7,617.3,713.0,618.0,538.8,487.7,484.8,599.1,551.5,477.7,464.6,455.8,388.7,521.2,837.1,687.6,718.7,740.2
A,CLV10_MNAC,P6_S212,LT,,,,,,,,,,,,,,,,,,,,,,,,,,,,,,5.9,13.9,15.0,16.7,21.4,15.4,13.1,14.5,16.0,17.5,21.5,28.6,22.2,19.5,21.8,24.1,23.6,27.0,35.9,31.2,23.7,28.0
A,CLV10_MNAC,P6_S212,LU,,,,,,,,,,,,,,,,,,,,,511.4,592.0,582.9,595.7,452.8,465.7,513.0,549.2,619.2,608.8,551.8,578.7,701.9,707.9,728.3,621.6,612.6,601.5,547.9,580.1,574.7,661.2,653.0,704.9,704.4,830.5,916.3,927.2,897.2,722.0,728.5
A,CLV10_MNAC,P6_S212,LV,,,,,,,,,,,,,,,,,,,,,,,,,,0.3,1.6,0.5,0.5,5.5,10.2,10.3,12.2,10.2,5.8,6.6,7.8,7.9,6.9,9.5,10.6,10.9,9.3,10.0,8.8,8.1,14.3,15.9,10.1,11.1,12.7
A,CLV10_MNAC,P6_S212,ME,,,,,,,,,,,,,,,,,,,,,,,,,,,,,,,,0.0,0.0,0.0,0.0,0.0,0.0,0.0,0.0,0.0,0.0,0.0,0.0,0.0,0.0,0.0,0.0,0.0,0.0,0.0,0.0
A,CLV10_MNAC,P6_S212,NL,,,,,,,,,,,,,,,,,,,,,105.2,112.4,125.7,133.8,147.1,156.1,161.4,163.2,163.2,166.8,173.9,181.9,193.5,203.3,196.2,206.0,222.1,232.8,248.8,279.1,328.2,313.9,342.4,374.5,396.8,367.4,375.4,420.0,423.6,434.3,437.0
A,CLV10_MNAC,P6_S212,SE,,,,,,,,,,,,,,,,,,,1075.0,1104.4,1094.8,1121.2,1292.1,1431.3,1343.4,1432.7,1131.3,1005.5,1600.4,1665.8,2671.9,2124.4,3030.9,2742.1,2532.8,3345.0,2624.1,2596.8,2925.5,3099.3,3398.3,1279.9,2902.4,2726.5,2896.0,2433.7,4285.3,4602.5,3433.9,3725.9,3282.6
A,CLV10_MNAC,P6_S212,SI,,,,,,,,,,,,,,,,,,,,,,,,,,,,,,,,,,0.9,0.7,0.7,0.3,1.1,0.5,0.4,0.4,1.2,1.4,3.1,4.0,6.4,0.1,0.4,1.5,3.0,5.6
A,CLV10_MNAC,P6_S22,BE,,,,,,,,,,,,,,,,,,,,,50539.7,52996.0,57987.3,60472.0,63516.3,71358.2,71866.4,74052.2,75090.4,79529.9,83944.3,88588.0,93613.6,94326.8,84872.9,100539.5,108714.4,109976.3,111059.6,118418.8,121494.3,130060.0,136449.0,135893.0,138178.1,129268.5,154179.8,168177.9,154758.2,146904.5,136916.3
A,CLV10_MNAC,P6_S22,CY,,,,,,,,,,,,,,,,,,,,,,,,,,,,,,,,,,6071.7,5993.8,6340.0,6820.4,7103.3,7165.1,7362.3,8268.1,8971.5,9776.9,10458.3,10305.3,10463.2,13195.6,16849.4,17083.3,17802.9,18635.1
A,CLV10_MNAC,P6_S22,CZ,,,,,,,,,,,,,,,,,,,,,,,,,,,,,,,,,,,,549741.0,605296.1,724236.5,725665.7,753392.2,806574.7,845428.2,912313.6,951904.5,967797.6,872781.0,939874.2,957976.6,1004499.2,1107933.0,1163993.0
A,CLV10_MNAC,P6_S22,DK,,,,,,,,,,,,,,,,,,,,,,,,,,,,,,,376039.2,424322.0,444492.2,472409.7,442080.2,464991.3,512974.6,541591.1,534702.1,554283.4,577868.7,591571.0,629659.9,665348.3,701135.5,657446.3,707944.9,753829.3,781506.9,881068.1,899573.2
A,CLV10_MNAC,P6_S22,EE,,,,,,,,,,,,,,,,,,,,,,,,,,,,,,,,,,3100.8,2363.3,3049.7,4145.3,4682.0,4069.9,4215.2,3772.6,4153.0,4340.1,4366.1,4899.4,5543.4,6749.9,6705.9,5583.7,5862.2,5887.6
A,CLV10_MNAC,P6_S22,FI,,,,,,,,,,,,,,,,,,,,,,,,,,,,,,,,,,44631.1,36770.8,39755.0,39199.1,39540.7,38729.3,38500.2,37453.0,38068.6,40947.1,41675.3,43295.2,40988.2,42166.6,43011.3,41122.3,42107.9,43734.6
A,CLV10_MNAC,P6_S22,FR,,,,,,,,,,,,,,,,,,,,,,,,,,,,,,,,,,271556.3,248424.0,271026.0,288421.7,306106.9,310701.8,321383.3,339681.6,342307.9,362857.8,372671.1,381077.1,303862.6,338263.3,377108.4,383953.0,399592.6,402724.8
A,CLV10_MNAC,P6_S22,HU,,,,,,,,,,,,,,,,,,,,,,,,,,,,,,,,,,6127571.7,5484251.7,6360166.0,6505075.5,6218425.8,6901366.4,6808526.1,8124448.8,7649096.5,7860411.4,8215250.9,8551850.1,7920125.9,9077915.2,9700210.4,9998856.2,10760418.0,9734418.4
A,CLV10_MNAC,P6_S22,IT,,,,,,,,,,,,,,,,,,,,,,,,,,,,,,,,,,203572.8,171958.2,196042.0,210163.7,224739.1,229224.1,231491.8,238611.4,240239.8,251582.9,253339.7,255620.2,215831.2,241492.9,266482.2,259168.8,261550.3,254895.9
A,CLV10_MNAC,P6_S22,LT,,,,,,,,,,,,,,,,,,,,,,,,,,,,,,4896.6,5850.5,6711.5,6549.5,7846.9,6083.9,7718.9,8673.4,10182.0,11256.0,10271.2,9136.8,9732.9,11212.4,11628.8,12725.6,12378.7,14088.2,14355.3,13755.4,13443.9,13351.7
A,CLV10_MNAC,P6_S22,LU,,,,,,,,,,,,,,,,,,,,,6310.1,6824.3,8256.1,9917.9,11300.2,13259.0,14253.9,12988.7,13123.8,14461.6,16550.9,19952.0,21452.9,21201.9,19451.4,25521.9,27092.5,25579.3,27673.8,30357.0,32774.8,33319.6,34575.0,35093.6,37462.0,37834.4,42193.9,41859.2,41251.5,35634.6,35887.6
A,CLV10_MNAC,P6_S22,LV,,,,,,,,,,,,,,,,,,,,,,,,,,2499.2,2518.3,2501.5,2511.0,2695.2,3068.1,3218.3,3634.0,3769.4,3261.6,3808.3,4178.9,4747.2,4709.9,4738.4,4772.0,4830.1,5332.0,5331.0,4914.6,4935.7,5050.2,5719.2,5161.3,5077.7,4757.0
A,CLV10_MNAC,P6_S22,ME,,,,,,,,,,,,,,,,,,,,,,,,,,,,,,,,480.4,638.2,740.0,699.8,701.8,825.4,904.6,956.2,923.2,991.2,1004.0,1020.5,1017.3,1093.1,530.3,1060.8,1158.5,1275.5,1259.2,1213.0
A,CLV10_MNAC,P6_S22,MT,,,,,,,,,,,,,,,,,,,,,,,,,,1848.4,1624.6,1749.3,1658.7,1663.9,1696.3,2087.8,2225.3,2373.5,2083.9,2453.3,2687.6,2880.1,2940.5,3126.9,3905.5,4148.7,4909.3,5422.9,5759.7,5521.0,6023.8,7387.0,6853.0,7403.3,7409.9
A,CLV10_MNAC,P6_S22,NL,,,,,,,,,,,,,,,,,,,,,72092.0,75756.5,85464.5,90615.7,98794.9,113367.7,114903.7,119740.7,122699.6,127643.4,137594.7,146619.5,154210.7,154676.6,143765.7,165909.0,172492.9,186593.5,192438.6,204097.4,230045.3,228793.9,242456.4,246384.0,257612.8,260456.8,267080.2,272058.1,267357.6,273962.2,276958.8
A,CLV10_MNAC,P6_S22,PL,,,,,,,,,,,,,,,,,,,,,,,,,,,,,,,,,,152409.5,138069.8,159657.0,179496.9,199674.3,215534.4,213772.5,218889.8,239993.2,263707.4,275055.8,293189.2,285355.5,307445.2,305859.7,353290.4,363164.0,376104.4
A,CLV10_MNAC,P6_S22,PT,,,,,,,,,,,,,,,,,,,,,,,,,,,,,,,,,,18748.0,17403.9,18631.5,20383.9,22765.7,25069.2,26039.0,27101.4,27358.8,30166.5,29777.2,30928.3,23302.7,25982.0,32718.3,35175.7,35424.9,34913.9
A,CLV10_MNAC,P6_S22,RO,,,,,,,,,,,,,,,,,,,,,,,,,,,,,,,,,40354.7,46365.5,39566.0,49857.5,56857.9,57493.4,68885.0,71844.2,68409.0,76085.7,78753.2,78691.9,82332.7,89817.5,105307.6,121763.7,119153.5,113498.3,119079.1
A,CLV10_MNAC,P6_S22,SI,,,,,,,,,,,,,,,,,,,,,,,,,,,,,,,,,,7855.9,5455.5,5924.3,6219.2,6653.7,6828.0,6887.7,7204.9,7760.9,8346.2,8560.5,8944.7,8494.4,9480.2,10138.7,10387.8,10942.7,10768.0
A,CLV10_MNAC,P6_S22,SK,,,,,,,,,,,,,,,,,,,,,2386.1,2362.9,2611.2,1977.2,2088.2,2239.9,2439.3,2821.0,4261.8,5185.8,5719.9,7541.4,9230.0,10194.1,8253.5,10000.6,10874.2,12754.6,14577.0,14604.3,15168.6,16006.4,16071.4,16844.0,16884.9,15799.6,15975.8,15656.3,18517.5,16703.2,21641.0
A,CLV10_MNAC,P6_S22,TR,,,,,,,,,,,,,,,,,,,,,,,,,,,,,,,,,,,140753.1,144638.1,165694.9,192427.1,205455.6,216576.6,225475.7,210866.8,244029.9,254704.1,271902.7,254115.4,317350.8,354720.1,344634.2,340955.7,333590.7
A,CLV10_MNAC,P6_S22,UK,,,,,,,,,,,,,,,,,,,,,,,,144203.2,146728.0,161648.8,161555.0,161281.4,173504.2,186439.9,202621.0,213101.2,227566.8,234605.7,219684.8,235969.0,257351.8,268355.7,274104.7,273114.7,280902.0,285830.9,298211.7,306918.8,329515.4,,,,,,
A,CLV10_MNAC,P7,AL,,,,,,,,,,,,,,,,,,,,,98339.3,143989.6,131476.1,150079.3,173228.7,259046.9,298478.6,327778.4,344585.6,372897.5,433289.0,471011.7,573305.6,602003.8,605489.8,602020.6,636885.5,592745.0,588930.0,616928.5,600429.0,636294.1,678417.7,690122.1,707624.1,567585.8,751817.3,838405.9,839938.9,890217.8,
A,CLV10_MNAC,P7,AT,,,,,,,,,,,,,,,,,,,,,75316.2,78457.6,84161.6,89007.3,92624.4,102059.4,107358.6,107670.8,111447.3,120335.4,126899.7,134329.1,141898.6,143252.6,126206.7,141323.4,149737.1,151119.8,152281.6,156846.4,162553.6,168613.2,177479.6,186539.0,190926.3,172647.2,197059.6,210718.0,201556.9,196353.7,199728.3
A,CLV10_MNAC,P7,BA,,,,,,,,,,,,,,,,,,,,,,,,,,8348.5,8928.9,9181.9,9754.7,10392.3,11476.3,11441.7,13452.8,14815.8,12690.7,13005.3,13384.6,13466.9,13459.4,14479.0,14737.0,15797.3,17006.0,17677.3,17909.7,15505.3,18699.1,19863.7,19614.5,20538.4,
A,CLV10_MNAC,P7,BE,,,,,,,,,,,,,,,,,,,,,148162.5,156391.7,169219.5,177778.9,183775.8,207695.2,206126.1,208302.7,211342.8,224671.5,239110.3,251405.0,265431.7,275531.3,246301.0,270013.6,285445.8,283660.7,283555.9,298928.0,311485.1,335697.9,353703.4,361973.6,367351.8,342650.0,386617.0,400064.6,369519.3,364759.4,364056.1
A,CLV10_MNAC,P7,BG,,,,,,,,,,,,,,,,,,,,,8705.2,8588.2,8549.8,8358.4,9735.3,8795.2,9900.0,10522.8,12117.1,15297.1,17491.9,20275.8,24861.4,26070.7,20463.3,20401.6,22363.4,23566.2,24588.0,25862.4,27085.9,28447.7,30524.9,32235.7,33967.7,32537.0,36016.2,41542.3,39276.6,40820.3,43220.5
A,CLV10_MNAC,P7,CH,,,,,,,,,,,,,,,,,,,,,180623.3,188433.8,210269.4,222927.8,233235.0,253112.1,257273.7,251517.3,252335.3,264821.7,291275.1,300547.4,317949.6,331678.1,323069.9,348852.3,381674.0,373346.0,417554.4,389919.0,408473.9,429849.1,427523.1,429887.1,431373.1,419433.8,440867.2,468164.7,468337.7,471127.4,516829.4
A,CLV10_MNAC,P7,CY,,,,,,,,,,,,,,,,,,,,,7117.8,7536.2,7614.7,7693.5,7917.2,8659.1,8684.9,8598.3,8555.5,9188.8,9280.9,9810.2,10752.8,12148.9,10287.2,11397.8,11102.4,10699.0,10211.6,10999.8,11886.6,13094.8,14964.4,15611.4,17097.2,17655.5,21114.1,27435.8,27749.9,29124.4,30318.7
A,CLV10_MNAC,P7,CZ,,,,,,,,,,,,,,,,,,,,,693178.3,774742.9,820050.0,865609.3,910487.6,1041183.8,1159380.0,1217191.8,1332422.1,1673301.3,1882172.1,2098294.8,2368497.8,2443767.9,2173091.9,2494981.0,2662529.5,2732759.6,2734469.0,3008432.3,3205869.8,3288196.1,3486512.3,3678684.6,3726173.0,3411466.7,3878291.0,4108977.0,4059622.9,4081459.1,4285956.7
A,CLV10_MNAC,P7,DE,,,,,,,,,,,,,,,,,396552.2,407751.7,374496.1,404437.6,430722.0,447749.7,489004.9,534716.9,581571.8,643168.8,647740.1,627626.7,658596.7,703851.6,745906.7,825331.4,874471.9,889099.8,799618.4,899385.0,959382.1,955382.3,972410.0,1006122.7,1059720.1,1099375.3,1144858.8,1202341.8,1244054.0,1142801.8,1249425.2,1343934.9,1325078.7,1317650.4,1364962.4
A,CLV10_MNAC,P7,DK,,,,,,,,,,,,,,,,,,,,,387552.0,399688.1,436626.9,469727.9,481694.0,547733.9,560880.6,596619.5,590460.5,632697.9,708054.5,806769.2,853617.0,892373.0,783685.7,793993.0,857990.9,882447.3,895316.2,931734.0,969590.2,1011147.0,1054852.4,1115034.1,1149079.9,1103648.2,1209065.6,1281343.2,1313159.2,1367555.4,1362768.8
A,CLV10_MNAC,P7,EA,,,,,,,,,,,,,,,,,,,,,1644101.5,1707827.6,1874481.5,2067330.4,2229064.9,2495999.3,2615250.1,2622243.2,2692090.0,2866784.8,3036474.6,3281573.1,3517890.2,3536929.2,3191979.9,3495251.0,3649175.8,3600775.4,3655470.8,3839168.6,4169220.1,4344020.9,4572874.2,4750396.4,4985560.2,4580630.1,4990944.8,5403400.8,5330022.4,5322149.9,5514971.8
A,CLV10_MNAC,P7,EA12,,,,,,,,,,,,,,,,,,,,,1675846.7,1742448.6,1912838.0,2111879.6,2280304.5,2556573.5,2615250.1,2622243.2,2692090.0,2866784.8,3036474.6,3281573.1,3492639.1,3492477.7,3109382.4,3401159.1,3537099.2,3486858.2,3538484.4,3704267.0,3998939.3,4164477.1,4380128.8,4545367.4,4771464.6,4376379.5,4755711.7,5144525.1,5051950.5,5034582.0,5214737.5
A,CLV10_MNAC,P7,EA19,,,,,,,,,,,,,,,,,,,,,1728322.8,1799372.3,1975943.3,2179001.4,2348175.3,2629317.5,2693171.7,2704125.1,2779226.1,2966711.8,3147878.8,3409556.6,3635282.3,3639651.9,3225000.1,3533782.4,3682460.1,3635870.6,3691901.1,3862288.9,4169220.1,4344020.9,4572874.2,4750396.4,4985560.2,4580630.1,4990944.8,5403400.8,5296905.8,5286206.5,5478034.9
A,CLV10_MNAC,P7,EA20,,,,,,,,,,,,,,,,,,,,,1737071.5,1808907.5,1987967.9,2190012.5,2358982.2,2640960.3,2706071.1,2719209.2,2796019.4,2984402.3,3166500.2,3429712.3,3656665.5,3661837.7,3242674.7,3550862.2,3699973.0,3652973.3,3709558.1,3880555.7,4189177.1,4365275.8,4595948.6,4775192.7,5012012.8,4603814.4,5018168.8,5437948.0,5330022.4,5322149.9,5514971.8
A,CLV10_MNAC,P7,EA21,,,,,,,,,,,,,,,,,,,,,1745632.4,1817611.7,1997097.8,2199541.4,2369733.4,2651452.4,2717486.9,2731128.3,2809278.8,3000410.6,3184496.1,3450332.4,3681575.6,3687903.9,3263088.2,3571263.8,3722336.4,3676580.8,3734221.6,3906502.7,4216324.1,4393793.8,4626548.3,4807526.0,5046087.6,4636492.5,5054332.9,5479775.5,5369456.6,5363260.7,5558565.2
A,CLV10_MNAC,P7,EE,,,,,,,,,,,,,,,,,,,,,3394.8,3661.4,4737.9,5353.5,5046.7,4776.6,5367.3,6080.4,6931.8,8050.3,9394.7,11339.6,12811.7,12022.8,8343.2,10116.7,12867.2,14113.8,14459.0,14836.9,14519.6,15399.3,15941.4,16975.3,17598.7,17746.4,21923.8,23032.2,21347.7,21427.5,22508.8
A,CLV10_MNAC,P7,EL,,,,,,,,,,,,,,,,,,,,,30666.8,33828.1,37550.6,44042.7,51217.0,60976.8,61842.4,58168.4,61874.7,66202.4,66296.4,72783.2,82186.9,84840.1,68182.7,65274.3,58889.0,55654.6,53645.8,57313.7,62000.4,63321.2,67847.9,73446.2,75517.3,70008.0,82170.7,91164.3,91208.1,95562.6,94330.6
A,CLV10_MNAC,P7,ES,,,,,,,,,,,,,,,,,,,,,131011.5,140584.4,158706.7,180993.2,205765.1,225462.9,233699.6,242294.5,256908.9,281747.9,301359.5,326109.7,352977.3,333536.1,272491.4,289381.0,287668.7,270798.2,270043.1,288412.9,303099.0,311118.2,331949.9,344857.5,349404.2,296474.8,340890.0,367246.4,367125.9,377947.8,401521.4
A,CLV10_MNAC,P7,EU27_2020,,,,,,,,,,,,,,,,,,,,,1966096.6,2055125.9,2265164.7,2499466.3,2682835.4,3007549.1,3079531.1,3106446.7,3206182.0,3444121.9,3669830.5,4002646.1,4306560.7,4348622.6,3834213.7,4204495.0,4396921.8,4353015.7,4424468.1,4651220.0,5004556.2,5229947.8,5521307.1,5757534.8,6031915.1,5573699.4,6112318.9,6621115.0,6515085.3,6536031.4,6775699.0
A,CLV10_MNAC,P7,FI,,,,,,19422.7,18531.7,18940.8,19719.0,19900.6,21166.7,21913.0,23840.6,26432.7,28809.3,28701.5,24878.3,25051.9,25393.1,28646.7,30992.3,33234.2,37182.2,40332.0,42061.1,48311.8,48980.3,51082.5,53180.7,57500.8,63931.2,68143.6,73174.1,79002.8,65574.4,69705.0,74034.1,74867.2,74963.0,74288.5,75874.9,80168.1,83644.2,88522.1,90624.3,85077.9,91029.4,99457.1,92657.6,91940.3,93518.7
A,CLV10_MNAC,P7,FR,110521.4,130658.1,132945.6,138617.1,150195.0,158109.4,156253.2,161896.1,157495.6,162400.6,170105.5,181532.8,196211.2,213449.6,230758.7,242168.3,249760.6,254131.8,245544.6,267072.2,285871.6,292438.5,315175.0,353500.4,377206.0,432831.7,442771.3,453125.9,456193.4,483585.9,513812.6,543457.4,573202.6,580450.7,528619.8,574092.5,607791.2,609802.7,626547.6,653265.9,691282.1,717554.7,749512.9,773201.8,788172.0,691716.1,748877.1,816624.8,814443.6,804590.2,827711.8
A,CLV10_MNAC,P7,HR,,,,,,,,,,,,,,,,,,,,,8346.3,9186.5,11855.7,10579.7,10243.3,10972.7,12282.7,14510.2,16199.8,17056.0,17947.3,19425.6,20604.8,21395.9,17036.4,16523.6,16942.5,16542.2,17085.6,17672.0,19311.0,20568.2,22322.1,23977.4,25576.1,22425.4,26298.5,33342.3,31947.3,34626.2,35589.6
A,CLV10_MNAC,P7,HU,,,,,,,,,,,,,,,,,,,,,4410290.8,4717672.4,5851127.2,7172444.4,8118330.2,9997689.3,10578043.2,11495309.1,12585841.4,14864391.7,16049363.4,18470721.4,21062265.7,22299803.0,19132645.3,21005532.0,21860408.5,21184318.1,22063916.0,24466297.8,25853833.6,26744807.3,28996429.4,31021490.0,33561019.9,32351522.5,34845563.8,38623681.2,37318140.6,36797006.3,37242873.2
A,CLV10_MNAC,P7,IE,,,,,,,,,,,,,,,,,,,,,41041.2,46312.4,54020.6,69025.2,77733.4,94591.1,106983.8,112695.1,109970.7,112064.5,126322.7,138072.9,150984.5,146778.1,144279.0,145099.1,148933.1,147421.5,160028.4,183049.1,242902.0,285386.0,297402.9,291342.1,408947.5,409722.5,371966.4,427649.9,437182.1,448925.4,491479.6
A,CLV10_MNAC,P7,IS,,,,,,,,,,,,,,,,,,,,,430552.0,493408.7,527355.8,643086.2,664644.6,716500.4,645024.7,627411.9,691755.7,792904.9,1013547.1,1113077.6,1087888.7,866909.1,687724.0,703597.8,751368.2,783531.2,783561.6,862101.6,973994.3,1118511.4,1257200.4,1264551.8,1149175.8,916772.0,1102529.5,1351936.2,1325748.3,1380998.9,1479759.5
A,CLV10_MNAC,P7,IT,,,,,,,,,,,,,,,,,,,,,263562.4,260317.6,287661.3,314065.3,328182.9,363946.4,372590.2,374932.0,377723.2,394721.4,408562.1,441615.7,465249.5,446103.0,386393.6,432694.4,433355.1,397990.7,387263.5,401256.5,426630.3,443380.0,469168.5,483070.1,477633.8,418022.4,484702.5,547135.9,536879.4,531366.4,550704.2
A,CLV10_MNAC,P7,LT,,,,,,,,,,,,,,,,,,,,,4380.6,5668.5,7319.1,7788.9,6658.9,7084.5,8481.4,10188.6,11166.4,13226.6,15826.8,18090.5,20016.6,22182.5,15826.4,18486.9,21115.3,22206.9,23497.4,23071.9,25264.3,26286.1,29229.3,30965.5,32853.3,31428.6,37454.8,42322.6,40091.8,41071.3,44540.1
A,CLV10_MNAC,P7,LU,,,,,,,,,,,,,,,,,,,,,18649.1,20106.2,23327.4,27383.8,30988.8,36219.2,38693.0,38116.9,39505.7,43098.9,45748.4,51005.7,52313.3,53454.0,48603.9,55531.5,59277.5,60321.0,64078.7,69356.3,73314.9,76065.7,76638.9,79288.7,85192.9,86427.6,98003.7,100361.2,101266.4,87492.7,89066.3
A,CLV10_MNAC,P7,LV,,,,,,,,,,,,,,,,,,,,,3588.6,4547.9,4754.1,5551.3,5262.3,5407.3,6249.0,6417.7,7174.1,8654.3,10123.3,12326.7,14474.2,12849.6,8879.9,10011.0,12271.1,12911.5,12895.1,13281.8,13416.4,13978.5,15175.5,16136.0,16463.1,16278.3,18742.8,20600.7,19561.8,19215.4,20314.2
A,CLV10_MNAC,P7,ME,,,,,,,,,,,,,,,,,,,,,,,,,,,,,,,,1650.2,2373.1,2785.4,2012.0,1939.5,1951.0,1929.2,1919.5,1954.2,2045.6,2412.6,2616.1,2857.7,2935.3,2300.3,2669.4,3290.9,3560.4,3764.9,3859.4
A,CLV10_MNAC,P7,MK,,,,,,,,,,,,,,,,,,,,,,,,,,161629.2,145973.7,158414.2,149045.1,180885.3,198370.4,217019.5,249531.9,262327.7,230170.3,254031.1,274309.5,296911.1,303347.1,346261.7,380697.6,423054.8,445215.9,493002.0,542709.3,483764.7,555344.8,630872.8,566567.1,558884.0,596188.2
A,CLV10_MNAC,P7,MT,,,,,,,,,,,,,,,,,,,,,,,,,,4895.6,4149.5,4167.3,4297.9,4432.4,4698.8,5393.7,5745.9,6074.1,5288.0,6080.3,6482.7,7009.3,6831.0,6976.1,9211.2,9829.5,10730.1,12488.8,13807.2,14278.6,14737.8,17512.1,17174.4,18069.4,18861.9
A,CLV10_MNAC,P7,NL,,,,,,,,,,,,,,,,,,,,,186247.2,196078.5,217327.1,235459.0,258721.0,288083.9,295248.0,296200.0,302627.0,322153.4,339714.7,365538.2,393934.8,391245.2,360483.3,390921.0,409043.9,420877.8,433032.2,450144.0,519477.7,507780.8,546463.6,576608.5,599723.6,574905.0,612481.7,639148.8,614110.0,614654.5,629503.0
A,CLV10_MNAC,P7,NO,240831.6,272981.1,278683.6,236298.2,237570.5,243922.4,247710.9,261520.2,253426.3,267095.4,291141.5,325994.7,304752.1,296602.2,302947.3,310162.9,311304.5,316503.7,332187.5,349977.1,369383.1,401831.9,451857.9,493525.0,485702.9,499248.1,509337.8,511214.0,515032.5,561463.6,605265.8,658632.1,721663.9,753979.4,677731.8,732471.0,761491.0,786928.0,827947.4,846492.3,863179.9,877927.8,893970.2,906709.4,956566.8,861834.5,876886.0,996925.5,985008.7,1034435.1,1061121.2
A,CLV10_MNAC,P7,PL,,,,,,,,,,,,,,,,,,,,,155372.5,198018.6,239971.9,284585.8,287801.4,332243.8,314901.1,323435.2,353615.4,382585.7,407702.1,481479.4,557330.0,609338.2,532043.0,610303.0,643131.6,637289.2,648510.6,708188.6,747860.7,805705.3,884951.7,951746.0,982406.0,958232.7,1114524.9,1190312.3,1172544.4,1224917.2,1293807.4
A,CLV10_MNAC,P7,PT,,,,,,,,,,,,,,,,,,,,,35140.9,37221.5,41057.6,47074.4,51321.5,54166.6,54719.2,54576.7,54447.6,58486.6,59772.4,64305.8,67915.9,69443.3,62843.5,67738.4,63541.5,59539.9,62342.7,67335.1,72766.1,76564.9,82711.9,86770.4,91163.5,80597.3,90477.6,100670.4,103022.5,107855.2,112484.2
A,CLV10_MNAC,P7,RO,,,,,,,,,,,,,,,,,,,,,40606.0,44272.5,48915.3,54564.1,52228.8,47970.0,59241.3,65563.0,77654.4,97021.9,116177.3,147172.7,207949.0,231235.4,183119.9,207063.5,227134.7,222640.9,242312.3,263731.9,286169.8,333640.5,371898.7,404847.4,440521.9,417584.1,478409.2,522668.6,514750.4,535588.6,561066.4
A,CLV10_MNAC,P7,RS,,,,,,,,,,,,,,,,,,,,,237030.2,392068.6,521008.0,474722.1,310404.3,387070.0,661375.9,837554.9,974879.7,1273049.2,1198665.3,1406680.1,1638344.5,1805220.3,1406950.0,1445689.5,1572115.5,1595229.3,1709698.8,1796207.8,1919245.3,2041486.4,2251513.3,2501613.2,2747938.4,2638685.2,3105066.8,3603643.6,3553047.6,3837184.5,4144989.3
A,CLV10_MNAC,P7,SE,,,,,,,,,,,,,,,,,,,571184.4,644661.7,691346.3,716039.6,805001.9,893323.5,943157.3,1061587.9,1047060.7,1037082.5,1070800.1,1144604.9,1222879.1,1322777.2,1440040.5,1480808.2,1273193.1,1428222.0,1524051.2,1532450.0,1545860.2,1646382.8,1741738.4,1839801.8,1920613.0,2000931.6,2040634.4,1912034.8,2167944.1,2380430.1,2366162.9,2424188.5,2529400.7
A,CLV10_MNAC,P7,SI,,,,,,,,,,,,,,,,,,,,,9273.0,9495.2,10605.3,11672.0,12653.6,13491.2,13980.0,14766.4,15721.0,17917.0,19231.5,21614.0,25300.8,26335.6,21493.7,22988.0,24143.6,23377.1,23791.2,24734.8,26039.0,27764.6,30727.5,32905.1,34441.4,31301.3,36867.3,40279.4,38453.5,40101.7,40949.9
A,CLV10_MNAC,P7,SK,,,,,,,,,,,,,,,,,,,,,16793.9,19568.3,21466.0,21068.3,20267.4,21528.5,25591.2,26994.8,29182.8,35769.5,41288.4,49161.3,53900.8,56130.8,45599.8,53625.7,57480.7,58751.3,61702.3,64221.8,70090.7,73347.8,76128.8,79956.2,81840.5,75372.5,84153.6,87627.5,80898.7,83002.7,86084.3
A,CLV10_MNAC,P7,TR,,,,,,,,,,,,,,,,,,,,,94882.7,113919.2,137812.2,140740.3,136190.2,165700.7,125683.8,152530.6,188135.0,227891.3,255677.6,274041.4,300622.3,291800.5,249852.8,298168.0,341452.1,342613.8,378506.8,378485.5,386561.1,397863.4,440381.3,414349.7,392159.8,418994.2,427945.0,463268.0,519092.1,496270.0,520757.6
A,CLV10_MNAC,P7,UA,,,,,,,,,,,,,,,,,,,,,,,,,,,,,,,,,,,,551402.0,636188.9,660353.8,637333.5,496447.1,413679.4,452155.3,510605.5,524815.4,554968.0,519711.8,593529.5,490154.1,533924.6,600881.3,
A,CLV10_MNAC,P7,UK,,,,,,,,,,,,,,,,,,,,,,,,308658.5,330843.7,361983.3,384267.5,404518.8,412067.8,437697.6,467942.8,516262.6,500134.4,488354.4,449240.1,484826.0,492738.5,502361.6,517819.4,535162.4,564123.5,586387.9,601914.1,618283.4,635186.4,,,,,,
A,CLV10_MNAC,P7,XK,,,,,,,,,,,,,,,,,,,,,,,,,,,,,,,,,,2123.5,2181.8,2439.1,2812.1,2756.0,2697.8,2836.6,2755.1,2966.0,3127.9,3468.9,3625.1,3406.6,4477.4,4721.0,4942.7,5370.9,5844.3
A,CLV10_MNAC,P7_S21,BE,,,,,,,,,,,,,,,,,,,,,88001.5,92790.9,100393.1,105578.2,109494.2,123700.3,123025.0,124292.1,125934.5,133648.9,142088.4,149371.4,157703.3,174363.1,166092.5,181491.6,190344.3,191342.8,190067.6,202471.6,201498.3,220133.1,237667.5,241428.7,248004.1,233806.4,268707.4,261074.1,249875.2,252555.2,255708.7
A,CLV10_MNAC,P7_S21,CY,,,,,,,,,,,,,,,,,,,,,,,,,,,,,,,,,,6332.1,5422.1,5596.8,5246.3,5097.5,4836.4,5099.6,5270.5,6192.3,6965.6,7150.5,7508.9,7083.9,9451.6,11864.0,12164.6,13287.9,13838.6
A,CLV10_MNAC,P7_S21,CZ,,,,,,,,,,,,,,,,,,,,,,,,,,,,,,,,,,,,1606046.0,1728359.2,1763365.8,1781346.1,1999114.6,2031372.3,2136413.7,2241039.7,2367009.0,2402889.4,2167972.3,2427569.7,2519199.8,2566599.3,2567063.2,2662653.8
A,CLV10_MNAC,P7_S21,DK,,,,,,,,,,,,,,,,,,,,,,,,,,,,,,,417217.9,473586.6,504911.1,508520.5,435310.9,441015.3,467453.3,480961.1,492493.6,508375.1,533351.7,563078.1,582269.6,611397.0,631696.2,627408.7,682948.8,702598.7,732696.9,736387.2,767147.4
A,CLV10_MNAC,P7_S21,EE,,,,,,,,,,,,,,,,,,,,,,,,,,,,,,,,,,9941.3,6952.3,8408.7,10759.5,11563.5,11920.7,12250.6,12138.9,13151.8,13750.6,14302.0,14649.7,14606.8,17482.0,18816.0,18006.8,17829.6,18478.1
A,CLV10_MNAC,P7_S21,FI,,,,,,,,,,,,,,,,,,,,,,,,,,,,,,,,,,44998.8,39471.4,41395.0,43081.2,45078.6,42323.9,42375.8,45620.4,49178.3,50830.6,53204.2,54389.5,52454.9,55445.1,58556.0,56914.8,56699.2,57806.7
A,CLV10_MNAC,P7_S21,FR,,,,,,,,,,,,,,,,,,,,,,,,,,,,,,,,,,319684.8,284250.5,308387.3,323889.2,328339.7,338150.7,349135.0,368092.4,384684.0,400324.3,413118.1,415283.8,370886.7,401558.6,423092.5,427449.6,416072.3,422343.0
A,CLV10_MNAC,P7_S21,HU,,,,,,,,,,,,,,,,,,,,,,,,,,,,,,,,,,14728057.0,12664600.0,13955788.0,14849237.1,14749973.2,15606824.7,17918823.8,18771632.7,19892470.0,21316405.9,22527080.2,23457333.6,22547557.1,24516880.9,27022143.4,25760595.8,25210176.2,25572939.5
A,CLV10_MNAC,P7_S21,IT,,,,,,,,,,,,,,,,,,,,,,,,,,,,,,,,,,230881.5,202121.2,228142.3,231214.4,215531.9,213588.2,223408.3,238910.7,248346.1,264931.8,271519.2,271209.9,239769.2,285891.7,322040.1,318789.9,317276.6,344680.8
A,CLV10_MNAC,P7_S21,LT,,,,,,,,,,,,,,,,,,,,,,,,,,,,,,7858.2,8827.6,10658.0,12921.5,12159.9,8907.7,9988.7,11412.0,12116.7,13193.2,13472.8,15726.6,17349.9,19021.5,19910.9,21257.2,21776.2,25399.2,27185.2,28584.8,29134.2,31610.4
A,CLV10_MNAC,P7_S21,LU,,,,,,,,,,,,,,,,,,,,,14288.2,15366.7,17080.6,19842.2,21312.9,25358.0,27402.2,27115.1,28668.9,30648.6,31371.8,33719.0,34276.6,36289.3,33054.1,35192.7,36370.6,39494.7,41226.2,44446.5,46899.9,49795.7,49664.2,51590.0,55107.6,54186.4,60532.1,64676.0,65913.3,56221.5,57917.1
A,CLV10_MNAC,P7_S21,LV,,,,,,,,,,,,,,,,,,,,,,,,,,3405.6,4089.3,4252.6,4701.7,5703.5,6876.3,8723.3,10467.3,9184.8,6150.5,6871.6,8772.9,9407.5,9533.9,10016.8,9856.1,10242.8,11023.7,11699.1,12071.7,12150.5,13812.8,15852.2,15503.7,15358.5,16383.9
A,CLV10_MNAC,P7_S21,ME,,,,,,,,,,,,,,,,,,,,,,,,,,,,,,,,746.2,1035.7,1155.0,741.3,714.7,752.8,740.5,748.1,874.1,857.3,1122.8,1201.7,1343.5,1382.7,1022.9,1213.3,1484.1,1645.1,1718.8,1653.7
A,CLV10_MNAC,P7_S21,MT,,,,,,,,,,,,,,,,,,,,,,,,,,2670.4,2248.7,2260.8,2332.8,2400.7,2535.6,2915.5,3091.2,3259.7,2826.8,3261.3,3457.4,3759.1,3597.9,3738.9,4711.0,5291.7,5414.1,6601.7,7277.9,7013.9,7449.5,8751.2,8988.8,9493.8,9898.9
A,CLV10_MNAC,P7_S21,NL,,,,,,,,,,,,,,,,,,,,,107040.7,113748.1,123723.5,131268.8,139543.4,144114.9,146590.0,151797.5,154664.5,164307.2,168194.2,180314.6,200893.4,197309.6,183161.0,185880.0,193078.1,195219.4,206016.6,210549.5,241108.4,243545.7,266312.5,284771.6,303362.6,287821.7,302620.7,303801.3,310301.5,313679.8,323309.0
A,CLV10_MNAC,P7_S21,PL,,,,,,,,,,,,,,,,,,,,,,,,,,,,,,,,,,424882.4,372513.7,423785.0,440583.0,426351.6,441683.9,483587.6,517021.5,567221.5,613467.1,648333.9,664353.5,654230.0,747975.4,773898.4,802343.8,841439.9,890096.0
A,CLV10_MNAC,P7_S21,PT,,,,,,,,,,,,,,,,,,,,,,,,,,,,,,,,,,49146.8,44456.9,47705.9,44955.8,41648.6,43419.8,48207.2,51124.5,54217.7,58715.0,62328.4,64829.9,57527.3,65122.4,72468.8,75154.1,78515.5,83389.9
A,CLV10_MNAC,P7_S21,RO,,,,,,,,,,,,,,,,,,,,,,,,,,,,,,,,,144547.7,158685.5,131350.0,149536.6,165201.2,164179.2,184999.7,200323.0,220459.0,257846.2,286903.9,309816.6,338754.4,308325.4,350903.6,378982.9,384032.2,396300.1,413530.2
A,CLV10_MNAC,P7_S21,SI,,,,,,,,,,,,,,,,,,,,,,,,,,,,,,,,,,19722.8,16979.4,17913.4,18734.9,18175.3,18293.9,19050.5,20462.3,21890.3,24088.7,25586.3,26602.0,24050.3,28365.3,30062.3,29744.4,30959.7,31574.2
A,CLV10_MNAC,P7_S21,SK,,,,,,,,,,,,,,,,,,,,,11247.6,12747.6,14677.9,15279.3,14690.7,14531.7,17733.5,19000.5,21088.1,23939.8,25297.6,28464.0,30349.0,30332.4,23688.5,26562.6,28515.0,28461.8,31760.2,33867.2,38027.4,40767.3,42693.6,45229.3,48554.8,43507.3,46891.0,44018.1,44885.7,46253.2,42413.6
A,CLV10_MNAC,P7_S21,TR,,,,,,,,,,,,,,,,,,,,,,,,,,,,,,,,,,,95275.3,113660.8,129518.8,129211.3,141813.5,144526.6,154777.6,165439.0,171513.7,159359.9,145722.6,147155.7,138621.3,117854.0,152829.0,158668.5,166555.8
A,CLV10_MNAC,P7_S21,UK,,,,,,,,,,,,,,,,,,,,,,,,165595.5,178787.9,189833.8,208865.4,229380.0,228453.4,238486.5,258504.3,291851.1,269793.1,258736.2,231567.7,248253.0,254479.9,262922.9,272596.8,287391.3,303324.1,315340.6,324806.5,335723.2,336482.1,,,,,,
A,CLV10_MNAC,P7_S2111,BE,,,,,,,,,,,,,,,,,,,,,,,,,104783.1,118417.2,117818.3,119000.4,120564.6,127895.4,135895.5,142765.2,150874.1,162762.5,153777.3,166609.0,173979.7,175083.9,174032.7,184602.2,182109.5,199771.0,215827.7,219890.0,224012.6,211713.9,244028.8,236152.2,223171.2,227007.8,229646.5
A,CLV10_MNAC,P7_S2111,CY,,,,,,,,,,,,,,,,,,,,,,,,,,,,,,,,,,5755.8,4959.6,5080.2,4740.4,4612.6,4419.6,4654.1,4715.3,5677.9,6269.0,6261.5,6553.2,6164.4,8121.6,10123.5,10452.6,11469.6,11945.0
A,CLV10_MNAC,P7_S2111,CZ,,,,,,,,,,,,,,,,,,,,,,,,,,,,,,,,,,,,1301389.0,1392184.6,1429586.5,1422986.4,1591410.3,1604129.8,1693109.5,1774074.1,1829229.1,1856301.3,1686289.3,1878110.4,1940001.0,1964753.1,1992593.1,2080365.7
A,CLV10_MNAC,P7_S2111,DK,,,,,,,,,,,,,,,,,,,,,,,,,,,,,,,307664.2,348927.2,370200.6,371628.2,318288.8,316127.1,335451.1,347462.7,356794.7,366088.9,386669.2,405027.6,417652.0,443572.9,458220.0,452312.5,490932.1,501380.6,527023.1,533331.7,554853.9
A,CLV10_MNAC,P7_S2111,EE,,,,,,,,,,,,,,,,,,,,,,,,,,,,,,,,,,5180.3,3441.7,4117.9,5020.8,5613.7,7303.4,9697.3,11111.1,12074.8,12650.4,13182.3,13533.0,14702.8,17734.8,19184.9,17979.3,17621.4,18378.0
A,CLV10_MNAC,P7_S2111,FI,,,,,,,,,,,,,,,,,,,,,,,,,,,,,,,,,,29762.2,25616.7,26354.0,27133.2,28266.6,26548.6,26758.1,29480.9,32163.8,32852.2,34361.8,35175.9,33878.9,35285.7,36907.0,36722.4,36681.5,36907.0
A,CLV10_MNAC,P7_S2111,FR,,,,,,,,,,,,,,,,,,,,,,,,,,,,,,,,,,289271.2,256512.4,274504.1,288925.2,294702.1,302633.9,311627.7,328460.7,342677.9,355595.3,365872.5,365964.3,326560.8,352216.7,371244.6,373019.6,361946.0,367625.1
A,CLV10_MNAC,P7_S2111,HU,,,,,,,,,,,,,,,,,,,,,,,,,,,,,,,,,,12150691.2,10393121.0,11290799.0,12084695.5,12176041.3,12588157.3,14336109.1,14883875.2,15760839.9,16951158.7,17772248.8,18493844.9,17607794.7,19816788.0,22269663.9,21035084.4,20570287.5,20821263.9
A,CLV10_MNAC,P7_S2111,IT,,,,,,,,,,,,,,,,,,,,,,,,,,,,,,,,,,202235.7,175166.0,198279.5,200727.0,187454.9,185823.9,192701.8,204683.3,212110.6,225543.5,230052.5,228917.0,202199.2,240412.2,271076.2,266804.7,267704.1,285148.2
A,CLV10_MNAC,P7_S2111,LT,,,,,,,,,,,,,,,,,,,,,,,,,,,,,,5720.3,6281.5,7546.5,8993.2,8304.2,6141.2,6982.4,7996.3,8220.0,9016.1,9208.5,10831.8,11793.6,12988.7,13475.3,14422.6,14715.4,17553.9,18030.0,19699.7,19571.6,21700.5
A,CLV10_MNAC,P7_S2111,LU,,,,,,,,,,,,,,,,,,,,,13918.3,14964.4,16584.5,19196.2,20553.8,24479.1,26287.4,26258.7,27800.5,29662.5,30323.3,32497.0,32913.0,34567.1,31753.8,33740.6,34772.6,37610.5,39163.4,42153.4,44178.4,46741.0,46271.0,47975.9,51428.5,50222.6,55757.2,60219.9,61415.7,52434.8,54026.9
A,CLV10_MNAC,P7_S2111,LV,,,,,,,,,,,,,,,,,,,,,,,,,,2642.7,3219.3,3347.9,3665.1,4417.7,5347.1,6731.9,8187.7,7155.0,4770.3,5386.8,6878.3,7387.3,7410.7,7686.8,7531.9,7773.0,8561.9,9046.4,9320.0,9235.7,10578.0,12145.0,11746.1,11720.9,12498.3
A,CLV10_MNAC,P7_S2111,ME,,,,,,,,,,,,,,,,,,,,,,,,,,,,,,,,567.4,847.9,970.5,623.8,618.1,636.8,629.6,617.6,641.0,615.2,831.1,864.4,959.1,980.2,715.0,893.2,1265.2,1394.8,1469.7,1397.8
A,CLV10_MNAC,P7_S2111,MT,,,,,,,,,,,,,,,,,,,,,,,,,,2478.7,2076.0,2085.8,2153.3,2212.7,2329.4,2681.0,2830.8,2975.2,2570.2,2973.7,3146.7,3414.1,3248.1,3362.4,4217.8,4715.0,4767.7,5788.0,6468.5,6095.7,6035.5,7538.5,7723.2,7965.2,8369.0
A,CLV10_MNAC,P7_S2111,NL,,,,,,,,,,,,,,,,,,,,,99841.7,105870.8,113518.8,120942.7,128330.8,128701.0,132642.4,140139.8,144450.6,150669.7,153409.1,164050.1,176940.2,172053.1,156871.8,158869.0,163938.1,163749.8,171543.1,177874.3,207190.7,209142.1,226066.0,240185.9,255144.9,244416.0,256959.2,257244.2,263626.5,266305.8,273862.4
A,CLV10_MNAC,P7_S2111,PL,,,,,,,,,,,,,,,,,,,,,,,,,,,,,,,,,,362540.5,318306.8,359492.0,371854.9,358666.8,371479.6,406559.2,435217.6,476894.2,516346.7,544896.8,557886.4,551672.4,631470.2,648367.2,665573.7,689996.2,731985.7
A,CLV10_MNAC,P7_S2111,PT,,,,,,,,,,,,,,,,,,,,,,,,,,,,,,,,,,46853.8,42229.8,45237.3,42539.9,39289.9,40941.5,45425.0,48164.4,50966.0,55363.2,58707.8,60922.8,53741.3,60626.3,67461.0,69701.3,72970.0,77330.1
A,CLV10_MNAC,P7_S2111,RO,,,,,,,,,,,,,,,,,,,,,,,,,,,,,,,,,106642.4,114397.3,92088.8,104450.5,114796.8,114023.9,130668.9,139797.0,156247.2,183607.3,202266.4,217910.3,231222.2,222700.8,252534.1,263651.2,279269.4,286247.2,296578.0
A,CLV10_MNAC,P7_S2111,SI,,,,,,,,,,,,,,,,,,,,,,,,,,,,,,,,,,16154.9,14763.1,15455.2,16085.9,15608.5,15584.7,16121.2,17251.4,18498.2,20327.6,21537.0,22339.5,19990.1,23648.5,24914.0,24754.0,25906.8,26213.3
A,CLV10_MNAC,P7_S2111,SK,,,,,,,,,,,,,,,,,,,,,5420.5,6802.4,8738.4,10024.0,9963.7,9929.1,11997.5,12834.7,14312.9,15797.3,16118.6,17704.4,18702.1,18757.6,13985.9,15802.8,16911.8,17229.5,18000.7,19083.1,21472.4,23903.4,25063.9,26474.8,26160.8,25652.6,28466.0,24816.8,24659.0,25460.2,23274.8
A,CLV10_MNAC,P7_S2111,TR,,,,,,,,,,,,,,,,,,,,,,,,,,,,,,,,,,,71628.1,85320.4,97364.9,97341.2,107926.0,109225.1,116661.7,124660.0,127685.9,117671.2,108447.9,120320.9,113693.8,97008.3,126145.8,130676.3,136402.5
A,CLV10_MNAC,P7_S2111,UK,,,,,,,,,,,,,,,,,,,,,,,,152941.4,165234.4,174693.5,192165.7,211391.0,209168.5,216833.2,231729.9,258064.6,240825.2,228336.1,203277.3,215540.0,218367.4,225461.1,236588.3,250654.7,264706.4,275905.1,282164.8,289218.1,288386.0,,,,,,
A,CLV10_MNAC,P7_S2112,BE,,,,,,,,,,,,,,,,,,,,,,,,,4705.5,5276.5,5199.7,5285.1,5363.1,5746.2,6184.8,6598.3,6819.6,11599.6,12317.5,14882.6,16364.6,16258.2,16032.8,17871.4,19425.2,20383.7,21864.0,21571.2,24002.4,22119.9,24754.0,24977.7,26897.1,25716.9,26234.9
A,CLV10_MNAC,P7_S2112,CY,,,,,,,,,,,,,,,,,,,,,,,,,,,,,,,,,,576.4,462.5,516.6,505.9,484.9,416.8,445.4,555.2,514.3,696.6,889.2,955.9,919.7,1330.4,1740.9,1712.5,1818.8,1894.1
A,CLV10_MNAC,P7_S2112,CZ,,,,,,,,,,,,,,,,,,,,,,,,,,,,,,,,,,,,304657.0,336174.2,333788.0,358383.0,407676.6,427141.9,443286.3,466911.3,536671.1,545451.8,480828.1,548134.5,577656.3,599976.6,573562.8,582231.1
A,CLV10_MNAC,P7_S2112,DK,,,,,,,,,,,,,,,,,,,,,,,,,,,,,,,109545.5,124650.4,134703.8,136887.3,117017.7,124888.1,132002.2,133500.1,135701.3,142286.7,146686.2,158051.8,164618.0,167829.3,173481.5,175101.8,192024.5,201230.9,205678.5,203053.1,212293.2
A,CLV10_MNAC,P7_S2112,EE,,,,,,,,,,,,,,,,,,,,,,,,,,,,,,,,,,4761.1,3510.5,4290.8,5738.8,5950.3,4615.8,3467.0,2590.3,2786.0,2898.4,3000.9,3057.2,2382.2,2774.9,2933.6,3016.3,3086.3,3134.8
A,CLV10_MNAC,P7_S2112,FI,,,,,,,,,,,,,,,,,,,,,,,,,,,,,,,,,,15236.6,13854.7,15041.0,15947.9,16813.0,15775.3,15617.7,16138.5,17015.5,17978.4,18842.4,19213.6,18576.0,20159.4,21650.1,20193.4,20019.7,20900.8
A,CLV10_MNAC,P7_S2112,FR,,,,,,,,,,,,,,,,,,,,,,,,,,,,,,,,,,30508.4,27815.2,33883.2,34963.9,33594.8,35501.8,37520.5,39648.9,42038.7,44777.5,47323.4,49462.8,44462.5,49517.0,52023.7,54892.7,54678.5,55261.7
A,CLV10_MNAC,P7_S2112,HU,,,,,,,,,,,,,,,,,,,,,,,,,,,,,,,,,,2572648.1,2265732.4,2664989.0,2764540.7,2577972.7,3017933.9,3581846.3,3889124.2,4133699.1,4362657.3,4759422.0,4968837.5,4952547.2,4664213.0,4733335.3,4673872.2,4586728.3,4690056.2
A,CLV10_MNAC,P7_S2112,IT,,,,,,,,,,,,,,,,,,,,,,,,,,,,,,,,,,28669.3,26964.5,29862.8,30487.4,28072.5,27759.1,30683.1,34190.4,36203.9,39357.4,41458.5,42306.5,37587.7,45520.7,50996.1,52130.9,49676.2,59714.5
A,CLV10_MNAC,P7_S2112,LT,,,,,,,,,,,,,,,,,,,,,,,,,,,,,,2138.3,2546.4,3111.8,3928.3,3855.5,2766.4,3006.3,3415.7,3896.7,4177.1,4264.2,4894.9,5555.9,6032.7,6434.9,6834.1,7060.0,7845.3,9152.7,8888.0,9564.1,9912.1
A,CLV10_MNAC,P7_S2112,LU,,,,,,,,,,,,,,,,,,,,,363.5,395.6,490.1,641.5,756.7,875.4,1114.3,850.6,861.3,979.7,1043.0,1218.9,1362.4,1723.3,1299.6,1452.1,1598.0,1883.7,2061.6,2290.6,2709.5,3035.1,3359.3,3574.8,3644.7,3916.3,4707.3,4410.3,4452.3,3749.7,3852.5
A,CLV10_MNAC,P7_S2112,LV,,,,,,,,,,,,,,,,,,,,,,,,,,762.7,870.7,905.4,1036.7,1285.6,1529.2,1990.7,2280.2,2030.0,1380.2,1484.7,1894.7,2020.2,2123.2,2330.2,2324.4,2470.0,2461.0,2652.1,2751.2,2915.3,3234.7,3706.8,3776.2,3649.7,3898.9
A,CLV10_MNAC,P7_S2112,ME,,,,,,,,,,,,,,,,,,,,,,,,,,,,,,,,179.1,187.9,184.7,117.5,96.6,116.1,110.9,130.5,232.7,241.7,291.1,336.7,383.7,401.9,307.4,319.4,218.0,249.3,248.0,254.8
A,CLV10_MNAC,P7_S2112,MT,,,,,,,,,,,,,,,,,,,,,,,,,,190.7,172.2,174.6,179.0,187.7,205.9,234.1,260.3,284.5,256.6,287.6,310.7,345.0,349.8,376.3,492.9,576.0,644.4,810.7,808.3,912.4,1385.5,1203.0,1254.7,1508.9,1512.1
A,CLV10_MNAC,P7_S2112,NL,,,,,,,,,,,,,,,,,,,,,7169.3,7849.6,10209.7,10321.4,11212.6,15522.7,14009.7,11647.8,10176.3,13611.4,14760.3,16239.0,23935.5,25241.2,26290.1,27011.0,29139.4,31471.5,34479.5,32676.3,33907.3,34393.9,40250.2,44599.0,48236.8,43414.0,45670.4,46569.8,46687.8,47387.1,49464.1
A,CLV10_MNAC,P7_S2112,PL,,,,,,,,,,,,,,,,,,,,,,,,,,,,,,,,,,62341.4,54206.4,64293.0,68727.7,67684.7,70204.2,77027.4,81803.7,90326.3,97119.2,103437.0,106466.3,102557.0,116504.4,125535.9,136772.2,151457.4,158122.0
A,CLV10_MNAC,P7_S2112,PT,,,,,,,,,,,,,,,,,,,,,,,,,,,,,,,,,,2296.8,2228.2,2468.7,2414.6,2355.6,2474.8,2777.9,2955.5,3245.0,3347.1,3614.7,3899.0,3773.9,4479.4,4989.1,5429.7,5523.5,6033.9
A,CLV10_MNAC,P7_S2112,RO,,,,,,,,,,,,,,,,,,,,,,,,,,,,,,,,,37905.4,44288.2,39261.0,45086.1,50404.2,50155.3,54330.7,60529.9,64200.1,74219.0,84633.7,91906.1,107587.3,85578.5,98324.3,115354.3,104690.6,109993.7,116907.1
A,CLV10_MNAC,P7_S2112,SI,,,,,,,,,,,,,,,,,,,,,,,,,,,,,,,,,,3566.9,2216.1,2458.1,2649.0,2566.8,2709.2,2929.3,3211.0,3392.2,3761.3,4049.6,4262.9,4061.0,4717.5,5149.4,4991.6,5053.8,5362.8
A,CLV10_MNAC,P7_S2112,SK,,,,,,,,,,,,,,,,,,,,,5822.3,5941.8,5938.1,5256.6,4729.0,4604.8,5738.4,6168.3,6778.2,8144.9,9180.4,10760.3,11647.4,11575.4,9702.5,10759.8,11603.2,11232.1,13760.8,14785.5,16556.5,16862.7,17628.8,18753.0,22379.1,17855.1,18431.1,19188.2,20206.0,20772.2,19118.9
A,CLV10_MNAC,P7_S2112,TR,,,,,,,,,,,,,,,,,,,,,,,,,,,,,,,,,,,23648.2,28340.4,32154.0,31870.3,33894.0,35278.8,38087.5,40748.9,43777.1,41621.6,37233.0,27244.8,25333.1,21213.7,27187.5,28493.4,30618.3
A,CLV10_MNAC,P7_S2112,UK,,,,,,,,,,,,,,,,,,,,,,,,12673.2,13575.3,15155.6,16717.7,18010.2,19300.9,21666.0,26778.3,33787.4,28968.3,30399.3,28289.1,32713.0,36112.1,37460.5,36010.3,36739.1,38620.2,39438.8,42642.6,46505.5,48096.9,,,,,,
A,CLV10_MNAC,P7_S212,BE,,,,,,,,,,,,,,,,,,,,,15.2,63.7,7.3,5.5,100.8,62.8,79.6,84.9,32.9,94.6,26.2,29.7,95.8,135.3,137.0,149.6,159.3,106.6,175.6,200.5,234.2,249.2,236.5,223.1,235.6,213.5,203.5,277.3,254.6,256.8,
A,CLV10_MNAC,P7_S212,CY,,,,,,,,,,,,,,,,,,,,,,,,,,,,,,,,,,-3.1,-0.1,4.8,-2.0,-2.1,-10.8,-6.1,-15.3,-15.9,-9.3,-8.1,3.6,7.9,4.7,11.6,-4.5,-9.8,-10.3
A,CLV10_MNAC,P7_S212,IT,,,,,,,,,,,,,,,,,,,,,,,,,,,,,,,,,,2.0,2.1,5.0,1.0,4.8,181.4,242.0,114.6,69.8,53.3,81.6,73.6,67.7,69.1,57.6,81.6,85.9,94.3
A,CLV10_MNAC,P7_S212,LT,,,,,,,,,,,,,,,,,,,,,,,,,,,,,,13.5,20.4,22.7,33.6,27.0,59.8,54.7,51.4,73.9,67.7,67.1,40.3,50.1,44.5,47.5,36.0,35.0,27.8,25.0,17.0,19.1,16.0
A,CLV10_MNAC,P7_S212,LU,,,,,,,,,,,,,,,,,,,,,5.8,3.0,10.6,5.7,34.8,45.4,42.4,18.7,3.8,5.0,4.1,3.8,3.9,5.7,7.1,6.2,13.2,8.3,8.3,9.3,12.0,17.6,13.1,13.6,10.7,11.8,10.9,10.2,5.2,3.4,3.4
A,CLV10_MNAC,P7_S212,LV,,,,,,,,,,,,,,,,,,,,,,,,,,0.0,0.0,0.0,0.0,0.0,0.0,0.0,0.0,0.0,1.5,1.2,1.1,1.1,1.9,22.1,22.3,19.9,19.0,18.6,17.8,13.8,10.9,9.8,5.2,1.2,3.8
A,CLV10_MNAC,P7_S212,ME,,,,,,,,,,,,,,,,,,,,,,,,,,,,,,,,0.0,0.0,0.0,0.0,0.0,0.0,0.0,0.0,0.0,0.0,0.0,0.0,0.0,0.0,0.0,0.0,0.0,0.0,0.0,0.0
A,CLV10_MNAC,P7_S212,NL,,,,,,,,,,,,,,,,,,,,,4.0,4.0,4.0,4.0,4.0,4.0,4.0,4.0,4.0,4.0,4.0,4.0,4.0,4.0,4.0,4.0,4.0,4.0,4.0,4.0,4.0,4.0,4.0,4.0,4.0,4.0,4.0,4.0,4.0,4.0,4.0
A,CLV10_MNAC,P7_S212,RO,,,,,,,,,,,,,,,,,,,,,,,,,,,,,,,,,0.0,1.0,5.0,88.0,120.7,191.2,277.6,127.4,101.4,64.7,94.5,432.9,309.5,364.1,298.9,47.9,20.0,99.3,547.2
A,CLV10_MNAC,P7_S212,SE,,,,,,,,,,,,,,,,,,,0.0,0.0,0.0,0.0,0.0,0.0,0.0,0.0,0.0,0.0,0.0,0.0,0.0,0.0,0.0,0.0,19.0,12.1,0.0,0.0,35.9,19.0,17.0,13.0,32.9,23.0,28.9,93.7,71.8,65.9,197.6,61.9,
A,CLV10_MNAC,P7_S212,SI,,,,,,,,,,,,,,,,,,,,,,,,,,,,,,,,,,4.1,12.7,10.3,10.1,8.9,10.3,15.4,16.2,18.9,20.1,17.0,10.8,8.0,8.4,3.4,0.8,2.4,-1.3
A,CLV10_MNAC,P7_S22,BE,,,,,,,,,,,,,,,,,,,,,60189.8,63631.2,68859.3,72235.2,74315.6,84033.4,83139.4,84049.3,85448.0,91065.8,97068.5,102082.4,107779.8,101195.3,80209.0,88522.0,95101.5,92317.1,93488.1,96476.4,109687.0,115082.9,115306.2,119862.7,118556.0,108042.6,116964.2,138218.0,118698.8,111071.4,107124.7
A,CLV10_MNAC,P7_S22,CY,,,,,,,,,,,,,,,,,,,,,,,,,,,,,,,,,,5816.9,4865.3,5801.0,5856.1,5601.7,5375.4,5900.6,6616.5,6902.8,7998.9,8461.1,9588.6,10572.6,11663.1,15572.9,15586.3,15836.8,16480.9
A,CLV10_MNAC,P7_S22,CZ,,,,,,,,,,,,,,,,,,,,,,,,,,,,,,,,,,,,888935.0,934171.3,969374.6,953440.9,1009550.0,1176860.6,1152085.4,1247115.7,1313256.7,1324528.7,1246818.6,1457564.6,1600464.8,1502151.1,1524427.2,1636130.0
A,CLV10_MNAC,P7_S22,DK,,,,,,,,,,,,,,,,,,,,,,,,,,,,,,,290830.3,333165.3,348722.2,383747.7,348374.7,352977.7,390537.6,401483.9,402760.9,423322.8,436165.4,448022.8,472536.5,503587.8,517336.0,476394.8,526191.2,578387.4,580341.0,630543.8,595819.3
A,CLV10_MNAC,P7_S22,EE,,,,,,,,,,,,,,,,,,,,,,,,,,,,,,,,,,2081.7,1390.9,1708.0,2107.7,2550.7,2538.8,2587.0,2394.9,2311.3,2287.8,2718.1,2968.8,3126.1,4310.5,4168.3,3399.1,3609.2,3992.6
A,CLV10_MNAC,P7_S22,FI,,,,,,,,,,,,,,,,,,,,,,,,,,,,,,,,,,34004.1,26103.0,28310.0,30953.0,29788.7,32639.2,31913.9,30255.6,30990.9,32814.8,35319.2,36236.1,32624.2,35585.6,40902.5,35744.2,35242.3,35713.3
A,CLV10_MNAC,P7_S22,FR,,,,,,,,,,,,,,,,,,,,,,,,,,,,,,,,,,260923.3,244364.2,265705.2,283901.9,281549.1,288513.3,304154.5,323193.8,332867.5,349201.5,360096.3,372879.8,320811.7,347298.9,393694.7,387355.4,388815.8,405604.8
A,CLV10_MNAC,P7_S22,HU,,,,,,,,,,,,,,,,,,,,,,,,,,,,,,,,,,7573315.2,6469709.1,7049744.0,7011172.0,6440118.1,6472019.5,6569502.2,7108269.3,6863126.3,7708208.0,8537971.5,10195060.6,9895683.9,10402983.6,11697686.6,11641180.1,11681910.9,11759847.5
A,CLV10_MNAC,P7_S22,IT,,,,,,,,,,,,,,,,,,,,,,,,,,,,,,,,,,215366.0,184398.9,204552.0,202140.6,182641.9,174266.1,178634.2,188636.5,195987.4,205135.9,212504.9,207356.9,179027.5,198969.6,225274.3,218815.2,214926.4,207558.5
A,CLV10_MNAC,P7_S22,LT,,,,,,,,,,,,,,,,,,,,,,,,,,,,,,5369.6,6998.0,7431.8,7095.0,10024.0,6919.8,8498.2,9703.2,10089.9,10303.2,9597.7,9536.5,8940.1,10210.0,11055.2,11597.7,9667.1,12066.4,15125.2,11547.8,11976.7,12972.8
A,CLV10_MNAC,P7_S22,LU,,,,,,,,,,,,,,,,,,,,,4295.4,4670.2,6178.1,7462.1,9589.4,10766.3,11200.1,10914.1,10738.1,12358.3,14309.8,17213.0,17952.2,17134.3,15522.3,20338.8,22906.9,20822.7,22839.3,24890.0,26389.8,26341.2,27004.3,27747.8,30110.6,32095.3,37210.1,35689.8,35402.5,31256.0,31207.7
A,CLV10_MNAC,P7_S22,LV,,,,,,,,,,,,,,,,,,,,,,,,,,2075.1,2216.5,2213.5,2536.8,3022.8,3295.6,3610.9,3991.9,3660.4,2729.7,3139.5,3498.2,3515.3,3381.5,3293.1,3582.5,3758.7,4179.0,4465.9,4422.5,4150.3,4961.9,4771.1,4068.0,3863.5,3935.7
A,CLV10_MNAC,P7_S22,ME,,,,,,,,,,,,,,,,,,,,,,,,,,,,,,,,904.1,1337.6,1630.4,1270.7,1224.8,1198.2,1188.7,1171.4,1080.0,1188.2,1289.1,1413.7,1513.4,1551.6,1276.9,1455.4,1806.0,1914.4,2045.1,2205.2
A,CLV10_MNAC,P7_S22,MT,,,,,,,,,,,,,,,,,,,,,,,,,,2225.1,1900.8,1906.5,1965.1,2031.6,2163.1,2478.2,2654.7,2814.4,2461.2,2819.0,3025.3,3250.2,3233.0,3237.2,4500.1,4538.3,5315.3,5887.6,6529.8,7262.3,7287.8,8759.4,8188.8,8579.3,8966.9
A,CLV10_MNAC,P7_S22,NL,,,,,,,,,,,,,,,,,,,,,79195.1,82320.1,93586.8,104166.6,119152.2,143956.5,148645.8,144388.5,147948.2,157831.2,171513.7,185216.7,193026.6,193923.7,177311.2,205041.0,215966.0,225655.9,227019.0,239596.0,278369.8,264259.8,280191.7,291892.1,296441.0,287155.4,309925.8,335379.4,304093.5,301294.9,306518.2
A,CLV10_MNAC,P7_S22,PL,,,,,,,,,,,,,,,,,,,,,,,,,,,,,,,,,,184453.9,159528.7,186518.0,202547.9,210922.8,206824.0,224600.8,230847.6,238510.3,271493.2,303394.8,318022.7,303990.4,366498.7,416162.4,370343.5,383660.9,403920.2
A,CLV10_MNAC,P7_S22,PT,,,,,,,,,,,,,,,,,,,,,,,,,,,,,,,,,,20291.0,18382.1,20032.4,18581.0,17897.8,18933.9,19110.0,21644.3,22340.4,23986.4,24414.2,26319.3,23052.6,25323.3,28165.9,27809.1,29281.5,28999.2
A,CLV10_MNAC,P7_S22,RO,,,,,,,,,,,,,,,,,,,,,,,,,,,,,,,,,63401.4,72550.0,51770.1,57526.9,61933.7,58461.7,57312.7,63410.6,65703.0,75782.9,84983.8,95024.8,101757.1,109278.6,127533.8,143726.8,130733.4,139312.1,147564.5
A,CLV10_MNAC,P7_S22,SI,,,,,,,,,,,,,,,,,,,,,,,,,,,,,,,,,,6618.2,4515.1,5074.7,5408.8,5201.8,5497.5,5684.6,5576.6,5874.1,6638.3,7318.0,7838.4,7249.9,8500.8,10214.1,8707.6,9140.3,9373.8
A,CLV10_MNAC,P7_S22,SK,,,,,,,,,,,,,,,,,,,,,5548.0,6822.2,6790.7,5792.8,5580.3,6997.4,7859.6,7997.1,8099.0,11830.2,15988.6,20695.0,23549.6,25795.8,21910.2,27063.1,28965.7,30289.7,29940.1,30351.4,32058.5,32576.5,33436.0,34732.9,33331.1,31884.4,37251.2,43484.2,35994.2,36734.2,43590.5
A,CLV10_MNAC,P7_S22,TR,,,,,,,,,,,,,,,,,,,,,,,,,,,,,,,,,,,154577.6,184507.2,211933.3,213407.5,236718.9,233921.1,231740.9,232438.0,268675.4,254776.0,246101.9,271296.5,288461.5,343970.4,363178.0,333873.8,350287.0
A,CLV10_MNAC,P7_S22,UK,,,,,,,,,,,,,,,,,,,,,,,,143025.1,151871.4,172432.7,175370.3,174607.4,183424.6,199471.3,209351.6,224011.2,230174.2,229597.7,217627.5,236573.0,238257.7,239574.2,245452.0,248272.1,261339.8,271609.4,277708.9,283239.7,299094.0,,,,,,
A,CLV15_MEUR,P6,AL,,,,,,,,,,,,,,,,,,,,,266.2,307.7,251.4,336.5,582.5,809.0,934.0,967.2,1081.1,1280.9,1591.7,1861.2,2216.9,2114.3,2213.9,2638.9,2815.0,2823.3,2868.1,2863.3,2798.8,3010.7,3401.0,3552.9,3641.0,2631.5,4002.5,4684.6,5085.4,5090.9,
A,CLV15_MEUR,P6,AT,,,,,,,,,,,,,,,,,,,,,71518.1,74835.4,83088.2,89611.8,95377.4,108276.8,114525.5,119434.3,120069.1,130468.3,139164.2,149707.5,161043.1,164538.8,140897.7,159399.0,168859.9,171287.6,172371.4,177293.1,182659.0,188125.7,197343.0,207508.1,215881.6,193238.0,211611.3,231599.6,230142.4,224867.5,225531.5
A,CLV15_MEUR,P6,BA,,,,,,,,,,,,,,,,,,,,,,,,,,1750.5,1851.8,1755.9,1985.9,2333.0,2699.9,3206.8,3603.8,3645.1,3529.3,4019.9,4206.6,4211.1,4542.0,4731.1,5193.9,5680.4,6351.9,6814.3,6848.6,5832.1,7312.5,8174.6,8072.6,7942.4,
A,CLV15_MEUR,P6,BE,,,,,,,,,,,,,,,,,,,,,153162.4,160782.4,176041.5,183325.7,192215.6,216044.5,216865.9,224344.2,227968.2,242087.1,255428.8,269989.9,284666.6,289812.3,257044.6,283866.6,297550.7,295560.4,296389.1,312156.3,323611.6,343495.9,362444.1,368043.9,378851.6,356280.1,408481.6,420944.9,390843.0,384199.5,381789.7
A,CLV15_MEUR,P6,BG,,,,,,,,,,,,,,,,,,,,,13086.6,17006.4,18213.3,15050.0,12382.6,10257.7,10382.3,11301.9,12032.3,14981.2,16342.4,17594.8,21047.3,21568.8,19041.9,21144.0,23798.4,24283.3,26622.3,27434.9,29212.3,31728.3,33550.5,34132.1,35496.0,32085.2,35799.0,40118.3,40118.3,40830.3,39960.7
A,CLV15_MEUR,P6,CH,,,,,,,,,,,,,,,,,,,,,166796.0,172760.1,198907.1,203675.4,211201.5,237127.5,236934.2,232307.6,228921.7,251252.9,266951.4,285043.3,317466.2,331142.8,303725.9,341834.6,355916.8,357264.5,406828.4,387625.4,402564.7,426175.9,422730.2,438545.9,436211.0,413882.1,470294.5,503377.8,490034.4,498391.7,522345.3
A,CLV15_MEUR,P6,CY,,,,,,,,,,,,,,,,,,,,,7295.0,7762.8,7761.0,8213.0,8412.7,9150.5,9311.7,8985.7,8725.3,9003.7,9282.1,9495.8,10005.1,9948.6,9485.5,10085.8,10793.4,10731.4,10851.8,11534.6,12564.0,13471.1,14950.6,16030.0,17428.6,17713.7,22524.0,28715.4,28247.8,29965.1,31387.2
A,CLV15_MEUR,P6,CZ,,,,,,,,,,,,,,,,,,,,,28262.8,28971.1,31162.5,34166.0,35932.9,41243.2,45133.2,45544.1,49561.3,64270.2,75935.8,86783.6,96355.0,100413.8,90546.1,103817.9,113330.2,118182.0,118487.7,128827.3,136443.2,142088.5,152180.7,157509.7,159575.6,145985.9,157888.3,166017.9,169916.0,172507.7,179239.2
A,CLV15_MEUR,P6,DE,,,,,,,,,,,,,,,,,422727.4,421276.0,389215.3,419428.9,446608.0,472335.8,529596.6,569441.7,598467.9,679477.5,716683.8,745446.2,757716.3,842024.3,897306.1,1004439.2,1090330.5,1107218.4,946650.7,1080171.3,1165534.8,1195748.4,1201421.7,1253537.0,1314624.0,1340747.6,1392467.0,1428090.1,1457644.1,1319373.7,1453686.0,1510287.1,1488913.3,1458171.9,1451706.9
A,CLV15_MEUR,P6,DK,,,,,,,,,,,,,,,,,,,,,68913.0,72125.3,75378.1,78470.3,87318.3,98331.7,101633.6,106057.0,104775.0,107944.8,116507.5,128546.6,133222.9,138378.4,125695.3,129499.0,139142.4,140894.9,142852.8,147165.9,151922.7,157485.7,165054.1,170672.7,178211.4,166877.6,179788.7,191628.3,206542.5,221226.7,227957.9
A,CLV15_MEUR,P6,EA,,,,,,,,,,,,,,,,,,,,,1814528.0,1904177.1,2111652.4,2265327.1,2390479.9,2701170.2,2846878.5,2903761.8,2923430.4,3150865.1,3308463.2,3579617.8,3839745.1,3877710.3,3449255.0,3824295.8,4080103.3,4166380.9,4256534.1,4461795.3,4789038.1,4937728.9,5211274.5,5386491.1,5560683.3,5079682.1,5657265.7,6066949.6,6027023.4,6058663.3,6182790.9
A,CLV15_MEUR,P6,EA12,,,,,,,,,,,,,,,,,,,,,1835438.5,1925911.3,2138063.7,2293042.7,2424074.4,2742124.7,2846878.5,2903761.8,2923430.4,3150865.1,3308463.2,3579617.8,3814472.7,3834484.1,3368079.5,3731112.5,3963912.6,4043253.8,4128435.9,4313949.1,4606043.4,4744819.1,5003177.4,5165562.0,5330231.2,4857609.2,5404260.9,5791905.2,5725025.3,5751424.0,5866050.1
A,CLV15_MEUR,P6,EA19,,,,,,,,,,,,,,,,,,,,,1885678.3,1978401.1,2196587.8,2354471.6,2487017.2,2811220.7,2920513.5,2981654.8,3006219.4,3243855.3,3412469.9,3698682.9,3946680.2,3971769.9,3484646.6,3865842.0,4113818.6,4203702.1,4295782.8,4486931.8,4789038.1,4937728.9,5211274.5,5386491.1,5560683.3,5079682.1,5657265.7,6066949.6,5993590.7,6024701.4,6148518.6
A,CLV15_MEUR,P6,EA20,,,,,,,,,,,,,,,,,,,,,1894119.1,1987927.5,2206868.5,2364914.3,2497715.1,2823385.0,2933710.4,2995429.2,3020791.1,3259510.6,3428854.7,3716376.2,3965269.2,3989981.0,3500346.4,3882761.6,4131114.9,4220726.4,4313251.2,4505674.7,4809703.5,4959851.1,5234938.8,5411010.1,5586914.5,5099668.8,5683922.7,6100869.2,6027023.4,6058663.3,6182790.9
A,CLV15_MEUR,P6,EA21,,,,,,,,,,,,,,,,,,,,,1904581.2,2000302.4,2220385.8,2377951.4,2509913.5,2835200.4,2945826.2,3008226.0,3034073.7,3275080.8,3445617.5,3734462.2,3986380.5,4011561.3,3519391.8,3903907.2,4154850.8,4244944.8,4339879.9,4533110.6,4838915.9,4991579.4,5268489.0,5445118.9,5622400.9,5131721.5,5719688.1,6141193.0,6067457.6,6099907.3,6222884.9
A,CLV15_MEUR,P6,EE,,,,,,,,,,,,,,,,,,,,,4156.7,4263.6,5347.8,6051.6,6080.3,5657.7,6016.0,6185.7,6814.9,7993.4,9585.8,10499.3,11823.8,11930.0,9507.2,11809.6,14664.3,15372.0,15802.5,16219.8,15975.5,16746.4,17555.6,18064.0,18973.5,18192.3,22483.1,23711.7,21544.2,21220.8,22272.8
A,CLV15_MEUR,P6,EL,,,,,,,,,,,,,,,,,,,,,20271.3,21028.7,25912.0,27115.2,33465.4,41061.2,41544.5,38507.2,38401.5,44598.6,45610.6,48086.5,52464.9,54838.1,45368.9,47445.5,47707.4,48680.3,49534.9,53635.8,56442.9,56220.0,60945.4,66572.9,69795.4,54776.8,68126.9,72345.8,73907.3,74623.1,75855.2
A,CLV15_MEUR,P6,ES,,,,,,,,,,,,,,,,,,,,,142692.8,156945.8,179530.2,194122.6,209700.0,231549.2,240684.7,244140.5,252687.6,263506.2,268346.7,280910.7,302443.9,299745.6,267388.0,291395.8,315307.5,318287.8,331940.9,346897.9,361994.0,381514.4,402906.6,409599.4,418875.9,334685.9,379493.8,433470.2,442876.0,456848.0,473151.8
A,CLV15_MEUR,P6,EU27_2020,,,,,,,,,,,,,,,,,,,,,2152525.0,2261928.4,2511099.3,2693739.3,2846896.6,3219855.7,3344710.3,3421638.6,3469790.1,3758990.2,3977442.4,4331835.8,4634409.2,4689842.2,4130604.4,4580190.7,4883860.1,4987141.9,5106043.3,5343826.3,5693924.4,5896704.7,6230579.2,6453373.6,6679717.1,6132095.7,6823564.1,7323934.5,7310552.2,7370639.8,7538369.8
A,CLV15_MEUR,P6,FI,,,,,,17180.0,18177.0,17837.0,18609.0,19824.0,19950.0,20462.0,21143.0,21889.0,22259.0,22572.0,20790.0,22947.0,26772.0,30329.0,32983.0,34884.0,39777.0,43306.0,48215.0,55980.0,57000.0,59271.0,58673.0,63802.0,68236.0,74932.0,81666.0,87057.0,69547.0,73843.0,75340.0,75518.0,76396.0,75027.0,75210.0,78359.0,85433.0,86897.0,92847.0,84954.0,90037.0,94028.0,92748.0,94379.0,97600.0
A,CLV15_MEUR,P6,FR,118375.4,128302.0,138252.1,147128.1,156687.1,161056.3,168809.9,166351.6,174213.5,186085.5,189994.3,188657.9,194309.3,211016.8,231887.0,240161.8,255745.8,270764.4,271564.3,293584.0,318917.5,331618.4,374126.0,406248.1,426606.6,480653.4,494552.8,504794.1,497888.9,524504.4,546768.5,575971.8,592381.4,595853.1,533526.5,579107.6,616907.0,633194.9,649671.7,667494.5,697701.1,712436.9,743830.3,771852.5,787895.0,657325.3,731772.2,798244.5,817961.5,838617.7,849357.6
A,CLV15_MEUR,P6,HR,,,,,,,,,,,,,,,,,,,,,8285.0,9672.5,10320.1,10297.6,10446.8,11902.9,13068.6,13702.6,14611.1,15687.4,16408.9,17713.0,18590.7,18191.1,15682.3,16907.3,17291.3,17031.1,17474.5,18745.7,20665.5,22122.2,23659.4,24512.0,26189.5,20114.7,26700.8,33913.0,33424.2,33947.3,34267.5
A,CLV15_MEUR,P6,HU,,,,,,,,,,,,,,,,,,,,,14995.3,16371.5,20097.2,23194.8,25919.3,32379.7,35210.8,37204.6,39510.3,46643.2,52605.4,62878.9,73030.0,77921.8,69570.8,77305.4,82263.7,80864.0,84162.2,91906.9,98673.8,102425.6,109062.5,114505.3,120753.9,113333.8,122673.0,135843.6,138308.8,137611.1,136121.0
A,CLV15_MEUR,P6,IE,,,,,,,,,,,,,,,,,,,,,50820.9,57133.7,67159.7,82452.2,95456.4,115681.5,131886.4,140427.1,138043.0,147043.9,155101.8,164487.3,179129.1,172316.0,180326.2,191113.0,197054.2,195434.0,216086.1,247405.0,344948.5,363251.8,403274.5,422811.0,469429.1,533068.6,603121.6,675651.9,649129.9,704744.5,773182.7
A,CLV15_MEUR,P6,IS,,,,,,,,,,,,,,,,,,,,,3042.1,3288.2,3445.6,3496.2,3607.8,3751.5,4004.0,4146.9,4182.6,4528.1,4862.0,4642.4,5738.7,5939.2,6411.6,6459.8,6648.1,6856.0,7283.0,7557.4,8193.3,9196.6,9639.9,9852.5,9413.1,6556.4,7369.0,9289.8,9649.5,9437.6,9531.1
A,CLV15_MEUR,P6,IT,,,,,,,,,,,,,,,,,,,,,318539.5,323347.0,339291.3,347947.0,344366.5,385831.6,396118.5,384848.8,380091.4,403480.2,416550.6,450641.1,478707.6,463009.1,380447.7,424396.4,445331.3,453494.3,454618.0,466167.7,484747.5,496081.1,522708.5,533840.1,540385.3,466301.8,531982.8,584500.3,583423.4,580804.2,588000.4
A,CLV15_MEUR,P6,LT,,,,,,,,,,,,,,,,,,,,,4587.4,5773.1,7154.0,7425.6,6027.7,6872.8,8527.3,10248.9,11178.8,11988.2,14367.0,16207.0,16724.5,18667.5,16114.5,18754.4,21482.6,23812.9,25544.0,25078.4,25686.0,26951.7,30598.6,32691.5,35974.2,35998.7,41969.0,46881.9,45322.0,46499.7,48465.6
A,CLV15_MEUR,P6,LU,,,,,,,,,,,,,,,,,,,,,29295.5,31105.7,35297.1,41027.8,45955.9,53773.0,57223.7,57167.4,58758.6,64183.2,68019.0,76808.7,80747.7,80483.1,74653.5,82235.5,85844.1,87233.9,92743.7,98787.0,103864.1,109378.1,109129.9,112980.1,119802.1,122080.9,135927.1,137925.5,138688.4,121797.1,123215.5
A,CLV15_MEUR,P6,LV,,,,,,,,,,,,,,,,,,,,,3511.2,4164.3,4695.1,4916.7,4604.5,5267.4,5724.3,6006.4,6253.4,7122.0,8808.2,9464.6,10782.2,11041.8,9611.4,10920.1,12280.8,13445.6,13534.3,14422.2,14862.9,15441.4,16438.2,17155.4,17057.6,17006.8,18553.2,20672.0,19220.5,19241.2,19255.5
A,CLV15_MEUR,P6,ME,,,,,,,,,,,,,,,,,,,,,,,,,,,,,,,,1063.8,1382.8,1405.7,1227.8,1295.8,1491.9,1441.2,1476.5,1455.3,1544.6,1575.7,1603.8,1714.7,1814.3,958.1,1716.3,2048.2,2233.2,2144.9,2045.3
A,CLV15_MEUR,P6,MK,,,,,,,,,,,,,,,,,,,,,,,,,,1899.7,1630.0,1550.8,1556.0,1823.5,2150.4,2411.3,2743.8,2615.8,2252.4,2785.8,3235.3,3298.5,3499.5,4076.2,4421.7,4823.2,5225.8,5895.0,6418.2,5716.6,6532.8,7225.3,7009.4,6732.0,7144.2
A,CLV15_MEUR,P6,MT,,,,,,,,,,,,,,,,,,,,,,,,,,5296.7,4649.4,5032.4,4751.2,4773.8,4854.8,5978.1,6397.1,6793.4,5979.3,7035.5,7673.0,8250.5,8445.5,8960.0,11114.0,12010.7,13931.5,15769.1,16903.3,17543.5,18338.4,20471.2,21527.7,22881.7,23922.8
A,CLV15_MEUR,P6,NL,,,,,,,,,,,,,,,,,,,,,224599.8,233711.6,256226.1,273070.0,297759.4,333857.8,338708.2,340523.2,346674.2,375085.5,396469.8,425115.8,448225.8,455721.4,416112.6,456387.8,482338.0,500257.0,515352.3,541888.8,587250.0,598778.7,640262.4,671774.5,690294.5,663849.1,709382.4,740701.2,718541.1,717421.0,734858.6
A,CLV15_MEUR,P6,NO,32073.1,36123.3,36995.5,40888.3,41762.2,43652.1,44438.9,44636.9,47802.0,51459.7,55224.0,56451.3,56987.5,60522.8,67284.5,72736.2,77241.3,80876.7,83393.1,90318.4,95183.6,104773.0,112855.9,114335.5,117703.5,122298.3,127900.7,127156.1,126732.8,128199.6,128914.8,128178.7,129424.1,131078.5,125547.5,126125.2,125615.4,128295.1,126290.4,131186.1,136395.1,136480.5,138619.7,136735.0,139829.6,136429.7,144358.1,151370.6,152781.7,161640.1,165504.8
A,CLV15_MEUR,P6,PL,,,,,,,,,,,,,,,,,,,,,43910.4,48886.2,54851.0,62663.7,61088.1,75509.3,77816.0,81571.4,93056.4,97444.6,107247.1,123618.8,136199.0,145722.8,136927.6,154166.4,166106.6,172618.0,181353.3,191323.4,203967.4,222241.3,242447.5,258830.6,272645.5,269712.8,302896.0,325327.4,337418.9,344168.5,359591.1
A,CLV15_MEUR,P6,PT,,,,,,,,,,,,,,,,,,,,,29978.6,31688.6,34001.7,36754.0,38042.1,41290.3,42248.1,43649.9,45815.2,47465.4,47596.0,53530.7,56997.9,56758.2,51043.4,55728.0,59564.0,61403.6,65861.3,68695.7,72990.7,76429.8,82842.7,86402.3,89862.2,73386.3,82218.0,96320.7,100469.6,103720.2,104150.7
A,CLV15_MEUR,P6,RO,,,,,,,,,,,,,,,,,,,,,13868.1,14712.0,16355.2,16094.0,17271.4,14063.0,16068.4,18856.5,20429.3,23318.9,25465.0,28462.5,34411.0,39142.7,36917.9,42684.7,47854.8,48362.0,58389.5,63373.7,66278.2,77107.8,83095.3,87467.9,92155.4,83436.6,93980.8,102727.7,101342.8,98814.0,102692.3
A,CLV15_MEUR,P6,RS,,,,,,,,,,,,,,,,,,,,,979.9,2187.7,3305.2,4280.3,2473.8,2816.3,4337.1,5175.9,6627.9,7284.2,8635.8,9248.6,9516.8,10712.0,9476.6,11074.4,11697.8,12032.0,14202.6,14808.7,16147.8,17905.6,19313.6,21060.2,22587.4,21551.7,25954.2,30374.6,31203.3,32822.9,34671.9
A,CLV15_MEUR,P6,SE,,,,,,,,,,,,,,,,,,,62554.3,71061.7,79049.7,82445.6,93849.1,102193.8,109397.4,122262.4,122905.2,124917.5,130207.9,144816.9,155040.9,167934.6,175342.3,177102.9,151807.3,168582.9,180006.4,181281.0,181051.1,188145.8,197723.2,203776.4,210494.7,219675.9,234953.8,222200.7,247882.8,262888.4,269626.2,276673.4,287554.0
A,CLV15_MEUR,P6,SI,,,,,,,,,,,,,,,,,,,,,9108.9,9379.6,10470.9,11289.9,11516.2,12966.4,13897.7,14979.3,15452.7,17468.1,19453.2,22200.5,25277.0,26334.4,21980.6,24249.6,25872.0,26065.2,26793.9,28356.1,29896.0,31818.4,35340.8,37516.2,39197.1,35853.3,40916.3,43959.4,43118.7,44126.0,44259.8
A,CLV15_MEUR,P6,SK,,,,,,,,,,,,,,,,,,,,,14460.7,14130.0,16099.7,15732.1,17322.3,18738.5,20805.0,22345.6,26752.9,32405.6,36496.8,44826.8,51305.6,52848.9,44201.0,52173.4,57437.4,62727.5,66103.2,68285.4,72896.4,76470.1,79254.9,83595.2,84729.3,79344.4,87803.4,90234.4,89627.3,89647.4,93217.8
A,CLV15_MEUR,P6,TR,,,,,,,,,,,,,,,,,,,,,43662.4,52519.9,61501.2,68153.8,61352.4,73074.8,76755.2,83286.5,89901.7,101061.5,109657.5,116158.9,124416.1,129274.0,125194.4,128100.3,145233.3,167053.5,174939.1,187236.4,196702.9,192383.6,216336.8,236944.2,248018.2,207311.8,259317.0,286538.6,280019.6,280223.6,279330.3
A,CLV15_MEUR,P6,UA,,,,,,,,,,,,,,,,,,,,,,,,,,,,,,,,,,,,65191.0,66931.0,63152.4,58061.5,49792.5,43237.2,42451.4,44117.3,43519.8,46696.7,43983.6,40216.1,23306.9,21920.4,24178.6,
A,CLV15_MEUR,P6,UK,,,,,,,,,,,,,,,,,,,,,,,,447495.9,460023.6,501114.9,512080.0,517616.6,529670.1,554337.5,598096.9,674186.0,660617.4,663206.3,607578.4,642959.2,689408.5,693830.0,699764.3,701413.2,721048.7,740811.9,780874.5,804536.3,825920.4,,,,,,
A,CLV15_MEUR,P6,XK,,,,,,,,,,,,,,,,,,,,,,,,,,,,,,,,,,598.8,716.1,912.9,1170.5,1194.2,1176.6,1250.9,1274.0,1406.2,1687.7,1840.7,1979.7,1403.8,2481.3,2949.9,3163.3,3461.7,3728.3
A,CLV15_MEUR,P6_S21,AT,,,,,,,,,,,,,,,,,,,,,,,,,,,,,,,,,,,,,,116955.6,117355.2,126103.3,129224.0,134105.0,145386.7,151164.9,155146.1,137500.0,157912.2,163344.2,154162.2,154569.3,152888.6
A,CLV15_MEUR,P6_S21,BE,,,,,,,,,,,,,,,,,,,,,101443.2,106549.5,116700.9,121442.2,127216.8,143020.7,143321.2,148563.6,151126.0,160703.5,169527.5,179337.5,188870.5,193292.2,170189.6,180897.3,186175.3,182875.4,182587.9,190814.6,199112.6,210219.6,222622.3,228764.4,237194.5,223746.3,250461.1,248861.3,232403.2,233524.4,240949.8
A,CLV15_MEUR,P6_S21,BG,,,,,,,,,,,,,,,,,,,,,,,,,,,,,,,,,,,,,,,,14783.7,17245.7,20233.6,22198.1,25363.4,27846.1,26140.2,28869.3,32175.2,31487.0,32316.3,31604.4
A,CLV15_MEUR,P6_S21,CY,,,,,,,,,,,,,,,,,,,,,,,,,,,,,,,,,,3685.2,3304.3,3547.3,3759.6,3406.6,3463.5,3943.2,4038.8,4220.7,4869.9,5246.7,6804.2,6926.6,8920.3,11344.7,10633.6,11610.2,12174.5
A,CLV15_MEUR,P6_S21,CZ,,,,,,,,,,,,,,,,,,,,,,,,,,,,,,,,,,,,81743.8,89028.5,89160.3,89408.4,98619.4,104106.2,108193.7,115602.1,119342.5,120770.8,110994.6,120209.6,127599.5,129678.0,128256.1,132762.2
A,CLV15_MEUR,P6_S21,DE,,,,,,,,,,,,,,,,,,,,,,,,,,,,,,,,,,,,,,554846.4,556528.4,585574.2,613585.0,640690.1,669541.9,698199.6,721811.4,646900.4,716636.2,740765.6,730674.0,724657.8,747040.5
A,CLV15_MEUR,P6_S21,DK,,,,,,,,,,,,,,,,,,,,,,,,,,,,,,,63494.6,68709.2,70537.4,71754.6,63352.4,63942.7,66815.4,64568.2,67478.0,69033.5,70468.7,74100.3,76313.4,76914.0,79412.1,74234.1,80029.6,85406.7,96753.5,97082.4,101278.7
A,CLV15_MEUR,P6_S21,EE,,,,,,,,,,,,,,,,,,,,,,,,,,,,,,,,,,8830.0,7154.6,8762.5,10488.8,10626.8,11757.1,12028.9,12231.6,12625.0,13249.2,13737.0,14087.3,12597.2,15677.1,16974.1,15960.7,15335.3,16379.1
A,CLV15_MEUR,P6_S21,EL,,,,,,,,,,,,,,,,,,,,,,,,,,,,,,,,,,,,,20910.0,19905.0,21531.0,23843.1,24988.1,25862.0,26854.5,29681.9,31466.6,25808.7,33458.7,38054.4,38978.8,37505.0,39688.2
A,CLV15_MEUR,P6_S21,ES,,,,,,,,,,,,,,,,,,,,,,,,,,,,,,,,,,,,,,175854.5,183270.0,192505.2,201715.0,214829.5,229121.8,233266.7,238589.4,198495.0,230987.1,259306.2,264720.2,272082.3,281290.2
A,CLV15_MEUR,P6_S21,FI,,,,,,,,,,,,,,,,,,,,,,,,,,,,,,,,,,41457.0,31978.0,33225.0,35290.0,35119.0,36826.0,35690.0,36944.0,39464.0,43597.0,44317.0,48612.0,43076.0,46955.0,50083.0,50733.0,51357.0,52916.0
A,CLV15_MEUR,P6_S21,FR,,,,,,,,,,,,,,,,,,,,,,,,,,,,,,,,,,311324.7,273355.7,295275.3,314854.5,312813.9,324425.6,331103.9,342196.1,354183.3,364046.1,381791.0,389040.8,339281.4,377722.1,403545.1,415944.0,420521.4,427932.4
A,CLV15_MEUR,P6_S21,HR,,,,,,,,,,,,,,,,,,,,,,,,,,,,,,,,,,,,,,11184.2,11771.3,12760.9,14335.4,15366.2,16108.4,16907.0,17927.5,14124.5,18916.0,23856.5,23014.8,22611.8,22794.0
A,CLV15_MEUR,P6_S21,HU,,,,,,,,,,,,,,,,,,,,,,,,,,,,,,,,,,56602.7,50490.6,55200.3,59652.5,59240.5,60164.6,68205.4,70429.8,75834.1,81735.0,85944.2,91017.5,85788.5,91146.0,102129.0,103554.6,100272.0,102339.5
A,CLV15_MEUR,P6_S21,IE,,,,,,,,,,,,,,,,,,,,,,,,,,,,,,,,,,,,,,83104.6,84763.9,92725.1,108625.1,110624.5,113329.6,135565.1,140218.3,163724.0,201458.9,234620.7,219438.3,229758.2,234579.0
A,CLV15_MEUR,P6_S21,IT,,,,,,,,,,,,,,,,,,,,,,,,,,,,,,,,,,247488.5,198417.5,216884.2,222921.9,215866.7,212281.1,221397.8,232433.9,242045.6,256676.8,265902.3,270018.3,237943.3,276389.0,302494.7,308961.4,303859.9,318068.4
A,CLV15_MEUR,P6_S21,LT,,,,,,,,,,,,,,,,,,,,,,,,,,,,,,6873.2,8255.4,9196.7,9882.0,10470.3,9758.8,10688.5,12419.6,13175.6,13786.2,14347.0,16136.9,16779.6,18879.9,20538.3,22674.8,23062.4,27246.1,31879.7,30946.2,32441.7,34495.1
A,CLV15_MEUR,P6_S21,LU,,,,,,,,,,,,,,,,,,,,,21449.9,22633.5,25091.8,28792.1,32029.5,37434.7,39665.4,41095.2,42502.2,46280.6,47632.4,52315.9,54433.4,54470.1,50777.4,51112.5,52825.6,55970.5,58941.0,61733.1,63874.9,68724.1,66952.3,70168.7,74102.3,75927.4,84455.1,86862.7,88354.8,78310.8,79420.2
A,CLV15_MEUR,P6_S21,LV,,,,,,,,,,,,,,,,,,,,,,,,,,2414.1,2846.1,3148.4,3386.0,4051.6,5319.3,5808.2,6655.6,6759.7,5906.2,6586.0,7524.3,8041.5,8173.7,9032.1,9434.0,9946.5,10370.7,11091.0,11469.1,11391.0,12837.6,14188.1,13385.4,13512.7,13931.1
A,CLV15_MEUR,P6_S21,ME,,,,,,,,,,,,,,,,,,,,,,,,,,,,,,,,511.6,650.1,562.3,432.6,498.8,554.7,415.7,392.7,408.8,421.0,437.6,447.0,562.3,575.8,358.2,513.5,737.4,789.6,718.7,671.0
A,CLV15_MEUR,P6_S21,MT,,,,,,,,,,,,,,,,,,,,,,,,,,3184.1,2792.7,3033.2,2855.5,2872.1,2916.2,3591.9,3853.9,4080.7,3597.7,4231.7,4601.4,4958.9,5084.9,5386.3,6650.5,7269.2,8320.8,9571.4,10320.6,11233.1,11454.7,12033.3,13701.0,14426.4,15460.6
A,CLV15_MEUR,P6_S21,NL,,,,,,,,,,,,,,,,,,,,,150413.3,155773.2,168356.4,179894.8,196173.9,217321.7,220590.8,217493.7,220610.1,243929.6,255091.8,274460.6,289767.5,296765.6,268399.9,285924.5,305095.6,308622.2,317718.4,332302.3,351076.0,363889.2,391359.9,418860.1,425840.7,396428.2,435298.4,461497.9,444231.8,436403.1,450783.7
A,CLV15_MEUR,P6_S21,PL,,,,,,,,,,,,,,,,,,,,,,,,,,,,,,,,,,104920.3,99968.6,111426.1,118051.3,119149.2,123634.0,134078.4,145351.7,157974.1,171830.1,185172.0,194131.8,193295.9,220562.8,243417.8,242775.7,246878.9,258836.5
A,CLV15_MEUR,P6_S21,PT,,,,,,,,,,,,,,,,,,,,,,,,,,,,,,,,,,37606.9,33281.6,36702.5,38763.2,38223.8,40353.9,42198.6,45397.5,48546.8,52112.6,56022.1,58306.5,49553.5,55641.1,62925.9,64597.7,67568.6,68501.1
A,CLV15_MEUR,P6_S21,RO,,,,,,,,,,,,,,,,,,,,,,,,,,,,,,,,,24338.1,27569.5,27041.9,30239.8,33662.5,34011.1,41195.2,45440.7,49202.7,58116.1,63437.8,67825.7,71604.4,61017.3,67695.0,72334.3,71600.9,70483.8,72969.1
A,CLV15_MEUR,P6_S21,RS,,,,,,,,,,,,,,,,,,,,,,,,,,,,,,,,,,,,,,7116.4,8408.2,8961.8,9638.4,10752.3,11440.2,12673.1,13851.8,13396.1,15758.4,18234.5,18649.1,19343.4,20237.7
A,CLV15_MEUR,P6_S21,SE,,,,,,,,,,,,,,,,,,,,,,,,,,,,,,,,,,,,,,,92259.8,95751.9,99164.6,104692.8,107936.5,111986.0,116365.6,109916.8,125415.8,133323.4,140425.9,143998.3,148343.5
A,CLV15_MEUR,P6_S21,SI,,,,,,,,,,,,,,,,,,,,,,,,,,,,,,,,,,18190.9,16327.3,18110.6,19427.5,19169.6,19717.7,21218.1,22429.3,23775.5,26691.4,28644.7,29927.5,27050.4,31091.6,33452.2,32353.7,32786.4,33101.0
A,CLV15_MEUR,P6_S21,SK,,,,,,,,,,,,,,,,,,,,,12148.0,11838.6,13570.0,13827.8,15311.9,16582.2,18457.5,19626.6,22627.0,27384.8,30961.4,37515.1,42342.1,42933.3,36178.4,42447.5,46864.0,50312.5,51899.4,54060.7,58127.6,60885.6,63606.0,67193.9,68289.1,63961.1,72254.1,74998.7,71591.8,73381.0,72136.8
A,CLV15_MEUR,P6_S21,TR,,,,,,,,,,,,,,,,,,,,,,,,,,,,,,,,,,,57190.6,58188.2,65061.3,73901.5,75390.7,82416.5,87809.7,90725.4,98508.9,113901.8,116787.0,82858.0,103850.9,112909.3,112976.0,114985.0,117691.2
A,CLV15_MEUR,P6_S21,UK,,,,,,,,,,,,,,,,,,,,,,,,234441.4,243062.0,262271.6,273050.5,278849.7,273328.9,279292.9,299318.3,358525.0,325139.3,317857.8,284767.2,296522.0,312037.1,301627.2,299577.5,302498.0,310771.0,323335.7,345322.4,356259.1,345310.5,,,,,,
A,CLV15_MEUR,P6_S2111,AT,,,,,,,,,,,,,,,,,,,,,,,,,,,,,,,,,,,,,,102862.0,103273.8,102718.0,105286.7,107725.3,117316.5,122259.6,124518.7,111214.6,128365.9,130762.2,122244.8,123769.7,120798.8
A,CLV15_MEUR,P6_S2111,BE,,,,,,,,,,,,,,,,,,,,,,,,,115955.6,130368.0,130586.9,135433.5,137806.1,146588.8,154630.5,163611.4,172259.6,174340.7,154022.8,163396.8,167338.2,164003.2,163096.8,169801.4,176326.4,185703.7,196490.9,202420.0,208156.0,195063.6,219586.9,215384.9,199188.4,200977.3,206846.7
A,CLV15_MEUR,P6_S2111,BG,,,,,,,,,,,,,,,,,,,,,,,,,,,,,,,,,,,,,,,,11959.7,12723.2,13705.0,13969.1,14696.9,14603.5,13260.7,14183.1,15853.2,15592.6,16017.9,15430.4
A,CLV15_MEUR,P6_S2111,CY,,,,,,,,,,,,,,,,,,,,,,,,,,,,,,,,,,2453.6,2258.6,2381.5,2596.0,2375.2,2953.0,2884.9,3282.8,3411.9,4022.4,4266.4,5724.1,6147.7,7372.9,9155.0,8481.8,9265.0,9710.9
A,CLV15_MEUR,P6_S2111,CZ,,,,,,,,,,,,,,,,,,,,,,,,,,,,,,,,,,,,68739.2,74312.6,73868.1,73559.8,80202.3,85234.6,88509.3,94624.9,97377.1,98407.5,90594.6,97367.8,103514.1,104562.5,102510.2,106050.5
A,CLV15_MEUR,P6_S2111,DE,,,,,,,,,,,,,,,,,,,,,,,,,,,,,,,,,,,,,,421749.3,420207.0,434041.0,451941.0,470028.0,490825.7,508492.0,525784.5,467364.0,520129.4,539992.4,536767.6,528822.4,542142.3
A,CLV15_MEUR,P6_S2111,DK,,,,,,,,,,,,,,,,,,,,,,,,,,,,,,,45090.0,47698.2,48083.2,49313.4,43507.6,43309.7,45071.9,42968.9,46181.7,47797.4,48866.1,51288.9,52631.0,53088.6,54915.0,53003.6,56684.5,61049.2,70296.3,70589.8,72643.0
A,CLV15_MEUR,P6_S2111,EE,,,,,,,,,,,,,,,,,,,,,,,,,,,,,,,,,,3623.9,3137.7,3632.8,4231.7,4183.1,5691.5,7160.5,7992.6,8170.6,8988.8,9320.5,9753.7,8822.4,11249.9,12247.3,11719.5,11348.9,12063.7
A,CLV15_MEUR,P6_S2111,EL,,,,,,,,,,,,,,,,,,,,,,,,,,,,,,,,,,,,,16827.4,15749.2,16832.2,18744.1,20070.9,20520.7,21362.4,23407.6,24957.2,20366.7,26271.6,28658.4,30100.2,28866.9,29989.4
A,CLV15_MEUR,P6_S2111,ES,,,,,,,,,,,,,,,,,,,,,,,,,,,,,,,,,,,,,,158949.6,164938.3,173181.2,180227.0,192411.5,204580.4,208949.8,212914.7,178534.8,207738.1,233297.4,236576.7,242516.7,249922.3
A,CLV15_MEUR,P6_S2111,FI,,,,,,,,,,,,,,,,,,,,,,,,,,,,,,,,,,27787.0,20771.0,21390.0,21993.0,22604.0,23396.0,22714.0,24038.0,25055.0,28394.0,27998.0,31979.0,27890.0,30246.0,31780.0,32919.0,33756.0,34606.0
A,CLV15_MEUR,P6_S2111,FR,,,,,,,,,,,,,,,,,,,,,,,,,,,,,,,,,,279044.4,246269.4,265208.8,282388.4,280919.9,289763.4,294998.8,303321.1,314152.0,321622.1,336529.9,343020.0,296304.9,329545.2,352902.4,375171.2,377218.7,383096.4
A,CLV15_MEUR,P6_S2111,HR,,,,,,,,,,,,,,,,,,,,,,,,,,,,,,,,,,,,,,9788.3,10243.8,11017.3,12368.9,13146.8,13524.5,14262.0,14912.3,11279.8,14799.2,18341.3,18494.4,17988.0,18215.4
A,CLV15_MEUR,P6_S2111,HU,,,,,,,,,,,,,,,,,,,,,,,,,,,,,,,,,,44915.7,40290.3,43867.9,47190.9,47111.3,47697.5,54423.4,55467.8,59373.6,64331.4,67399.0,71283.2,67342.3,72358.2,82958.0,84142.3,80111.0,81827.5
A,CLV15_MEUR,P6_S2111,IE,,,,,,,,,,,,,,,,,,,,,,,,,,,,,,,,,,,,,,73861.8,74767.8,82203.0,94538.5,95199.8,96992.9,117883.8,120987.2,142772.8,175842.7,206412.7,191310.6,199700.4,201902.9
A,CLV15_MEUR,P6_S2111,IT,,,,,,,,,,,,,,,,,,,,,,,,,,,,,,,,,,209725.4,168162.6,183502.6,188807.3,183027.4,178984.7,186163.2,194145.5,202986.5,213904.1,223070.2,225867.1,198003.7,229822.2,252329.6,256954.0,251849.8,255992.3
A,CLV15_MEUR,P6_S2111,LT,,,,,,,,,,,,,,,,,,,,,,,,,,,,,,5243.3,6236.9,6815.2,7376.1,7681.5,7191.0,7793.8,9428.9,10078.6,10099.6,10122.7,11270.8,11602.7,13352.3,14592.1,16589.9,17088.4,19665.1,23431.3,22872.8,23860.9,25237.4
A,CLV15_MEUR,P6_S2111,LU,,,,,,,,,,,,,,,,,,,,,20309.8,21473.3,23721.3,27049.7,30315.4,35424.6,37471.3,38623.6,39819.7,43406.9,44589.1,48760.3,50447.0,50589.6,47313.3,47412.8,48945.1,51608.5,54241.1,56772.3,58571.9,63045.6,61295.0,64164.5,67731.7,69286.2,77148.9,79718.3,81280.0,72219.2,73185.8
A,CLV15_MEUR,P6_S2111,LV,,,,,,,,,,,,,,,,,,,,,,,,,,1669.0,1954.0,2161.8,2283.8,2734.1,3768.2,4507.3,5098.5,5233.1,4590.8,5015.7,5645.7,5954.3,5989.7,6780.8,7084.0,7423.1,7606.8,8120.3,8630.6,8555.2,9873.4,11064.1,10460.4,10506.7,10923.6
A,CLV15_MEUR,P6_S2111,ME,,,,,,,,,,,,,,,,,,,,,,,,,,,,,,,,363.4,435.8,435.3,314.9,336.7,321.0,245.2,290.6,268.7,301.8,278.9,284.0,343.7,346.7,230.8,355.8,529.0,583.5,509.9,492.6
A,CLV15_MEUR,P6_S2111,MT,,,,,,,,,,,,,,,,,,,,,,,,,,2940.2,2570.7,2792.7,2628.1,2636.7,2667.9,3284.2,3518.7,3707.2,3257.8,3839.7,4176.8,4505.1,4600.3,4854.6,5962.1,6517.3,7438.8,8570.1,9184.3,10176.4,10343.7,10809.3,12405.4,13023.3,14049.9
A,CLV15_MEUR,P6_S2111,NL,,,,,,,,,,,,,,,,,,,,,139860.5,144726.1,154903.3,165132.0,178814.5,197614.5,201960.4,199003.3,203871.7,219123.2,227535.4,252645.0,251483.3,256521.8,234991.9,253094.8,270071.8,271239.0,273922.9,284664.8,297628.0,306789.8,333812.5,358558.8,364146.4,337102.5,368966.0,395850.7,379773.2,372266.1,383536.0
A,CLV15_MEUR,P6_S2111,PL,,,,,,,,,,,,,,,,,,,,,,,,,,,,,,,,,,83059.3,80444.5,88538.9,93442.6,93833.7,97112.3,105107.8,113287.9,122782.0,134068.6,144759.4,152105.2,152169.6,174448.2,189679.2,194799.7,196633.4,205381.4
A,CLV15_MEUR,P6_S2111,PT,,,,,,,,,,,,,,,,,,,,,,,,,,,,,,,,,,35274.7,30959.3,34078.8,35990.7,35188.3,37310.1,39015.8,42199.6,44944.1,48101.5,51960.9,54033.0,45707.5,51231.8,57672.5,59134.2,61810.3,62523.8
A,CLV15_MEUR,P6_S2111,RO,,,,,,,,,,,,,,,,,,,,,,,,,,,,,,,,,17964.4,20485.6,20447.9,22530.7,24714.1,24815.2,30518.3,33667.5,36374.2,43064.4,47344.2,50208.7,52548.6,48157.3,52400.8,54783.9,55800.9,54813.3,56700.4
A,CLV15_MEUR,P6_S2111,RS,,,,,,,,,,,,,,,,,,,,,,,,,,,,,,,,,,,,,,5655.0,6667.7,7180.0,7649.3,8360.5,8581.4,9232.4,10054.4,9300.1,10911.5,12656.8,12551.5,13388.0,14191.8
A,CLV15_MEUR,P6_S2111,SE,,,,,,,,,,,,,,,,,,,,,,,,,,,,,,,,,,,,,,,73219.7,75774.3,77984.7,82269.5,84905.0,87968.0,91132.4,84643.1,95548.3,101671.0,108959.6,112370.4,114092.9
A,CLV15_MEUR,P6_S2111,SI,,,,,,,,,,,,,,,,,,,,,,,,,,,,,,,,,,13652.8,13791.5,15120.1,16201.1,16002.9,16421.2,17667.8,18674.1,19731.6,22265.8,23908.7,24998.3,22382.0,25712.1,27746.4,26620.4,26678.1,26787.8
A,CLV15_MEUR,P6_S2111,SK,,,,,,,,,,,,,,,,,,,,,5505.1,5913.4,7681.3,8747.0,10146.4,10922.7,12235.4,13262.4,15978.4,18638.5,20104.5,24002.2,27075.6,26421.2,22119.1,25382.6,27262.6,28885.1,29927.6,32109.4,34908.3,37143.1,38672.0,41365.1,42124.5,39499.6,42740.6,43079.9,41292.0,41625.7,41030.4
A,CLV15_MEUR,P6_S2111,TR,,,,,,,,,,,,,,,,,,,,,,,,,,,,,,,,,,,43879.6,44472.1,49022.1,55444.1,56245.3,60549.4,62355.5,63224.7,69712.9,80970.7,82317.9,66614.5,83685.4,90516.9,89197.1,90656.5,92383.4
A,CLV15_MEUR,P6_S2111,UK,,,,,,,,,,,,,,,,,,,,,,,,211794.1,220815.9,237782.3,247821.6,252477.0,247076.4,251414.1,269163.9,319359.6,290637.6,283285.5,253655.8,262159.3,276154.2,267803.6,264227.9,265694.5,273954.3,284592.0,306103.9,315209.4,305369.4,,,,,,
A,CLV15_MEUR,P6_S2112,AT,,,,,,,,,,,,,,,,,,,,,,,,,,,,,,,,,,,,,,16330.4,16343.7,23385.3,23937.3,26379.7,28021.5,28828.7,30637.5,26213.8,29403.8,32691.4,32272.0,30968.8,32489.4
A,CLV15_MEUR,P6_S2112,BE,,,,,,,,,,,,,,,,,,,,,,,,,11186.7,12568.6,12651.8,13042.6,13229.7,14017.4,14794.7,15616.9,16497.2,18887.0,16096.7,17432.2,18782.5,18827.5,19463.5,20999.0,22786.2,24515.8,26130.9,26340.5,29060.1,28719.5,30904.3,33601.4,33476.6,32772.7,34354.7
A,CLV15_MEUR,P6_S2112,BG,,,,,,,,,,,,,,,,,,,,,,,,,,,,,,,,,,,,,,,,3087.8,4522.4,6528.6,8537.7,11903.1,16635.7,17058.1,20470.1,22631.5,21846.6,22365.9,22773.2
A,CLV15_MEUR,P6_S2112,CY,,,,,,,,,,,,,,,,,,,,,,,,,,,,,,,,,,1230.8,1045.2,1165.1,1163.2,1031.1,511.1,1058.6,756.0,808.8,847.2,980.1,1079.8,778.8,1544.1,2183.6,2145.0,2338.0,2456.0
A,CLV15_MEUR,P6_S2112,CZ,,,,,,,,,,,,,,,,,,,,,,,,,,,,,,,,,,,,12984.1,14698.7,15276.9,15839.9,18426.8,18871.6,19684.5,20977.1,21965.4,22363.9,20399.2,22849.0,24088.3,25138.2,25808.3,26779.4
A,CLV15_MEUR,P6_S2112,DE,,,,,,,,,,,,,,,,,,,,,,,,,,,,,,,,,,,,,,133086.9,136319.8,151532.3,161644.0,170732.0,178796.2,189752.1,196092.1,179604.4,196559.1,200833.7,194008.7,195948.5,205018.5
A,CLV15_MEUR,P6_S2112,DK,,,,,,,,,,,,,,,,,,,,,,,,,,,,,,,18413.3,21015.1,22455.1,22443.8,19846.9,20634.5,21744.7,21601.2,21296.6,21236.1,21602.6,22811.4,23682.8,23825.7,24497.2,21228.4,23343.6,24352.1,26437.5,26472.7,28621.5
A,CLV15_MEUR,P6_S2112,EE,,,,,,,,,,,,,,,,,,,,,,,,,,,,,,,,,,5529.7,4171.0,5432.0,6681.1,6929.1,6018.8,4863.1,4239.0,4454.4,4264.8,4421.1,4310.5,3736.3,4330.9,4610.4,4095.2,3830.1,4158.9
A,CLV15_MEUR,P6_S2112,EL,,,,,,,,,,,,,,,,,,,,,,,,,,,,,,,,,,,,,4082.6,4155.8,4698.8,5098.9,4917.2,5341.3,5492.1,6274.3,6509.4,5442.0,7187.0,9396.0,8878.6,8638.1,9698.8
A,CLV15_MEUR,P6_S2112,ES,,,,,,,,,,,,,,,,,,,,,,,,,,,,,,,,,,,,,,16903.4,18331.4,19323.6,21488.0,22418.9,24540.5,24316.8,25674.7,19959.8,23248.7,26006.4,28154.2,29579.3,31383.8
A,CLV15_MEUR,P6_S2112,FI,,,,,,,,,,,,,,,,,,,,,,,,,,,,,,,,,,13668.0,11205.0,11833.0,13295.0,12513.0,13428.0,12976.0,12906.0,14410.0,15203.0,16320.0,16634.0,15187.0,16710.0,18304.0,17815.0,17602.0,18310.0
A,CLV15_MEUR,P6_S2112,FR,,,,,,,,,,,,,,,,,,,,,,,,,,,,,,,,,,32301.4,27140.0,30106.3,32501.0,31934.3,34681.0,36114.8,38875.0,40031.2,42451.6,45306.2,46065.3,43076.9,48299.3,50782.2,42067.8,44217.8,45634.8
A,CLV15_MEUR,P6_S2112,HR,,,,,,,,,,,,,,,,,,,,,,,,,,,,,,,,,,,,,,1395.9,1527.6,1743.6,1966.5,2219.4,2584.9,2646.0,3018.5,2856.1,4151.4,5590.3,4519.2,4640.9,4587.8
A,CLV15_MEUR,P6_S2112,HU,,,,,,,,,,,,,,,,,,,,,,,,,,,,,,,,,,11681.1,10194.3,11334.8,12467.3,12141.8,12474.2,13802.2,14962.0,16460.5,17398.7,18537.6,19724.4,18438.4,18765.2,19225.4,19470.7,20049.4,20405.9
A,CLV15_MEUR,P6_S2112,IE,,,,,,,,,,,,,,,,,,,,,,,,,,,,,,,,,,,,,,9242.9,9996.1,10522.0,14086.6,15424.7,16336.6,17679.8,19230.5,20948.4,25612.6,28202.7,28123.9,30054.5,32674.9
A,CLV15_MEUR,P6_S2112,IT,,,,,,,,,,,,,,,,,,,,,,,,,,,,,,,,,,37769.7,30260.4,33388.3,34122.2,32848.3,33305.1,35240.2,38288.4,39059.1,42766.4,42833.7,44145.9,39936.5,46564.1,50171.8,52010.9,52026.2,62181.6
A,CLV15_MEUR,P6_S2112,LT,,,,,,,,,,,,,,,,,,,,,,,,,,,,,,1630.6,2019.6,2382.8,2507.4,2790.1,2569.1,2895.7,2993.8,3100.6,3688.3,4224.6,4866.1,5176.9,5527.0,5945.5,6084.7,5973.7,7582.1,8448.7,8072.4,8581.9,9261.8
A,CLV15_MEUR,P6_S2112,LU,,,,,,,,,,,,,,,,,,,,,1133.9,1153.6,1363.2,1733.8,1704.3,1998.6,2182.1,2459.7,2671.0,2860.6,3031.2,3545.0,3979.0,3871.6,3453.4,3692.9,3874.3,4359.5,4698.5,4959.7,5302.9,5678.4,5657.7,6004.9,6371.4,6642.5,7307.1,7142.4,7071.9,6088.2,6231.8
A,CLV15_MEUR,P6_S2112,LV,,,,,,,,,,,,,,,,,,,,,,,,,,752.1,901.3,996.8,1116.4,1334.3,1564.2,1300.2,1556.8,1525.9,1314.7,1570.2,1878.7,2087.4,2184.3,2251.3,2350.0,2523.4,2763.8,2970.7,2839.0,2835.8,2970.4,3138.2,2939.1,3016.1,3024.8
A,CLV15_MEUR,P6_S2112,ME,,,,,,,,,,,,,,,,,,,,,,,,,,,,,,,,150.0,219.3,125.8,118.3,162.1,233.4,170.3,102.6,140.1,119.3,158.7,163.0,218.8,229.4,127.1,156.3,205.6,202.4,206.3,175.4
A,CLV15_MEUR,P6_S2112,MT,,,,,,,,,,,,,,,,,,,,,,,,,,242.7,221.2,239.6,226.5,234.7,247.7,307.1,334.5,373.1,339.7,391.7,424.2,453.5,484.4,531.5,688.4,751.9,881.9,1001.2,1136.1,1057.3,1111.5,1224.2,1296.3,1403.7,1411.6
A,CLV15_MEUR,P6_S2112,NL,,,,,,,,,,,,,,,,,,,,,10464.9,10959.9,13406.6,14724.3,17347.6,19702.3,18598.1,18461.0,16690.7,24763.2,27508.9,21770.8,38263.6,40226.3,33375.8,32816.3,35009.1,37368.3,43791.9,47636.3,53448.0,57099.2,57547.3,60301.3,61694.4,59325.0,66330.1,65642.8,64461.3,64142.0,67256.7
A,CLV15_MEUR,P6_S2112,PL,,,,,,,,,,,,,,,,,,,,,,,,,,,,,,,,,,21860.4,19524.2,22887.5,24608.9,25316.0,26522.0,28970.7,32063.8,35192.3,37761.8,40412.9,42027.0,41126.6,46114.6,53739.1,47975.9,50248.0,53459.3
A,CLV15_MEUR,P6_S2112,PT,,,,,,,,,,,,,,,,,,,,,,,,,,,,,,,,,,2300.0,2320.1,2627.5,2776.7,3070.4,3064.2,3204.3,3197.9,3621.3,4045.8,4072.9,4290.4,3882.3,4459.0,5336.9,5556.5,5859.9,6094.5
A,CLV15_MEUR,P6_S2112,RO,,,,,,,,,,,,,,,,,,,,,,,,,,,,,,,,,6373.6,7083.8,6594.0,7709.1,8948.4,9196.0,10677.0,11773.2,12828.5,15051.6,16093.7,17617.0,19055.8,12860.0,15294.2,17550.4,15800.0,15670.4,16268.7
A,CLV15_MEUR,P6_S2112,RS,,,,,,,,,,,,,,,,,,,,,,,,,,,,,,,,,,,,,,1461.0,1739.4,1782.2,1989.1,2391.8,2863.6,3446.1,3803.6,4110.7,4866.0,5598.6,6136.9,5974.3,6052.4
A,CLV15_MEUR,P6_S2112,SE,,,,,,,,,,,,,,,,,,,,,,,,,,,,,,,,,,,,,,,19040.4,19977.8,21179.9,22423.4,23031.5,24018.0,25233.1,25272.8,29867.4,31652.5,31477.7,31643.7,34258.7
A,CLV15_MEUR,P6_S2112,SI,,,,,,,,,,,,,,,,,,,,,,,,,,,,,,,,,,4527.2,2536.6,2990.6,3226.5,3166.8,3296.5,3550.3,3755.2,4043.9,4425.4,4735.8,4929.0,4668.6,5379.8,5705.9,5732.5,6107.1,6312.0
A,CLV15_MEUR,P6_S2112,SK,,,,,,,,,,,,,,,,,,,,,6599.8,5894.7,5874.3,5086.6,5182.2,5676.1,6242.4,6391.9,6694.0,8788.0,10885.6,13540.8,15297.9,16524.0,14066.6,17063.5,19586.2,21404.1,21950.1,21945.1,23219.2,23742.5,24936.4,25821.9,26155.9,24452.5,29538.8,31965.7,30341.9,31811.3,31159.4
A,CLV15_MEUR,P6_S2112,TR,,,,,,,,,,,,,,,,,,,,,,,,,,,,,,,,,,,13799.8,14187.5,16461.1,18901.0,19550.7,22169.9,25454.2,27321.1,28760.0,32944.1,34377.1,17406.6,21652.2,23938.8,23637.4,24192.2,25179.1
A,CLV15_MEUR,P6_S2112,UK,,,,,,,,,,,,,,,,,,,,,,,,22618.5,22201.2,24445.6,25182.2,26328.9,26212.9,27845.1,30119.3,39143.6,34477.8,34554.3,31096.3,34355.8,35874.4,33810.6,35345.9,36805.9,36816.7,38743.0,39217.7,41048.4,39939.9,,,,,,
A,CLV15_MEUR,P6_S212,BE,,,,,,,,,,,,,,,,,,,,,1753.6,1741.8,1749.7,1663.7,1488.4,1526.5,1748.4,2068.0,1457.3,1845.9,2089.1,2545.3,2807.0,2624.8,2757.3,2525.4,2658.1,2792.1,2881.4,2756.7,3019.5,3488.8,3621.0,3764.1,4089.2,3949.4,3128.3,3240.7,2966.7,3316.3,
A,CLV15_MEUR,P6_S212,CY,,,,,,,,,,,,,,,,,,,,,,,,,,,,,,,,,,24.8,25.4,24.7,19.4,19.4,25.9,21.0,21.9,19.6,27.3,38.3,30.0,31.5,16.0,22.0,34.4,35.1,37.4
A,CLV15_MEUR,P6_S212,EE,,,,,,,,,,,,,,,,,,,,,,,,,,,,,,,,,,0.3,0.2,0.2,0.2,0.2,0.2,0.2,5.6,10.1,15.6,23.5,13.1,30.0,48.1,41.9,34.4,32.6,36.1
A,CLV15_MEUR,P6_S212,IE,,,,,,,,,,,,,,,,,,,,,6.2,6.9,8.1,10.0,11.5,14.0,19.4,16.0,14.4,19.2,25.5,26.3,29.0,26.0,23.6,23.7,25.3,24.0,26.3,29.0,33.2,31.7,38.4,31.8,33.3,26.0,50.4,59.8,0.2,49.3,0.2
A,CLV15_MEUR,P6_S212,IT,,,,,,,,,,,,,,,,,,,,,,,,,,,,,,,,,,768.3,632.7,730.7,633.3,552.1,499.7,496.8,614.0,565.1,489.5,476.1,467.1,398.3,534.1,857.9,704.6,736.5,758.6
A,CLV15_MEUR,P6_S212,LT,,,,,,,,,,,,,,,,,,,,,,,,,,,,,,6.2,14.7,15.7,17.6,22.5,16.2,13.8,15.3,16.8,18.4,22.6,30.1,23.3,20.5,22.9,25.3,24.8,28.3,37.7,32.8,24.9,29.5
A,CLV15_MEUR,P6_S212,LU,,,,,,,,,,,,,,,,,,,,,624.9,723.3,712.2,727.8,553.2,569.0,626.8,671.1,756.6,743.8,674.2,707.1,857.6,864.9,889.9,759.5,748.5,734.9,669.5,708.8,702.1,807.9,797.8,861.2,860.7,1014.7,1119.5,1132.9,1096.2,882.2,890.1
A,CLV15_MEUR,P6_S212,LV,,,,,,,,,,,,,,,,,,,,,,,,,,0.3,1.7,0.5,0.5,5.9,11.1,11.2,13.3,11.0,6.3,7.2,8.4,8.6,7.5,10.3,11.4,11.8,10.1,10.8,9.5,8.8,15.5,17.2,11.0,12.0,13.7
A,CLV15_MEUR,P6_S212,NL,,,,,,,,,,,,,,,,,,,,,107.4,114.7,128.4,136.5,150.2,159.3,164.8,166.6,166.6,170.2,177.5,185.7,197.5,207.6,200.3,210.3,226.7,237.6,254.0,284.9,335.0,320.4,349.6,382.3,405.1,375.1,383.2,428.8,432.4,443.3,446.1
A,CLV15_MEUR,P6_S212,RO,,,,,,,,,,,,,,,,,,,,,,,,,,,,,,,,,0.0,0.0,0.0,0.0,0.0,0.0,1.5,1.3,0.5,0.3,1.4,2.0,2.9,2.0,1.7,3.9,3.0,3.5,3.3
A,CLV15_MEUR,P6_S212,SE,,,,,,,,,,,,,,,,,,,121.2,124.5,123.4,126.4,145.6,161.3,151.4,161.5,127.5,113.3,180.4,187.8,301.2,239.4,341.6,309.1,285.5,377.0,295.8,292.7,329.7,349.3,383.0,144.3,327.1,307.3,326.4,274.3,483.0,518.8,387.0,419.9,370.0
A,CLV15_MEUR,P6_S212,SI,,,,,,,,,,,,,,,,,,,,,,,,,,,,,,,,,,1.0,0.8,0.8,0.4,1.2,0.5,0.4,0.4,1.3,1.5,3.4,4.4,7.0,0.1,0.5,1.6,3.2,6.1
A,CLV15_MEUR,P6_S22,AT,,,,,,,,,,,,,,,,,,,,,,,,,,,,,,,,,,,,,,55505.8,56279.3,51189.9,53434.9,54020.7,51954.9,56342.2,60735.0,55737.8,53696.1,68941.2,80082.7,73252.4,76055.2
A,CLV15_MEUR,P6_S22,BE,,,,,,,,,,,,,,,,,,,,,51789.6,54306.7,59421.4,61967.6,65087.1,73123.0,73643.8,75883.6,76947.5,81496.7,86020.3,90778.9,95928.8,96659.6,86971.9,103026.0,111403.1,112696.2,113806.3,121347.4,124499.0,133276.5,139823.5,139253.7,141595.4,132465.4,157992.8,172337.1,158585.6,150537.6,140302.4
A,CLV15_MEUR,P6_S22,BG,,,,,,,,,,,,,,,,,,,,,,,,,,,,,,,,,,,,,,,,12909.9,11966.7,11494.7,11464.3,9632.5,9106.8,7727.9,8776.1,9926.7,10280.9,10324.1,10116.4
A,CLV15_MEUR,P6_S22,CY,,,,,,,,,,,,,,,,,,,,,,,,,,,,,,,,,,6260.6,6180.2,6537.1,7032.5,7324.2,7387.9,7591.2,8525.2,9250.5,10080.9,10783.6,10625.8,10788.6,13606.0,17373.5,17614.7,18356.6,19214.7
A,CLV15_MEUR,P6_S22,CZ,,,,,,,,,,,,,,,,,,,,,,,,,,,,,,,,,,,,22040.1,24267.4,29036.0,29093.3,30204.9,32337.1,33894.8,36576.3,38163.6,38800.8,34991.4,37681.3,38407.1,40272.2,44419.1,46666.6
A,CLV15_MEUR,P6_S22,DE,,,,,,,,,,,,,,,,,,,,,,,,,,,,,,,,,,,,,,640988.4,644955.9,668021.2,701039.0,700030.3,723028.4,730022.0,735872.4,672459.5,737082.8,769495.4,758265.3,733317.1,704468.5
A,CLV15_MEUR,P6_S22,DK,,,,,,,,,,,,,,,,,,,,,,,,,,,,,,,53004.9,59810.7,62653.8,66588.9,62313.8,65543.2,72306.8,76340.4,75369.4,78129.5,81454.0,83385.4,88754.3,93784.7,98829.2,92670.9,99789.0,106256.7,110158.0,124191.7,126800.1
A,CLV15_MEUR,P6_S22,EE,,,,,,,,,,,,,,,,,,,,,,,,,,,,,,,,,,3077.3,2345.3,3026.5,4113.8,4646.4,4039.0,4183.1,3743.9,4121.4,4307.1,4333.0,4862.1,5501.2,6698.6,6655.0,5541.2,5817.7,5842.9
A,CLV15_MEUR,P6_S22,EL,,,,,,,,,,,,,,,,,,,,,,,,,,,,,,,,,,,,,26743.6,28650.7,27977.4,29797.9,31454.8,30358.0,34114.2,36914.6,38362.1,29016.9,34721.2,34598.3,35259.4,37237.6,36423.6
A,CLV15_MEUR,P6_S22,ES,,,,,,,,,,,,,,,,,,,,,,,,,,,,,,,,,,,,,,142434.8,148672.5,154393.1,160279.0,166683.9,173786.8,176333.6,180288.0,136180.5,148496.6,174184.4,178179.6,184807.1,191912.0
A,CLV15_MEUR,P6_S22,FI,,,,,,,,,,,,,,,,,,,,,,,,,,,,,,,,,,45600.0,37569.0,40618.0,40050.0,40399.0,39570.0,39336.0,38266.0,38895.0,41836.0,42580.0,44235.0,41878.0,43082.0,43945.0,42015.0,43022.0,44684.0
A,CLV15_MEUR,P6_S22,FR,,,,,,,,,,,,,,,,,,,,,,,,,,,,,,,,,,284206.3,259996.3,283651.2,301857.3,320366.4,325175.3,336354.4,355505.0,358253.7,379760.9,390031.3,398828.9,318017.4,354020.7,394675.3,401838.8,418206.9,421485.0
A,CLV15_MEUR,P6_S22,HR,,,,,,,,,,,,,,,,,,,,,,,,,,,,,,,,,,,,,,5841.5,5701.5,5984.0,6330.0,6756.0,7556.2,7605.7,8267.0,5984.0,7770.9,10045.3,10413.7,11378.0,11518.7
A,CLV15_MEUR,P6_S22,HU,,,,,,,,,,,,,,,,,,,,,,,,,,,,,,,,,,21302.0,19065.6,22110.6,22614.4,21617.9,23992.1,23669.3,28244.0,26591.5,27326.1,28559.7,29729.8,27533.7,31558.7,33722.0,34760.2,37407.7,33840.9
A,CLV15_MEUR,P6_S22,IE,,,,,,,,,,,,,,,,,,,,,,,,,,,,,,,,,,,,,,112331.7,131322.8,154679.3,236323.4,252627.4,289944.4,287222.2,329199.1,369323.2,401616.3,440961.1,429639.6,474955.2,538621.8
A,CLV15_MEUR,P6_S22,IT,,,,,,,,,,,,,,,,,,,,,,,,,,,,,,,,,,215262.9,181832.9,207299.7,222232.3,237644.7,242387.3,244785.1,252313.6,254035.5,266030.0,267887.7,270299.1,228225.2,255360.5,281784.8,274051.5,276569.7,269533.2
A,CLV15_MEUR,P6_S22,LT,,,,,,,,,,,,,,,,,,,,,,,,,,,,,,5117.6,6114.5,7014.3,6845.0,8200.9,6358.4,8067.3,9064.8,10641.5,11763.9,10734.6,9549.1,10172.1,11718.3,12153.5,13299.9,12937.3,14724.0,15003.0,14376.1,14050.5,13954.2
A,CLV15_MEUR,P6_S22,LU,,,,,,,,,,,,,,,,,,,,,7699.1,8326.5,10073.5,12101.1,13787.6,16177.7,17391.5,15847.9,16012.7,17645.0,20194.1,24343.9,26175.2,25868.9,23733.1,31139.9,33056.2,31210.0,33765.4,37039.3,39989.3,40654.0,42185.8,42818.5,45708.3,46162.7,51481.8,51073.4,50331.9,43478.6,43787.3
A,CLV15_MEUR,P6_S22,LV,,,,,,,,,,,,,,,,,,,,,,,,,,2843.2,2864.9,2845.9,2856.6,3066.2,3490.4,3661.3,4134.2,4288.3,3710.6,4332.6,4754.1,5400.7,5358.2,5390.6,5428.9,5495.0,6065.9,6064.8,5591.1,5615.1,5745.4,6506.5,5871.8,5776.6,5411.8
A,CLV15_MEUR,P6_S22,ME,,,,,,,,,,,,,,,,,,,,,,,,,,,,,,,,544.5,723.5,838.8,793.2,795.5,935.6,1025.4,1083.9,1046.5,1123.6,1138.0,1156.8,1153.1,1239.0,601.1,1202.4,1313.2,1445.9,1427.4,1375.0
A,CLV15_MEUR,P6_S22,MT,,,,,,,,,,,,,,,,,,,,,,,,,,2112.5,1856.7,1999.2,1895.7,1901.7,1938.6,2386.1,2543.3,2712.7,2381.7,2803.8,3071.6,3291.6,3360.6,3573.7,4463.5,4741.5,5610.7,6197.7,6582.7,6309.8,6884.5,8442.5,7832.2,8461.1,8468.6
A,CLV15_MEUR,P6_S22,NL,,,,,,,,,,,,,,,,,,,,,74012.6,77774.8,87741.4,93029.8,101426.9,116387.9,117964.9,122930.7,125968.4,131043.9,141260.4,150525.6,158319.1,158797.4,147595.7,170329.0,177088.3,191564.6,197565.4,209534.8,236174.0,234889.2,248915.7,252947.9,264475.8,267395.6,274195.5,279306.0,274480.3,281260.8,284337.3
A,CLV15_MEUR,P6_S22,PL,,,,,,,,,,,,,,,,,,,,,,,,,,,,,,,,,,40813.2,36973.2,42754.0,48066.8,53470.1,57717.2,57245.4,58615.7,64266.9,70617.2,73656.2,78512.1,76414.3,82329.6,81905.1,94606.3,97250.4,100715.6
A,CLV15_MEUR,P6_S22,PT,,,,,,,,,,,,,,,,,,,,,,,,,,,,,,,,,,19088.2,17719.8,18969.6,20753.9,23178.9,25524.1,26511.5,27593.2,27855.3,30714.0,30317.6,31489.5,23725.6,26453.5,33312.1,35814.1,36067.8,35547.5
A,CLV15_MEUR,P6_S22,RO,,,,,,,,,,,,,,,,,,,,,,,,,,,,,,,,,10072.9,11573.3,9876.1,12444.9,14192.3,14350.9,17194.3,17933.0,17075.5,18991.7,19657.5,19642.2,20551.0,22419.3,26285.8,30393.4,29741.8,28330.2,29723.3
A,CLV15_MEUR,P6_S22,RS,,,,,,,,,,,,,,,,,,,,,,,,,,,,,,,,,,,,,,4913.9,5792.6,5850.0,6509.4,7153.3,7876.0,8384.1,8728.1,8149.0,10170.7,12106.3,12517.4,13429.0,14371.1
A,CLV15_MEUR,P6_S22,SE,,,,,,,,,,,,,,,,,,,,,,,,,,,,,,,,,,,,,,,88789.5,92392.3,98558.6,99083.6,102558.0,107690.7,118605.7,112301.2,122480.9,129577.6,129158.1,132633.3,139184.9
A,CLV15_MEUR,P6_S22,SI,,,,,,,,,,,,,,,,,,,,,,,,,,,,,,,,,,8141.4,5653.7,6139.6,6445.2,6895.5,7076.1,7137.9,7466.7,8042.9,8649.4,8871.5,9269.7,8803.0,9824.6,10507.1,10765.2,11340.3,11159.2
A,CLV15_MEUR,P6_S22,SK,,,,,,,,,,,,,,,,,,,,,2323.3,2300.6,2542.4,1925.1,2033.1,2180.8,2375.0,2746.7,4149.5,5049.1,5569.2,7342.7,8986.7,9925.4,8036.0,9737.0,10587.6,12418.4,14192.8,14219.4,14768.8,15584.5,15647.8,16400.0,16439.9,15383.1,15554.7,15243.6,18029.4,16262.9,21070.6
A,CLV15_MEUR,P6_S22,TR,,,,,,,,,,,,,,,,,,,,,,,,,,,,,,,,,,,67976.5,69852.8,80022.2,92932.5,99224.5,104595.4,108893.2,101837.9,117854.0,123009.1,131315.1,122724.7,153264.2,171311.7,166440.7,164664.2,161107.3
A,CLV15_MEUR,P6_S22,UK,,,,,,,,,,,,,,,,,,,,,,,,210619.2,214306.9,236099.8,235962.8,235563.1,253415.4,272309.0,295942.7,311249.8,332377.7,342658.5,320865.6,344649.8,375880.9,391952.9,400349.8,398903.8,410277.7,417476.7,435559.7,448277.2,481281.1,,,,,,
A,CLV15_MEUR,P7,AL,,,,,,,,,,,,,,,,,,,,,748.6,1096.2,1000.9,1142.5,1318.8,1972.1,2272.3,2495.3,2623.3,2838.8,3298.6,3585.7,4364.5,4583.0,4609.5,4583.1,4848.5,4512.5,4483.4,4696.6,4571.0,4844.0,5164.7,5253.8,5387.0,4320.9,5723.5,6382.7,6394.3,6777.1,
A,CLV15_MEUR,P7,AT,,,,,,,,,,,,,,,,,,,,,78807.7,82094.7,88063.2,93133.5,96918.3,106790.7,112335.6,112662.3,116613.8,125913.9,132782.6,140556.4,148476.7,149893.6,132057.4,147874.9,156678.7,158125.5,159341.1,164117.6,170089.3,176429.8,185707.2,195186.7,199777.3,180650.9,206195.0,220486.5,210900.8,205456.3,208987.4
A,CLV15_MEUR,P7,BA,,,,,,,,,,,,,,,,,,,,,,,,,,4455.8,4765.6,4900.6,5206.3,5546.6,6125.1,6106.7,7180.1,7907.5,6773.3,6941.2,7143.7,7187.6,7183.6,7727.8,7865.5,8431.4,9076.5,9434.8,9558.8,8275.5,9980.1,10601.7,10468.7,10961.8,
A,CLV15_MEUR,P7,BE,,,,,,,,,,,,,,,,,,,,,152573.2,161047.3,174257.0,183071.2,189246.6,213878.1,212262.3,214503.7,217634.3,231359.7,246228.4,258889.1,273333.3,283733.6,253633.1,278051.6,293943.2,292105.0,291997.1,307826.7,320757.7,345691.3,364232.7,372749.2,378287.4,352850.3,398126.1,411974.1,380519.5,375617.9,374893.7
A,CLV15_MEUR,P7,BG,,,,,,,,,,,,,,,,,,,,,9265.6,9141.0,9100.2,8896.4,10361.9,9361.3,10537.3,11200.2,12897.1,16281.7,18617.8,21580.9,26461.7,27748.8,21780.5,21714.8,23802.9,25083.1,26170.7,27527.2,28829.4,30278.8,32489.8,34310.6,36154.2,34631.3,38334.5,44216.3,41804.8,43447.8,46002.6
A,CLV15_MEUR,P7,CH,,,,,,,,,,,,,,,,,,,,,149476.8,155940.6,174010.8,184486.4,193016.2,209465.8,212909.7,208145.9,208822.9,219156.2,241048.0,248721.4,263122.8,274484.0,267360.1,288696.7,315858.6,308966.7,345551.8,322681.8,338037.1,355726.5,353801.6,355757.9,356987.7,347107.1,364844.6,387435.0,387578.1,389886.8,427708.0
A,CLV15_MEUR,P7,CY,,,,,,,,,,,,,,,,,,,,,7227.1,7651.9,7731.6,7811.6,8038.8,8792.0,8818.2,8730.3,8686.8,9329.9,9423.4,9960.7,10917.8,12335.4,10445.1,11572.8,11272.8,10863.2,10368.3,11168.6,12069.1,13295.8,15194.0,15851.0,17359.6,17926.4,21438.2,27856.9,28175.9,29571.4,30784.0
A,CLV15_MEUR,P7,CZ,,,,,,,,,,,,,,,,,,,,,27287.2,30498.0,32281.5,34075.0,35841.6,40986.5,45639.4,47915.2,52451.2,65870.1,74092.3,82600.1,93236.7,96199.7,85544.5,98215.7,104811.3,107576.0,107643.3,118427.9,126200.1,129440.9,137247.7,144812.6,146682.0,134293.5,152670.2,161751.2,159808.4,160668.0,168718.1
A,CLV15_MEUR,P7,DE,,,,,,,,,,,,,,,,,406290.9,417765.4,383693.1,414369.8,441299.8,458745.7,501014.0,547848.7,595854.2,658964.0,663647.4,643040.2,674770.7,721137.0,764224.9,845600.2,895947.5,910934.6,819255.7,921472.4,982942.9,978844.8,996290.8,1030831.3,1085745.0,1126374.1,1172974.6,1231869.2,1274605.9,1170867.0,1280108.9,1376939.6,1357620.3,1350009.7,1398483.6
A,CLV15_MEUR,P7,DK,,,,,,,,,,,,,,,,,,,,,53654.6,55334.8,60448.8,65031.4,66688.1,75831.0,77651.1,82598.9,81746.2,87593.8,98026.5,111693.1,118178.9,123544.5,108497.3,109924.3,118784.4,122170.3,123951.9,128993.8,134234.8,139988.1,146038.9,154370.8,159084.2,152794.5,167389.0,177395.4,181800.2,189331.1,188668.4
A,CLV15_MEUR,P7,EA,,,,,,,,,,,,,,,,,,,,,1701799.3,1767761.8,1940264.3,2139881.0,2307291.4,2583593.6,2703081.2,2710309.1,2782501.7,2963063.5,3138452.1,3391782.2,3635912.7,3655815.9,3298425.4,3611809.9,3771093.0,3721075.6,3777598.4,3968834.3,4309895.5,4490594.3,4727169.5,4910681.5,5153780.1,4735187.0,5159346.3,5585719.2,5509788.1,5501650.0,5700975.3
A,CLV15_MEUR,P7,EA12,,,,,,,,,,,,,,,,,,,,,1732128.7,1800967.4,1977079.2,2182805.4,2356886.7,2642434.0,2703081.2,2710309.1,2782501.7,2963063.5,3138452.1,3391782.2,3609936.6,3609769.8,3213808.6,3515384.4,3655889.9,3603961.5,3657321.6,3828671.9,4133240.5,4304337.8,4527232.0,4698019.9,4931710.4,4523356.8,4915428.5,5317299.9,5221616.2,5203664.4,5389870.3
A,CLV15_MEUR,P7,EA19,,,,,,,,,,,,,,,,,,,,,1786638.8,1860085.7,2042614.5,2252524.0,2427406.0,2718034.4,2784043.1,2795366.1,2873001.1,3066812.8,3254092.7,3524599.9,3757941.9,3762458.9,3333816.1,3653017.2,3806711.5,3758550.0,3816471.1,3992608.0,4309895.5,4490594.3,4727169.5,4910681.5,5153780.1,4735187.0,5159346.3,5585719.2,5475630.9,5464570.6,5662871.6
A,CLV15_MEUR,P7,EA20,,,,,,,,,,,,,,,,,,,,,1795657.8,1869916.5,2055016.1,2263875.1,2438543.6,2730032.0,2797338.8,2810920.0,2890320.8,3085057.3,3273296.7,3545386.2,3779993.9,3785340.5,3352040.4,3670622.2,3824762.0,3776177.2,3834670.4,4011435.2,4330465.5,4512503.5,4750956.1,4936245.7,5181053.0,4759087.2,5187416.6,5621353.7,5509788.1,5501650.0,5700975.3
A,CLV15_MEUR,P7,EA21,,,,,,,,,,,,,,,,,,,,,1804824.8,1879244.8,2064817.1,2274125.3,2450088.3,2741360.1,2809633.7,2823737.7,2904538.2,3102151.1,3292478.7,3567329.2,3806413.6,3812956.5,3373735.8,3692361.2,3848556.5,3801249.4,3860844.8,4038967.7,4359294.8,4542782.3,4783429.3,4970543.7,5217194.7,4793710.6,5225719.6,5665588.3,5551528.7,5545122.7,5747049.8
A,CLV15_MEUR,P7,EE,,,,,,,,,,,,,,,,,,,,,3560.2,3839.8,4968.8,5614.3,5292.7,5009.4,5628.8,6376.7,7269.6,8442.6,9852.5,11892.2,13436.0,12608.7,8749.7,10609.6,13494.2,14801.5,15163.6,15559.8,15227.2,16149.7,16718.2,17802.5,18456.2,18611.2,22992.1,24154.5,22387.9,22471.6,23605.6
A,CLV15_MEUR,P7,EL,,,,,,,,,,,,,,,,,,,,,28697.6,31656.0,35139.5,41214.7,47928.3,57061.4,57871.4,54433.3,57901.7,61951.4,62039.5,68109.7,76909.6,79392.4,63804.6,61083.0,55107.7,52081.0,50201.1,53633.5,58019.3,59255.3,63491.3,68730.2,70668.2,65512.7,76894.4,85310.5,85351.5,89426.4,88273.5
A,CLV15_MEUR,P7,ES,,,,,,,,,,,,,,,,,,,,,142299.5,152697.1,172380.9,196587.6,223493.9,244888.8,253835.2,263170.6,279044.2,306023.3,327324.7,354207.4,383389.9,362273.6,295969.3,314314.1,312454.3,294130.2,293310.1,313262.6,329214.0,337924.2,360550.7,374570.4,379508.9,322019.0,370261.1,398888.4,398757.5,410511.8,436116.5
A,CLV15_MEUR,P7,EU27_2020,,,,,,,,,,,,,,,,,,,,,2025394.1,2117108.5,2333482.1,2574850.2,2763749.7,3098256.8,3172409.8,3200137.2,3302880.5,3547996.7,3780512.6,4123365.9,4436446.5,4479777.1,3949853.6,4331302.6,4529532.9,4484302.7,4557910.1,4791500.8,5155493.6,5387683.0,5687829.7,5931182.1,6213837.7,5741802.1,6296666.5,6820807.8,6711580.3,6733158.2,6980054.1
A,CLV15_MEUR,P7,FI,,,,,,19467.0,18574.0,18984.0,19764.0,19946.0,21215.0,21963.0,23895.0,26493.0,28875.0,28767.0,24935.0,25109.0,25451.0,28712.0,31063.0,33310.0,37267.0,40424.0,42157.0,48422.0,49092.0,51199.0,53302.0,57632.0,64077.0,68299.0,73341.0,79183.0,65724.0,69864.0,74203.0,75038.0,75134.0,74458.0,76048.0,80351.0,83835.0,88724.0,90831.0,85272.0,91237.0,99684.0,92869.0,92150.0,93732.0
A,CLV15_MEUR,P7,FR,111961.9,132361.1,134678.4,140423.8,152152.6,160170.1,158289.8,164006.2,159548.4,164517.3,172322.6,183898.8,198768.6,216231.6,233766.4,245324.7,253015.9,257444.1,248745.0,270553.1,289597.6,296250.1,319283.0,358107.9,382122.4,438473.2,448542.3,459031.8,462139.3,489888.9,520509.5,550540.7,580673.7,588016.1,535509.7,581575.1,615713.0,617750.8,634713.9,661780.4,700292.1,726907.1,759281.9,783279.6,798444.9,700731.8,758637.8,827268.5,825058.9,815077.1,838500.1
A,CLV15_MEUR,P7,HR,,,,,,,,,,,,,,,,,,,,,8890.4,9785.4,12628.6,11269.5,10911.2,11688.1,13083.5,15456.2,17256.0,18168.0,19117.4,20692.1,21948.2,22790.8,18147.1,17600.9,18047.1,17620.7,18199.6,18824.2,20570.0,21909.2,23777.5,25540.6,27243.6,23887.4,28013.1,35516.1,34030.2,36883.7,37909.9
A,CLV15_MEUR,P7,HU,,,,,,,,,,,,,,,,,,,,,15373.3,16444.7,20395.7,25001.5,28298.6,34849.7,36872.6,40070.0,43871.4,51813.9,55944.4,64384.7,73418.3,77732.0,66692.0,73220.5,76200.4,73843.7,76909.8,85283.9,90120.6,93226.3,101074.9,108133.8,116986.1,112770.0,121463.7,134633.3,130082.5,128266.0,129820.2
A,CLV15_MEUR,P7,IE,,,,,,,,,,,,,,,,,,,,,44632.3,50364.8,58747.5,75065.1,84535.3,102868.0,116345.1,122556.1,119593.4,121870.4,137376.2,150154.6,164195.9,159621.5,156903.7,157795.6,161965.0,160321.2,174031.2,199066.3,264156.4,310357.8,323426.3,316835.1,444731.2,445574.0,404514.2,465070.1,475436.4,488207.3,534485.0
A,CLV15_MEUR,P7,IS,,,,,,,,,,,,,,,,,,,,,3072.9,3521.5,3763.8,4589.7,4743.6,5113.7,4603.6,4477.9,4937.1,5659.0,7233.7,7944.1,7764.3,6187.2,4908.3,5021.6,5362.6,5592.1,5592.3,6152.9,6951.5,7982.9,8972.7,9025.2,8201.7,6543.1,7868.8,9648.8,9461.9,9856.3,10561.1
A,CLV15_MEUR,P7,IT,,,,,,,,,,,,,,,,,,,,,270155.1,266829.1,294856.7,321921.3,336391.9,373050.0,381910.0,384310.4,387171.5,404594.8,418781.7,452662.2,476887.1,457261.7,396058.7,443517.7,444194.9,407945.9,396950.4,411293.4,437301.9,454470.5,480904.1,495153.4,489581.2,428478.7,496826.6,560821.8,550308.7,544657.8,564479.3
A,CLV15_MEUR,P7,LT,,,,,,,,,,,,,,,,,,,,,4517.7,5846.0,7548.3,8032.8,6867.4,7306.4,8747.0,10507.6,11516.0,13640.8,16322.4,18656.9,20643.5,22877.1,16322.0,19065.8,21776.5,22902.3,24233.2,23794.4,26055.4,27109.2,30144.6,31935.2,33882.1,32412.7,38627.6,43647.9,41347.3,42357.5,45934.9
A,CLV15_MEUR,P7,LU,,,,,,,,,,,,,,,,,,,,,21938.6,23652.7,27442.1,32214.0,36454.8,42607.8,45518.0,44840.3,46474.0,50701.0,53817.9,60002.5,61540.7,62882.6,57177.0,65326.5,69733.4,70960.9,75381.4,81589.9,86246.8,89482.8,90157.1,93274.3,100219.9,101672.4,115290.4,118063.7,119128.6,102925.3,104776.6
A,CLV15_MEUR,P7,LV,,,,,,,,,,,,,,,,,,,,,4051.1,5133.9,5366.7,6266.6,5940.4,6104.0,7054.2,7244.7,8098.5,9769.5,11427.8,13915.0,16339.3,14505.3,10024.2,11301.0,13852.3,14575.2,14556.7,14993.2,15145.1,15779.7,17131.0,18215.2,18584.5,18375.8,21157.9,23255.2,22082.4,21691.4,22931.8
A,CLV15_MEUR,P7,ME,,,,,,,,,,,,,,,,,,,,,,,,,,,,,,,,1790.4,2574.8,3022.2,2183.0,2104.4,2116.9,2093.2,2082.7,2120.3,2219.5,2617.7,2838.4,3100.6,3184.8,2495.8,2896.3,3570.6,3863.1,4084.9,4187.4
A,CLV15_MEUR,P7,MK,,,,,,,,,,,,,,,,,,,,,,,,,,2502.1,2259.8,2452.3,2307.3,2800.2,3070.9,3359.6,3862.9,4061.0,3563.2,3932.5,4246.5,4596.4,4696.0,5360.3,5893.4,6549.1,6892.2,7632.0,8401.5,7489.0,8597.1,9766.3,8770.8,8651.8,9229.3
A,CLV15_MEUR,P7,MT,,,,,,,,,,,,,,,,,,,,,,,,,,5349.1,4533.8,4553.3,4695.9,4842.9,5134.0,5893.3,6278.1,6636.7,5777.8,6643.5,7083.1,7658.5,7463.6,7622.2,10064.4,10739.9,11723.9,13645.5,15086.0,15601.0,16102.7,19134.0,18765.0,19742.9,20608.8
A,CLV15_MEUR,P7,NL,,,,,,,,,,,,,,,,,,,,,191349.2,201449.8,223280.5,241909.0,265808.2,295975.6,303335.9,304314.0,310917.1,330978.3,349020.7,375551.6,404726.0,401962.8,370358.2,401629.7,420249.1,432407.1,444894.5,462475.0,533708.0,521690.8,561433.2,592403.8,616152.1,590653.7,629259.8,656657.4,630932.6,631492.1,646747.3
A,CLV15_MEUR,P7,NO,31282.0,35457.9,36198.6,30693.1,30858.4,31683.4,32175.5,33969.2,32917.9,34693.4,37816.8,42343.9,39584.7,38526.1,39350.3,40287.5,40435.8,41111.1,43148.3,45459.0,47979.7,52194.5,58692.5,64104.7,63088.6,64848.0,66158.6,66402.3,66898.3,72929.3,78618.8,85550.6,93737.9,97935.4,88031.5,95141.7,98911.1,102215.2,107543.2,109952.1,112119.6,114035.3,116119.0,117773.8,124249.8,111944.9,113900.0,129492.0,127944.2,134364.2,137830.5
A,CLV15_MEUR,P7,PL,,,,,,,,,,,,,,,,,,,,,40517.4,51638.5,62579.0,74213.2,75051.8,86641.3,82118.7,84344.2,92214.5,99769.2,106319.0,125558.4,145338.4,158900.9,138744.1,159152.5,167713.4,166189.8,169116.1,184678.7,195024.3,210108.7,230774.3,248192.7,256188.1,249884.3,290641.5,310405.1,305771.6,319429.2,337394.1
A,CLV15_MEUR,P7,PT,,,,,,,,,,,,,,,,,,,,,34607.7,36656.7,40434.7,46360.1,50542.8,53344.8,53888.9,53748.6,53621.5,57599.2,58865.4,63330.1,66885.4,68389.6,61890.0,66710.6,62577.4,58636.5,61396.7,66313.4,71662.0,75403.1,81456.9,85453.8,89780.3,79374.4,89104.8,99143.0,101459.4,106218.8,110777.5
A,CLV15_MEUR,P7,RO,,,,,,,,,,,,,,,,,,,,,9591.5,10457.6,11554.3,12888.6,12337.0,11331.0,13993.4,15486.6,18342.7,22917.5,27442.2,34763.6,49119.6,54620.0,43254.7,48910.4,53651.4,52589.9,57236.5,62296.0,67596.1,78809.1,87846.1,95628.9,104055.6,98637.4,113004.9,123459.4,121589.1,126511.2,132529.3
A,CLV15_MEUR,P7,RS,,,,,,,,,,,,,,,,,,,,,2304.9,3812.5,5066.4,4616.3,3018.4,3763.9,6431.3,8144.5,9479.9,12379.3,11656.0,13678.8,15931.5,17554.3,13681.4,14058.1,15287.5,15512.3,16625.4,17466.6,18663.0,19851.7,21894.1,24326.1,26721.4,25659.0,30194.2,35042.4,34550.4,37313.4,40306.5
A,CLV15_MEUR,P7,SE,,,,,,,,,,,,,,,,,,,60020.4,67741.4,72647.1,75241.9,84590.1,93871.0,99107.5,111552.3,110025.8,108977.3,112520.3,120275.8,128500.9,138998.2,151320.3,155604.2,133787.9,150078.4,160148.2,161030.8,162439.9,173002.9,183022.9,193327.5,201819.2,210259.1,214431.1,200917.8,227808.9,250137.1,248637.8,254735.2,265791.0
A,CLV15_MEUR,P7,SI,,,,,,,,,,,,,,,,,,,,,9534.7,9763.3,10904.7,12001.5,13010.8,13872.1,14374.7,15183.3,16164.9,18422.8,19774.5,22224.2,26015.1,27079.1,22100.5,23637.0,24825.3,24037.1,24462.8,25433.1,26774.1,28548.4,31595.0,33834.1,35413.8,32185.0,37908.1,41416.5,39539.1,41233.9,42106.0
A,CLV15_MEUR,P7,SK,,,,,,,,,,,,,,,,,,,,,17088.3,19911.4,21842.4,21437.7,20622.7,21906.0,26039.8,27468.1,29694.5,36396.6,42012.3,50023.3,54845.9,57115.0,46399.3,54565.9,58488.5,59781.4,62784.1,65347.8,71319.6,74633.9,77463.6,81358.1,83275.4,76694.0,85629.1,89163.8,82317.1,84458.0,87593.7
A,CLV15_MEUR,P7,TR,,,,,,,,,,,,,,,,,,,,,50789.7,60979.6,73769.3,75336.7,72901.1,88697.7,67277.1,81647.9,100706.5,121987.6,136861.3,146691.2,160919.7,156197.5,133743.4,159606.0,182775.4,183397.3,202610.4,202599.0,206921.8,212971.8,235731.1,221796.7,209918.7,224282.8,229074.1,247982.1,277864.1,265647.7,278755.6
A,CLV15_MEUR,P7,UA,,,,,,,,,,,,,,,,,,,,,,,,,,,,,,,,,,,,60493.0,69794.7,72445.8,69920.3,54464.0,45383.8,49604.9,56017.3,57576.2,60884.2,57016.3,65114.7,53773.6,58575.6,65921.2,
A,CLV15_MEUR,P7,UK,,,,,,,,,,,,,,,,,,,,,,,,415831.4,445719.8,487671.8,517693.5,544976.6,555146.6,589675.7,630422.7,695520.2,673792.0,657921.6,605226.0,653168.1,663828.0,676792.4,697617.5,720982.4,759999.4,789994.5,810911.7,832964.9,855736.9,,,,,,
A,CLV15_MEUR,P7,XK,,,,,,,,,,,,,,,,,,,,,,,,,,,,,,,,,,2255.3,2317.3,2590.6,2986.8,2927.2,2865.4,3012.8,2926.3,3150.3,3322.2,3684.4,3850.3,3618.2,4755.5,5014.2,5249.7,5704.5,6207.3
A,CLV15_MEUR,P7_S21,AT,,,,,,,,,,,,,,,,,,,,,,,,,,,,,,,,,,,,,,109098.0,113202.7,120294.4,123549.9,129968.4,136973.1,139727.6,143190.7,129011.9,144400.7,151528.2,146125.8,143996.3,146185.6
A,CLV15_MEUR,P7_S21,BE,,,,,,,,,,,,,,,,,,,,,92359.0,97385.6,105364.1,110806.0,114915.9,129825.4,129116.7,130446.5,132170.2,140266.6,149124.0,156767.7,165512.1,182996.8,174316.7,190478.3,199769.4,200817.3,199479.0,212497.1,211475.7,231033.2,249435.8,253383.2,260284.2,245383.5,282012.7,274001.4,262248.0,265060.7,268370.3
A,CLV15_MEUR,P7_S21,BG,,,,,,,,,,,,,,,,,,,,,,,,,,,,,,,,,,,,,,,,16205.1,17574.0,18985.9,19883.6,20912.0,21692.8,20828.4,23097.8,24386.6,25046.8,25476.6,26573.8
A,CLV15_MEUR,P7_S21,CY,,,,,,,,,,,,,,,,,,,,,,,,,,,,,,,,,,6429.5,5505.5,5682.9,5327.0,5175.9,4910.8,5178.0,5351.6,6287.5,7072.7,7260.5,7624.4,7192.9,9597.0,12046.4,12351.7,13492.2,14051.5
A,CLV15_MEUR,P7_S21,CZ,,,,,,,,,,,,,,,,,,,,,,,,,,,,,,,,,,,,64082.0,68962.4,70359.2,71076.6,79765.7,81052.8,85244.0,89418.6,94444.8,95876.5,86503.2,96861.2,100517.3,102408.6,102427.1,106241.2
A,CLV15_MEUR,P7_S21,DE,,,,,,,,,,,,,,,,,,,,,,,,,,,,,,,,,,,,,,502313.2,520081.1,542599.4,555185.0,580726.4,602566.1,652846.7,677154.2,616940.8,674933.2,700289.5,711456.1,704854.8,730704.7
A,CLV15_MEUR,P7_S21,DK,,,,,,,,,,,,,,,,,,,,,,,,,,,,,,,57651.5,65440.5,69769.0,70267.7,60151.6,60939.8,64593.0,66459.6,68053.1,70247.6,73698.9,77806.5,80458.4,84483.3,87288.2,86695.8,94370.4,97085.6,101244.6,101754.5,106005.0
A,CLV15_MEUR,P7_S21,EE,,,,,,,,,,,,,,,,,,,,,,,,,,,,,,,,,,10062.0,7036.7,8510.8,10890.2,11704.0,12065.4,12399.4,12286.4,13311.6,13917.6,14475.7,14827.7,14784.2,17694.3,19044.6,18225.5,18046.1,18702.5
A,CLV15_MEUR,P7_S21,EL,,,,,,,,,,,,,,,,,,,,,,,,,,,,,,,,,,,,,29236.2,26286.5,24703.9,26944.3,25982.0,27176.5,29293.4,32301.5,33858.6,32488.3,38533.3,42461.0,44239.4,46416.4,49475.2
A,CLV15_MEUR,P7_S21,ES,,,,,,,,,,,,,,,,,,,,,,,,,,,,,,,,,,,,,,141783.1,143929.0,158932.7,172768.0,182056.5,190336.0,195560.0,198034.7,172198.1,193028.2,189705.0,205150.7,210942.7,226590.2
A,CLV15_MEUR,P7_S21,FI,,,,,,,,,,,,,,,,,,,,,,,,,,,,,,,,,,45101.0,39561.0,41489.0,43179.0,45181.0,42420.0,42472.0,45724.0,49290.0,50946.0,53325.0,54513.0,52574.0,55571.0,58689.0,57044.0,56828.0,57938.0
A,CLV15_MEUR,P7_S21,FR,,,,,,,,,,,,,,,,,,,,,,,,,,,,,,,,,,324282.9,288338.9,312822.9,328547.7,333062.2,343014.4,354156.7,373386.7,390216.9,406082.2,419060.0,421256.9,376221.2,407334.3,429177.9,433597.7,422056.7,428417.6
A,CLV15_MEUR,P7_S21,HR,,,,,,,,,,,,,,,,,,,,,,,,,,,,,,,,,,,,,,10659.6,12973.2,13900.0,15562.1,16577.9,18116.3,19169.8,21064.5,18563.8,21146.0,25052.7,26267.5,28211.5,28561.9
A,CLV15_MEUR,P7_S21,HU,,,,,,,,,,,,,,,,,,,,,,,,,,,,,,,,,,51756.2,44504.9,49042.3,52182.0,51833.2,54844.3,62968.9,65965.8,69904.6,74908.4,79162.9,82431.9,79234.9,86155.3,94959.1,90525.9,88591.6,89866.4
A,CLV15_MEUR,P7_S21,IE,,,,,,,,,,,,,,,,,,,,,,,,,,,,,,,,,,,,,,56369.5,59348.8,62574.5,70660.1,78890.7,84789.8,91047.8,98955.8,76588.1,88881.8,114488.1,114972.8,117477.8,125210.4
A,CLV15_MEUR,P7_S21,IT,,,,,,,,,,,,,,,,,,,,,,,,,,,,,,,,,,234807.9,205558.5,232022.1,235146.5,219197.2,217220.4,227207.6,242973.6,252569.5,269437.2,276136.7,275822.1,243846.7,290753.5,327516.7,324211.3,322672.2,350542.5
A,CLV15_MEUR,P7_S21,LT,,,,,,,,,,,,,,,,,,,,,,,,,,,,,,8088.9,9086.8,10971.0,13300.8,12516.9,9169.3,10282.0,11747.1,12472.5,13580.5,13868.3,16188.3,17859.3,19580.0,20495.4,21881.3,22415.5,26144.9,27983.3,29424.0,29989.6,32538.5
A,CLV15_MEUR,P7_S21,LU,,,,,,,,,,,,,,,,,,,,,16264.6,17492.2,19443.2,22586.8,24261.0,28865.6,31192.5,30865.8,32634.5,34888.0,35711.2,38383.1,39017.8,41308.9,37626.2,40060.6,41401.5,44957.7,46928.7,50594.5,53387.2,56683.6,56533.9,58726.1,62730.3,61681.6,68905.0,73622.1,75030.6,63998.1,65928.4
A,CLV15_MEUR,P7_S21,LV,,,,,,,,,,,,,,,,,,,,,,,,,,3830.3,4599.3,4782.9,5288.0,6414.8,7733.8,9811.2,11772.7,10330.2,6917.5,7728.5,9867.0,10580.7,10722.8,11266.0,11085.3,11520.1,12398.5,13158.0,13577.2,13665.8,15535.4,17829.1,17437.2,17273.8,18427.1
A,CLV15_MEUR,P7_S21,ME,,,,,,,,,,,,,,,,,,,,,,,,,,,,,,,,812.0,1126.9,1256.8,806.6,777.7,819.2,805.7,814.0,951.1,932.9,1221.7,1307.6,1461.9,1504.6,1113.1,1320.2,1614.9,1790.0,1870.2,1799.4
A,CLV15_MEUR,P7_S21,MT,,,,,,,,,,,,,,,,,,,,,,,,,,2914.2,2453.9,2467.1,2545.7,2619.9,2767.0,3181.6,3373.4,3557.3,3084.8,3559.0,3773.0,4102.2,3926.3,4080.2,5141.0,5774.7,5908.3,7204.3,7942.1,7654.1,8129.4,9549.9,9809.2,10360.4,10802.4
A,CLV15_MEUR,P7_S21,NL,,,,,,,,,,,,,,,,,,,,,109795.2,116675.3,126907.4,134646.9,143134.4,147823.6,150362.3,155703.8,158644.6,168535.4,172522.5,184954.7,206063.2,202387.2,187874.4,190663.4,198046.8,200243.2,211318.2,215967.8,247313.0,249813.1,273165.8,292099.9,311169.3,295228.4,310408.3,311619.2,318286.7,321752.0,331629.0
A,CLV15_MEUR,P7_S21,PL,,,,,,,,,,,,,,,,,,,,,,,,,,,,,,,,,,110741.0,97091.7,110455.0,114833.2,111124.0,115120.2,126041.9,134756.1,147840.2,159893.6,168981.2,173156.6,170518.0,194951.7,201708.3,209122.3,219312.2,231993.9
A,CLV15_MEUR,P7_S21,PT,,,,,,,,,,,,,,,,,,,,,,,,,,,,,,,,,,49173.1,44480.7,47731.5,44979.9,41670.9,43443.1,48233.0,51151.9,54246.7,58746.4,62361.8,64864.7,57558.1,65157.3,72507.6,75194.4,78557.5,83434.5
A,CLV15_MEUR,P7_S21,RO,,,,,,,,,,,,,,,,,,,,,,,,,,,,,,,,,34168.4,37510.3,31048.7,35347.7,39050.5,38808.9,43730.5,47352.6,52112.4,60950.1,67818.8,73234.9,80075.3,72882.4,82947.1,89584.5,90778.1,93678.0,97750.9
A,CLV15_MEUR,P7_S21,RS,,,,,,,,,,,,,,,,,,,,,,,,,,,,,,,,,,,,,,9996.5,10167.7,10097.5,10707.3,11795.9,13046.1,14039.4,15144.6,14595.8,16391.4,18015.0,18131.1,19566.9,20558.3
A,CLV15_MEUR,P7_S21,SE,,,,,,,,,,,,,,,,,,,,,,,,,,,,,,,,,,,,,,,98969.9,104047.2,110837.9,119532.4,126446.7,131106.9,133559.8,127977.8,142884.2,151254.4,153155.3,157799.8,164754.4
A,CLV15_MEUR,P7_S21,SI,,,,,,,,,,,,,,,,,,,,,,,,,,,,,,,,,,20277.7,17457.0,18417.3,19261.9,18686.5,18808.6,19586.4,21037.9,22506.1,24766.4,26306.0,27350.4,24726.8,29163.2,30907.9,30581.1,31830.6,32462.4
A,CLV15_MEUR,P7_S21,SK,,,,,,,,,,,,,,,,,,,,,11439.4,12965.0,14928.3,15539.9,14941.3,14779.6,18036.0,19324.5,21447.8,24348.1,25729.1,28949.5,30866.6,30849.7,24092.5,27015.7,29001.4,28947.3,32301.9,34444.8,38675.9,41462.6,43421.8,46000.8,49383.0,44249.3,47690.8,44768.9,45651.3,47042.1,43137.0
A,CLV15_MEUR,P7_S21,TR,,,,,,,,,,,,,,,,,,,,,,,,,,,,,,,,,,,50718.3,60505.5,68947.3,68783.6,75492.2,76936.5,82393.4,88068.8,91302.6,84832.7,77573.1,78336.0,73792.9,62737.7,81356.1,84464.7,88663.4
A,CLV15_MEUR,P7_S21,UK,,,,,,,,,,,,,,,,,,,,,,,,221013.6,238621.0,253363.5,278764.2,306144.2,304907.5,318298.3,345015.2,389521.8,360082.0,345324.7,309064.0,331333.2,339644.0,350912.5,363823.9,383569.5,404834.4,420872.4,433506.1,448076.1,449089.0,,,,,,
A,CLV15_MEUR,P7_S2111,AT,,,,,,,,,,,,,,,,,,,,,,,,,,,,,,,,,,,,,,95652.3,97802.8,98929.6,101706.9,104742.3,110028.9,112333.7,114581.7,102434.7,114235.7,120000.9,116573.1,114833.1,117107.2
A,CLV15_MEUR,P7_S2111,BE,,,,,,,,,,,,,,,,,,,,,,,,,110184.1,124520.9,123891.2,125134.2,126779.0,134487.7,142900.2,150124.0,158650.8,171152.0,161703.7,175196.8,182947.4,184108.5,183003.1,194117.5,191496.3,210068.1,226952.5,231224.2,235559.2,222626.6,256607.1,248324.5,234674.4,238708.8,241483.5
A,CLV15_MEUR,P7_S2111,BG,,,,,,,,,,,,,,,,,,,,,,,,,,,,,,,,,,,,,,,,11691.4,12616.9,13497.0,14119.9,14978.3,15337.3,14428.8,16085.8,17128.4,17576.9,17638.1,18364.8
A,CLV15_MEUR,P7_S2111,CY,,,,,,,,,,,,,,,,,,,,,,,,,,,,,,,,,,5844.7,5036.2,5158.7,4813.6,4683.9,4487.9,4726.0,4788.2,5765.6,6365.8,6358.2,6654.4,6259.6,8247.0,10279.9,10614.0,11646.7,12129.5
A,CLV15_MEUR,P7_S2111,CZ,,,,,,,,,,,,,,,,,,,,,,,,,,,,,,,,,,,,51769.4,55381.3,56869.1,56606.6,63306.5,63812.5,67352.1,70572.9,72766.9,73843.9,67080.8,74711.4,77173.4,78158.1,79265.6,82757.2
A,CLV15_MEUR,P7_S2111,DE,,,,,,,,,,,,,,,,,,,,,,,,,,,,,,,,,,,,,,380508.3,392109.7,402152.7,406092.0,420983.3,435528.4,466133.5,484834.3,432887.7,472713.4,491803.8,495786.3,494141.4,511846.5
A,CLV15_MEUR,P7_S2111,DK,,,,,,,,,,,,,,,,,,,,,,,,,,,,,,,42503.9,48204.4,51143.4,51340.6,43971.7,43673.1,46342.7,48002.1,49291.3,50575.3,53418.5,55954.7,57698.8,61279.8,63303.3,62487.1,67822.5,69265.9,72808.4,73680.0,76653.3
A,CLV15_MEUR,P7_S2111,EE,,,,,,,,,,,,,,,,,,,,,,,,,,,,,,,,,,4041.7,2685.2,3212.8,3917.2,4379.8,5698.1,7565.9,8668.9,9420.7,9869.9,10284.8,10558.4,11471.1,13836.7,14968.0,14027.4,13748.2,14338.5
A,CLV15_MEUR,P7_S2111,EL,,,,,,,,,,,,,,,,,,,,,,,,,,,,,,,,,,,,,24881.5,22042.8,20501.5,22303.1,21232.1,21866.8,23510.3,25997.3,27506.0,26691.7,31010.1,33482.2,35919.8,37756.5,40289.8
A,CLV15_MEUR,P7_S2111,ES,,,,,,,,,,,,,,,,,,,,,,,,,,,,,,,,,,,,,,127234.2,128193.7,140739.2,152145.0,159588.4,167280.9,171902.6,173380.9,149818.4,169165.6,165246.5,178311.7,183941.2,197928.6
A,CLV15_MEUR,P7_S2111,FI,,,,,,,,,,,,,,,,,,,,,,,,,,,,,,,,,,29830.0,25675.0,26414.0,27195.0,28331.0,26609.0,26819.0,29548.0,32237.0,32927.0,34440.0,35256.0,33956.0,35366.0,36991.0,36806.0,36765.0,36991.0
A,CLV15_MEUR,P7_S2111,FR,,,,,,,,,,,,,,,,,,,,,,,,,,,,,,,,,,294187.1,260871.7,279169.1,293835.3,299710.4,307776.9,316923.6,334042.7,348501.5,361638.5,372090.3,372183.6,332110.5,358202.4,377553.7,379358.8,368097.1,373872.6
A,CLV15_MEUR,P7_S2111,HR,,,,,,,,,,,,,,,,,,,,,,,,,,,,,,,,,,,,,,8901.1,10560.9,11383.8,12551.7,13373.3,14397.4,15105.8,16530.0,14468.1,16287.2,19266.5,20450.2,21706.1,22118.0
A,CLV15_MEUR,P7_S2111,HU,,,,,,,,,,,,,,,,,,,,,,,,,,,,,,,,,,43144.8,36904.0,40091.5,42910.4,43234.8,44698.1,50904.8,52849.8,55963.7,60190.3,63105.8,65668.1,62521.9,70365.6,79075.3,74691.5,73041.1,73932.3
A,CLV15_MEUR,P7_S2111,IE,,,,,,,,,,,,,,,,,,,,,,,,,,,,,,,,,,,,,,53795.7,56080.6,59234.2,66536.4,74553.6,80149.7,85574.6,92556.2,69551.5,80996.0,105057.2,104777.5,105982.9,112616.8
A,CLV15_MEUR,P7_S2111,IT,,,,,,,,,,,,,,,,,,,,,,,,,,,,,,,,,,206019.6,178443.4,201989.3,204482.7,190962.2,189300.7,196307.3,208512.9,216079.3,229763.5,234356.8,233200.1,205982.4,244910.4,276148.1,271796.7,272712.9,290483.4
A,CLV15_MEUR,P7_S2111,LT,,,,,,,,,,,,,,,,,,,,,,,,,,,,,,5883.2,6460.3,7761.4,9249.3,8540.7,6316.1,7181.2,8224.0,8454.0,9272.8,9470.7,11140.2,12129.4,13358.5,13859.0,14833.2,15134.4,18053.7,18543.3,20260.6,20128.9,22318.4
A,CLV15_MEUR,P7_S2111,LU,,,,,,,,,,,,,,,,,,,,,15807.2,16995.2,18835.3,21801.4,23343.2,27801.3,29855.0,29822.4,31573.4,33688.1,34438.6,36907.3,37379.7,39258.4,36063.3,38319.6,39491.7,42714.8,44478.5,47874.2,50174.1,53084.4,52550.7,54486.9,58408.0,57038.4,63324.2,68392.6,69750.7,59550.9,61359.1
A,CLV15_MEUR,P7_S2111,LV,,,,,,,,,,,,,,,,,,,,,,,,,,2973.4,3622.1,3766.8,4123.8,4970.5,6016.3,7574.4,9212.4,8050.4,5367.3,6061.0,7739.1,8311.7,8338.1,8648.7,8474.5,8745.8,9633.4,10178.5,10486.3,10391.5,11901.8,13664.9,13216.1,13187.7,14062.4
A,CLV15_MEUR,P7_S2111,ME,,,,,,,,,,,,,,,,,,,,,,,,,,,,,,,,617.5,922.9,1056.2,678.9,672.7,693.0,685.3,672.1,697.6,669.5,904.6,940.7,1043.9,1066.8,778.2,972.1,1377.0,1518.0,1599.5,1521.4
A,CLV15_MEUR,P7_S2111,MT,,,,,,,,,,,,,,,,,,,,,,,,,,2700.2,2261.5,2272.2,2345.7,2410.4,2537.6,2920.6,3083.8,3241.1,2799.9,3239.4,3427.8,3719.1,3538.3,3662.9,4594.7,5136.3,5193.7,6305.2,7046.4,6640.3,6574.8,8212.1,8413.3,8676.9,9116.8
A,CLV15_MEUR,P7_S2111,NL,,,,,,,,,,,,,,,,,,,,,102487.4,108676.3,116526.9,124147.6,131731.4,132111.4,136157.3,143853.4,148278.3,154662.3,157474.2,168397.3,181628.9,176612.3,161028.8,163078.8,168282.2,168089.0,176088.7,182587.7,212681.0,214684.2,232056.5,246550.6,261905.9,250892.7,263768.3,264060.9,270612.3,273362.6,281119.4
A,CLV15_MEUR,P7_S2111,PL,,,,,,,,,,,,,,,,,,,,,,,,,,,,,,,,,,94494.4,82965.1,93699.8,96922.1,93484.7,96824.3,105967.6,113437.3,124300.1,134583.2,142024.6,145410.3,143790.7,164589.6,168993.7,173478.5,179844.1,190788.4
A,CLV15_MEUR,P7_S2111,PT,,,,,,,,,,,,,,,,,,,,,,,,,,,,,,,,,,46881.6,42254.9,45264.2,42565.2,39313.3,40965.9,45452.0,48193.0,50996.3,55396.1,58742.7,60959.0,53773.3,60662.3,67501.1,69742.7,73013.3,77376.0
A,CLV15_MEUR,P7_S2111,RO,,,,,,,,,,,,,,,,,,,,,,,,,,,,,,,,,25260.7,27097.6,21813.3,24741.5,27192.2,27009.1,30951.9,33114.1,37010.7,43491.5,47911.4,51617.0,54770.2,52751.7,59818.4,62451.8,66151.3,67804.1,70251.2
A,CLV15_MEUR,P7_S2111,RS,,,,,,,,,,,,,,,,,,,,,,,,,,,,,,,,,,,,,,6915.6,7120.2,7051.4,7562.8,8361.8,9210.8,10073.1,10721.9,10276.9,11785.9,13038.6,13503.6,14516.4,15076.5
A,CLV15_MEUR,P7_S2111,SE,,,,,,,,,,,,,,,,,,,,,,,,,,,,,,,,,,,,,,,77276.4,81552.4,86416.4,93268.1,98870.8,102094.8,104732.0,100841.8,112625.3,119715.3,121223.0,124321.0,130067.4
A,CLV15_MEUR,P7_S2111,SI,,,,,,,,,,,,,,,,,,,,,,,,,,,,,,,,,,16613.3,15182.1,15893.8,16542.3,16051.4,16026.9,16578.7,17741.0,19023.1,20904.4,22148.1,22973.5,20557.3,24319.6,25621.0,25456.4,26641.9,26957.1
A,CLV15_MEUR,P7_S2111,SK,,,,,,,,,,,,,,,,,,,,,5520.4,6927.7,8899.5,10208.7,10147.4,10112.1,12218.6,13071.2,14576.7,16088.4,16415.7,18030.7,19046.7,19103.3,14243.7,16094.1,17223.5,17547.1,18332.5,19434.9,21868.2,24344.0,25525.9,26962.7,26642.9,26125.4,28990.6,25274.2,25113.5,25929.5,23703.8
A,CLV15_MEUR,P7_S2111,TR,,,,,,,,,,,,,,,,,,,,,,,,,,,,,,,,,,,38183.8,45482.9,51903.6,51891.0,57533.6,58226.1,62190.4,66454.2,68067.3,62728.6,57811.8,64141.1,60608.3,51713.5,67246.2,69661.4,72713.9
A,CLV15_MEUR,P7_S2111,UK,,,,,,,,,,,,,,,,,,,,,,,,204112.6,220518.6,233142.6,256460.6,282118.4,279152.3,289381.4,309262.3,344408.0,321400.7,304733.0,271289.9,287655.5,291428.9,300896.0,315746.1,334518.9,353272.1,368217.6,376571.7,385984.9,384874.3,,,,,,
A,CLV15_MEUR,P7_S2112,AT,,,,,,,,,,,,,,,,,,,,,,,,,,,,,,,,,,,,,,14674.7,16376.1,21364.9,21843.0,25226.1,26976.4,27418.5,28683.1,26716.9,30358.9,31721.6,29704.1,29315.1,29199.7
A,CLV15_MEUR,P7_S2112,BE,,,,,,,,,,,,,,,,,,,,,,,,,4839.7,5427.0,5348.0,5435.9,5516.1,5910.1,6361.3,6786.5,7014.2,11930.5,12668.9,15307.2,16831.5,16722.0,16490.2,18381.2,19979.4,20965.2,22487.7,22186.5,24687.2,22750.9,25460.2,25690.2,27664.4,26450.6,26983.4
A,CLV15_MEUR,P7_S2112,BG,,,,,,,,,,,,,,,,,,,,,,,,,,,,,,,,,,,,,,,,4513.7,4957.1,5488.9,5763.7,5933.7,6355.5,6399.7,7012.0,7258.2,7469.9,7838.5,8208.9
A,CLV15_MEUR,P7_S2112,CY,,,,,,,,,,,,,,,,,,,,,,,,,,,,,,,,,,584.9,469.3,524.2,513.4,492.0,422.9,452.0,563.4,521.9,706.9,902.3,970.0,933.3,1350.0,1766.6,1737.7,1845.6,1922.1
A,CLV15_MEUR,P7_S2112,CZ,,,,,,,,,,,,,,,,,,,,,,,,,,,,,,,,,,,,12296.6,13568.7,13472.3,14465.0,16454.6,17240.3,17891.9,18845.5,21661.1,22015.5,19407.2,22123.8,23315.4,24216.2,23150.1,23500.0
A,CLV15_MEUR,P7_S2112,DE,,,,,,,,,,,,,,,,,,,,,,,,,,,,,,,,,,,,,,121580.0,127767.7,140382.4,149093.0,159810.9,167103.5,186789.8,192332.9,184156.4,202332.6,208538.7,216015.4,211006.4,219109.3
A,CLV15_MEUR,P7_S2112,DK,,,,,,,,,,,,,,,,,,,,,,,,,,,,,,,15145.5,17233.8,18623.8,18925.7,16178.5,17266.7,18250.3,18457.4,18761.7,19672.2,20280.4,21851.8,22759.6,23203.6,23985.1,24209.1,26548.8,27821.6,28436.5,28073.6,29351.1
A,CLV15_MEUR,P7_S2112,EE,,,,,,,,,,,,,,,,,,,,,,,,,,,,,,,,,,6649.2,4902.7,5992.3,8014.5,8310.0,6446.3,4841.9,3617.5,3890.8,4047.8,4191.0,4269.6,3326.8,3875.4,4097.0,4212.5,4310.2,4377.9
A,CLV15_MEUR,P7_S2112,EL,,,,,,,,,,,,,,,,,,,,,,,,,,,,,,,,,,,,,4354.7,4243.7,4202.4,4641.1,4749.8,5309.6,5783.1,6304.2,6352.6,5796.5,7523.2,8978.9,8319.5,8659.9,9185.4
A,CLV15_MEUR,P7_S2112,ES,,,,,,,,,,,,,,,,,,,,,,,,,,,,,,,,,,,,,,14546.0,15734.6,18192.6,20623.0,22468.0,23055.4,23657.6,24654.0,22380.3,23861.6,24457.8,26834.0,26999.6,28658.3
A,CLV15_MEUR,P7_S2112,FI,,,,,,,,,,,,,,,,,,,,,,,,,,,,,,,,,,15271.0,13886.0,15075.0,15984.0,16851.0,15811.0,15653.0,16175.0,17054.0,18019.0,18885.0,19257.0,18618.0,20205.0,21699.0,20239.0,20065.0,20948.0
A,CLV15_MEUR,P7_S2112,FR,,,,,,,,,,,,,,,,,,,,,,,,,,,,,,,,,,30273.8,27601.3,33622.7,34695.1,33336.5,35228.8,37232.0,39344.0,41715.4,44433.1,46959.5,49082.5,44120.7,49136.2,51623.6,54470.6,54258.1,54836.8
A,CLV15_MEUR,P7_S2112,HR,,,,,,,,,,,,,,,,,,,,,,,,,,,,,,,,,,,,,,1758.9,2412.2,2516.3,3010.4,3204.5,3718.6,4064.3,4535.5,4098.5,4867.9,5799.1,5810.7,6525.1,6446.3
A,CLV15_MEUR,P7_S2112,HU,,,,,,,,,,,,,,,,,,,,,,,,,,,,,,,,,,8676.2,7641.2,8987.6,9323.4,8694.2,10178.0,12079.7,13116.0,13940.9,14713.0,16051.1,16757.4,16702.4,15730.0,15963.1,15762.6,15468.7,15817.2
A,CLV15_MEUR,P7_S2112,IE,,,,,,,,,,,,,,,,,,,,,,,,,,,,,,,,,,,,,,2573.6,3268.4,3340.3,4123.7,4337.1,4640.1,5473.3,6399.8,7037.3,7886.5,9431.6,10197.5,11499.6,12599.4
A,CLV15_MEUR,P7_S2112,IT,,,,,,,,,,,,,,,,,,,,,,,,,,,,,,,,,,28896.0,27177.7,30098.9,30728.5,28294.4,27978.6,30925.8,34460.7,36490.2,39668.6,41786.3,42641.0,37884.9,45880.6,51399.4,52543.1,50069.0,60186.7
A,CLV15_MEUR,P7_S2112,LT,,,,,,,,,,,,,,,,,,,,,,,,,,,,,,2205.3,2626.1,3209.3,4051.3,3976.2,2853.0,3100.4,3522.7,4018.7,4307.8,4397.7,5048.1,5729.8,6221.6,6636.4,7048.1,7281.0,8091.0,9439.3,9166.3,9863.6,10222.4
A,CLV15_MEUR,P7_S2112,LU,,,,,,,,,,,,,,,,,,,,,431.0,469.2,581.2,760.7,897.3,1038.1,1321.4,1008.7,1021.4,1161.8,1236.9,1445.4,1615.6,2043.6,1541.2,1722.0,1895.1,2233.8,2444.7,2716.3,3213.1,3599.2,3983.7,4239.2,4322.1,4644.2,5582.2,5230.1,5279.8,4446.6,4568.5
A,CLV15_MEUR,P7_S2112,LV,,,,,,,,,,,,,,,,,,,,,,,,,,856.7,978.0,1016.9,1164.4,1444.0,1717.6,2235.9,2561.1,2280.1,1550.2,1667.7,2128.1,2269.1,2384.8,2617.3,2610.8,2774.4,2764.2,2978.9,3090.2,3274.5,3633.3,4163.6,4241.5,4099.4,4379.3
A,CLV15_MEUR,P7_S2112,ME,,,,,,,,,,,,,,,,,,,,,,,,,,,,,,,,195.1,204.7,201.2,128.1,105.3,126.5,120.8,142.2,253.5,263.3,317.2,366.9,418.1,437.9,335.0,348.0,237.5,271.6,270.3,277.6
A,CLV15_MEUR,P7_S2112,MT,,,,,,,,,,,,,,,,,,,,,,,,,,211.4,190.9,193.5,198.4,208.0,228.3,259.5,288.5,315.3,284.4,318.7,344.4,382.4,387.7,417.1,546.3,638.4,714.3,898.6,895.9,1011.3,1535.6,1333.4,1390.7,1672.5,1676.0
A,CLV15_MEUR,P7_S2112,NL,,,,,,,,,,,,,,,,,,,,,7322.5,8017.4,10427.9,10542.0,11452.3,15854.4,14309.1,11896.8,10393.8,13902.3,15075.8,16586.1,24447.1,25780.7,26852.0,27588.3,29762.3,32144.2,35216.4,33374.8,34632.0,35129.0,41110.5,45552.3,49267.9,44342.0,46646.6,47565.2,47685.7,48399.9,50521.4
A,CLV15_MEUR,P7_S2112,PL,,,,,,,,,,,,,,,,,,,,,,,,,,,,,,,,,,16246.7,14126.7,16755.3,17911.1,17639.3,18295.9,20074.1,21318.8,23539.9,25310.2,26956.6,27746.1,26727.3,30362.1,32715.8,35644.1,39471.2,41208.0
A,CLV15_MEUR,P7_S2112,PT,,,,,,,,,,,,,,,,,,,,,,,,,,,,,,,,,,2299.4,2230.8,2471.5,2417.4,2358.4,2477.7,2781.1,2958.9,3248.8,3351.0,3618.9,3903.5,3778.3,4484.6,4994.9,5436.0,5529.9,6040.9
A,CLV15_MEUR,P7_S2112,RO,,,,,,,,,,,,,,,,,,,,,,,,,,,,,,,,,8916.5,10417.9,9235.4,10605.6,11856.6,11798.0,12780.2,14238.4,15101.7,17458.5,19908.3,21619.0,25307.7,20130.6,23128.8,27134.7,24626.3,25873.7,27500.0
A,CLV15_MEUR,P7_S2112,RS,,,,,,,,,,,,,,,,,,,,,,,,,,,,,,,,,,,,,,3071.7,3045.8,3043.4,3144.5,3434.1,3836.2,3968.6,4420.3,4315.0,4599.1,4975.0,4700.1,5119.3,5527.8
A,CLV15_MEUR,P7_S2112,SE,,,,,,,,,,,,,,,,,,,,,,,,,,,,,,,,,,,,,,,21693.5,22494.4,24421.5,26264.3,27576.0,29012.2,28827.8,27135.7,30258.5,31538.6,31931.8,33477.0,34685.4
A,CLV15_MEUR,P7_S2112,SI,,,,,,,,,,,,,,,,,,,,,,,,,,,,,,,,,,3662.4,2275.4,2523.9,2719.9,2635.5,2781.7,3007.7,3296.9,3483.0,3862.0,4157.9,4376.9,4169.6,4843.7,5287.2,5125.2,5189.1,5506.3
A,CLV15_MEUR,P7_S2112,SK,,,,,,,,,,,,,,,,,,,,,5910.7,6032.0,6028.3,5336.3,4800.8,4674.7,5825.5,6261.9,6881.0,8268.5,9319.7,10923.6,11824.1,11751.0,9849.7,10923.1,11779.3,11402.6,13969.6,15009.8,16807.8,17118.6,17896.3,19037.5,22718.7,18126.0,18710.8,19479.4,20512.6,21087.4,19409.1
A,CLV15_MEUR,P7_S2112,TR,,,,,,,,,,,,,,,,,,,,,,,,,,,,,,,,,,,12543.8,15032.7,17055.6,16905.1,17978.6,18713.1,20203.0,21614.7,23221.0,22077.6,19749.7,14451.6,13437.6,11252.5,14421.2,15113.9,16241.0
A,CLV15_MEUR,P7_S2112,UK,,,,,,,,,,,,,,,,,,,,,,,,16920.2,18124.5,20234.5,22320.0,24045.7,25768.9,28926.6,35752.2,45110.0,38676.0,40586.5,37769.1,43675.6,48213.8,50014.1,48077.9,49050.9,51562.3,52655.3,56932.7,62090.2,64214.9,,,,,,
A,CLV15_MEUR,P7_S212,BE,,,,,,,,,,,,,,,,,,,,,16.1,67.4,7.7,5.8,106.7,66.5,84.3,89.9,34.8,100.2,27.8,31.4,101.5,143.2,145.1,158.4,168.7,112.8,186.0,212.4,248.0,263.9,250.4,236.3,249.5,226.1,215.5,293.7,269.7,271.9,
A,CLV15_MEUR,P7_S212,CY,,,,,,,,,,,,,,,,,,,,,,,,,,,,,,,,,,-3.2,-0.1,4.9,-2.0,-2.1,-10.9,-6.2,-15.4,-16.0,-9.4,-8.2,3.6,8.0,4.7,11.7,-4.6,-9.9,-10.4
A,CLV15_MEUR,P7_S212,EE,,,,,,,,,,,,,,,,,,,,,,,,,,,,,,,,,,,,0.0,0.0,0.4,0.7,2.2,7.1,14.0,19.8,12.6,9.7,29.1,30.9,19.4,28.1,37.6,38.0
A,CLV15_MEUR,P7_S212,FI,,,,,,,,,,,,,,,,,,,,,,,,,,,,,,,,,,,,,,,7.0,8.0,14.0,3.0,30.0,24.0,49.0,41.0,26.0,12.0,0.0,0.0,0.0
A,CLV15_MEUR,P7_S212,IT,,,,,,,,,,,,,,,,,,,,,,,,,,,,,,,,,,2.2,2.3,5.5,1.1,5.4,201.1,268.2,127.0,77.4,59.1,90.5,81.6,75.0,76.6,63.8,90.5,95.2,104.5
A,CLV15_MEUR,P7_S212,LT,,,,,,,,,,,,,,,,,,,,,,,,,,,,,,14.2,21.5,23.9,35.4,28.5,63.0,57.6,54.2,77.9,71.3,70.7,42.5,52.7,46.9,50.0,37.9,36.9,29.3,26.3,17.9,20.1,16.9
A,CLV15_MEUR,P7_S212,LU,,,,,,,,,,,,,,,,,,,,,7.3,3.8,13.4,7.3,44.2,57.6,53.8,23.8,4.8,6.4,5.2,4.9,5.0,7.3,9.0,7.9,16.8,10.5,10.6,11.8,15.2,22.4,16.7,17.3,13.5,15.0,13.8,13.0,6.6,4.3,4.3
A,CLV15_MEUR,P7_S212,LV,,,,,,,,,,,,,,,,,,,,,,,,,,0.0,0.0,0.0,0.0,0.0,0.0,0.0,0.0,0.0,1.6,1.3,1.2,1.2,2.0,23.3,23.6,21.0,20.1,19.6,18.8,14.6,11.5,10.3,5.5,1.3,4.0
A,CLV15_MEUR,P7_S212,ME,,,,,,,,,,,,,,,,,,,,,,,,,,,,,,,,,,,,,,,,0.0,0.0,0.0,0.0,,,,,,,,
A,CLV15_MEUR,P7_S212,NL,,,,,,,,,,,,,,,,,,,,,4.0,4.0,4.0,4.0,4.0,4.0,4.0,4.0,4.0,4.0,4.0,4.0,4.0,4.0,4.0,4.0,4.0,4.0,4.0,4.0,4.0,4.0,4.0,4.0,4.0,4.0,4.0,4.0,4.0,4.0,4.0
A,CLV15_MEUR,P7_S212,RO,,,,,,,,,,,,,,,,,,,,,,,,,,,,,,,,,0.0,0.2,1.2,20.8,28.5,45.1,65.5,30.1,23.9,15.3,22.3,102.1,73.0,85.9,70.5,11.3,4.7,23.4,129.0
A,CLV15_MEUR,P7_S212,SE,,,,,,,,,,,,,,,,,,,0.0,0.0,0.0,0.0,0.0,0.0,0.0,0.0,0.0,0.0,0.0,0.0,0.0,0.0,0.0,0.0,0.0,0.0,0.0,0.0,3.4,1.8,1.6,1.2,3.2,2.3,2.8,9.1,6.9,6.3,19.5,5.6,9.4
A,CLV15_MEUR,P7_S212,SI,,,,,,,,,,,,,,,,,,,,,,,,,,,,,,,,,,4.4,13.8,11.2,11.0,9.6,11.1,16.7,17.5,20.5,21.8,18.3,11.7,8.7,9.1,3.7,0.9,2.6,-1.4
A,CLV15_MEUR,P7_S22,AT,,,,,,,,,,,,,,,,,,,,,,,,,,,,,,,,,,,,,,49939.8,46620.2,43824.1,46539.4,46461.4,48734.0,55459.0,56586.7,51639.1,61797.9,68967.3,64837.7,61603.3,62938.7
A,CLV15_MEUR,P7_S22,BE,,,,,,,,,,,,,,,,,,,,,59967.5,63396.3,68605.1,71968.5,74041.3,83723.1,82832.4,83739.0,85132.6,90729.6,96710.1,101705.5,107381.8,100821.7,79912.8,88195.2,94750.4,91976.3,93142.9,96120.2,109282.0,114658.0,114880.4,119420.1,118118.3,107643.7,116532.3,137707.7,118260.5,110661.3,106729.2
A,CLV15_MEUR,P7_S22,BG,,,,,,,,,,,,,,,,,,,,,,,,,,,,,,,,,,,,,,,,11322.1,11255.4,11292.9,12606.2,13398.6,14461.4,13802.9,15236.6,19829.7,16758.0,17971.2,19428.9
A,CLV15_MEUR,P7_S22,CY,,,,,,,,,,,,,,,,,,,,,,,,,,,,,,,,,,5905.7,4939.6,5889.6,5945.5,5687.2,5457.5,5990.7,6717.5,7008.2,8121.1,8590.3,9735.1,10734.1,11841.2,15810.7,15824.3,16078.7,16732.6
A,CLV15_MEUR,P7_S22,CZ,,,,,,,,,,,,,,,,,,,,,,,,,,,,,,,,,,,,34101.8,35837.2,37187.7,36576.4,38728.9,45147.4,44196.9,47842.5,50379.9,50812.3,47831.1,55915.9,61397.9,57626.3,58480.9,62766.1
A,CLV15_MEUR,P7_S22,DE,,,,,,,,,,,,,,,,,,,,,,,,,,,,,,,,,,,,,,476302.6,476302.6,488482.8,530560.0,545563.8,570311.9,578671.9,597163.7,553647.1,604804.1,676612.1,645829.3,644943.5,667587.7
A,CLV15_MEUR,P7_S22,DK,,,,,,,,,,,,,,,,,,,,,,,,,,,,,,,40364.7,46240.4,48399.5,53260.8,48351.3,48990.2,54203.1,55722.4,55899.6,58753.4,60535.9,62181.6,65583.9,69893.5,71801.7,66119.4,73030.7,80275.0,80546.2,87513.9,82694.4
A,CLV15_MEUR,P7_S22,EE,,,,,,,,,,,,,,,,,,,,,,,,,,,,,,,,,,2556.1,1707.9,2097.3,2588.1,3132.0,3117.4,3176.6,2940.8,2838.1,2809.2,3337.6,3645.5,3838.7,5292.9,5118.3,4173.9,4431.8,4902.6
A,CLV15_MEUR,P7_S22,EL,,,,,,,,,,,,,,,,,,,,,,,,,,,,,,,,,,,,,26631.7,26267.3,25808.0,27126.5,32037.3,32078.8,34185.8,36420.7,36859.8,33168.3,38523.1,42977.0,41835.0,43780.9,40259.8
A,CLV15_MEUR,P7_S22,ES,,,,,,,,,,,,,,,,,,,,,,,,,,,,,,,,,,,,,,152334.8,149372.7,154328.8,156446.0,155867.0,170215.4,179010.0,181472.8,149820.8,177234.5,209178.0,193679.4,199640.9,209606.3
A,CLV15_MEUR,P7_S22,FI,,,,,,,,,,,,,,,,,,,,,,,,,,,,,,,,,,34081.0,26162.0,28374.0,31023.0,29856.0,32713.0,31986.0,30324.0,31061.0,32889.0,35399.0,36318.0,32698.0,35666.0,40995.0,35825.0,35322.0,35794.0
A,CLV15_MEUR,P7_S22,FR,,,,,,,,,,,,,,,,,,,,,,,,,,,,,,,,,,263919.8,247170.5,268756.6,287162.3,284782.5,291826.6,307647.4,326905.4,336690.2,353211.7,364231.7,377162.0,324495.9,351287.4,398216.0,391803.8,393281.0,410262.8
A,CLV15_MEUR,P7_S22,HR,,,,,,,,,,,,,,,,,,,,,,,,,,,,,,,,,,,,,,6975.5,5228.6,4924.8,5007.9,5331.3,5662.6,6364.6,6187.7,5334.8,6863.7,10393.4,7792.7,8697.4,9369.9
A,CLV15_MEUR,P7_S22,HU,,,,,,,,,,,,,,,,,,,,,,,,,,,,,,,,,,25735.0,21984.9,23955.9,23824.8,21884.3,21992.7,22324.0,24154.8,23321.7,26193.4,29013.1,34644.1,33626.7,35350.6,39750.2,39558.1,39696.6,39961.4
A,CLV15_MEUR,P7_S22,IE,,,,,,,,,,,,,,,,,,,,,,,,,,,,,,,,,,,,,,103953.8,114684.2,136493.0,193496.3,231467.1,238637.0,225787.9,345769.0,368941.4,315652.2,350648.4,360526.5,370792.6,409334.7
A,CLV15_MEUR,P7_S22,IT,,,,,,,,,,,,,,,,,,,,,,,,,,,,,,,,,,221864.4,189962.9,210724.1,208240.0,188152.9,179524.4,184024.3,194328.4,201901.1,211325.6,218917.0,213613.7,184429.5,204973.2,232071.7,225417.7,221411.5,213821.3
A,CLV15_MEUR,P7_S22,LT,,,,,,,,,,,,,,,,,,,,,,,,,,,,,,5555.7,7240.6,7689.3,7340.9,10371.4,7159.6,8792.8,10039.6,10439.6,10660.3,9930.4,9867.1,9249.9,10563.9,11438.4,11999.7,10002.1,12484.6,15649.5,11948.0,12391.8,13422.4
A,CLV15_MEUR,P7_S22,LU,,,,,,,,,,,,,,,,,,,,,5348.5,5815.2,7692.7,9291.5,11940.4,13405.8,13945.9,13589.9,13370.7,15388.1,17818.0,21433.0,22353.5,21335.1,19327.9,25325.1,28522.9,25927.7,28438.7,30992.1,32859.6,32799.2,33624.9,34550.6,37492.7,39964.0,46332.7,44439.7,44081.9,38918.9,38858.7
A,CLV15_MEUR,P7_S22,LV,,,,,,,,,,,,,,,,,,,,,,,,,,2351.7,2511.9,2508.5,2874.8,3425.5,3734.8,4092.1,4523.8,4148.1,3093.4,3557.8,3964.3,3983.8,3832.1,3731.9,4059.9,4259.6,4735.9,5061.0,5011.8,4703.3,5623.1,5406.9,4610.0,4378.3,4460.2
A,CLV15_MEUR,P7_S22,ME,,,,,,,,,,,,,,,,,,,,,,,,,,,,,,,,979.0,1448.4,1765.5,1376.0,1326.3,1297.5,1287.2,1268.5,1169.5,1286.6,1395.9,1530.8,1638.7,1680.2,1382.7,1576.0,1955.6,2073.0,2214.6,2388.0
A,CLV15_MEUR,P7_S22,MT,,,,,,,,,,,,,,,,,,,,,,,,,,2434.4,2079.5,2085.8,2149.9,2222.7,2366.6,2711.3,2904.4,3079.1,2692.7,3084.2,3309.8,3555.9,3537.1,3541.6,4923.4,4965.2,5815.2,6441.3,7143.9,7945.3,7973.2,9583.2,8958.9,9386.2,9810.2
A,CLV15_MEUR,P7_S22,NL,,,,,,,,,,,,,,,,,,,,,81478.3,84693.4,96284.9,107169.7,122587.3,148106.7,152931.2,148551.1,152213.4,162381.4,176458.3,190556.4,198591.4,199514.4,182422.9,210952.2,222192.2,232161.4,233563.8,246503.4,286395.0,271878.2,288269.4,300307.2,304987.2,295433.9,318860.8,345048.2,312860.3,309981.1,315354.9
A,CLV15_MEUR,P7_S22,PL,,,,,,,,,,,,,,,,,,,,,,,,,,,,,,,,,,48156.0,41648.7,48694.9,52879.9,55066.3,53996.2,58637.3,60268.2,62268.7,70879.6,79208.3,83027.2,79363.8,95683.0,108648.9,96686.8,100163.6,105452.8
A,CLV15_MEUR,P7_S22,PT,,,,,,,,,,,,,,,,,,,,,,,,,,,,,,,,,,19227.7,17418.8,18982.7,17607.2,16959.9,17941.7,18108.6,20510.1,21169.7,22729.4,23134.8,24940.1,21844.6,23996.3,26689.9,26351.8,27747.0,27479.6
A,CLV15_MEUR,P7_S22,RO,,,,,,,,,,,,,,,,,,,,,,,,,,,,,,,,,14941.2,17097.2,12200.2,13556.9,14595.4,13777.1,13506.4,14943.4,15483.6,17859.1,20027.4,22393.6,23980.2,25752.7,30054.8,33870.8,30808.8,32830.4,34775.2
A,CLV15_MEUR,P7_S22,RS,,,,,,,,,,,,,,,,,,,,,,,,,,,,,,,,,,,,,,5592.9,6495.4,7370.5,7955.8,8055.9,8848.1,10279.6,11560.8,11049.8,13752.5,16937.1,16318.5,17638.7,19665.0
A,CLV15_MEUR,P7_S22,SE,,,,,,,,,,,,,,,,,,,,,,,,,,,,,,,,,,,,,,,63466.1,68959.0,72185.1,73795.1,75377.8,79157.4,80877.0,72946.1,84913.8,98860.2,95428.0,96873.3,100971.6
A,CLV15_MEUR,P7_S22,SI,,,,,,,,,,,,,,,,,,,,,,,,,,,,,,,,,,6807.7,4644.4,5220.0,5563.6,5350.7,5654.9,5847.3,5736.2,6042.3,6828.4,7527.6,8062.8,7457.4,8744.2,10506.5,8956.9,9402.0,9642.2
A,CLV15_MEUR,P7_S22,SK,,,,,,,,,,,,,,,,,,,,,5649.3,6946.7,6914.6,5898.5,5682.2,7125.1,8003.1,8143.1,8246.8,12046.2,16280.5,21072.8,23979.5,26266.7,22310.2,27557.1,29494.5,30842.6,30486.6,30905.5,32643.7,33171.2,34046.4,35367.0,33939.6,32466.5,37931.2,44278.0,36651.3,37404.8,44386.2
A,CLV15_MEUR,P7_S22,TR,,,,,,,,,,,,,,,,,,,,,,,,,,,,,,,,,,,83063.9,99146.8,113884.5,114676.7,127203.3,125699.9,124528.4,124902.9,144375.5,136906.5,132245.4,145784.0,155007.7,184836.0,195157.4,179410.5,188230.3
A,CLV15_MEUR,P7_S22,UK,,,,,,,,,,,,,,,,,,,,,,,,194373.4,206395.6,234338.8,238331.0,237294.3,249276.9,271084.8,284512.2,304434.9,312810.5,312027.0,295759.3,321506.5,323796.0,325585.2,333573.2,337405.8,355165.1,369121.6,377410.9,384927.3,406473.6,,,,,,
A,CLV15_MNAC,P6,AL,,,,,,,,,,,,,,,,,,,,,37197.1,42993.4,35136.6,47024.5,81397.9,113046.5,130519.2,135155.7,151067.9,178991.1,222426.6,260077.7,309784.3,295455.0,309375.5,368755.7,393366.8,394521.7,400790.6,400110.8,391098.1,420715.1,475259.3,496485.8,508799.4,367731.6,559310.1,654630.5,710628.3,711408.0,
A,CLV15_MNAC,P6,AT,,,,,,,,,,,,,,,,,,,,,71518.1,74835.4,83088.2,89611.8,95377.4,108276.8,114525.5,119434.3,120069.1,130468.3,139164.2,149707.5,161043.1,164538.8,140897.7,159399.0,168859.9,171287.6,172371.4,177293.1,182659.0,188125.7,197343.0,207508.1,215881.6,193238.0,211611.3,231599.6,230142.4,224867.5,225531.5
A,CLV15_MNAC,P6,BA,,,,,,,,,,,,,,,,,,,,,,,,,,3423.8,3621.8,3434.3,3884.1,4563.0,5280.6,6271.9,7048.5,7129.2,6902.8,7862.3,8227.4,8236.2,8883.3,9253.1,10158.4,11110.0,12423.3,13327.5,13394.7,11406.6,14302.0,15988.1,15788.6,15534.0,
A,CLV15_MNAC,P6,BE,,,,,,,,,,,,,,,,,,,,,153162.4,160782.4,176041.5,183325.7,192215.6,216044.5,216865.9,224344.2,227968.2,242087.1,255428.8,269989.9,284666.6,289812.3,257044.6,283866.6,297550.7,295560.4,296389.1,312156.3,323611.6,343495.9,362444.1,368043.9,378851.6,356280.1,408481.6,420944.9,390843.0,384199.5,381789.7
A,CLV15_MNAC,P6,BG,,,,,,,,,,,,,,,,,,,,,13086.6,17006.4,18213.3,15050.0,12382.6,10257.7,10382.3,11301.9,12032.3,14981.2,16342.4,17594.8,21047.3,21568.8,19041.9,21144.0,23798.4,24283.3,26622.3,27434.9,29212.3,31728.3,33550.5,34132.1,35496.0,32085.2,35799.0,40118.3,40118.3,40830.3,39960.7
A,CLV15_MNAC,P6,CH,,,,,,,,,,,,,,,,,,,,,178121.5,184490.5,212412.9,217505.0,225542.0,253228.5,253022.0,248081.2,244465.5,268313.0,285077.4,304397.7,339022.1,353627.4,324348.9,365045.2,380083.5,381522.7,434452.1,413945.2,429898.9,455113.3,451433.5,468323.2,465829.7,441984.7,502227.5,537557.1,523307.8,532232.5,557812.6
A,CLV15_MNAC,P6,CY,,,,,,,,,,,,,,,,,,,,,7295.0,7762.8,7761.0,8213.0,8412.7,9150.5,9311.7,8985.7,8725.3,9003.7,9282.1,9495.8,10005.1,9948.6,9485.5,10085.8,10793.4,10731.4,10851.8,11534.6,12564.0,13471.1,14950.6,16030.0,17428.6,17713.7,22524.0,28715.4,28247.8,29965.1,31387.2
A,CLV15_MNAC,P6,CZ,,,,,,,,,,,,,,,,,,,,,770981.6,790303.8,850081.5,932013.0,980212.7,1125072.0,1231188.0,1242397.9,1351982.7,1753226.1,2071452.1,2367369.1,2628467.3,2739187.5,2470006.2,2832047.5,3091534.4,3223888.0,3232225.1,3514280.1,3722035.0,3876032.1,4151337.1,4296707.6,4353062.0,3982349.7,4307034.3,4528803.3,4635138.2,4705837.5,4889467.3
A,CLV15_MNAC,P6,DE,,,,,,,,,,,,,,,,,422727.4,421276.0,389215.3,419428.9,446608.0,472335.8,529596.6,569441.7,598467.9,679477.5,716683.8,745446.2,757716.3,842024.3,897306.1,1004439.2,1090330.5,1107218.4,946650.7,1080171.3,1165534.8,1195748.4,1201421.7,1253537.0,1314624.0,1340747.6,1392467.0,1428090.1,1457644.1,1319373.7,1453686.0,1510287.1,1488913.3,1458171.9,1451706.9
A,CLV15_MNAC,P6,DK,,,,,,,,,,,,,,,,,,,,,514001.3,537961.2,562222.8,585286.4,651280.9,733426.5,758054.4,791047.3,781485.3,805128.2,868994.4,958790.6,993669.3,1032123.2,937523.8,965894.4,1037821.4,1050892.4,1065495.9,1097666.3,1133145.7,1174638.7,1231088.8,1272996.5,1329225.5,1244689.8,1340989.7,1429297.8,1540538.8,1650063.3,1700269.5
A,CLV15_MNAC,P6,EA,,,,,,,,,,,,,,,,,,,,,1814528.0,1904177.1,2111652.4,2265327.1,2390479.9,2701170.2,2846878.5,2903761.8,2923430.4,3150865.1,3308463.2,3579617.8,3839745.1,3877710.3,3449255.0,3824295.8,4080103.3,4166380.9,4256534.1,4461795.3,4789038.1,4937728.9,5211274.5,5386491.1,5560683.3,5079682.1,5657265.7,6066949.6,6027023.4,6058663.3,6182790.9
A,CLV15_MNAC,P6,EA12,,,,,,,,,,,,,,,,,,,,,1835438.5,1925911.3,2138063.7,2293042.7,2424074.4,2742124.7,2846878.5,2903761.8,2923430.4,3150865.1,3308463.2,3579617.8,3814472.7,3834484.1,3368079.5,3731112.5,3963912.6,4043253.8,4128435.9,4313949.1,4606043.4,4744819.1,5003177.4,5165562.0,5330231.2,4857609.2,5404260.9,5791905.2,5725025.3,5751424.0,5866050.1
A,CLV15_MNAC,P6,EA19,,,,,,,,,,,,,,,,,,,,,1885678.3,1978401.1,2196587.8,2354471.6,2487017.2,2811220.7,2920513.5,2981654.8,3006219.4,3243855.3,3412469.9,3698682.9,3946680.2,3971769.9,3484646.6,3865842.0,4113818.6,4203702.1,4295782.8,4486931.8,4789038.1,4937728.9,5211274.5,5386491.1,5560683.3,5079682.1,5657265.7,6066949.6,5993590.7,6024701.4,6148518.6
A,CLV15_MNAC,P6,EA20,,,,,,,,,,,,,,,,,,,,,1894119.1,1987927.5,2206868.5,2364914.3,2497715.1,2823385.0,2933710.4,2995429.2,3020791.1,3259510.6,3428854.7,3716376.2,3965269.2,3989981.0,3500346.4,3882761.6,4131114.9,4220726.4,4313251.2,4505674.7,4809703.5,4959851.1,5234938.8,5411010.1,5586914.5,5099668.8,5683922.7,6100869.2,6027023.4,6058663.3,6182790.9
A,CLV15_MNAC,P6,EA21,,,,,,,,,,,,,,,,,,,,,1904581.2,2000302.4,2220385.8,2377951.4,2509913.5,2835200.4,2945826.2,3008226.0,3034073.7,3275080.8,3445617.5,3734462.2,3986380.5,4011561.3,3519391.8,3903907.2,4154850.8,4244944.8,4339879.9,4533110.6,4838915.9,4991579.4,5268489.0,5445118.9,5622400.9,5131721.5,5719688.1,6141193.0,6067457.6,6099907.3,6222884.9
A,CLV15_MNAC,P6,EE,,,,,,,,,,,,,,,,,,,,,4156.7,4263.6,5347.8,6051.6,6080.3,5657.7,6016.0,6185.7,6814.9,7993.4,9585.8,10499.3,11823.8,11930.0,9507.2,11809.6,14664.3,15372.0,15802.5,16219.8,15975.5,16746.4,17555.6,18064.0,18973.5,18192.3,22483.1,23711.7,21544.2,21220.8,22272.8
A,CLV15_MNAC,P6,EL,,,,,,,,,,,,,,,,,,,,,20271.3,21028.7,25912.0,27115.2,33465.4,41061.2,41544.5,38507.2,38401.5,44598.6,45610.6,48086.5,52464.9,54838.1,45368.9,47445.5,47707.4,48680.3,49534.9,53635.8,56442.9,56220.0,60945.4,66572.9,69795.4,54776.8,68126.9,72345.8,73907.3,74623.1,75855.2
A,CLV15_MNAC,P6,ES,,,,,,,,,,,,,,,,,,,,,142692.8,156945.8,179530.2,194122.6,209700.0,231549.2,240684.7,244140.5,252687.6,263506.2,268346.7,280910.7,302443.9,299745.6,267388.0,291395.8,315307.5,318287.8,331940.9,346897.9,361994.0,381514.4,402906.6,409599.4,418875.9,334685.9,379493.8,433470.2,442876.0,456848.0,473151.8
A,CLV15_MNAC,P6,EU27_2020,,,,,,,,,,,,,,,,,,,,,2152525.0,2261928.4,2511099.3,2693739.3,2846896.6,3219855.7,3344710.3,3421638.6,3469790.1,3758990.2,3977442.4,4331835.8,4634409.2,4689842.2,4130604.4,4580190.7,4883860.1,4987141.9,5106043.3,5343826.3,5693924.4,5896704.7,6230579.2,6453373.6,6679717.1,6132095.7,6823564.1,7323934.5,7310552.2,7370639.8,7538369.8
A,CLV15_MNAC,P6,FI,,,,,,17180.0,18177.0,17837.0,18609.0,19824.0,19950.0,20462.0,21143.0,21889.0,22259.0,22572.0,20790.0,22947.0,26772.0,30329.0,32983.0,34884.0,39777.0,43306.0,48215.0,55980.0,57000.0,59271.0,58673.0,63802.0,68236.0,74932.0,81666.0,87057.0,69547.0,73843.0,75340.0,75518.0,76396.0,75027.0,75210.0,78359.0,85433.0,86897.0,92847.0,84954.0,90037.0,94028.0,92748.0,94379.0,97600.0
A,CLV15_MNAC,P6,FR,118375.4,128302.0,138252.1,147128.1,156687.1,161056.3,168809.9,166351.6,174213.5,186085.5,189994.3,188657.9,194309.3,211016.8,231887.0,240161.8,255745.8,270764.4,271564.3,293584.0,318917.5,331618.4,374126.0,406248.1,426606.6,480653.4,494552.8,504794.1,497888.9,524504.4,546768.5,575971.8,592381.4,595853.1,533526.5,579107.6,616907.0,633194.9,649671.7,667494.5,697701.1,712436.9,743830.3,771852.5,787895.0,657325.3,731772.2,798244.5,817961.5,838617.7,849357.6
A,CLV15_MNAC,P6,HR,,,,,,,,,,,,,,,,,,,,,8372.1,9774.1,10428.6,10405.9,10556.6,12028.1,13206.0,13846.6,14764.7,15852.2,16581.4,17899.2,18786.1,18382.3,15847.2,17085.0,17473.1,17210.2,17658.2,18942.8,20882.7,22354.7,23908.1,24769.7,26464.8,20326.1,26981.5,34269.5,33775.6,34304.2,34627.7
A,CLV15_MNAC,P6,HU,,,,,,,,,,,,,,,,,,,,,4648546.7,5075152.4,6230116.6,7190391.9,8034981.6,10037692.7,10915346.2,11533434.6,12248187.9,14459404.6,16307684.8,19492468.1,22639292.1,24155745.7,21566960.0,23964673.2,25501756.6,25067845.3,26090293.6,28491142.4,30588880.0,31751936.8,33809376.6,35496631.4,37433696.0,35133490.7,38028634.4,42111521.8,42875715.1,42659440.4,42197524.0
A,CLV15_MNAC,P6,IE,,,,,,,,,,,,,,,,,,,,,50820.9,57133.7,67159.7,82452.2,95456.4,115681.5,131886.4,140427.1,138043.0,147043.9,155101.8,164487.3,179129.1,172316.0,180326.2,191113.0,197054.2,195434.0,216086.1,247405.0,344948.5,363251.8,403274.5,422811.0,469429.1,533068.6,603121.6,675651.9,649129.9,704744.5,773182.7
A,CLV15_MNAC,P6,IS,,,,,,,,,,,,,,,,,,,,,445055.9,481062.5,504085.6,511487.0,527821.9,548843.3,585788.8,606697.4,611913.0,662454.6,711312.8,679187.3,839573.2,868905.1,938019.3,945075.3,972620.9,1003038.8,1065501.2,1105641.9,1198680.0,1345468.1,1410322.0,1441415.0,1377136.0,959199.7,1078078.1,1359094.4,1411716.6,1380722.3,1394405.0
A,CLV15_MNAC,P6,IT,,,,,,,,,,,,,,,,,,,,,318539.5,323347.0,339291.3,347947.0,344366.5,385831.6,396118.5,384848.8,380091.4,403480.2,416550.6,450641.1,478707.6,463009.1,380447.7,424396.4,445331.3,453494.3,454618.0,466167.7,484747.5,496081.1,522708.5,533840.1,540385.3,466301.8,531982.8,584500.3,583423.4,580804.2,588000.4
A,CLV15_MNAC,P6,LT,,,,,,,,,,,,,,,,,,,,,4587.4,5773.1,7154.0,7425.6,6027.7,6872.8,8527.3,10248.9,11178.8,11988.2,14367.0,16207.0,16724.5,18667.5,16114.5,18754.4,21482.6,23812.9,25544.0,25078.4,25686.0,26951.7,30598.6,32691.5,35974.2,35998.7,41969.0,46881.9,45322.0,46499.7,48465.6
A,CLV15_MNAC,P6,LU,,,,,,,,,,,,,,,,,,,,,29295.5,31105.7,35297.1,41027.8,45955.9,53773.0,57223.7,57167.4,58758.6,64183.2,68019.0,76808.7,80747.7,80483.1,74653.5,82235.5,85844.1,87233.9,92743.7,98787.0,103864.1,109378.1,109129.9,112980.1,119802.1,122080.9,135927.1,137925.5,138688.4,121797.1,123215.5
A,CLV15_MNAC,P6,LV,,,,,,,,,,,,,,,,,,,,,3511.2,4164.3,4695.1,4916.7,4604.5,5267.4,5724.3,6006.4,6253.4,7122.0,8808.2,9464.6,10782.2,11041.8,9611.4,10920.1,12280.8,13445.6,13534.3,14422.2,14862.9,15441.4,16438.2,17155.4,17057.6,17006.8,18553.2,20672.0,19220.5,19241.2,19255.5
A,CLV15_MNAC,P6,ME,,,,,,,,,,,,,,,,,,,,,,,,,,,,,,,,1063.8,1382.8,1405.7,1227.8,1295.8,1491.9,1441.2,1476.5,1455.3,1544.6,1575.7,1603.8,1714.7,1814.3,958.1,1716.3,2048.2,2233.2,2144.9,2045.3
A,CLV15_MNAC,P6,MK,,,,,,,,,,,,,,,,,,,,,,,,,,117040.5,100428.4,95546.5,95866.9,112345.8,132487.1,148562.8,169049.8,161159.0,138773.2,171634.1,199331.9,203222.9,215607.3,251137.7,272423.2,297162.8,321966.6,363193.9,395433.6,352206.1,402494.6,445160.7,431855.8,414765.2,440163.6
A,CLV15_MNAC,P6,MT,,,,,,,,,,,,,,,,,,,,,,,,,,5296.7,4649.4,5032.4,4751.2,4773.8,4854.8,5978.1,6397.1,6793.4,5979.3,7035.5,7673.0,8250.5,8445.5,8960.0,11114.0,12010.7,13931.5,15769.1,16903.3,17543.5,18338.4,20471.2,21527.7,22881.7,23922.8
A,CLV15_MNAC,P6,NL,,,,,,,,,,,,,,,,,,,,,224599.8,233711.6,256226.1,273070.0,297759.4,333857.8,338708.2,340523.2,346674.2,375085.5,396469.8,425115.8,448225.8,455721.4,416112.6,456387.8,482338.0,500257.0,515352.3,541888.8,587250.0,598778.7,640262.4,671774.5,690294.5,663849.1,709382.4,740701.2,718541.1,717421.0,734858.6
A,CLV15_MNAC,P6,NO,287041.0,323289.0,331095.0,365934.0,373755.0,390669.0,397710.0,399482.0,427809.0,460544.0,494233.0,505217.0,510015.0,541655.0,602169.0,650960.0,691279.0,723814.0,746335.0,808314.0,851855.0,937676.0,1010015.0,1023257.0,1053399.0,1094521.0,1144660.0,1137996.0,1134208.0,1147335.0,1153736.0,1147148.0,1158294.0,1173100.0,1123600.0,1128770.0,1124208.0,1148190.0,1130249.0,1174063.0,1220682.0,1221446.0,1240591.0,1223724.0,1251419.0,1220991.0,1291947.0,1354706.0,1367335.0,1446614.0,1481202.0
A,CLV15_MNAC,P6,PL,,,,,,,,,,,,,,,,,,,,,183725.7,204544.9,229502.0,262191.3,255598.6,315938.5,325589.8,341302.8,389357.2,407718.0,448732.4,517233.4,569870.3,609718.8,572918.9,645047.8,695006.7,722251.0,758800.5,800516.3,853420.0,929880.0,1014424.6,1082973.0,1140776.2,1128505.3,1267347.2,1361202.5,1411794.5,1440035.2,1504565.0
A,CLV15_MNAC,P6,PT,,,,,,,,,,,,,,,,,,,,,29978.6,31688.6,34001.7,36754.0,38042.1,41290.3,42248.1,43649.9,45815.2,47465.4,47596.0,53530.7,56997.9,56758.2,51043.4,55728.0,59564.0,61403.6,65861.3,68695.7,72990.7,76429.8,82842.7,86402.3,89862.2,73386.3,82218.0,96320.7,100469.6,103720.2,104150.7
A,CLV15_MNAC,P6,RO,,,,,,,,,,,,,,,,,,,,,61649.3,65400.9,72705.3,71544.5,76778.3,62515.7,71430.6,83824.9,90816.6,103661.6,113202.0,126527.3,152970.5,174005.1,164115.0,189750.6,212733.6,214988.5,259564.9,281721.3,294633.1,342774.9,369392.0,388830.0,409667.5,370909.2,417782.1,456665.6,450509.1,439267.8,456508.4
A,CLV15_MNAC,P6,RS,,,,,,,,,,,,,,,,,,,,,118302.6,264126.0,399040.7,516777.5,298671.6,340024.0,523624.8,624896.4,800209.6,879439.7,1042622.0,1116608.7,1148995.7,1293287.2,1144134.5,1337045.6,1412304.4,1452660.5,1714724.3,1787898.6,1949566.9,2161788.9,2331787.0,2542653.4,2727043.7,2602001.7,3133526.0,3667206.8,3767267.1,3962806.4,4186034.6
A,CLV15_MNAC,P6,SE,,,,,,,,,,,,,,,,,,,585101.3,664675.7,739391.4,771154.7,877817.2,955869.4,1023248.4,1143581.7,1149593.8,1168415.5,1217899.6,1354544.7,1450175.4,1570776.5,1640064.3,1656531.5,1419929.6,1576840.1,1683689.8,1695611.9,1693461.5,1759821.9,1849404.0,1906022.6,1968862.1,2054738.8,2197640.4,2078354.6,2318572.0,2458926.2,2521948.2,2587864.9,2689635.9
A,CLV15_MNAC,P6,SI,,,,,,,,,,,,,,,,,,,,,9108.9,9379.6,10470.9,11289.9,11516.2,12966.4,13897.7,14979.3,15452.7,17468.1,19453.2,22200.5,25277.0,26334.4,21980.6,24249.6,25872.0,26065.2,26793.9,28356.1,29896.0,31818.4,35340.8,37516.2,39197.1,35853.3,40916.3,43959.4,43118.7,44126.0,44259.8
A,CLV15_MNAC,P6,SK,,,,,,,,,,,,,,,,,,,,,14460.7,14130.0,16099.7,15732.1,17322.3,18738.5,20805.0,22345.6,26752.9,32405.6,36496.8,44826.8,51305.6,52848.9,44201.0,52173.4,57437.4,62727.5,66103.2,68285.4,72896.4,76470.1,79254.9,83595.2,84729.3,79344.4,87803.4,90234.4,89627.3,89647.4,93217.8
A,CLV15_MNAC,P6,TR,,,,,,,,,,,,,,,,,,,,,132100.6,158899.1,186071.8,206199.2,185621.6,221087.7,232223.0,251983.2,271997.7,305761.5,331768.7,351438.7,376420.8,391118.5,378775.7,387567.3,439403.3,505420.5,529278.2,566483.7,595124.6,582056.6,654526.9,716874.6,750379.2,627221.7,784563.4,866922.5,847199.4,847816.5,845113.9
A,CLV15_MNAC,P6,UA,,,,,,,,,,,,,,,,,,,,,,,,,,,,,,,,,,,,1577001.4,1619091.7,1527685.4,1404535.0,1204504.4,1045928.0,1026918.2,1067216.6,1052765.1,1129614.7,1063983.8,972845.5,563803.9,530263.7,584891.6,
A,CLV15_MNAC,P6,UK,,,,,,,,,,,,,,,,,,,,,,,,324810.4,333903.5,363729.2,371688.1,375706.9,384455.7,402360.4,434122.6,489351.2,479502.5,481381.7,441004.7,466685.5,500400.2,503609.6,507916.9,509113.8,523366.0,537710.9,566789.9,583964.6,599486.1,,,,,,
A,CLV15_MNAC,P6,XK,,,,,,,,,,,,,,,,,,,,,,,,,,,,,,,,,,598.8,716.1,912.9,1170.5,1194.2,1176.6,1250.9,1274.0,1406.2,1687.7,1840.7,1979.7,1403.8,2481.3,2949.9,3163.3,3461.7,3728.3
A,CLV15_MNAC,P6_S21,AT,,,,,,,,,,,,,,,,,,,,,,,,,,,,,,,,,,,,,,116955.6,117355.2,126103.3,129224.0,134105.0,145386.7,151164.9,155146.1,137500.0,157912.2,163344.2,154162.2,154569.3,152888.6
A,CLV15_MNAC,P6_S21,BE,,,,,,,,,,,,,,,,,,,,,101443.2,106549.5,116700.9,121442.2,127216.8,143020.7,143321.2,148563.6,151126.0,160703.5,169527.5,179337.5,188870.5,193292.2,170189.6,180897.3,186175.3,182875.4,182587.9,190814.6,199112.6,210219.6,222622.3,228764.4,237194.5,223746.3,250461.1,248861.3,232403.2,233524.4,240949.8
A,CLV15_MNAC,P6_S21,BG,,,,,,,,,,,,,,,,,,,,,,,,,,,,,,,,,,,,,,,,14783.7,17245.7,20233.6,22198.1,25363.4,27846.1,26140.2,28869.3,32175.2,31487.0,32316.3,31604.4
A,CLV15_MNAC,P6_S21,CY,,,,,,,,,,,,,,,,,,,,,,,,,,,,,,,,,,3685.2,3304.3,3547.3,3759.6,3406.6,3463.5,3943.2,4038.8,4220.7,4869.9,5246.7,6804.2,6926.6,8920.3,11344.7,10633.6,11610.2,12174.5
A,CLV15_MNAC,P6_S21,CZ,,,,,,,,,,,,,,,,,,,,,,,,,,,,,,,,,,,,2229887.8,2428608.9,2432203.7,2438972.3,2690239.2,2839912.0,2951417.2,3153508.3,3255544.7,3294507.8,3027822.3,3279197.5,3480787.7,3537486.0,3498699.0,3621619.1
A,CLV15_MNAC,P6_S21,DE,,,,,,,,,,,,,,,,,,,,,,,,,,,,,,,,,,,,,,554846.4,556528.4,585574.2,613585.0,640690.1,669541.9,698199.6,721811.4,646900.4,716636.2,740765.6,730674.0,724657.8,747040.5
A,CLV15_MNAC,P6_S21,DK,,,,,,,,,,,,,,,,,,,,,,,,,,,,,,,473587.0,512481.1,526117.7,535196.3,472526.2,476929.3,498356.2,481595.0,503298.4,514899.9,525604.8,552692.0,569198.9,573678.6,592310.7,553690.0,596917.0,637023.1,721655.0,724108.8,755407.7
A,CLV15_MNAC,P6_S21,EE,,,,,,,,,,,,,,,,,,,,,,,,,,,,,,,,,,8830.0,7154.6,8762.5,10488.8,10626.8,11757.1,12028.9,12231.6,12625.0,13249.2,13737.0,14087.3,12597.2,15677.1,16974.1,15960.7,15335.3,16379.1
A,CLV15_MNAC,P6_S21,EL,,,,,,,,,,,,,,,,,,,,,,,,,,,,,,,,,,,,,20910.0,19905.0,21531.0,23843.1,24988.1,25862.0,26854.5,29681.9,31466.6,25808.7,33458.7,38054.4,38978.8,37505.0,39688.2
A,CLV15_MNAC,P6_S21,ES,,,,,,,,,,,,,,,,,,,,,,,,,,,,,,,,,,,,,,175854.5,183270.0,192505.2,201715.0,214829.5,229121.8,233266.7,238589.4,198495.0,230987.1,259306.2,264720.2,272082.3,281290.2
A,CLV15_MNAC,P6_S21,FI,,,,,,,,,,,,,,,,,,,,,,,,,,,,,,,,,,41457.0,31978.0,33225.0,35290.0,35119.0,36826.0,35690.0,36944.0,39464.0,43597.0,44317.0,48612.0,43076.0,46955.0,50083.0,50733.0,51357.0,52916.0
A,CLV15_MNAC,P6_S21,FR,,,,,,,,,,,,,,,,,,,,,,,,,,,,,,,,,,311324.7,273355.7,295275.3,314854.5,312813.9,324425.6,331103.9,342196.1,354183.3,364046.1,381791.0,389040.8,339281.4,377722.1,403545.1,415944.0,420521.4,427932.4
A,CLV15_MNAC,P6_S21,HR,,,,,,,,,,,,,,,,,,,,,,,,,,,,,,,,,,,,,,11301.8,11895.1,12895.1,14486.1,15527.7,16277.7,17084.7,18116.0,14273.0,19114.8,24107.2,23256.7,22849.5,23033.6
A,CLV15_MNAC,P6_S21,HU,,,,,,,,,,,,,,,,,,,,,,,,,,,,,,,,,,17546836.0,15652085.0,17112082.8,18492266.7,18364545.1,18651026.9,21143670.6,21833238.0,23508576.3,25337856.9,26642691.0,28215427.7,26594438.6,28255254.4,31659994.8,32101922.3,31084319.2,31725229.6
A,CLV15_MNAC,P6_S21,IE,,,,,,,,,,,,,,,,,,,,,,,,,,,,,,,,,,,,,,83104.6,84763.9,92725.1,108625.1,110624.5,113329.6,135565.1,140218.3,163724.0,201458.9,234620.7,219438.3,229758.2,234579.0
A,CLV15_MNAC,P6_S21,IT,,,,,,,,,,,,,,,,,,,,,,,,,,,,,,,,,,247488.5,198417.5,216884.2,222921.9,215866.7,212281.1,221397.8,232433.9,242045.6,256676.8,265902.3,270018.3,237943.3,276389.0,302494.7,308961.4,303859.9,318068.4
A,CLV15_MNAC,P6_S21,LT,,,,,,,,,,,,,,,,,,,,,,,,,,,,,,6873.2,8255.4,9196.7,9882.0,10470.3,9758.8,10688.5,12419.6,13175.6,13786.2,14347.0,16136.9,16779.6,18879.9,20538.3,22674.8,23062.4,27246.1,31879.7,30946.2,32441.7,34495.1
A,CLV15_MNAC,P6_S21,LU,,,,,,,,,,,,,,,,,,,,,21449.9,22633.5,25091.8,28792.1,32029.5,37434.7,39665.4,41095.2,42502.2,46280.6,47632.4,52315.9,54433.4,54470.1,50777.4,51112.5,52825.6,55970.5,58941.0,61733.1,63874.9,68724.1,66952.3,70168.7,74102.3,75927.4,84455.1,86862.7,88354.8,78310.8,79420.2
A,CLV15_MNAC,P6_S21,LV,,,,,,,,,,,,,,,,,,,,,,,,,,2414.1,2846.1,3148.4,3386.0,4051.6,5319.3,5808.2,6655.6,6759.7,5906.2,6586.0,7524.3,8041.5,8173.7,9032.1,9434.0,9946.5,10370.7,11091.0,11469.1,11391.0,12837.6,14188.1,13385.4,13512.7,13931.1
A,CLV15_MNAC,P6_S21,ME,,,,,,,,,,,,,,,,,,,,,,,,,,,,,,,,511.6,650.1,562.3,432.6,498.8,554.7,415.7,392.7,408.8,421.0,437.6,447.0,562.3,575.8,358.2,513.5,737.4,789.6,718.7,671.0
A,CLV15_MNAC,P6_S21,MT,,,,,,,,,,,,,,,,,,,,,,,,,,3184.1,2792.7,3033.2,2855.5,2872.1,2916.2,3591.9,3853.9,4080.7,3597.7,4231.7,4601.4,4958.9,5084.9,5386.3,6650.5,7269.2,8320.8,9571.4,10320.6,11233.1,11454.7,12033.3,13701.0,14426.4,15460.6
A,CLV15_MNAC,P6_S21,NL,,,,,,,,,,,,,,,,,,,,,150413.3,155773.2,168356.4,179894.8,196173.9,217321.7,220590.8,217493.7,220610.1,243929.6,255091.8,274460.6,289767.5,296765.6,268399.9,285924.5,305095.6,308622.2,317718.4,332302.3,351076.0,363889.2,391359.9,418860.1,425840.7,396428.2,435298.4,461497.9,444231.8,436403.1,450783.7
A,CLV15_MNAC,P6_S21,PL,,,,,,,,,,,,,,,,,,,,,,,,,,,,,,,,,,438997.2,418278.7,466217.8,493938.4,498532.4,517297.2,560997.5,608166.0,660979.6,718954.5,774778.2,812266.9,808769.5,922856.9,1018484.5,1015797.7,1032966.0,1082998.0
A,CLV15_MNAC,P6_S21,PT,,,,,,,,,,,,,,,,,,,,,,,,,,,,,,,,,,37606.9,33281.6,36702.5,38763.2,38223.8,40353.9,42198.6,45397.5,48546.8,52112.6,56022.1,58306.5,49553.5,55641.1,62925.9,64597.7,67568.6,68501.1
A,CLV15_MNAC,P6_S21,RO,,,,,,,,,,,,,,,,,,,,,,,,,,,,,,,,,108192.5,122557.3,120212.0,134428.0,149643.2,151193.0,183129.3,202001.9,218725.5,258349.1,282006.4,301512.3,318310.1,271246.4,300931.3,321554.9,318294.7,313328.5,324376.7
A,CLV15_MNAC,P6_S21,RS,,,,,,,,,,,,,,,,,,,,,,,,,,,,,,,,,,,,,,859178.4,1015140.3,1081980.1,1163669.4,1298152.6,1381213.2,1530058.5,1672370.7,1617350.6,1902555.3,2201501.2,2251554.2,2335384.1,2443354.1
A,CLV15_MNAC,P6_S21,SE,,,,,,,,,,,,,,,,,,,,,,,,,,,,,,,,,,,,,,,862952.3,895615.2,927536.3,979244.4,1009584.4,1047460.9,1088425.3,1028106.7,1173076.7,1247040.6,1313473.5,1346888.0,1387530.7
A,CLV15_MNAC,P6_S21,SI,,,,,,,,,,,,,,,,,,,,,,,,,,,,,,,,,,18190.9,16327.3,18110.6,19427.5,19169.6,19717.7,21218.1,22429.3,23775.5,26691.4,28644.7,29927.5,27050.4,31091.6,33452.2,32353.7,32786.4,33101.0
A,CLV15_MNAC,P6_S21,SK,,,,,,,,,,,,,,,,,,,,,12148.0,11838.6,13570.0,13827.8,15311.9,16582.2,18457.5,19626.6,22627.0,27384.8,30961.4,37515.1,42342.1,42933.3,36178.4,42447.5,46864.0,50312.5,51899.4,54060.7,58127.6,60885.6,63606.0,67193.9,68289.1,63961.1,72254.1,74998.7,71591.8,73381.0,72136.8
A,CLV15_MNAC,P6_S21,TR,,,,,,,,,,,,,,,,,,,,,,,,,,,,,,,,,,,173030.2,176048.4,196842.9,223589.0,228094.6,249351.2,265668.2,274489.8,298038.8,344609.9,353339.0,250686.8,314200.8,341607.1,341808.8,347887.0,356074.8
A,CLV15_MNAC,P6_S21,UK,,,,,,,,,,,,,,,,,,,,,,,,170167.0,176424.1,190367.2,198191.0,202400.3,198393.0,202721.9,217257.2,260231.8,235999.1,230713.9,206695.4,215227.6,226489.0,218933.1,217445.3,219565.2,225570.0,234690.0,250648.8,258587.1,250640.2,,,,,,
A,CLV15_MNAC,P6_S2111,AT,,,,,,,,,,,,,,,,,,,,,,,,,,,,,,,,,,,,,,102862.0,103273.8,102718.0,105286.7,107725.3,117316.5,122259.6,124518.7,111214.6,128365.9,130762.2,122244.8,123769.7,120798.8
A,CLV15_MNAC,P6_S2111,BE,,,,,,,,,,,,,,,,,,,,,,,,,115955.6,130368.0,130586.9,135433.5,137806.1,146588.8,154630.5,163611.4,172259.6,174340.7,154022.8,163396.8,167338.2,164003.2,163096.8,169801.4,176326.4,185703.7,196490.9,202420.0,208156.0,195063.6,219586.9,215384.9,199188.4,200977.3,206846.7
A,CLV15_MNAC,P6_S2111,BG,,,,,,,,,,,,,,,,,,,,,,,,,,,,,,,,,,,,,,,,11959.7,12723.2,13705.0,13969.1,14696.9,14603.5,13260.7,14183.1,15853.2,15592.6,16017.9,15430.4
A,CLV15_MNAC,P6_S2111,CY,,,,,,,,,,,,,,,,,,,,,,,,,,,,,,,,,,2453.6,2258.6,2381.5,2596.0,2375.2,2953.0,2884.9,3282.8,3411.9,4022.4,4266.4,5724.1,6147.7,7372.9,9155.0,8481.8,9265.0,9710.9
A,CLV15_MNAC,P6_S2111,CZ,,,,,,,,,,,,,,,,,,,,,,,,,,,,,,,,,,,,1875137.6,2027174.7,2015049.0,2006638.3,2187839.8,2325114.0,2414445.1,2581271.4,2656349.7,2684458.4,2471331.2,2656096.1,2823761.9,2852361.5,2796376.3,2892950.5
A,CLV15_MNAC,P6_S2111,DE,,,,,,,,,,,,,,,,,,,,,,,,,,,,,,,,,,,,,,421749.3,420207.0,434041.0,451941.0,470028.0,490825.7,508492.0,525784.5,467364.0,520129.4,539992.4,536767.6,528822.4,542142.3
A,CLV15_MNAC,P6_S2111,DK,,,,,,,,,,,,,,,,,,,,,,,,,,,,,,,336312.6,355766.5,358638.3,367813.9,324510.2,323033.9,336177.7,320492.3,344455.7,356506.3,364477.4,382548.8,392558.9,395972.2,409594.3,395338.2,422793.1,455347.9,524319.4,526508.3,541822.1
A,CLV15_MNAC,P6_S2111,EE,,,,,,,,,,,,,,,,,,,,,,,,,,,,,,,,,,3623.9,3137.7,3632.8,4231.7,4183.1,5691.5,7160.5,7992.6,8170.6,8988.8,9320.5,9753.7,8822.4,11249.9,12247.3,11719.5,11348.9,12063.7
A,CLV15_MNAC,P6_S2111,EL,,,,,,,,,,,,,,,,,,,,,,,,,,,,,,,,,,,,,16827.4,15749.2,16832.2,18744.1,20070.9,20520.7,21362.4,23407.6,24957.2,20366.7,26271.6,28658.4,30100.2,28866.9,29989.4
A,CLV15_MNAC,P6_S2111,ES,,,,,,,,,,,,,,,,,,,,,,,,,,,,,,,,,,,,,,158949.6,164938.3,173181.2,180227.0,192411.5,204580.4,208949.8,212914.7,178534.8,207738.1,233297.4,236576.7,242516.7,249922.3
A,CLV15_MNAC,P6_S2111,FI,,,,,,,,,,,,,,,,,,,,,,,,,,,,,,,,,,27787.0,20771.0,21390.0,21993.0,22604.0,23396.0,22714.0,24038.0,25055.0,28394.0,27998.0,31979.0,27890.0,30246.0,31780.0,32919.0,33756.0,34606.0
A,CLV15_MNAC,P6_S2111,FR,,,,,,,,,,,,,,,,,,,,,,,,,,,,,,,,,,279044.4,246269.4,265208.8,282388.4,280919.9,289763.4,294998.8,303321.1,314152.0,321622.1,336529.9,343020.0,296304.9,329545.2,352902.4,375171.2,377218.7,383096.4
A,CLV15_MNAC,P6_S2111,HR,,,,,,,,,,,,,,,,,,,,,,,,,,,,,,,,,,,,,,9891.2,10351.5,11133.1,12498.9,13285.0,13666.7,14412.0,15069.1,11398.3,14954.8,18534.1,18688.8,18177.1,18406.8
A,CLV15_MNAC,P6_S2111,HU,,,,,,,,,,,,,,,,,,,,,,,,,,,,,,,,,,13923854.3,12489996.8,13599059.5,14629173.0,14604514.0,14786214.2,16871255.8,17195032.0,18405808.0,19942722.6,20893698.5,22097791.8,20876109.7,22431027.4,25716967.1,26084110.8,24834422.4,25366522.3
A,CLV15_MNAC,P6_S2111,IE,,,,,,,,,,,,,,,,,,,,,,,,,,,,,,,,,,,,,,73861.8,74767.8,82203.0,94538.5,95199.8,96992.9,117883.8,120987.2,142772.8,175842.7,206412.7,191310.6,199700.4,201902.9
A,CLV15_MNAC,P6_S2111,IT,,,,,,,,,,,,,,,,,,,,,,,,,,,,,,,,,,209725.4,168162.6,183502.6,188807.3,183027.4,178984.7,186163.2,194145.5,202986.5,213904.1,223070.2,225867.1,198003.7,229822.2,252329.6,256954.0,251849.8,255992.3
A,CLV15_MNAC,P6_S2111,LT,,,,,,,,,,,,,,,,,,,,,,,,,,,,,,5243.3,6236.9,6815.2,7376.1,7681.5,7191.0,7793.8,9428.9,10078.6,10099.6,10122.7,11270.8,11602.7,13352.3,14592.1,16589.9,17088.4,19665.1,23431.3,22872.8,23860.9,25237.4
A,CLV15_MNAC,P6_S2111,LU,,,,,,,,,,,,,,,,,,,,,20309.8,21473.3,23721.3,27049.7,30315.4,35424.6,37471.3,38623.6,39819.7,43406.9,44589.1,48760.3,50447.0,50589.6,47313.3,47412.8,48945.1,51608.5,54241.1,56772.3,58571.9,63045.6,61295.0,64164.5,67731.7,69286.2,77148.9,79718.3,81280.0,72219.2,73185.8
A,CLV15_MNAC,P6_S2111,LV,,,,,,,,,,,,,,,,,,,,,,,,,,1669.0,1954.0,2161.8,2283.8,2734.1,3768.2,4507.3,5098.5,5233.1,4590.8,5015.7,5645.7,5954.3,5989.7,6780.8,7084.0,7423.1,7606.8,8120.3,8630.6,8555.2,9873.4,11064.1,10460.4,10506.7,10923.6
A,CLV15_MNAC,P6_S2111,ME,,,,,,,,,,,,,,,,,,,,,,,,,,,,,,,,363.4,435.8,435.3,314.9,336.7,321.0,245.2,290.6,268.7,301.8,278.9,284.0,343.7,346.7,230.8,355.8,529.0,583.5,509.9,492.6
A,CLV15_MNAC,P6_S2111,MT,,,,,,,,,,,,,,,,,,,,,,,,,,2940.2,2570.7,2792.7,2628.1,2636.7,2667.9,3284.2,3518.7,3707.2,3257.8,3839.7,4176.8,4505.1,4600.3,4854.6,5962.1,6517.3,7438.8,8570.1,9184.3,10176.4,10343.7,10809.3,12405.4,13023.3,14049.9
A,CLV15_MNAC,P6_S2111,NL,,,,,,,,,,,,,,,,,,,,,139860.5,144726.1,154903.3,165132.0,178814.5,197614.5,201960.4,199003.3,203871.7,219123.2,227535.4,252645.0,251483.3,256521.8,234991.9,253094.8,270071.8,271239.0,273922.9,284664.8,297628.0,306789.8,333812.5,358558.8,364146.4,337102.5,368966.0,395850.7,379773.2,372266.1,383536.0
A,CLV15_MNAC,P6_S2111,PL,,,,,,,,,,,,,,,,,,,,,,,,,,,,,,,,,,347528.4,336588.0,370455.6,390973.0,392609.5,406327.6,439781.6,474008.0,513732.3,560956.4,605687.8,636423.4,636692.9,729908.8,793636.8,815061.2,822734.0,859336.4
A,CLV15_MNAC,P6_S2111,PT,,,,,,,,,,,,,,,,,,,,,,,,,,,,,,,,,,35274.7,30959.3,34078.8,35990.7,35188.3,37310.1,39015.8,42199.6,44944.1,48101.5,51960.9,54033.0,45707.5,51231.8,57672.5,59134.2,61810.3,62523.8
A,CLV15_MNAC,P6_S2111,RO,,,,,,,,,,,,,,,,,,,,,,,,,,,,,,,,,79859.1,91066.8,90899.1,100158.1,109864.2,110313.3,135665.9,149665.5,161697.7,191438.6,210463.8,223197.9,233599.4,214078.3,232942.6,243536.3,248057.5,243667.2,252055.9
A,CLV15_MNAC,P6_S2111,RS,,,,,,,,,,,,,,,,,,,,,,,,,,,,,,,,,,,,,,682738.1,805013.4,866865.6,923520.3,1009388.2,1036052.1,1114656.6,1213892.7,1122821.2,1317376.5,1528093.2,1515373.3,1616375.6,1713419.2
A,CLV15_MNAC,P6_S2111,SE,,,,,,,,,,,,,,,,,,,,,,,,,,,,,,,,,,,,,,,684860.9,708755.4,729429.7,769507.6,794159.3,822808.8,852406.7,791709.0,893711.1,950979.8,1019153.8,1051056.2,1067168.3
A,CLV15_MNAC,P6_S2111,SI,,,,,,,,,,,,,,,,,,,,,,,,,,,,,,,,,,13652.8,13791.5,15120.1,16201.1,16002.9,16421.2,17667.8,18674.1,19731.6,22265.8,23908.7,24998.3,22382.0,25712.1,27746.4,26620.4,26678.1,26787.8
A,CLV15_MNAC,P6_S2111,SK,,,,,,,,,,,,,,,,,,,,,5505.1,5913.4,7681.3,8747.0,10146.4,10922.7,12235.4,13262.4,15978.4,18638.5,20104.5,24002.2,27075.6,26421.2,22119.1,25382.6,27262.6,28885.1,29927.6,32109.4,34908.3,37143.1,38672.0,41365.1,42124.5,39499.6,42740.6,43079.9,41292.0,41625.7,41030.4
A,CLV15_MNAC,P6_S2111,TR,,,,,,,,,,,,,,,,,,,,,,,,,,,,,,,,,,,132757.6,134550.4,148316.4,167746.0,170170.0,183192.1,188656.5,191286.2,210916.5,244976.7,249052.8,201542.2,253190.2,273859.0,269865.7,274281.2,279506.1
A,CLV15_MNAC,P6_S2111,UK,,,,,,,,,,,,,,,,,,,,,,,,153728.6,160277.0,172591.9,179878.8,183257.9,179337.9,182486.4,195370.0,231804.0,210956.4,205619.9,184113.5,190285.7,200443.8,194382.6,191787.1,192851.7,198847.0,206568.3,222182.5,228791.6,221649.4,,,,,,
A,CLV15_MNAC,P6_S2112,AT,,,,,,,,,,,,,,,,,,,,,,,,,,,,,,,,,,,,,,16330.4,16343.7,23385.3,23937.3,26379.7,28021.5,28828.7,30637.5,26213.8,29403.8,32691.4,32272.0,30968.8,32489.4
A,CLV15_MNAC,P6_S2112,BE,,,,,,,,,,,,,,,,,,,,,,,,,11186.7,12568.6,12651.8,13042.6,13229.7,14017.4,14794.7,15616.9,16497.2,18887.0,16096.7,17432.2,18782.5,18827.5,19463.5,20999.0,22786.2,24515.8,26130.9,26340.5,29060.1,28719.5,30904.3,33601.4,33476.6,32772.7,34354.7
A,CLV15_MNAC,P6_S2112,BG,,,,,,,,,,,,,,,,,,,,,,,,,,,,,,,,,,,,,,,,3087.8,4522.4,6528.6,8537.7,11903.1,16635.7,17058.1,20470.1,22631.5,21846.6,22365.9,22773.2
A,CLV15_MNAC,P6_S2112,CY,,,,,,,,,,,,,,,,,,,,,,,,,,,,,,,,,,1230.8,1045.2,1165.1,1163.2,1031.1,511.1,1058.6,756.0,808.8,847.2,980.1,1079.8,778.8,1544.1,2183.6,2145.0,2338.0,2456.0
A,CLV15_MNAC,P6_S2112,CZ,,,,,,,,,,,,,,,,,,,,,,,,,,,,,,,,,,,,354194.2,400965.3,416739.8,432095.7,502664.4,514798.0,536972.1,572234.5,599193.1,610064.7,556469.2,623299.0,657105.4,685745.6,704024.6,730515.6
A,CLV15_MNAC,P6_S2112,DE,,,,,,,,,,,,,,,,,,,,,,,,,,,,,,,,,,,,,,133086.9,136319.8,151532.3,161644.0,170732.0,178796.2,189752.1,196092.1,179604.4,196559.1,200833.7,194008.7,195948.5,205018.5
A,CLV15_MNAC,P6_S2112,DK,,,,,,,,,,,,,,,,,,,,,,,,,,,,,,,137339.6,156745.5,167486.1,167401.4,148031.8,153906.3,162186.9,161116.7,158844.7,158393.7,161127.4,170143.2,176642.7,177708.5,182717.0,158335.9,174112.8,181635.1,197189.4,197451.6,213478.9
A,CLV15_MNAC,P6_S2112,EE,,,,,,,,,,,,,,,,,,,,,,,,,,,,,,,,,,5529.7,4171.0,5432.0,6681.1,6929.1,6018.8,4863.1,4239.0,4454.4,4264.8,4421.1,4310.5,3736.3,4330.9,4610.4,4095.2,3830.1,4158.9
A,CLV15_MNAC,P6_S2112,EL,,,,,,,,,,,,,,,,,,,,,,,,,,,,,,,,,,,,,4082.6,4155.8,4698.8,5098.9,4917.2,5341.3,5492.1,6274.3,6509.4,5442.0,7187.0,9396.0,8878.6,8638.1,9698.8
A,CLV15_MNAC,P6_S2112,ES,,,,,,,,,,,,,,,,,,,,,,,,,,,,,,,,,,,,,,16903.4,18331.4,19323.6,21488.0,22418.9,24540.5,24316.8,25674.7,19959.8,23248.7,26006.4,28154.2,29579.3,31383.8
A,CLV15_MNAC,P6_S2112,FI,,,,,,,,,,,,,,,,,,,,,,,,,,,,,,,,,,13668.0,11205.0,11833.0,13295.0,12513.0,13428.0,12976.0,12906.0,14410.0,15203.0,16320.0,16634.0,15187.0,16710.0,18304.0,17815.0,17602.0,18310.0
A,CLV15_MNAC,P6_S2112,FR,,,,,,,,,,,,,,,,,,,,,,,,,,,,,,,,,,32301.4,27140.0,30106.3,32501.0,31934.3,34681.0,36114.8,38875.0,40031.2,42451.6,45306.2,46065.3,43076.9,48299.3,50782.2,42067.8,44217.8,45634.8
A,CLV15_MNAC,P6_S2112,HR,,,,,,,,,,,,,,,,,,,,,,,,,,,,,,,,,,,,,,1410.6,1543.7,1762.0,1987.2,2242.7,2612.0,2673.8,3050.2,2886.1,4195.0,5649.0,4566.7,4689.6,4636.1
A,CLV15_MNAC,P6_S2112,HU,,,,,,,,,,,,,,,,,,,,,,,,,,,,,,,,,,3621141.7,3160237.3,3513795.7,3864850.1,3763969.6,3866996.4,4278679.0,4638206.0,5102768.7,5393589.1,5746652.3,6114566.6,5715911.8,5817197.2,5959887.7,6035920.9,6215305.6,6325818.8
A,CLV15_MNAC,P6_S2112,IE,,,,,,,,,,,,,,,,,,,,,,,,,,,,,,,,,,,,,,9242.9,9996.1,10522.0,14086.6,15424.7,16336.6,17679.8,19230.5,20948.4,25612.6,28202.7,28123.9,30054.5,32674.9
A,CLV15_MNAC,P6_S2112,IT,,,,,,,,,,,,,,,,,,,,,,,,,,,,,,,,,,37769.7,30260.4,33388.3,34122.2,32848.3,33305.1,35240.2,38288.4,39059.1,42766.4,42833.7,44145.9,39936.5,46564.1,50171.8,52010.9,52026.2,62181.6
A,CLV15_MNAC,P6_S2112,LT,,,,,,,,,,,,,,,,,,,,,,,,,,,,,,1630.6,2019.6,2382.8,2507.4,2790.1,2569.1,2895.7,2993.8,3100.6,3688.3,4224.6,4866.1,5176.9,5527.0,5945.5,6084.7,5973.7,7582.1,8448.7,8072.4,8581.9,9261.8
A,CLV15_MNAC,P6_S2112,LU,,,,,,,,,,,,,,,,,,,,,1133.9,1153.6,1363.2,1733.8,1704.3,1998.6,2182.1,2459.7,2671.0,2860.6,3031.2,3545.0,3979.0,3871.6,3453.4,3692.9,3874.3,4359.5,4698.5,4959.7,5302.9,5678.4,5657.7,6004.9,6371.4,6642.5,7307.1,7142.4,7071.9,6088.2,6231.8
A,CLV15_MNAC,P6_S2112,LV,,,,,,,,,,,,,,,,,,,,,,,,,,752.1,901.3,996.8,1116.4,1334.3,1564.2,1300.2,1556.8,1525.9,1314.7,1570.2,1878.7,2087.4,2184.3,2251.3,2350.0,2523.4,2763.8,2970.7,2839.0,2835.8,2970.4,3138.2,2939.1,3016.1,3024.8
A,CLV15_MNAC,P6_S2112,ME,,,,,,,,,,,,,,,,,,,,,,,,,,,,,,,,150.0,219.3,125.8,118.3,162.1,233.4,170.3,102.6,140.1,119.3,158.7,163.0,218.8,229.4,127.1,156.3,205.6,202.4,206.3,175.4
A,CLV15_MNAC,P6_S2112,MT,,,,,,,,,,,,,,,,,,,,,,,,,,242.7,221.2,239.6,226.5,234.7,247.7,307.1,334.5,373.1,339.7,391.7,424.2,453.5,484.4,531.5,688.4,751.9,881.9,1001.2,1136.1,1057.3,1111.5,1224.2,1296.3,1403.7,1411.6
A,CLV15_MNAC,P6_S2112,NL,,,,,,,,,,,,,,,,,,,,,10464.9,10959.9,13406.6,14724.3,17347.6,19702.3,18598.1,18461.0,16690.7,24763.2,27508.9,21770.8,38263.6,40226.3,33375.8,32816.3,35009.1,37368.3,43791.9,47636.3,53448.0,57099.2,57547.3,60301.3,61694.4,59325.0,66330.1,65642.8,64461.3,64142.0,67256.7
A,CLV15_MNAC,P6_S2112,PL,,,,,,,,,,,,,,,,,,,,,,,,,,,,,,,,,,91466.1,81691.4,95763.5,102966.3,105924.5,110970.8,121216.5,134158.0,147248.0,157999.3,169091.4,175845.0,172077.8,192948.2,224849.7,200735.9,210242.8,223679.0
A,CLV15_MNAC,P6_S2112,PT,,,,,,,,,,,,,,,,,,,,,,,,,,,,,,,,,,2300.0,2320.1,2627.5,2776.7,3070.4,3064.2,3204.3,3197.9,3621.3,4045.8,4072.9,4290.4,3882.3,4459.0,5336.9,5556.5,5859.9,6094.5
A,CLV15_MNAC,P6_S2112,RO,,,,,,,,,,,,,,,,,,,,,,,,,,,,,,,,,28333.4,31490.5,29313.0,34269.9,39779.0,40879.7,47463.4,52336.5,57027.8,66910.5,71542.7,78314.6,84710.6,57168.1,67988.7,78018.7,70237.1,69661.3,72320.8
A,CLV15_MNAC,P6_S2112,RS,,,,,,,,,,,,,,,,,,,,,,,,,,,,,,,,,,,,,,176387.6,209996.9,215166.4,240149.1,288764.4,345735.4,416062.4,459218.9,496293.7,587482.5,675935.9,740926.0,721289.8,730717.7
A,CLV15_MNAC,P6_S2112,SE,,,,,,,,,,,,,,,,,,,,,,,,,,,,,,,,,,,,,,,178094.5,186862.3,198106.6,209736.8,215424.9,224652.1,236017.8,236389.4,279365.1,296061.7,294426.2,295979.2,320438.5
A,CLV15_MNAC,P6_S2112,SI,,,,,,,,,,,,,,,,,,,,,,,,,,,,,,,,,,4527.2,2536.6,2990.6,3226.5,3166.8,3296.5,3550.3,3755.2,4043.9,4425.4,4735.8,4929.0,4668.6,5379.8,5705.9,5732.5,6107.1,6312.0
A,CLV15_MNAC,P6_S2112,SK,,,,,,,,,,,,,,,,,,,,,6599.8,5894.7,5874.3,5086.6,5182.2,5676.1,6242.4,6391.9,6694.0,8788.0,10885.6,13540.8,15297.9,16524.0,14066.6,17063.5,19586.2,21404.1,21950.1,21945.1,23219.2,23742.5,24936.4,25821.9,26155.9,24452.5,29538.8,31965.7,30341.9,31811.3,31159.4
A,CLV15_MNAC,P6_S2112,TR,,,,,,,,,,,,,,,,,,,,,,,,,,,,,,,,,,,41751.4,42924.4,49803.1,57185.0,59150.5,67075.0,77011.7,82659.9,87013.5,99672.4,104007.9,52663.7,65508.8,72426.9,71514.9,73193.5,76179.2
A,CLV15_MNAC,P6_S2112,UK,,,,,,,,,,,,,,,,,,,,,,,,16417.4,16114.5,17743.6,18278.2,19110.5,19026.4,20211.1,21861.8,28412.0,25025.4,25080.9,22570.9,24936.8,26039.1,24541.1,25655.5,26715.2,26723.0,28121.2,28465.8,29794.5,28990.0,,,,,,
A,CLV15_MNAC,P6_S212,BE,,,,,,,,,,,,,,,,,,,,,1753.6,1741.8,1749.7,1663.7,1488.4,1526.5,1748.4,2068.0,1457.3,1845.9,2089.1,2545.3,2807.0,2624.8,2757.3,2525.4,2658.1,2792.1,2881.4,2756.7,3019.5,3488.8,3621.0,3764.1,4089.2,3949.4,3128.3,3240.7,2966.7,3316.3,
A,CLV15_MNAC,P6_S212,CY,,,,,,,,,,,,,,,,,,,,,,,,,,,,,,,,,,24.8,25.4,24.7,19.4,19.4,25.9,21.0,21.9,19.6,27.3,38.3,30.0,31.5,16.0,22.0,34.4,35.1,37.4
A,CLV15_MNAC,P6_S212,EE,,,,,,,,,,,,,,,,,,,,,,,,,,,,,,,,,,0.3,0.2,0.2,0.2,0.2,0.2,0.2,5.6,10.1,15.6,23.5,13.1,30.0,48.1,41.9,34.4,32.6,36.1
A,CLV15_MNAC,P6_S212,IE,,,,,,,,,,,,,,,,,,,,,6.2,6.9,8.1,10.0,11.5,14.0,19.4,16.0,14.4,19.2,25.5,26.3,29.0,26.0,23.6,23.7,25.3,24.0,26.3,29.0,33.2,31.7,38.4,31.8,33.3,26.0,50.4,59.8,0.2,49.3,0.2
A,CLV15_MNAC,P6_S212,IT,,,,,,,,,,,,,,,,,,,,,,,,,,,,,,,,,,768.3,632.7,730.7,633.3,552.1,499.7,496.8,614.0,565.1,489.5,476.1,467.1,398.3,534.1,857.9,704.6,736.5,758.6
A,CLV15_MNAC,P6_S212,LT,,,,,,,,,,,,,,,,,,,,,,,,,,,,,,6.2,14.7,15.7,17.6,22.5,16.2,13.8,15.3,16.8,18.4,22.6,30.1,23.3,20.5,22.9,25.3,24.8,28.3,37.7,32.8,24.9,29.5
A,CLV15_MNAC,P6_S212,LU,,,,,,,,,,,,,,,,,,,,,624.9,723.3,712.2,727.8,553.2,569.0,626.8,671.1,756.6,743.8,674.2,707.1,857.6,864.9,889.9,759.5,748.5,734.9,669.5,708.8,702.1,807.9,797.8,861.2,860.7,1014.7,1119.5,1132.9,1096.2,882.2,890.1
A,CLV15_MNAC,P6_S212,LV,,,,,,,,,,,,,,,,,,,,,,,,,,0.3,1.7,0.5,0.5,5.9,11.1,11.2,13.3,11.0,6.3,7.2,8.4,8.6,7.5,10.3,11.4,11.8,10.1,10.8,9.5,8.8,15.5,17.2,11.0,12.0,13.7
A,CLV15_MNAC,P6_S212,NL,,,,,,,,,,,,,,,,,,,,,107.4,114.7,128.4,136.5,150.2,159.3,164.8,166.6,166.6,170.2,177.5,185.7,197.5,207.6,200.3,210.3,226.7,237.6,254.0,284.9,335.0,320.4,349.6,382.3,405.1,375.1,383.2,428.8,432.4,443.3,446.1
A,CLV15_MNAC,P6_S212,RO,,,,,,,,,,,,,,,,,,,,,,,,,,,,,,,,,0.0,0.0,0.0,0.0,0.0,0.0,6.6,5.6,2.1,1.2,6.0,9.1,13.1,8.8,7.5,17.5,13.2,15.8,14.6
A,CLV15_MNAC,P6_S212,SE,,,,,,,,,,,,,,,,,,,1133.3,1164.3,1154.2,1182.1,1362.1,1509.0,1416.3,1510.4,1192.6,1060.1,1687.2,1756.2,2816.8,2239.6,3195.3,2890.8,2670.2,3526.4,2766.4,2737.7,3084.2,3267.4,3582.6,1349.3,3059.9,2874.4,3053.1,2565.7,4517.8,4852.2,3620.2,3928.0,3460.7
A,CLV15_MNAC,P6_S212,SI,,,,,,,,,,,,,,,,,,,,,,,,,,,,,,,,,,1.0,0.8,0.8,0.4,1.2,0.5,0.4,0.4,1.3,1.5,3.4,4.4,7.0,0.1,0.5,1.6,3.2,6.1
A,CLV15_MNAC,P6_S22,AT,,,,,,,,,,,,,,,,,,,,,,,,,,,,,,,,,,,,,,55505.8,56279.3,51189.9,53434.9,54020.7,51954.9,56342.2,60735.0,55737.8,53696.1,68941.2,80082.7,73252.4,76055.2
A,CLV15_MNAC,P6_S22,BE,,,,,,,,,,,,,,,,,,,,,51789.6,54306.7,59421.4,61967.6,65087.1,73123.0,73643.8,75883.6,76947.5,81496.7,86020.3,90778.9,95928.8,96659.6,86971.9,103026.0,111403.1,112696.2,113806.3,121347.4,124499.0,133276.5,139823.5,139253.7,141595.4,132465.4,157992.8,172337.1,158585.6,150537.6,140302.4
A,CLV15_MNAC,P6_S22,BG,,,,,,,,,,,,,,,,,,,,,,,,,,,,,,,,,,,,,,,,12909.9,11966.7,11494.7,11464.3,9632.5,9106.8,7727.9,8776.1,9926.7,10280.9,10324.1,10116.4
A,CLV15_MNAC,P6_S22,CY,,,,,,,,,,,,,,,,,,,,,,,,,,,,,,,,,,6260.6,6180.2,6537.1,7032.5,7324.2,7387.9,7591.2,8525.2,9250.5,10080.9,10783.6,10625.8,10788.6,13606.0,17373.5,17614.7,18356.6,19214.7
A,CLV15_MNAC,P6_S22,CZ,,,,,,,,,,,,,,,,,,,,,,,,,,,,,,,,,,,,601232.8,661991.5,792072.5,793635.6,823959.1,882123.0,924615.8,997766.0,1041065.2,1058446.9,954530.6,1027908.1,1047706.1,1098586.2,1211708.2,1273019.1
A,CLV15_MNAC,P6_S22,DE,,,,,,,,,,,,,,,,,,,,,,,,,,,,,,,,,,,,,,640988.4,644955.9,668021.2,701039.0,700030.3,723028.4,730022.0,735872.4,672459.5,737082.8,769495.4,758265.3,733317.1,704468.5
A,CLV15_MNAC,P6_S22,DK,,,,,,,,,,,,,,,,,,,,,,,,,,,,,,,395347.8,446109.8,467315.7,496666.8,464779.9,488867.4,539314.6,569400.4,562157.7,582744.5,607540.8,621946.6,661991.4,699512.3,737137.0,691204.4,744296.1,792536.5,821635.3,926308.7,945764.0
A,CLV15_MNAC,P6_S22,EE,,,,,,,,,,,,,,,,,,,,,,,,,,,,,,,,,,3077.3,2345.3,3026.5,4113.8,4646.4,4039.0,4183.1,3743.9,4121.4,4307.1,4333.0,4862.1,5501.2,6698.6,6655.0,5541.2,5817.7,5842.9
A,CLV15_MNAC,P6_S22,EL,,,,,,,,,,,,,,,,,,,,,,,,,,,,,,,,,,,,,26743.6,28650.7,27977.4,29797.9,31454.8,30358.0,34114.2,36914.6,38362.1,29016.9,34721.2,34598.3,35259.4,37237.6,36423.6
A,CLV15_MNAC,P6_S22,ES,,,,,,,,,,,,,,,,,,,,,,,,,,,,,,,,,,,,,,142434.8,148672.5,154393.1,160279.0,166683.9,173786.8,176333.6,180288.0,136180.5,148496.6,174184.4,178179.6,184807.1,191912.0
A,CLV15_MNAC,P6_S22,FI,,,,,,,,,,,,,,,,,,,,,,,,,,,,,,,,,,45600.0,37569.0,40618.0,40050.0,40399.0,39570.0,39336.0,38266.0,38895.0,41836.0,42580.0,44235.0,41878.0,43082.0,43945.0,42015.0,43022.0,44684.0
A,CLV15_MNAC,P6_S22,FR,,,,,,,,,,,,,,,,,,,,,,,,,,,,,,,,,,284206.3,259996.3,283651.2,301857.3,320366.4,325175.3,336354.4,355505.0,358253.7,379760.9,390031.3,398828.9,318017.4,354020.7,394675.3,401838.8,418206.9,421485.0
A,CLV15_MNAC,P6_S22,HR,,,,,,,,,,,,,,,,,,,,,,,,,,,,,,,,,,,,,,5902.9,5761.5,6046.9,6396.6,6827.0,7635.6,7685.6,8353.9,6047.0,7852.6,10150.9,10523.2,11497.6,11639.8
A,CLV15_MNAC,P6_S22,HU,,,,,,,,,,,,,,,,,,,,,,,,,,,,,,,,,,6603626.3,5910326.4,6854291.0,7010458.6,6701539.0,7437537.6,7337484.5,8755642.0,8243359.2,8471091.3,8853498.5,9216248.3,8535445.1,9783183.7,10453825.4,10775673.2,11596401.2,10490691.1
A,CLV15_MNAC,P6_S22,IE,,,,,,,,,,,,,,,,,,,,,,,,,,,,,,,,,,,,,,112331.7,131322.8,154679.3,236323.4,252627.4,289944.4,287222.2,329199.1,369323.2,401616.3,440961.1,429639.6,474955.2,538621.8
A,CLV15_MNAC,P6_S22,IT,,,,,,,,,,,,,,,,,,,,,,,,,,,,,,,,,,215262.9,181832.9,207299.7,222232.3,237644.7,242387.3,244785.1,252313.6,254035.5,266030.0,267887.7,270299.1,228225.2,255360.5,281784.8,274051.5,276569.7,269533.2
A,CLV15_MNAC,P6_S22,LT,,,,,,,,,,,,,,,,,,,,,,,,,,,,,,5117.6,6114.5,7014.3,6845.0,8200.9,6358.4,8067.3,9064.8,10641.5,11763.9,10734.6,9549.1,10172.1,11718.3,12153.5,13299.9,12937.3,14724.0,15003.0,14376.1,14050.5,13954.2
A,CLV15_MNAC,P6_S22,LU,,,,,,,,,,,,,,,,,,,,,7699.1,8326.5,10073.5,12101.1,13787.6,16177.7,17391.5,15847.9,16012.7,17645.0,20194.1,24343.9,26175.2,25868.9,23733.1,31139.9,33056.2,31210.0,33765.4,37039.3,39989.3,40654.0,42185.8,42818.5,45708.3,46162.7,51481.8,51073.4,50331.9,43478.6,43787.3
A,CLV15_MNAC,P6_S22,LV,,,,,,,,,,,,,,,,,,,,,,,,,,2843.2,2864.9,2845.9,2856.6,3066.2,3490.4,3661.3,4134.2,4288.3,3710.6,4332.6,4754.1,5400.7,5358.2,5390.6,5428.9,5495.0,6065.9,6064.8,5591.1,5615.1,5745.4,6506.5,5871.8,5776.6,5411.8
A,CLV15_MNAC,P6_S22,ME,,,,,,,,,,,,,,,,,,,,,,,,,,,,,,,,544.5,723.5,838.8,793.2,795.5,935.6,1025.4,1083.9,1046.5,1123.6,1138.0,1156.8,1153.1,1239.0,601.1,1202.4,1313.2,1445.9,1427.4,1375.0
A,CLV15_MNAC,P6_S22,MT,,,,,,,,,,,,,,,,,,,,,,,,,,2112.5,1856.7,1999.2,1895.7,1901.7,1938.6,2386.1,2543.3,2712.7,2381.7,2803.8,3071.6,3291.6,3360.6,3573.7,4463.5,4741.5,5610.7,6197.7,6582.7,6309.8,6884.5,8442.5,7832.2,8461.1,8468.6
A,CLV15_MNAC,P6_S22,NL,,,,,,,,,,,,,,,,,,,,,74012.6,77774.8,87741.4,93029.8,101426.9,116387.9,117964.9,122930.7,125968.4,131043.9,141260.4,150525.6,158319.1,158797.4,147595.7,170329.0,177088.3,191564.6,197565.4,209534.8,236174.0,234889.2,248915.7,252947.9,264475.8,267395.6,274195.5,279306.0,274480.3,281260.8,284337.3
A,CLV15_MNAC,P6_S22,PL,,,,,,,,,,,,,,,,,,,,,,,,,,,,,,,,,,170766.5,154699.6,178886.9,201116.4,223724.1,241494.4,239520.3,245254.0,268899.2,295469.6,308184.9,328502.4,319725.1,344475.4,342699.0,395842.4,406905.3,421404.3
A,CLV15_MNAC,P6_S22,PT,,,,,,,,,,,,,,,,,,,,,,,,,,,,,,,,,,19088.2,17719.8,18969.6,20753.9,23178.9,25524.1,26511.5,27593.2,27855.3,30714.0,30317.6,31489.5,23725.6,26453.5,33312.1,35814.1,36067.8,35547.5
A,CLV15_MNAC,P6_S22,RO,,,,,,,,,,,,,,,,,,,,,,,,,,,,,,,,,44778.1,51447.8,43903.0,55322.6,63090.3,63795.5,76435.7,79719.3,75907.6,84425.8,87385.6,87317.6,91357.5,99662.7,116850.7,135110.7,132214.4,125939.3,132131.8
A,CLV15_MNAC,P6_S22,RS,,,,,,,,,,,,,,,,,,,,,,,,,,,,,,,,,,,,,,593271.9,699362.1,706286.6,785897.5,863636.3,950893.4,1012241.4,1053770.1,983847.3,1227931.4,1461623.2,1511263.8,1621323.7,1735061.6
A,CLV15_MNAC,P6_S22,SE,,,,,,,,,,,,,,,,,,,,,,,,,,,,,,,,,,,,,,,830493.0,864191.0,921867.7,926778.6,959275.8,1007284.9,1109378.8,1050409.1,1145625.5,1212004.3,1208080.3,1240586.0,1301866.1
A,CLV15_MNAC,P6_S22,SI,,,,,,,,,,,,,,,,,,,,,,,,,,,,,,,,,,8141.4,5653.7,6139.6,6445.2,6895.5,7076.1,7137.9,7466.7,8042.9,8649.4,8871.5,9269.7,8803.0,9824.6,10507.1,10765.2,11340.3,11159.2
A,CLV15_MNAC,P6_S22,SK,,,,,,,,,,,,,,,,,,,,,2323.3,2300.6,2542.4,1925.1,2033.1,2180.8,2375.0,2746.7,4149.5,5049.1,5569.2,7342.7,8986.7,9925.4,8036.0,9737.0,10587.6,12418.4,14192.8,14219.4,14768.8,15584.5,15647.8,16400.0,16439.9,15383.1,15554.7,15243.6,18029.4,16262.9,21070.6
A,CLV15_MNAC,P6_S22,TR,,,,,,,,,,,,,,,,,,,,,,,,,,,,,,,,,,,205663.0,211339.6,242107.1,281167.2,300203.8,316453.4,329456.5,308110.5,356567.2,372163.9,397293.8,371303.7,463700.8,518303.5,503566.3,498191.5,487430.0
A,CLV15_MNAC,P6_S22,UK,,,,,,,,,,,,,,,,,,,,,,,,152875.8,155552.5,171370.7,171271.3,170981.1,183939.0,197652.8,214807.0,225917.5,241253.0,248715.3,232897.1,250160.6,272829.4,284495.1,290589.9,289540.4,297796.0,303021.3,316146.7,325377.5,349333.1,,,,,,
A,CLV15_MNAC,P7,AL,,,,,,,,,,,,,,,,,,,,,104615.3,153179.1,139867.0,159657.4,184284.2,275579.4,317527.7,348697.4,366577.3,396696.1,460941.8,501072.0,609894.3,640424.1,644132.6,640442.0,677531.9,630574.4,626515.9,656301.3,638748.8,676902.8,721714.7,734166.2,752785.2,603809.5,799798.8,891913.6,893544.3,947032.0,
A,CLV15_MNAC,P7,AT,,,,,,,,,,,,,,,,,,,,,78807.7,82094.7,88063.2,93133.5,96918.3,106790.7,112335.6,112662.3,116613.8,125913.9,132782.6,140556.4,148476.7,149893.6,132057.4,147874.9,156678.7,158125.5,159341.1,164117.6,170089.3,176429.8,185707.2,195186.7,199777.3,180650.9,206195.0,220486.5,210900.8,205456.3,208987.4
A,CLV15_MNAC,P7,BA,,,,,,,,,,,,,,,,,,,,,,,,,,8714.8,9320.7,9584.8,10182.6,10848.2,11979.7,11943.7,14043.0,15465.8,13247.5,13575.8,13971.8,14057.7,14049.9,15114.2,15383.6,16490.4,17752.1,18452.8,18695.4,16185.6,19519.4,20735.1,20475.0,21439.5,
A,CLV15_MNAC,P7,BE,,,,,,,,,,,,,,,,,,,,,152573.2,161047.3,174257.0,183071.2,189246.6,213878.1,212262.3,214503.7,217634.3,231359.7,246228.4,258889.1,273333.3,283733.6,253633.1,278051.6,293943.2,292105.0,291997.1,307826.7,320757.7,345691.3,364232.7,372749.2,378287.4,352850.3,398126.1,411974.1,380519.5,375617.9,374893.7
A,CLV15_MNAC,P7,BG,,,,,,,,,,,,,,,,,,,,,9265.6,9141.0,9100.2,8896.4,10361.9,9361.3,10537.3,11200.2,12897.1,16281.7,18617.8,21580.9,26461.7,27748.8,21780.5,21714.8,23802.9,25083.1,26170.7,27527.2,28829.4,30278.8,32489.8,34310.6,36154.2,34631.3,38334.5,44216.3,41804.8,43447.8,46002.6
A,CLV15_MNAC,P7,CH,,,,,,,,,,,,,,,,,,,,,159626.3,166528.9,185826.2,197013.0,206122.0,223688.5,227366.3,222279.1,223002.0,234036.9,257415.2,265609.6,280988.8,293121.4,285513.9,308299.2,337305.4,329945.5,369014.8,344591.9,360989.9,379880.3,377824.7,379913.9,381227.2,370675.7,389617.6,413741.8,413894.7,416360.1,456749.4
A,CLV15_MNAC,P7,CY,,,,,,,,,,,,,,,,,,,,,7227.1,7651.9,7731.6,7811.6,8038.8,8792.0,8818.2,8730.3,8686.8,9329.9,9423.4,9960.7,10917.8,12335.4,10445.1,11572.8,11272.8,10863.2,10368.3,11168.6,12069.1,13295.8,15194.0,15851.0,17359.6,17926.4,21438.2,27856.9,28175.9,29571.4,30784.0
A,CLV15_MNAC,P7,CZ,,,,,,,,,,,,,,,,,,,,,744367.3,831955.2,880608.0,929531.8,977724.2,1118071.8,1244996.5,1307077.5,1430817.1,1796869.2,2021164.5,2253247.1,2543403.8,2624232.3,2333567.8,2679227.3,2859148.7,2934565.1,2936400.7,3230595.3,3442613.0,3531018.8,3743980.0,3950343.6,4001338.9,3663392.6,4164690.3,4412411.7,4359412.9,4382861.7,4602460.8
A,CLV15_MNAC,P7,DE,,,,,,,,,,,,,,,,,406290.9,417765.4,383693.1,414369.8,441299.8,458745.7,501014.0,547848.7,595854.2,658964.0,663647.4,643040.2,674770.7,721137.0,764224.9,845600.2,895947.5,910934.6,819255.7,921472.4,982942.9,978844.8,996290.8,1030831.3,1085745.0,1126374.1,1172974.6,1231869.2,1274605.9,1170867.0,1280108.9,1376939.6,1357620.3,1350009.7,1398483.6
A,CLV15_MNAC,P7,DK,,,,,,,,,,,,,,,,,,,,,400193.5,412725.4,450869.2,485049.9,497406.3,565600.4,579175.9,616080.5,609720.7,653335.8,731150.5,833085.1,881461.0,921481.2,809248.7,819892.2,885977.5,911231.7,924520.4,962126.1,1001217.2,1044129.5,1089260.5,1151405.3,1186561.6,1139648.0,1248504.0,1323139.1,1355993.0,1412163.5,1407220.8
A,CLV15_MNAC,P7,EA,,,,,,,,,,,,,,,,,,,,,1701799.3,1767761.8,1940264.3,2139881.0,2307291.4,2583593.6,2703081.2,2710309.1,2782501.7,2963063.5,3138452.1,3391782.2,3635912.7,3655815.9,3298425.4,3611809.9,3771093.0,3721075.6,3777598.4,3968834.3,4309895.5,4490594.3,4727169.5,4910681.5,5153780.1,4735187.0,5159346.3,5585719.2,5509788.1,5501650.0,5700975.3
A,CLV15_MNAC,P7,EA12,,,,,,,,,,,,,,,,,,,,,1732128.7,1800967.4,1977079.2,2182805.4,2356886.7,2642434.0,2703081.2,2710309.1,2782501.7,2963063.5,3138452.1,3391782.2,3609936.6,3609769.8,3213808.6,3515384.4,3655889.9,3603961.5,3657321.6,3828671.9,4133240.5,4304337.8,4527232.0,4698019.9,4931710.4,4523356.8,4915428.5,5317299.9,5221616.2,5203664.4,5389870.3
A,CLV15_MNAC,P7,EA19,,,,,,,,,,,,,,,,,,,,,1786638.8,1860085.7,2042614.5,2252524.0,2427406.0,2718034.4,2784043.1,2795366.1,2873001.1,3066812.8,3254092.7,3524599.9,3757941.9,3762458.9,3333816.1,3653017.2,3806711.5,3758550.0,3816471.1,3992608.0,4309895.5,4490594.3,4727169.5,4910681.5,5153780.1,4735187.0,5159346.3,5585719.2,5475630.9,5464570.6,5662871.6
A,CLV15_MNAC,P7,EA20,,,,,,,,,,,,,,,,,,,,,1795657.8,1869916.5,2055016.1,2263875.1,2438543.6,2730032.0,2797338.8,2810920.0,2890320.8,3085057.3,3273296.7,3545386.2,3779993.9,3785340.5,3352040.4,3670622.2,3824762.0,3776177.2,3834670.4,4011435.2,4330465.5,4512503.5,4750956.1,4936245.7,5181053.0,4759087.2,5187416.6,5621353.7,5509788.1,5501650.0,5700975.3
A,CLV15_MNAC,P7,EA21,,,,,,,,,,,,,,,,,,,,,1804824.8,1879244.8,2064817.1,2274125.3,2450088.3,2741360.1,2809633.7,2823737.7,2904538.2,3102151.1,3292478.7,3567329.2,3806413.6,3812956.5,3373735.8,3692361.2,3848556.5,3801249.4,3860844.8,4038967.7,4359294.8,4542782.3,4783429.3,4970543.7,5217194.7,4793710.6,5225719.6,5665588.3,5551528.7,5545122.7,5747049.8
A,CLV15_MNAC,P7,EE,,,,,,,,,,,,,,,,,,,,,3560.2,3839.8,4968.8,5614.3,5292.7,5009.4,5628.8,6376.7,7269.6,8442.6,9852.5,11892.2,13436.0,12608.7,8749.7,10609.6,13494.2,14801.5,15163.6,15559.8,15227.2,16149.7,16718.2,17802.5,18456.2,18611.2,22992.1,24154.5,22387.9,22471.6,23605.6
A,CLV15_MNAC,P7,EL,,,,,,,,,,,,,,,,,,,,,28697.6,31656.0,35139.5,41214.7,47928.3,57061.4,57871.4,54433.3,57901.7,61951.4,62039.5,68109.7,76909.6,79392.4,63804.6,61083.0,55107.7,52081.0,50201.1,53633.5,58019.3,59255.3,63491.3,68730.2,70668.2,65512.7,76894.4,85310.5,85351.5,89426.4,88273.5
A,CLV15_MNAC,P7,ES,,,,,,,,,,,,,,,,,,,,,142299.5,152697.1,172380.9,196587.6,223493.9,244888.8,253835.2,263170.6,279044.2,306023.3,327324.7,354207.4,383389.9,362273.6,295969.3,314314.1,312454.3,294130.2,293310.1,313262.6,329214.0,337924.2,360550.7,374570.4,379508.9,322019.0,370261.1,398888.4,398757.5,410511.8,436116.5
A,CLV15_MNAC,P7,EU27_2020,,,,,,,,,,,,,,,,,,,,,2025394.1,2117108.5,2333482.1,2574850.2,2763749.7,3098256.8,3172409.8,3200137.2,3302880.5,3547996.7,3780512.6,4123365.9,4436446.5,4479777.1,3949853.6,4331302.6,4529532.9,4484302.7,4557910.1,4791500.8,5155493.6,5387683.0,5687829.7,5931182.1,6213837.7,5741802.1,6296666.5,6820807.8,6711580.3,6733158.2,6980054.1
A,CLV15_MNAC,P7,FI,,,,,,19467.0,18574.0,18984.0,19764.0,19946.0,21215.0,21963.0,23895.0,26493.0,28875.0,28767.0,24935.0,25109.0,25451.0,28712.0,31063.0,33310.0,37267.0,40424.0,42157.0,48422.0,49092.0,51199.0,53302.0,57632.0,64077.0,68299.0,73341.0,79183.0,65724.0,69864.0,74203.0,75038.0,75134.0,74458.0,76048.0,80351.0,83835.0,88724.0,90831.0,85272.0,91237.0,99684.0,92869.0,92150.0,93732.0
A,CLV15_MNAC,P7,FR,111961.9,132361.1,134678.4,140423.8,152152.6,160170.1,158289.8,164006.2,159548.4,164517.3,172322.6,183898.8,198768.6,216231.6,233766.4,245324.7,253015.9,257444.1,248745.0,270553.1,289597.6,296250.1,319283.0,358107.9,382122.4,438473.2,448542.3,459031.8,462139.3,489888.9,520509.5,550540.7,580673.7,588016.1,535509.7,581575.1,615713.0,617750.8,634713.9,661780.4,700292.1,726907.1,759281.9,783279.6,798444.9,700731.8,758637.8,827268.5,825058.9,815077.1,838500.1
A,CLV15_MNAC,P7,HR,,,,,,,,,,,,,,,,,,,,,8983.9,9888.3,12761.4,11388.0,11025.9,11811.0,13221.0,15618.7,17437.4,18359.0,19318.4,20909.6,22178.9,23030.4,18337.9,17785.9,18236.8,17805.9,18390.9,19022.1,20786.2,22139.5,24027.4,25809.1,27530.0,24138.5,28307.5,35889.4,34387.9,37271.4,38308.4
A,CLV15_MNAC,P7,HU,,,,,,,,,,,,,,,,,,,,,4765712.9,5097866.1,6322665.3,7750466.3,8772580.5,10803395.7,11430519.9,12421707.5,13600125.0,16062302.1,17342769.8,19959263.2,22759658.2,24096927.6,20674531.1,22698352.3,23622122.7,22891546.6,23842030.7,26438018.7,27937375.0,28900151.5,31333230.3,33521489.0,36265677.7,34958707.8,37653742.0,41736335.1,40325582.0,39762449.9,40244248.9
A,CLV15_MNAC,P7,IE,,,,,,,,,,,,,,,,,,,,,44632.3,50364.8,58747.5,75065.1,84535.3,102868.0,116345.1,122556.1,119593.4,121870.4,137376.2,150154.6,164195.9,159621.5,156903.7,157795.6,161965.0,160321.2,174031.2,199066.3,264156.4,310357.8,323426.3,316835.1,444731.2,445574.0,404514.2,465070.1,475436.4,488207.3,534485.0
A,CLV15_MNAC,P7,IS,,,,,,,,,,,,,,,,,,,,,449561.5,515193.4,550639.3,671479.4,693989.7,748135.0,673503.5,655113.1,722297.8,827912.8,1058296.8,1162221.6,1135920.6,905184.4,718088.1,734662.7,784542.2,818125.2,818157.0,900164.7,1016997.6,1167895.3,1312707.7,1320383.6,1199913.7,957248.9,1151207.8,1411626.2,1384282.0,1441972.1,1545093.1
A,CLV15_MNAC,P7,IT,,,,,,,,,,,,,,,,,,,,,270155.1,266829.1,294856.7,321921.3,336391.9,373050.0,381910.0,384310.4,387171.5,404594.8,418781.7,452662.2,476887.1,457261.7,396058.7,443517.7,444194.9,407945.9,396950.4,411293.4,437301.9,454470.5,480904.1,495153.4,489581.2,428478.7,496826.6,560821.8,550308.7,544657.8,564479.3
A,CLV15_MNAC,P7,LT,,,,,,,,,,,,,,,,,,,,,4517.7,5846.0,7548.3,8032.8,6867.4,7306.4,8747.0,10507.6,11516.0,13640.8,16322.4,18656.9,20643.5,22877.1,16322.0,19065.8,21776.5,22902.3,24233.2,23794.4,26055.4,27109.2,30144.6,31935.2,33882.1,32412.7,38627.6,43647.9,41347.3,42357.5,45934.9
A,CLV15_MNAC,P7,LU,,,,,,,,,,,,,,,,,,,,,21938.6,23652.7,27442.1,32214.0,36454.8,42607.8,45518.0,44840.3,46474.0,50701.0,53817.9,60002.5,61540.7,62882.6,57177.0,65326.5,69733.4,70960.9,75381.4,81589.9,86246.8,89482.8,90157.1,93274.3,100219.9,101672.4,115290.4,118063.7,119128.6,102925.3,104776.6
A,CLV15_MNAC,P7,LV,,,,,,,,,,,,,,,,,,,,,4051.1,5133.9,5366.7,6266.6,5940.4,6104.0,7054.2,7244.7,8098.5,9769.5,11427.8,13915.0,16339.3,14505.3,10024.2,11301.0,13852.3,14575.2,14556.7,14993.2,15145.1,15779.7,17131.0,18215.2,18584.5,18375.8,21157.9,23255.2,22082.4,21691.4,22931.8
A,CLV15_MNAC,P7,ME,,,,,,,,,,,,,,,,,,,,,,,,,,,,,,,,1790.4,2574.8,3022.2,2183.0,2104.4,2116.9,2093.2,2082.7,2120.3,2219.5,2617.7,2838.4,3100.6,3184.8,2495.8,2896.3,3570.6,3863.1,4084.9,4187.4
A,CLV15_MNAC,P7,MK,,,,,,,,,,,,,,,,,,,,,,,,,,154157.7,139225.8,151091.3,142155.3,172523.6,189200.4,206987.4,237996.9,250201.2,219530.3,242288.1,261629.2,283185.9,289324.5,330255.3,363099.3,403498.5,424635.1,470212.3,517621.7,461401.9,529673.1,601709.8,540376.7,533048.7,568628.5
A,CLV15_MNAC,P7,MT,,,,,,,,,,,,,,,,,,,,,,,,,,5349.1,4533.8,4553.3,4695.9,4842.9,5134.0,5893.3,6278.1,6636.7,5777.8,6643.5,7083.1,7658.5,7463.6,7622.2,10064.4,10739.9,11723.9,13645.5,15086.0,15601.0,16102.7,19134.0,18765.0,19742.9,20608.8
A,CLV15_MNAC,P7,NL,,,,,,,,,,,,,,,,,,,,,191349.2,201449.8,223280.5,241909.0,265808.2,295975.6,303335.9,304314.0,310917.1,330978.3,349020.7,375551.6,404726.0,401962.8,370358.2,401629.7,420249.1,432407.1,444894.5,462475.0,533708.0,521690.8,561433.2,592403.8,616152.1,590653.7,629259.8,656657.4,630932.6,631492.1,646747.3
A,CLV15_MNAC,P7,NO,279961.0,317334.0,323963.0,274691.0,276170.0,283554.0,287958.0,304011.0,294602.0,310492.0,338445.0,378961.0,354267.0,344793.0,352169.0,360557.0,361884.0,367928.0,386160.0,406840.0,429399.0,467120.0,525274.0,573711.0,564618.0,580364.0,592093.0,594274.0,598713.0,652688.0,703607.0,765644.0,838917.0,876483.0,787847.0,851480.0,885215.0,914785.0,962469.0,984027.0,1003426.0,1020570.0,1039219.0,1054028.0,1111986.0,1001862.0,1019359.0,1158902.0,1145049.0,1202506.0,1233528.0
A,CLV15_MNAC,P7,PL,,,,,,,,,,,,,,,,,,,,,169529.0,216060.8,261836.6,310515.4,314024.0,362515.7,343592.8,352904.5,385834.5,417444.4,444849.3,525348.7,608110.3,664857.2,580519.3,665909.9,701729.6,695354.9,707598.8,772714.2,816001.0,879115.9,965582.8,1038463.0,1071916.5,1045540.7,1216073.3,1298765.9,1279379.1,1336523.8,1411690.8
A,CLV15_MNAC,P7,PT,,,,,,,,,,,,,,,,,,,,,34607.7,36656.7,40434.7,46360.1,50542.8,53344.8,53888.9,53748.6,53621.5,57599.2,58865.4,63330.1,66885.4,68389.6,61890.0,66710.6,62577.4,58636.5,61396.7,66313.4,71662.0,75403.1,81456.9,85453.8,89780.3,79374.4,89104.8,99143.0,101459.4,106218.8,110777.5
A,CLV15_MNAC,P7,RO,,,,,,,,,,,,,,,,,,,,,42638.2,46488.2,51363.4,57294.8,54842.7,50370.8,62206.1,68844.2,81540.7,101877.5,121991.5,154538.2,218356.2,242807.9,192284.5,217426.3,238502.1,233783.3,254439.2,276930.8,300491.6,350338.1,390511.0,425108.7,462568.6,438482.8,502352.0,548826.4,540512.0,562393.1,589145.9
A,CLV15_MNAC,P7,RS,,,,,,,,,,,,,,,,,,,,,278279.4,460298.4,611676.5,557335.7,364422.4,454429.9,776471.9,983310.5,1144533.3,1494591.7,1407263.1,1651477.7,1923457.6,2119373.9,1651794.6,1697275.7,1845703.0,1872839.3,2007229.3,2108793.0,2253242.1,2396756.2,2643333.1,2936956.6,3226148.7,3097882.7,3645426.3,4230767.9,4171367.0,4504950.8,4866321.4
A,CLV15_MNAC,P7,SE,,,,,,,,,,,,,,,,,,,561400.9,633619.7,679504.6,703774.9,791213.4,878022.3,927002.4,1043404.5,1029126.1,1019318.9,1052458.9,1124999.6,1201933.1,1300120.0,1415374.8,1455444.2,1251385.2,1403758.7,1497946.5,1506201.4,1519381.9,1618182.7,1711905.0,1808288.8,1887715.8,1966658.7,2005681.4,1879284.6,2130810.5,2339656.9,2325634.1,2382665.8,2486075.9
A,CLV15_MNAC,P7,SI,,,,,,,,,,,,,,,,,,,,,9534.7,9763.3,10904.7,12001.5,13010.8,13872.1,14374.7,15183.3,16164.9,18422.8,19774.5,22224.2,26015.1,27079.1,22100.5,23637.0,24825.3,24037.1,24462.8,25433.1,26774.1,28548.4,31595.0,33834.1,35413.8,32185.0,37908.1,41416.5,39539.1,41233.9,42106.0
A,CLV15_MNAC,P7,SK,,,,,,,,,,,,,,,,,,,,,17088.3,19911.4,21842.4,21437.7,20622.7,21906.0,26039.8,27468.1,29694.5,36396.6,42012.3,50023.3,54845.9,57115.0,46399.3,54565.9,58488.5,59781.4,62784.1,65347.8,71319.6,74633.9,77463.6,81358.1,83275.4,76694.0,85629.1,89163.8,82317.1,84458.0,87593.7
A,CLV15_MNAC,P7,TR,,,,,,,,,,,,,,,,,,,,,153664.1,184493.9,223189.0,227931.1,220562.2,268354.8,203546.9,247025.7,304687.7,369073.6,414074.0,443814.3,486862.5,472575.5,404640.7,482887.9,552987.1,554868.5,612997.8,612963.2,626041.8,644346.1,713204.4,671046.0,635109.1,678567.7,693063.8,750269.9,840677.8,803717.1,843375.1
A,CLV15_MNAC,P7,UA,,,,,,,,,,,,,,,,,,,,,,,,,,,,,,,,,,,,1463352.7,1688366.5,1752497.2,1691404.2,1317509.3,1097854.0,1199964.4,1355083.8,1392795.2,1472816.5,1379250.9,1575153.9,1300808.3,1416969.9,1594664.8,
A,CLV15_MNAC,P7,UK,,,,,,,,,,,,,,,,,,,,,,,,301827.1,323521.2,353971.7,375762.6,395565.8,402947.6,428010.2,457586.0,504836.4,489065.2,477545.8,439297.3,474095.5,481832.9,491243.0,506358.7,523317.9,551638.0,573409.6,588592.1,604599.2,621128.1,,,,,,
A,CLV15_MNAC,P7,XK,,,,,,,,,,,,,,,,,,,,,,,,,,,,,,,,,,2255.3,2317.3,2590.6,2986.8,2927.2,2865.4,3012.8,2926.3,3150.3,3322.2,3684.4,3850.3,3618.2,4755.5,5014.2,5249.7,5704.5,6207.3
A,CLV15_MNAC,P7_S21,AT,,,,,,,,,,,,,,,,,,,,,,,,,,,,,,,,,,,,,,109098.0,113202.7,120294.4,123549.9,129968.4,136973.1,139727.6,143190.7,129011.9,144400.7,151528.2,146125.8,143996.3,146185.6
A,CLV15_MNAC,P7_S21,BE,,,,,,,,,,,,,,,,,,,,,92359.0,97385.6,105364.1,110806.0,114915.9,129825.4,129116.7,130446.5,132170.2,140266.6,149124.0,156767.7,165512.1,182996.8,174316.7,190478.3,199769.4,200817.3,199479.0,212497.1,211475.7,231033.2,249435.8,253383.2,260284.2,245383.5,282012.7,274001.4,262248.0,265060.7,268370.3
A,CLV15_MNAC,P7_S21,BG,,,,,,,,,,,,,,,,,,,,,,,,,,,,,,,,,,,,,,,,16205.1,17574.0,18985.9,19883.6,20912.0,21692.8,20828.4,23097.8,24386.6,25046.8,25476.6,26573.8
A,CLV15_MNAC,P7_S21,CY,,,,,,,,,,,,,,,,,,,,,,,,,,,,,,,,,,6429.5,5505.5,5682.9,5327.0,5175.9,4910.8,5178.0,5351.6,6287.5,7072.7,7260.5,7624.4,7192.9,9597.0,12046.4,12351.7,13492.2,14051.5
A,CLV15_MNAC,P7_S21,CZ,,,,,,,,,,,,,,,,,,,,,,,,,,,,,,,,,,,,1748093.5,1881224.8,1919327.6,1938898.1,2175927.2,2211038.0,2325369.8,2439249.5,2576360.3,2615414.1,2359719.6,2642277.2,2742011.6,2793603.4,2794108.4,2898153.5
A,CLV15_MNAC,P7_S21,DE,,,,,,,,,,,,,,,,,,,,,,,,,,,,,,,,,,,,,,502313.2,520081.1,542599.4,555185.0,580726.4,602566.1,652846.7,677154.2,616940.8,674933.2,700289.5,711456.1,704854.8,730704.7
A,CLV15_MNAC,P7_S21,DK,,,,,,,,,,,,,,,,,,,,,,,,,,,,,,,430005.1,488101.4,520385.9,524105.9,448652.6,454531.8,481780.1,495701.9,507587.8,523956.0,549698.2,580335.6,600115.4,630135.5,651056.8,646637.8,703880.2,724132.3,755153.0,758956.5,790659.3
A,CLV15_MNAC,P7_S21,EE,,,,,,,,,,,,,,,,,,,,,,,,,,,,,,,,,,10062.0,7036.7,8510.8,10890.2,11704.0,12065.4,12399.4,12286.4,13311.6,13917.6,14475.7,14827.7,14784.2,17694.3,19044.6,18225.5,18046.1,18702.5
A,CLV15_MNAC,P7_S21,EL,,,,,,,,,,,,,,,,,,,,,,,,,,,,,,,,,,,,,29236.2,26286.5,24703.9,26944.3,25982.0,27176.5,29293.4,32301.5,33858.6,32488.3,38533.3,42461.0,44239.4,46416.4,49475.2
A,CLV15_MNAC,P7_S21,ES,,,,,,,,,,,,,,,,,,,,,,,,,,,,,,,,,,,,,,141783.1,143929.0,158932.7,172768.0,182056.5,190336.0,195560.0,198034.7,172198.1,193028.2,189705.0,205150.7,210942.7,226590.2
A,CLV15_MNAC,P7_S21,FI,,,,,,,,,,,,,,,,,,,,,,,,,,,,,,,,,,45101.0,39561.0,41489.0,43179.0,45181.0,42420.0,42472.0,45724.0,49290.0,50946.0,53325.0,54513.0,52574.0,55571.0,58689.0,57044.0,56828.0,57938.0
A,CLV15_MNAC,P7_S21,FR,,,,,,,,,,,,,,,,,,,,,,,,,,,,,,,,,,324282.9,288338.9,312822.9,328547.7,333062.2,343014.4,354156.7,373386.7,390216.9,406082.2,419060.0,421256.9,376221.2,407334.3,429177.9,433597.7,422056.7,428417.6
A,CLV15_MNAC,P7_S21,HR,,,,,,,,,,,,,,,,,,,,,,,,,,,,,,,,,,,,,,10771.6,13109.5,14046.2,15725.7,16752.1,18306.7,19371.3,21285.9,18759.0,21368.2,25316.0,26543.6,28508.0,28862.1
A,CLV15_MNAC,P7_S21,HU,,,,,,,,,,,,,,,,,,,,,,,,,,,,,,,,,,16044417.7,13796533.5,15203125.0,16176428.6,16068292.6,17001727.6,19520368.0,20449399.0,21670414.3,23221618.3,24540500.0,25553897.4,24562807.0,26708144.6,29437321.9,28063019.9,27463405.1,27858591.4
A,CLV15_MNAC,P7_S21,IE,,,,,,,,,,,,,,,,,,,,,,,,,,,,,,,,,,,,,,56369.5,59348.8,62574.5,70660.1,78890.7,84789.8,91047.8,98955.8,76588.1,88881.8,114488.1,114972.8,117477.8,125210.4
A,CLV15_MNAC,P7_S21,IT,,,,,,,,,,,,,,,,,,,,,,,,,,,,,,,,,,234807.9,205558.5,232022.1,235146.5,219197.2,217220.4,227207.6,242973.6,252569.5,269437.2,276136.7,275822.1,243846.7,290753.5,327516.7,324211.3,322672.2,350542.5
A,CLV15_MNAC,P7_S21,LT,,,,,,,,,,,,,,,,,,,,,,,,,,,,,,8088.9,9086.8,10971.0,13300.8,12516.9,9169.3,10282.0,11747.1,12472.5,13580.5,13868.3,16188.3,17859.3,19580.0,20495.4,21881.3,22415.5,26144.9,27983.3,29424.0,29989.6,32538.5
A,CLV15_MNAC,P7_S21,LU,,,,,,,,,,,,,,,,,,,,,16264.6,17492.2,19443.2,22586.8,24261.0,28865.6,31192.5,30865.8,32634.5,34888.0,35711.2,38383.1,39017.8,41308.9,37626.2,40060.6,41401.5,44957.7,46928.7,50594.5,53387.2,56683.6,56533.9,58726.1,62730.3,61681.6,68905.0,73622.1,75030.6,63998.1,65928.4
A,CLV15_MNAC,P7_S21,LV,,,,,,,,,,,,,,,,,,,,,,,,,,3830.3,4599.3,4782.9,5288.0,6414.8,7733.8,9811.2,11772.7,10330.2,6917.5,7728.5,9867.0,10580.7,10722.8,11266.0,11085.3,11520.1,12398.5,13158.0,13577.2,13665.8,15535.4,17829.1,17437.2,17273.8,18427.1
A,CLV15_MNAC,P7_S21,ME,,,,,,,,,,,,,,,,,,,,,,,,,,,,,,,,812.0,1126.9,1256.8,806.6,777.7,819.2,805.7,814.0,951.1,932.9,1221.7,1307.6,1461.9,1504.6,1113.1,1320.2,1614.9,1790.0,1870.2,1799.4
A,CLV15_MNAC,P7_S21,MT,,,,,,,,,,,,,,,,,,,,,,,,,,2914.2,2453.9,2467.1,2545.7,2619.9,2767.0,3181.6,3373.4,3557.3,3084.8,3559.0,3773.0,4102.2,3926.3,4080.2,5141.0,5774.7,5908.3,7204.3,7942.1,7654.1,8129.4,9549.9,9809.2,10360.4,10802.4
A,CLV15_MNAC,P7_S21,NL,,,,,,,,,,,,,,,,,,,,,109795.2,116675.3,126907.4,134646.9,143134.4,147823.6,150362.3,155703.8,158644.6,168535.4,172522.5,184954.7,206063.2,202387.2,187874.4,190663.4,198046.8,200243.2,211318.2,215967.8,247313.0,249813.1,273165.8,292099.9,311169.3,295228.4,310408.3,311619.2,318286.7,321752.0,331629.0
A,CLV15_MNAC,P7_S21,PL,,,,,,,,,,,,,,,,,,,,,,,,,,,,,,,,,,463351.5,406241.3,462154.8,480473.7,464953.8,481674.2,527371.9,563833.0,618578.1,669010.7,707034.4,724504.5,713464.4,815697.5,843967.6,874988.5,917624.4,970685.9
A,CLV15_MNAC,P7_S21,PT,,,,,,,,,,,,,,,,,,,,,,,,,,,,,,,,,,49173.1,44480.7,47731.5,44979.9,41670.9,43443.1,48233.0,51151.9,54246.7,58746.4,62361.8,64864.7,57558.1,65157.3,72507.6,75194.4,78557.5,83434.5
A,CLV15_MNAC,P7_S21,RO,,,,,,,,,,,,,,,,,,,,,,,,,,,,,,,,,151892.2,166748.3,138023.9,157134.6,173595.1,172521.2,194399.6,210501.5,231660.6,270947.4,301481.6,325558.5,355966.5,323991.5,368733.1,398239.1,403545.0,416436.2,434541.8
A,CLV15_MNAC,P7_S21,RS,,,,,,,,,,,,,,,,,,,,,,,,,,,,,,,,,,,,,,1206908.8,1227575.3,1219098.4,1292719.3,1424147.3,1575091.1,1695010.3,1828446.8,1762191.5,1978981.4,2175006.1,2189017.7,2362365.8,2482057.7
A,CLV15_MNAC,P7_S21,SE,,,,,,,,,,,,,,,,,,,,,,,,,,,,,,,,,,,,,,,925714.9,973205.4,1036722.0,1118046.3,1182719.3,1226308.5,1249251.8,1197040.2,1336467.0,1414757.8,1432538.2,1475980.8,1541030.4
A,CLV15_MNAC,P7_S21,SI,,,,,,,,,,,,,,,,,,,,,,,,,,,,,,,,,,20277.7,17457.0,18417.3,19261.9,18686.5,18808.6,19586.4,21037.9,22506.1,24766.4,26306.0,27350.4,24726.8,29163.2,30907.9,30581.1,31830.6,32462.4
A,CLV15_MNAC,P7_S21,SK,,,,,,,,,,,,,,,,,,,,,11439.4,12965.0,14928.3,15539.9,14941.3,14779.6,18036.0,19324.5,21447.8,24348.1,25729.1,28949.5,30866.6,30849.7,24092.5,27015.7,29001.4,28947.3,32301.9,34444.8,38675.9,41462.6,43421.8,46000.8,49383.0,44249.3,47690.8,44768.9,45651.3,47042.1,43137.0
A,CLV15_MNAC,P7_S21,TR,,,,,,,,,,,,,,,,,,,,,,,,,,,,,,,,,,,153448.2,183059.5,208600.1,208104.8,228401.6,232771.3,249281.3,266452.3,276236.1,256661.4,234697.5,237005.6,223260.3,189813.0,246142.8,255547.9,268251.0
A,CLV15_MNAC,P7_S21,UK,,,,,,,,,,,,,,,,,,,,,,,,160420.5,173200.7,183901.4,202338.2,222211.7,221314.0,231033.7,250425.9,282730.5,261361.9,250650.5,224331.0,240494.9,246527.2,254706.3,264077.9,278410.1,293845.0,305486.0,314656.0,325231.6,325966.7,,,,,,
A,CLV15_MNAC,P7_S2111,AT,,,,,,,,,,,,,,,,,,,,,,,,,,,,,,,,,,,,,,95652.3,97802.8,98929.6,101706.9,104742.3,110028.9,112333.7,114581.7,102434.7,114235.7,120000.9,116573.1,114833.1,117107.2
A,CLV15_MNAC,P7_S2111,BE,,,,,,,,,,,,,,,,,,,,,,,,,110184.1,124520.9,123891.2,125134.2,126779.0,134487.7,142900.2,150124.0,158650.8,171152.0,161703.7,175196.8,182947.4,184108.5,183003.1,194117.5,191496.3,210068.1,226952.5,231224.2,235559.2,222626.6,256607.1,248324.5,234674.4,238708.8,241483.5
A,CLV15_MNAC,P7_S2111,BG,,,,,,,,,,,,,,,,,,,,,,,,,,,,,,,,,,,,,,,,11691.4,12616.9,13497.0,14119.9,14978.3,15337.3,14428.8,16085.8,17128.4,17576.9,17638.1,18364.8
A,CLV15_MNAC,P7_S2111,CY,,,,,,,,,,,,,,,,,,,,,,,,,,,,,,,,,,5844.7,5036.2,5158.7,4813.6,4683.9,4487.9,4726.0,4788.2,5765.6,6365.8,6358.2,6654.4,6259.6,8247.0,10279.9,10614.0,11646.7,12129.5
A,CLV15_MNAC,P7_S2111,CZ,,,,,,,,,,,,,,,,,,,,,,,,,,,,,,,,,,,,1412217.3,1510745.2,1551332.4,1544170.2,1726937.3,1740740.0,1837297.4,1925157.1,1985009.1,2014386.9,1829896.3,2038053.3,2105214.5,2132074.6,2162285.4,2257532.9
A,CLV15_MNAC,P7_S2111,DE,,,,,,,,,,,,,,,,,,,,,,,,,,,,,,,,,,,,,,380508.3,392109.7,402152.7,406092.0,420983.3,435528.4,466133.5,484834.3,432887.7,472713.4,491803.8,495786.3,494141.4,511846.5
A,CLV15_MNAC,P7_S2111,DK,,,,,,,,,,,,,,,,,,,,,,,,,,,,,,,317024.1,359542.4,381463.0,382934.0,327971.9,325744.5,345656.3,358033.4,367649.2,377226.2,398432.6,417349.5,430358.0,457067.4,472160.1,466072.9,505867.4,516633.8,543056.4,549556.9,571733.9
A,CLV15_MNAC,P7_S2111,EE,,,,,,,,,,,,,,,,,,,,,,,,,,,,,,,,,,4041.7,2685.2,3212.8,3917.2,4379.8,5698.1,7565.9,8668.9,9420.7,9869.9,10284.8,10558.4,11471.1,13836.7,14968.0,14027.4,13748.2,14338.5
A,CLV15_MNAC,P7_S2111,EL,,,,,,,,,,,,,,,,,,,,,,,,,,,,,,,,,,,,,24881.5,22042.8,20501.5,22303.1,21232.1,21866.8,23510.3,25997.3,27506.0,26691.7,31010.1,33482.2,35919.8,37756.5,40289.8
A,CLV15_MNAC,P7_S2111,ES,,,,,,,,,,,,,,,,,,,,,,,,,,,,,,,,,,,,,,127234.2,128193.7,140739.2,152145.0,159588.4,167280.9,171902.6,173380.9,149818.4,169165.6,165246.5,178311.7,183941.2,197928.6
A,CLV15_MNAC,P7_S2111,FI,,,,,,,,,,,,,,,,,,,,,,,,,,,,,,,,,,29830.0,25675.0,26414.0,27195.0,28331.0,26609.0,26819.0,29548.0,32237.0,32927.0,34440.0,35256.0,33956.0,35366.0,36991.0,36806.0,36765.0,36991.0
A,CLV15_MNAC,P7_S2111,FR,,,,,,,,,,,,,,,,,,,,,,,,,,,,,,,,,,294187.1,260871.7,279169.1,293835.3,299710.4,307776.9,316923.6,334042.7,348501.5,361638.5,372090.3,372183.6,332110.5,358202.4,377553.7,379358.8,368097.1,373872.6
A,CLV15_MNAC,P7_S2111,HR,,,,,,,,,,,,,,,,,,,,,,,,,,,,,,,,,,,,,,8994.6,10672.0,11503.4,12683.6,13513.9,14548.7,15264.6,16703.8,14620.2,16458.5,19469.0,20665.2,21934.2,22350.5
A,CLV15_MNAC,P7_S2111,HU,,,,,,,,,,,,,,,,,,,,,,,,,,,,,,,,,,13374876.2,11440230.3,12428349.6,13302231.3,13402780.3,13856417.1,15780475.4,16383429.0,17348748.2,18658991.8,19562807.0,20357104.0,19381784.0,21813334.0,24513337.7,23154373.9,22642748.7,22919011.1
A,CLV15_MNAC,P7_S2111,IE,,,,,,,,,,,,,,,,,,,,,,,,,,,,,,,,,,,,,,53795.7,56080.6,59234.2,66536.4,74553.6,80149.7,85574.6,92556.2,69551.5,80996.0,105057.2,104777.5,105982.9,112616.8
A,CLV15_MNAC,P7_S2111,IT,,,,,,,,,,,,,,,,,,,,,,,,,,,,,,,,,,206019.6,178443.4,201989.3,204482.7,190962.2,189300.7,196307.3,208512.9,216079.3,229763.5,234356.8,233200.1,205982.4,244910.4,276148.1,271796.7,272712.9,290483.4
A,CLV15_MNAC,P7_S2111,LT,,,,,,,,,,,,,,,,,,,,,,,,,,,,,,5883.2,6460.3,7761.4,9249.3,8540.7,6316.1,7181.2,8224.0,8454.0,9272.8,9470.7,11140.2,12129.4,13358.5,13859.0,14833.2,15134.4,18053.7,18543.3,20260.6,20128.9,22318.4
A,CLV15_MNAC,P7_S2111,LU,,,,,,,,,,,,,,,,,,,,,15807.2,16995.2,18835.3,21801.4,23343.2,27801.3,29855.0,29822.4,31573.4,33688.1,34438.6,36907.3,37379.7,39258.4,36063.3,38319.6,39491.7,42714.8,44478.5,47874.2,50174.1,53084.4,52550.7,54486.9,58408.0,57038.4,63324.2,68392.6,69750.7,59550.9,61359.1
A,CLV15_MNAC,P7_S2111,LV,,,,,,,,,,,,,,,,,,,,,,,,,,2973.4,3622.1,3766.8,4123.8,4970.5,6016.3,7574.4,9212.4,8050.4,5367.3,6061.0,7739.1,8311.7,8338.1,8648.7,8474.5,8745.8,9633.4,10178.5,10486.3,10391.5,11901.8,13664.9,13216.1,13187.7,14062.4
A,CLV15_MNAC,P7_S2111,ME,,,,,,,,,,,,,,,,,,,,,,,,,,,,,,,,617.5,922.9,1056.2,678.9,672.7,693.0,685.3,672.1,697.6,669.5,904.6,940.7,1043.9,1066.8,778.2,972.1,1377.0,1518.0,1599.5,1521.4
A,CLV15_MNAC,P7_S2111,MT,,,,,,,,,,,,,,,,,,,,,,,,,,2700.2,2261.5,2272.2,2345.7,2410.4,2537.6,2920.6,3083.8,3241.1,2799.9,3239.4,3427.8,3719.1,3538.3,3662.9,4594.7,5136.3,5193.7,6305.2,7046.4,6640.3,6574.8,8212.1,8413.3,8676.9,9116.8
A,CLV15_MNAC,P7_S2111,NL,,,,,,,,,,,,,,,,,,,,,102487.4,108676.3,116526.9,124147.6,131731.4,132111.4,136157.3,143853.4,148278.3,154662.3,157474.2,168397.3,181628.9,176612.3,161028.8,163078.8,168282.2,168089.0,176088.7,182587.7,212681.0,214684.2,232056.5,246550.6,261905.9,250892.7,263768.3,264060.9,270612.3,273362.6,281119.4
A,CLV15_MNAC,P7_S2111,PL,,,,,,,,,,,,,,,,,,,,,,,,,,,,,,,,,,395373.9,347134.2,392049.3,405531.9,391149.4,405122.6,443379.1,474633.0,520084.1,563109.6,594245.3,608411.3,601634.6,688659.2,707086.5,725851.3,752485.6,798277.9
A,CLV15_MNAC,P7_S2111,PT,,,,,,,,,,,,,,,,,,,,,,,,,,,,,,,,,,46881.6,42254.9,45264.2,42565.2,39313.3,40965.9,45452.0,48193.0,50996.3,55396.1,58742.7,60959.0,53773.3,60662.3,67501.1,69742.7,73013.3,77376.0
A,CLV15_MNAC,P7_S2111,RO,,,,,,,,,,,,,,,,,,,,,,,,,,,,,,,,,112293.7,120459.6,96969.0,109985.7,120880.3,120066.4,137593.5,147205.3,164527.3,193337.3,212985.2,229458.1,243475.5,234502.5,265916.8,277623.0,294068.9,301416.4,312294.7
A,CLV15_MNAC,P7_S2111,RS,,,,,,,,,,,,,,,,,,,,,,,,,,,,,,,,,,,,,,834939.2,859640.2,851340.0,913080.6,1009539.9,1112048.6,1216156.8,1294490.0,1240759.0,1422950.2,1574187.6,1630324.6,1752611.2,1820226.3
A,CLV15_MNAC,P7_S2111,SE,,,,,,,,,,,,,,,,,,,,,,,,,,,,,,,,,,,,,,,722805.1,762800.2,808295.3,872383.0,924788.1,954943.8,979610.4,943223.8,1053440.3,1119757.5,1133859.8,1162836.1,1216585.1
A,CLV15_MNAC,P7_S2111,SI,,,,,,,,,,,,,,,,,,,,,,,,,,,,,,,,,,16613.3,15182.1,15893.8,16542.3,16051.4,16026.9,16578.7,17741.0,19023.1,20904.4,22148.1,22973.5,20557.3,24319.6,25621.0,25456.4,26641.9,26957.1
A,CLV15_MNAC,P7_S2111,SK,,,,,,,,,,,,,,,,,,,,,5520.4,6927.7,8899.5,10208.7,10147.4,10112.1,12218.6,13071.2,14576.7,16088.4,16415.7,18030.7,19046.7,19103.3,14243.7,16094.1,17223.5,17547.1,18332.5,19434.9,21868.2,24344.0,25525.9,26962.7,26642.9,26125.4,28990.6,25274.2,25113.5,25929.5,23703.8
A,CLV15_MNAC,P7_S2111,TR,,,,,,,,,,,,,,,,,,,,,,,,,,,,,,,,,,,115525.0,137608.6,157034.4,156996.2,174067.8,176163.0,188157.1,201057.1,205937.5,189785.3,174909.5,194058.9,183370.3,156459.2,203453.5,210760.5,219995.9
A,CLV15_MNAC,P7_S2111,UK,,,,,,,,,,,,,,,,,,,,,,,,148153.1,160061.2,169224.3,186149.3,204772.8,202619.9,210044.6,224474.9,249985.1,233285.5,221187.4,196913.1,208791.9,211530.8,218402.4,229181.2,242807.2,256419.0,267267.1,273330.8,280163.3,279357.2,,,,,,
A,CLV15_MNAC,P7_S2112,AT,,,,,,,,,,,,,,,,,,,,,,,,,,,,,,,,,,,,,,14674.7,16376.1,21364.9,21843.0,25226.1,26976.4,27418.5,28683.1,26716.9,30358.9,31721.6,29704.1,29315.1,29199.7
A,CLV15_MNAC,P7_S2112,BE,,,,,,,,,,,,,,,,,,,,,,,,,4839.7,5427.0,5348.0,5435.9,5516.1,5910.1,6361.3,6786.5,7014.2,11930.5,12668.9,15307.2,16831.5,16722.0,16490.2,18381.2,19979.4,20965.2,22487.7,22186.5,24687.2,22750.9,25460.2,25690.2,27664.4,26450.6,26983.4
A,CLV15_MNAC,P7_S2112,BG,,,,,,,,,,,,,,,,,,,,,,,,,,,,,,,,,,,,,,,,4513.7,4957.1,5488.9,5763.7,5933.7,6355.5,6399.7,7012.0,7258.2,7469.9,7838.5,8208.9
A,CLV15_MNAC,P7_S2112,CY,,,,,,,,,,,,,,,,,,,,,,,,,,,,,,,,,,584.9,469.3,524.2,513.4,492.0,422.9,452.0,563.4,521.9,706.9,902.3,970.0,933.3,1350.0,1766.6,1737.7,1845.6,1922.1
A,CLV15_MNAC,P7_S2112,CZ,,,,,,,,,,,,,,,,,,,,,,,,,,,,,,,,,,,,335437.9,370139.4,367512.1,394592.1,448866.0,470298.0,488073.5,514085.4,590893.4,600561.3,529408.3,603515.0,636019.5,660594.9,631512.5,641056.5
A,CLV15_MNAC,P7_S2112,DE,,,,,,,,,,,,,,,,,,,,,,,,,,,,,,,,,,,,,,121580.0,127767.7,140382.4,149093.0,159810.9,167103.5,186789.8,192332.9,184156.4,202332.6,208538.7,216015.4,211006.4,219109.3
A,CLV15_MNAC,P7_S2112,DK,,,,,,,,,,,,,,,,,,,,,,,,,,,,,,,112965.4,128541.9,138909.1,141160.8,120670.9,128787.1,136123.2,137667.8,139937.8,146728.9,151265.6,162986.1,169757.3,173068.9,178897.5,180568.4,198019.4,207513.2,212099.7,209392.3,218920.9
A,CLV15_MNAC,P7_S2112,EE,,,,,,,,,,,,,,,,,,,,,,,,,,,,,,,,,,6649.2,4902.7,5992.3,8014.5,8310.0,6446.3,4841.9,3617.5,3890.8,4047.8,4191.0,4269.6,3326.8,3875.4,4097.0,4212.5,4310.2,4377.9
A,CLV15_MNAC,P7_S2112,EL,,,,,,,,,,,,,,,,,,,,,,,,,,,,,,,,,,,,,4354.7,4243.7,4202.4,4641.1,4749.8,5309.6,5783.1,6304.2,6352.6,5796.5,7523.2,8978.9,8319.5,8659.9,9185.4
A,CLV15_MNAC,P7_S2112,ES,,,,,,,,,,,,,,,,,,,,,,,,,,,,,,,,,,,,,,14546.0,15734.6,18192.6,20623.0,22468.0,23055.4,23657.6,24654.0,22380.3,23861.6,24457.8,26834.0,26999.6,28658.3
A,CLV15_MNAC,P7_S2112,FI,,,,,,,,,,,,,,,,,,,,,,,,,,,,,,,,,,15271.0,13886.0,15075.0,15984.0,16851.0,15811.0,15653.0,16175.0,17054.0,18019.0,18885.0,19257.0,18618.0,20205.0,21699.0,20239.0,20065.0,20948.0
A,CLV15_MNAC,P7_S2112,FR,,,,,,,,,,,,,,,,,,,,,,,,,,,,,,,,,,30273.8,27601.3,33622.7,34695.1,33336.5,35228.8,37232.0,39344.0,41715.4,44433.1,46959.5,49082.5,44120.7,49136.2,51623.6,54470.6,54258.1,54836.8
A,CLV15_MNAC,P7_S2112,HR,,,,,,,,,,,,,,,,,,,,,,,,,,,,,,,,,,,,,,1777.4,2437.6,2542.8,3042.0,3238.2,3757.7,4107.0,4583.2,4141.6,4919.0,5860.1,5871.8,6593.7,6514.1
A,CLV15_MNAC,P7_S2112,HU,,,,,,,,,,,,,,,,,,,,,,,,,,,,,,,,,,2689631.3,2368759.5,2786171.0,2890249.6,2695198.0,3155165.0,3744719.6,4065970.0,4321666.2,4561035.5,4975841.8,5194779.8,5177748.8,4876303.5,4948569.0,4886402.0,4795295.5,4903321.9
A,CLV15_MNAC,P7_S2112,IE,,,,,,,,,,,,,,,,,,,,,,,,,,,,,,,,,,,,,,2573.6,3268.4,3340.3,4123.7,4337.1,4640.1,5473.3,6399.8,7037.3,7886.5,9431.6,10197.5,11499.6,12599.4
A,CLV15_MNAC,P7_S2112,IT,,,,,,,,,,,,,,,,,,,,,,,,,,,,,,,,,,28896.0,27177.7,30098.9,30728.5,28294.4,27978.6,30925.8,34460.7,36490.2,39668.6,41786.3,42641.0,37884.9,45880.6,51399.4,52543.1,50069.0,60186.7
A,CLV15_MNAC,P7_S2112,LT,,,,,,,,,,,,,,,,,,,,,,,,,,,,,,2205.3,2626.1,3209.3,4051.3,3976.2,2853.0,3100.4,3522.7,4018.7,4307.8,4397.7,5048.1,5729.8,6221.6,6636.4,7048.1,7281.0,8091.0,9439.3,9166.3,9863.6,10222.4
A,CLV15_MNAC,P7_S2112,LU,,,,,,,,,,,,,,,,,,,,,431.0,469.2,581.2,760.7,897.3,1038.1,1321.4,1008.7,1021.4,1161.8,1236.9,1445.4,1615.6,2043.6,1541.2,1722.0,1895.1,2233.8,2444.7,2716.3,3213.1,3599.2,3983.7,4239.2,4322.1,4644.2,5582.2,5230.1,5279.8,4446.6,4568.5
A,CLV15_MNAC,P7_S2112,LV,,,,,,,,,,,,,,,,,,,,,,,,,,856.7,978.0,1016.9,1164.4,1444.0,1717.6,2235.9,2561.1,2280.1,1550.2,1667.7,2128.1,2269.1,2384.8,2617.3,2610.8,2774.4,2764.2,2978.9,3090.2,3274.5,3633.3,4163.6,4241.5,4099.4,4379.3
A,CLV15_MNAC,P7_S2112,ME,,,,,,,,,,,,,,,,,,,,,,,,,,,,,,,,195.1,204.7,201.2,128.1,105.3,126.5,120.8,142.2,253.5,263.3,317.2,366.9,418.1,437.9,335.0,348.0,237.5,271.6,270.3,277.6
A,CLV15_MNAC,P7_S2112,MT,,,,,,,,,,,,,,,,,,,,,,,,,,211.4,190.9,193.5,198.4,208.0,228.3,259.5,288.5,315.3,284.4,318.7,344.4,382.4,387.7,417.1,546.3,638.4,714.3,898.6,895.9,1011.3,1535.6,1333.4,1390.7,1672.5,1676.0
A,CLV15_MNAC,P7_S2112,NL,,,,,,,,,,,,,,,,,,,,,7322.5,8017.4,10427.9,10542.0,11452.3,15854.4,14309.1,11896.8,10393.8,13902.3,15075.8,16586.1,24447.1,25780.7,26852.0,27588.3,29762.3,32144.2,35216.4,33374.8,34632.0,35129.0,41110.5,45552.3,49267.9,44342.0,46646.6,47565.2,47685.7,48399.9,50521.4
A,CLV15_MNAC,P7_S2112,PL,,,,,,,,,,,,,,,,,,,,,,,,,,,,,,,,,,67978.0,59107.4,70106.0,74941.7,73804.4,76551.7,83991.9,89200.0,98493.1,105900.2,112789.3,116092.4,111829.7,127038.1,136886.2,149138.4,165151.4,172418.5
A,CLV15_MNAC,P7_S2112,PT,,,,,,,,,,,,,,,,,,,,,,,,,,,,,,,,,,2299.4,2230.8,2471.5,2417.4,2358.4,2477.7,2781.1,2958.9,3248.8,3351.0,3618.9,3903.5,3778.3,4484.6,4994.9,5436.0,5529.9,6040.9
A,CLV15_MNAC,P7_S2112,RO,,,,,,,,,,,,,,,,,,,,,,,,,,,,,,,,,39637.2,46311.6,41054.8,47146.0,52707.2,52446.9,56813.0,63295.4,67133.3,77610.0,88500.5,96105.2,112502.9,89488.5,102816.6,120624.7,109473.8,115019.1,122248.5
A,CLV15_MNAC,P7_S2112,RS,,,,,,,,,,,,,,,,,,,,,,,,,,,,,,,,,,,,,,370858.1,367732.9,367438.3,379638.7,414607.4,463157.5,479140.0,533671.8,520959.4,555263.5,600647.9,567456.0,618066.2,667391.2
A,CLV15_MNAC,P7_S2112,SE,,,,,,,,,,,,,,,,,,,,,,,,,,,,,,,,,,,,,,,202909.7,210401.6,228426.6,245663.2,257932.5,271365.8,269640.5,253814.0,283023.0,294996.2,298674.3,313126.8,324430.0
A,CLV15_MNAC,P7_S2112,SI,,,,,,,,,,,,,,,,,,,,,,,,,,,,,,,,,,3662.4,2275.4,2523.9,2719.9,2635.5,2781.7,3007.7,3296.9,3483.0,3862.0,4157.9,4376.9,4169.6,4843.7,5287.2,5125.2,5189.1,5506.3
A,CLV15_MNAC,P7_S2112,SK,,,,,,,,,,,,,,,,,,,,,5910.7,6032.0,6028.3,5336.3,4800.8,4674.7,5825.5,6261.9,6881.0,8268.5,9319.7,10923.6,11824.1,11751.0,9849.7,10923.1,11779.3,11402.6,13969.6,15009.8,16807.8,17118.6,17896.3,19037.5,22718.7,18126.0,18710.8,19479.4,20512.6,21087.4,19409.1
A,CLV15_MNAC,P7_S2112,TR,,,,,,,,,,,,,,,,,,,,,,,,,,,,,,,,,,,37951.4,45481.6,51601.7,51146.5,54394.1,56616.5,61124.1,65395.2,70255.0,66795.6,59752.8,43723.4,40655.4,34044.5,43631.4,45727.1,49137.3
A,CLV15_MNAC,P7_S2112,UK,,,,,,,,,,,,,,,,,,,,,,,,12281.4,13155.5,14687.0,16200.8,17453.3,18704.1,20996.0,25950.4,32742.6,28072.6,29459.3,27414.3,31701.5,34995.5,36302.2,34896.9,35603.1,37426.0,38219.3,41324.1,45067.5,46609.7,,,,,,
A,CLV15_MNAC,P7_S212,BE,,,,,,,,,,,,,,,,,,,,,16.1,67.4,7.7,5.8,106.7,66.5,84.3,89.9,34.8,100.2,27.8,31.4,101.5,143.2,145.1,158.4,168.7,112.8,186.0,212.4,248.0,263.9,250.4,236.3,249.5,226.1,215.5,293.7,269.7,271.9,
A,CLV15_MNAC,P7_S212,CY,,,,,,,,,,,,,,,,,,,,,,,,,,,,,,,,,,-3.2,-0.1,4.9,-2.0,-2.1,-10.9,-6.2,-15.4,-16.0,-9.4,-8.2,3.6,8.0,4.7,11.7,-4.6,-9.9,-10.4
A,CLV15_MNAC,P7_S212,EE,,,,,,,,,,,,,,,,,,,,,,,,,,,,,,,,,,,,0.0,0.0,0.4,0.7,2.2,7.1,14.0,19.8,12.6,9.7,29.1,30.9,19.4,28.1,37.6,38.0
A,CLV15_MNAC,P7_S212,FI,,,,,,,,,,,,,,,,,,,,,,,,,,,,,,,,,,,,,,,7.0,8.0,14.0,3.0,30.0,24.0,49.0,41.0,26.0,12.0,0.0,0.0,0.0
A,CLV15_MNAC,P7_S212,IT,,,,,,,,,,,,,,,,,,,,,,,,,,,,,,,,,,2.2,2.3,5.5,1.1,5.4,201.1,268.2,127.0,77.4,59.1,90.5,81.6,75.0,76.6,63.8,90.5,95.2,104.5
A,CLV15_MNAC,P7_S212,LT,,,,,,,,,,,,,,,,,,,,,,,,,,,,,,14.2,21.5,23.9,35.4,28.5,63.0,57.6,54.2,77.9,71.3,70.7,42.5,52.7,46.9,50.0,37.9,36.9,29.3,26.3,17.9,20.1,16.9
A,CLV15_MNAC,P7_S212,LU,,,,,,,,,,,,,,,,,,,,,7.3,3.8,13.4,7.3,44.2,57.6,53.8,23.8,4.8,6.4,5.2,4.9,5.0,7.3,9.0,7.9,16.8,10.5,10.6,11.8,15.2,22.4,16.7,17.3,13.5,15.0,13.8,13.0,6.6,4.3,4.3
A,CLV15_MNAC,P7_S212,LV,,,,,,,,,,,,,,,,,,,,,,,,,,0.0,0.0,0.0,0.0,0.0,0.0,0.0,0.0,0.0,1.6,1.3,1.2,1.2,2.0,23.3,23.6,21.0,20.1,19.6,18.8,14.6,11.5,10.3,5.5,1.3,4.0
A,CLV15_MNAC,P7_S212,ME,,,,,,,,,,,,,,,,,,,,,,,,,,,,,,,,,,,,,,,,0.0,0.0,0.0,0.0,,,,,,,,
A,CLV15_MNAC,P7_S212,NL,,,,,,,,,,,,,,,,,,,,,4.0,4.0,4.0,4.0,4.0,4.0,4.0,4.0,4.0,4.0,4.0,4.0,4.0,4.0,4.0,4.0,4.0,4.0,4.0,4.0,4.0,4.0,4.0,4.0,4.0,4.0,4.0,4.0,4.0,4.0,4.0
A,CLV15_MNAC,P7_S212,RO,,,,,,,,,,,,,,,,,,,,,,,,,,,,,,,,,0.0,1.0,5.3,92.3,126.5,200.4,291.0,133.6,106.3,67.8,99.0,453.8,324.5,381.7,313.3,50.2,20.9,104.1,573.6
A,CLV15_MNAC,P7_S212,SE,,,,,,,,,,,,,,,,,,,0.0,0.0,0.0,0.0,0.0,0.0,0.0,0.0,0.0,0.0,0.0,0.0,0.0,0.0,0.0,0.0,0.0,0.0,0.0,0.0,32.0,16.8,15.3,11.4,30.3,21.3,26.1,84.8,64.5,59.0,182.8,52.7,87.6
A,CLV15_MNAC,P7_S212,SI,,,,,,,,,,,,,,,,,,,,,,,,,,,,,,,,,,4.4,13.8,11.2,11.0,9.6,11.1,16.7,17.5,20.5,21.8,18.3,11.7,8.7,9.1,3.7,0.9,2.6,-1.4
A,CLV15_MNAC,P7_S22,AT,,,,,,,,,,,,,,,,,,,,,,,,,,,,,,,,,,,,,,49939.8,46620.2,43824.1,46539.4,46461.4,48734.0,55459.0,56586.7,51639.1,61797.9,68967.3,64837.7,61603.3,62938.7
A,CLV15_MNAC,P7_S22,BE,,,,,,,,,,,,,,,,,,,,,59967.5,63396.3,68605.1,71968.5,74041.3,83723.1,82832.4,83739.0,85132.6,90729.6,96710.1,101705.5,107381.8,100821.7,79912.8,88195.2,94750.4,91976.3,93142.9,96120.2,109282.0,114658.0,114880.4,119420.1,118118.3,107643.7,116532.3,137707.7,118260.5,110661.3,106729.2
A,CLV15_MNAC,P7_S22,BG,,,,,,,,,,,,,,,,,,,,,,,,,,,,,,,,,,,,,,,,11322.1,11255.4,11292.9,12606.2,13398.6,14461.4,13802.9,15236.6,19829.7,16758.0,17971.2,19428.9
A,CLV15_MNAC,P7_S22,CY,,,,,,,,,,,,,,,,,,,,,,,,,,,,,,,,,,5905.7,4939.6,5889.6,5945.5,5687.2,5457.5,5990.7,6717.5,7008.2,8121.1,8590.3,9735.1,10734.1,11841.2,15810.7,15824.3,16078.7,16732.6
A,CLV15_MNAC,P7_S22,CZ,,,,,,,,,,,,,,,,,,,,,,,,,,,,,,,,,,,,930263.2,977602.7,1014442.7,997768.2,1056485.8,1231575.0,1205647.9,1305096.4,1374312.4,1386108.4,1304785.5,1525329.5,1674873.3,1571988.9,1595300.6,1712196.7
A,CLV15_MNAC,P7_S22,DE,,,,,,,,,,,,,,,,,,,,,,,,,,,,,,,,,,,,,,476302.6,476302.6,488482.8,530560.0,545563.8,570311.9,578671.9,597163.7,553647.1,604804.1,676612.1,645829.3,644943.5,667587.7
A,CLV15_MNAC,P7_S22,DK,,,,,,,,,,,,,,,,,,,,,,,,,,,,,,,301067.9,344893.2,360997.7,397256.2,360638.0,365403.1,404285.0,415616.7,416938.6,438224.3,451519.0,463793.9,489170.5,521314.8,535547.0,493164.5,544713.9,598747.5,600769.8,652739.8,616793.0
A,CLV15_MNAC,P7_S22,EE,,,,,,,,,,,,,,,,,,,,,,,,,,,,,,,,,,2556.1,1707.9,2097.3,2588.1,3132.0,3117.4,3176.6,2940.8,2838.1,2809.2,3337.6,3645.5,3838.7,5292.9,5118.3,4173.9,4431.8,4902.6
A,CLV15_MNAC,P7_S22,EL,,,,,,,,,,,,,,,,,,,,,,,,,,,,,,,,,,,,,26631.7,26267.3,25808.0,27126.5,32037.3,32078.8,34185.8,36420.7,36859.8,33168.3,38523.1,42977.0,41835.0,43780.9,40259.8
A,CLV15_MNAC,P7_S22,ES,,,,,,,,,,,,,,,,,,,,,,,,,,,,,,,,,,,,,,152334.8,149372.7,154328.8,156446.0,155867.0,170215.4,179010.0,181472.8,149820.8,177234.5,209178.0,193679.4,199640.9,209606.3
A,CLV15_MNAC,P7_S22,FI,,,,,,,,,,,,,,,,,,,,,,,,,,,,,,,,,,34081.0,26162.0,28374.0,31023.0,29856.0,32713.0,31986.0,30324.0,31061.0,32889.0,35399.0,36318.0,32698.0,35666.0,40995.0,35825.0,35322.0,35794.0
A,CLV15_MNAC,P7_S22,FR,,,,,,,,,,,,,,,,,,,,,,,,,,,,,,,,,,263919.8,247170.5,268756.6,287162.3,284782.5,291826.6,307647.4,326905.4,336690.2,353211.7,364231.7,377162.0,324495.9,351287.4,398216.0,391803.8,393281.0,410262.8
A,CLV15_MNAC,P7_S22,HR,,,,,,,,,,,,,,,,,,,,,,,,,,,,,,,,,,,,,,7048.8,5283.6,4976.5,5060.5,5387.4,5722.1,6431.5,6252.8,5390.9,6935.9,10502.7,7874.6,8788.8,9468.4
A,CLV15_MNAC,P7_S22,HU,,,,,,,,,,,,,,,,,,,,,,,,,,,,,,,,,,7977863.5,6815305.4,7426324.4,7385692.0,6784133.7,6817739.2,6920429.2,7487976.0,7229738.1,8119962.0,8994049.4,10739656.3,10424287.7,10958686.0,12322548.9,12263024.1,12305930.6,12388030.3
A,CLV15_MNAC,P7_S22,IE,,,,,,,,,,,,,,,,,,,,,,,,,,,,,,,,,,,,,,103953.8,114684.2,136493.0,193496.3,231467.1,238637.0,225787.9,345769.0,368941.4,315652.2,350648.4,360526.5,370792.6,409334.7
A,CLV15_MNAC,P7_S22,IT,,,,,,,,,,,,,,,,,,,,,,,,,,,,,,,,,,221864.4,189962.9,210724.1,208240.0,188152.9,179524.4,184024.3,194328.4,201901.1,211325.6,218917.0,213613.7,184429.5,204973.2,232071.7,225417.7,221411.5,213821.3
A,CLV15_MNAC,P7_S22,LT,,,,,,,,,,,,,,,,,,,,,,,,,,,,,,5555.7,7240.6,7689.3,7340.9,10371.4,7159.6,8792.8,10039.6,10439.6,10660.3,9930.4,9867.1,9249.9,10563.9,11438.4,11999.7,10002.1,12484.6,15649.5,11948.0,12391.8,13422.4
A,CLV15_MNAC,P7_S22,LU,,,,,,,,,,,,,,,,,,,,,5348.5,5815.2,7692.7,9291.5,11940.4,13405.8,13945.9,13589.9,13370.7,15388.1,17818.0,21433.0,22353.5,21335.1,19327.9,25325.1,28522.9,25927.7,28438.7,30992.1,32859.6,32799.2,33624.9,34550.6,37492.7,39964.0,46332.7,44439.7,44081.9,38918.9,38858.7
A,CLV15_MNAC,P7_S22,LV,,,,,,,,,,,,,,,,,,,,,,,,,,2351.7,2511.9,2508.5,2874.8,3425.5,3734.8,4092.1,4523.8,4148.1,3093.4,3557.8,3964.3,3983.8,3832.1,3731.9,4059.9,4259.6,4735.9,5061.0,5011.8,4703.3,5623.1,5406.9,4610.0,4378.3,4460.2
A,CLV15_MNAC,P7_S22,ME,,,,,,,,,,,,,,,,,,,,,,,,,,,,,,,,979.0,1448.4,1765.5,1376.0,1326.3,1297.5,1287.2,1268.5,1169.5,1286.6,1395.9,1530.8,1638.7,1680.2,1382.7,1576.0,1955.6,2073.0,2214.6,2388.0
A,CLV15_MNAC,P7_S22,MT,,,,,,,,,,,,,,,,,,,,,,,,,,2434.4,2079.5,2085.8,2149.9,2222.7,2366.6,2711.3,2904.4,3079.1,2692.7,3084.2,3309.8,3555.9,3537.1,3541.6,4923.4,4965.2,5815.2,6441.3,7143.9,7945.3,7973.2,9583.2,8958.9,9386.2,9810.2
A,CLV15_MNAC,P7_S22,NL,,,,,,,,,,,,,,,,,,,,,81478.3,84693.4,96284.9,107169.7,122587.3,148106.7,152931.2,148551.1,152213.4,162381.4,176458.3,190556.4,198591.4,199514.4,182422.9,210952.2,222192.2,232161.4,233563.8,246503.4,286395.0,271878.2,288269.4,300307.2,304987.2,295433.9,318860.8,345048.2,312860.3,309981.1,315354.9
A,CLV15_MNAC,P7_S22,PL,,,,,,,,,,,,,,,,,,,,,,,,,,,,,,,,,,201489.5,174262.3,203744.2,221254.6,230403.0,225925.6,245344.2,252168.0,260538.4,296567.5,331415.5,347394.3,332066.0,400347.4,454597.9,404547.3,419094.7,441225.1
A,CLV15_MNAC,P7_S22,PT,,,,,,,,,,,,,,,,,,,,,,,,,,,,,,,,,,19227.7,17418.8,18982.7,17607.2,16959.9,17941.7,18108.6,20510.1,21169.7,22729.4,23134.8,24940.1,21844.6,23996.3,26689.9,26351.8,27747.0,27479.6
A,CLV15_MNAC,P7_S22,RO,,,,,,,,,,,,,,,,,,,,,,,,,,,,,,,,,66419.8,76004.0,54234.7,60265.6,64882.2,61244.9,60041.3,66429.4,68831.0,79390.8,89029.7,99548.7,106601.5,114481.2,133605.4,150569.3,136957.3,145944.5,154589.8
A,CLV15_MNAC,P7_S22,RS,,,,,,,,,,,,,,,,,,,,,,,,,,,,,,,,,,,,,,675249.8,784207.3,889857.1,960522.8,972608.9,1068260.5,1241082.5,1395764.3,1334074.9,1660373.0,2044857.8,1970184.1,2129563.7,2374210.5
A,CLV15_MNAC,P7_S22,SE,,,,,,,,,,,,,,,,,,,,,,,,,,,,,,,,,,,,,,,593630.6,645008.1,675183.0,690242.7,705046.7,740399.1,756483.2,682301.6,794240.9,924688.6,892585.6,906104.2,944437.5
A,CLV15_MNAC,P7_S22,SI,,,,,,,,,,,,,,,,,,,,,,,,,,,,,,,,,,6807.7,4644.4,5220.0,5563.6,5350.7,5654.9,5847.3,5736.2,6042.3,6828.4,7527.6,8062.8,7457.4,8744.2,10506.5,8956.9,9402.0,9642.2
A,CLV15_MNAC,P7_S22,SK,,,,,,,,,,,,,,,,,,,,,5649.3,6946.7,6914.6,5898.5,5682.2,7125.1,8003.1,8143.1,8246.8,12046.2,16280.5,21072.8,23979.5,26266.7,22310.2,27557.1,29494.5,30842.6,30486.6,30905.5,32643.7,33171.2,34046.4,35367.0,33939.6,32466.5,37931.2,44278.0,36651.3,37404.8,44386.2
A,CLV15_MNAC,P7_S22,TR,,,,,,,,,,,,,,,,,,,,,,,,,,,,,,,,,,,251309.7,299968.8,344557.5,346954.4,384853.6,380305.0,376760.5,377893.8,436808.0,414210.5,400108.4,441069.4,468975.8,559221.4,590448.8,542806.4,569490.7
A,CLV15_MNAC,P7_S22,UK,,,,,,,,,,,,,,,,,,,,,,,,141084.0,149810.2,170092.5,172990.2,172237.7,180935.2,196764.2,206510.3,220971.0,227050.4,226481.7,214673.9,233362.3,235024.1,236322.7,242120.8,244902.7,257793.0,267923.2,273939.9,279395.7,295034.8,,,,,,
A,CLV20_MEUR,P6,AL,,,,,,,,,,,,,,,,,,,,,305.1,352.6,288.2,385.7,667.6,927.1,1070.4,1108.4,1238.9,1467.9,1824.2,2133.0,2540.6,2423.1,2537.3,3024.2,3226.1,3235.6,3287.0,3281.4,3207.5,3450.4,3897.7,4071.8,4172.8,3015.8,4587.0,5368.8,5828.0,5834.4,
A,CLV20_MEUR,P6,AT,,,,,,,,,,,,,,,,,,,,,72719.4,76092.5,84483.9,91117.1,96979.5,110095.6,116449.2,121440.5,122086.0,132659.9,141501.8,152222.3,163748.2,167302.7,143264.4,162076.6,171696.4,174164.9,175266.8,180271.2,185727.2,191285.8,200658.0,210993.7,219507.9,196484.0,215165.9,235490.0,234008.3,228644.8,229320.0
A,CLV20_MEUR,P6,BA,,,,,,,,,,,,,,,,,,,,,,,,,,1843.6,1950.2,1849.3,2091.4,2457.0,2843.4,3377.2,3795.4,3838.8,3716.9,4233.6,4430.2,4434.9,4783.4,4982.5,5469.9,5982.3,6689.5,7176.4,7212.6,6142.1,7701.2,8609.0,8501.6,8364.5,
A,CLV20_MEUR,P6,BE,,,,,,,,,,,,,,,,,,,,,157889.5,165744.7,181474.8,188983.8,198148.1,222712.4,223559.2,231268.3,235004.1,249558.8,263312.2,278322.7,293452.4,298756.9,264977.9,292627.7,306734.2,304682.4,305536.7,321790.5,333599.4,354097.4,373630.4,379403.0,390544.3,367276.2,421088.8,433936.7,402905.8,396057.3,393573.1
A,CLV20_MEUR,P6,BG,,,,,,,,,,,,,,,,,,,,,14248.2,18515.8,19829.9,16385.8,13481.7,11168.1,11303.8,12305.1,13100.3,16310.9,17792.9,19156.5,22915.5,23483.3,20732.1,23020.7,25910.7,26438.7,28985.3,29870.0,31805.2,34544.5,36528.4,37161.6,38646.6,34933.0,38976.4,43679.1,43679.2,44454.3,43507.5
A,CLV20_MEUR,P6,CH,,,,,,,,,,,,,,,,,,,,,169875.9,175950.1,202580.0,207436.3,215101.3,241506.1,241309.2,236597.1,233148.8,255892.3,271880.7,290306.7,323328.2,337257.4,309334.3,348146.6,362488.8,363861.4,414340.6,394783.0,409998.1,434045.3,430535.9,446643.7,444265.6,421524.5,478978.6,512672.7,499083.0,507594.5,531990.5
A,CLV20_MEUR,P6,CY,,,,,,,,,,,,,,,,,,,,,7338.7,7809.4,7807.6,8262.3,8463.1,9205.4,9367.5,9039.6,8777.6,9057.7,9337.7,9552.8,10065.1,10008.3,9542.4,10146.3,10858.1,10795.7,10916.9,11603.8,12639.4,13551.9,15040.3,16126.2,17533.1,17820.0,22659.1,28887.6,28417.2,30144.9,31575.5
A,CLV20_MEUR,P6,CZ,,,,,,,,,,,,,,,,,,,,,28901.5,29625.8,31866.6,34938.0,36744.8,42175.1,46153.0,46573.2,50681.2,65722.4,77651.6,88744.5,98532.2,102682.7,92592.1,106163.7,115891.0,120852.5,121165.0,131738.3,139526.3,145299.1,155619.4,161068.8,163181.4,149284.6,161455.9,169769.3,173755.4,176405.7,183289.4
A,CLV20_MEUR,P6,DE,,,,,,,,,,,,,,,,,432512.8,431027.9,398224.9,429138.0,456946.2,483269.6,541855.9,582623.3,612321.4,695206.2,733273.8,762702.0,775256.2,861515.8,918077.2,1027690.3,1115569.8,1132848.7,968564.0,1105175.4,1192514.9,1223428.0,1229232.6,1282554.2,1345055.3,1371783.6,1424700.3,1461148.0,1491386.1,1349915.0,1487336.4,1545247.7,1523379.1,1491926.1,1485311.5
A,CLV20_MEUR,P6,DK,,,,,,,,,,,,,,,,,,,,,70937.6,74244.3,77592.6,80775.7,89883.6,101220.5,104619.5,109172.8,107853.2,111116.1,119930.3,132323.1,137136.8,142443.8,129388.1,133303.5,143230.2,145034.2,147049.6,151489.4,156386.0,162112.4,169903.1,175686.8,183447.0,171780.2,185070.6,197258.1,212610.5,227726.0,234655.0
A,CLV20_MEUR,P6,EA,,,,,,,,,,,,,,,,,,,,,1847023.6,1938278.2,2149469.1,2305895.9,2433290.0,2749544.3,2896158.8,2954026.7,2974035.8,3205407.5,3365733.6,3641581.9,3906287.8,3945236.3,3508488.9,3889970.3,4150518.4,4238285.0,4329994.0,4539637.0,4872285.9,5023561.5,5301862.1,5480124.5,5657344.7,5167982.3,5755606.0,6172411.5,6132503.0,6164696.7,6290996.6
A,CLV20_MEUR,P6,EA12,,,,,,,,,,,,,,,,,,,,,1867210.5,1959249.4,2175074.1,2332735.9,2466035.8,2789591.6,2896158.8,2954026.7,2974035.8,3205407.5,3365733.6,3641581.9,3880502.3,3900860.1,3426381.9,3795699.0,4032529.0,4113243.6,4199900.2,4388624.8,4685775.3,4826953.2,5089783.7,5254979.3,5422499.0,4941695.7,5497810.1,5892164.7,5824127.0,5850982.8,5967593.0
A,CLV20_MEUR,P6,EA19,,,,,,,,,,,,,,,,,,,,,1918457.1,2012791.6,2234771.1,2395399.4,2530249.1,2860088.2,2971280.8,3033484.9,3058476.5,3300243.3,3471788.9,3762977.2,4015285.4,4040811.2,3545220.3,3933041.9,4185329.2,4276775.1,4370456.5,4564928.2,4872285.9,5023561.5,5301862.1,5480124.5,5657344.7,5167982.3,5755606.0,6172411.5,6097777.3,6129428.9,6255398.4
A,CLV20_MEUR,P6,EA20,,,,,,,,,,,,,,,,,,,,,1927268.3,2022718.4,2245491.1,2406302.9,2541427.9,2872797.4,2985053.6,3047852.6,3073658.3,3316555.7,3488863.4,3781416.9,4034665.8,4059810.1,3561606.4,3950714.2,4203414.0,4294593.9,4388737.9,4584529.0,4893878.7,5046654.0,5326556.1,5505708.8,5684691.7,5188918.7,5783397.7,6207641.3,6132503.0,6164696.7,6290996.6
A,CLV20_MEUR,P6,EA21,,,,,,,,,,,,,,,,,,,,,1938774.3,2036214.0,2260248.5,2420642.9,2554974.2,2886101.0,2998712.9,3062232.9,3088544.7,3333878.5,3507476.9,3801507.3,4057948.2,4083581.2,3582575.7,3973994.3,4229443.1,4321154.6,4417794.1,4614493.9,4925789.3,5081193.6,5363074.6,5542875.5,5723340.3,5223851.7,5822374.1,6251446.3,6176387.1,6209419.4,6334604.8
A,CLV20_MEUR,P6,EE,,,,,,,,,,,,,,,,,,,,,4338.3,4450.0,5581.5,6316.1,6346.0,5904.9,6278.9,6456.0,7112.7,8342.7,10004.8,10958.2,12340.6,12451.4,9922.7,12325.7,15305.2,16043.9,16493.1,16928.6,16673.7,17478.3,18322.9,18853.5,19802.7,18987.4,23465.8,24748.0,22485.7,22148.2,23246.3
A,CLV20_MEUR,P6,EL,,,,,,,,,,,,,,,,,,,,,19499.7,20228.3,24925.7,26083.1,32191.7,39498.3,39963.3,37041.5,36939.9,42901.1,43874.6,46256.3,50467.9,52750.8,43642.0,45639.7,45891.6,46827.5,47649.5,51594.4,54294.6,54080.2,58625.7,64039.0,67138.9,52691.9,65533.9,69592.2,71094.3,71782.8,72968.0
A,CLV20_MEUR,P6,ES,,,,,,,,,,,,,,,,,,,,,146747.0,161405.0,184631.0,199638.0,215658.0,238128.0,247523.0,251077.0,259867.0,270993.0,275971.0,288892.0,311037.0,308262.0,274985.0,299675.0,324266.0,327331.0,341372.0,356754.0,372279.0,392354.0,414354.0,421237.0,430777.0,344195.0,390276.0,445786.0,455459.0,469828.0,486595.0
A,CLV20_MEUR,P6,EU27_2020,,,,,,,,,,,,,,,,,,,,,2185241.9,2296308.2,2549266.3,2734682.2,2890167.5,3268795.2,3395547.5,3473645.1,3522528.5,3816124.2,4037896.8,4397676.7,4704849.0,4761124.5,4193386.7,4649806.4,4958091.4,5062943.0,5183651.6,5425048.7,5780468.1,5986330.5,6325279.7,6551460.4,6781244.1,6225299.3,6927277.5,7435253.2,7421667.5,7482668.4,7652947.8
A,CLV20_MEUR,P6,FI,,,,,,17311.9,18316.5,17973.9,18751.8,19976.1,20103.1,20619.0,21305.3,22057.0,22429.8,22745.2,20949.6,23123.1,26977.5,30561.8,33236.1,35151.7,40082.3,43638.4,48585.0,56409.6,57437.5,59725.9,59123.3,64291.7,68759.7,75507.1,82292.8,87725.1,70080.8,74409.7,75918.2,76097.6,76982.3,75602.8,75787.2,78960.4,86088.7,87563.9,93559.6,85606.0,90728.0,94749.6,93459.8,95103.3,98349.1
A,CLV20_MEUR,P6,FR,119223.6,129221.3,139242.7,148182.3,157809.8,162210.3,170019.5,167543.6,175461.8,187418.9,191355.7,190009.7,195701.6,212528.8,233548.6,241882.7,257578.3,272704.5,273510.2,295687.6,321202.7,333994.6,376806.8,409159.0,429663.4,484097.5,498096.5,508411.1,501456.5,528262.7,550686.3,580098.9,596626.0,600122.6,537349.4,583257.1,621327.4,637732.0,654326.9,672277.4,702700.4,717541.8,749160.1,777383.1,793540.6,662035.3,737015.6,803964.2,823822.5,844626.7,855443.6
A,CLV20_MEUR,P6,HR,,,,,,,,,,,,,,,,,,,,,8623.5,10067.6,10741.7,10718.3,10873.6,12389.2,13602.5,14262.4,15208.0,16328.2,17079.3,18436.6,19350.2,18934.2,16323.0,17598.0,17997.7,17726.9,18188.4,19511.6,21509.8,23026.0,24626.0,25513.5,27259.4,20936.5,27791.7,35298.5,34789.7,35334.2,35667.4
A,CLV20_MEUR,P6,HU,,,,,,,,,,,,,,,,,,,,,14356.6,15674.2,19241.2,22206.9,24815.3,31000.5,33711.1,35620.0,37827.4,44656.6,50364.8,60200.8,69919.5,74602.9,66607.7,74012.8,78759.9,77419.8,80577.6,87992.4,94471.1,98063.1,104417.3,109628.2,115610.7,108506.7,117448.1,130057.7,132417.9,131749.9,130323.3
A,CLV20_MEUR,P6,IE,,,,,,,,,,,,,,,,,,,,,50881.3,57201.5,67239.5,82550.2,95569.9,115819.0,132043.1,140594.0,138207.0,147218.6,155286.1,164682.8,179341.9,172520.8,180540.4,191340.1,197288.4,195666.3,216342.8,247699.0,345358.4,363683.4,403753.7,423313.4,469986.9,533702.1,603838.3,676454.8,649901.3,705582.0,774101.5
A,CLV20_MEUR,P6,IS,,,,,,,,,,,,,,,,,,,,,3057.5,3304.9,3463.0,3513.9,3626.1,3770.5,4024.3,4168.0,4203.8,4551.0,4886.7,4666.0,5767.8,5969.3,6444.1,6492.6,6681.8,6890.8,7319.9,7595.7,8234.8,9243.3,9688.8,9902.4,9460.8,6589.6,7406.3,9336.9,9698.4,9485.5,9579.5
A,CLV20_MEUR,P6,IT,,,,,,,,,,,,,,,,,,,,,327709.3,332655.2,349058.5,357963.3,354279.8,396938.5,407521.5,395927.4,391033.1,415095.2,428541.8,463613.7,492488.1,476337.7,391399.6,436613.5,458151.0,466549.0,467705.1,479587.2,498701.9,510361.8,537755.7,549207.7,555941.3,479725.2,547297.0,601326.3,600218.4,597523.8,604927.1
A,CLV20_MEUR,P6,LT,,,,,,,,,,,,,,,,,,,,,4639.7,5838.9,7235.6,7510.2,6096.4,6951.2,8624.5,10365.7,11306.2,12124.8,14530.7,16391.7,16915.1,18880.3,16298.2,18968.2,21727.4,24084.3,25835.2,25364.3,25978.7,27258.9,30947.3,33064.2,36384.2,36409.0,42447.4,47416.2,45838.6,47029.7,49018.0
A,CLV20_MEUR,P6,LU,,,,,,,,,,,,,,,,,,,,,31642.3,33597.5,38124.6,44314.3,49637.2,58080.5,61807.6,61746.8,63465.6,69324.6,73467.7,82961.6,87216.1,86930.3,80633.7,88823.1,92720.8,94221.8,100173.0,106700.5,112184.2,118139.9,117871.9,122030.5,129398.9,131860.3,146815.7,148974.2,149798.1,131553.7,133085.8
A,CLV20_MEUR,P6,LV,,,,,,,,,,,,,,,,,,,,,3780.6,4483.8,5055.4,5293.9,4957.8,5671.5,6163.5,6467.2,6733.2,7668.4,9484.1,10190.8,11609.5,11889.0,10348.8,11757.9,13223.1,14477.3,14572.7,15528.8,16003.3,16626.2,17699.5,18471.7,18366.4,18311.8,19976.8,22258.1,20695.3,20717.6,20732.9
A,CLV20_MEUR,P6,ME,,,,,,,,,,,,,,,,,,,,,,,,,,,,,,,,1208.2,1570.4,1596.5,1394.4,1471.7,1694.4,1636.8,1676.8,1652.8,1754.3,1789.5,1821.4,1947.4,2060.6,1088.1,1949.2,2326.1,2536.3,2436.0,2322.8
A,CLV20_MEUR,P6,MK,,,,,,,,,,,,,,,,,,,,,,,,,,2083.3,1787.6,1700.7,1706.4,1999.7,2358.2,2644.4,3009.1,2868.6,2470.1,3055.1,3548.1,3617.3,3837.8,4470.2,4849.1,5289.4,5730.9,6464.8,7038.6,6269.2,7164.3,7923.8,7686.9,7382.7,7834.8
A,CLV20_MEUR,P6,MT,,,,,,,,,,,,,,,,,,,,,,,,,,5635.1,4946.5,5353.9,5054.7,5078.9,5165.0,6360.0,6805.9,7227.4,6361.4,7485.0,8163.2,8777.7,8985.2,9532.5,11824.2,12778.1,14821.6,16776.7,17983.4,18664.5,19510.2,21779.3,22903.2,24343.8,25451.3
A,CLV20_MEUR,P6,NL,,,,,,,,,,,,,,,,,,,,,224416.4,233520.8,256016.8,272847.1,297516.2,333585.2,338431.7,340245.2,346391.1,374779.3,396146.0,424768.7,447859.8,455349.3,415772.9,456015.1,481944.2,499848.5,514931.5,541446.3,586770.5,598289.8,639739.5,671226.0,689730.8,663307.0,708803.1,740096.4,717954.4,716835.2,734258.6
A,CLV20_MEUR,P6,NO,24735.4,27859.1,28531.7,31533.9,32207.9,33665.4,34272.2,34424.9,36865.9,39686.8,42590.0,43536.5,43949.9,46676.5,51891.2,56095.7,59570.2,62373.8,64314.6,69655.5,73407.6,80803.1,87036.9,88178.0,90775.4,94319.1,98639.7,98065.5,97739.1,98870.3,99421.9,98854.1,99814.6,101090.5,96824.9,97270.4,96877.3,98943.9,97397.9,101173.5,105190.9,105256.7,106906.5,105453.0,107839.6,105217.5,111332.0,116740.2,117828.5,124660.3,127640.9
A,CLV20_MEUR,P6,PL,,,,,,,,,,,,,,,,,,,,,45399.3,50543.8,56710.8,64788.4,63159.4,78069.5,80454.4,84337.2,96211.6,100748.6,110883.4,127810.3,140817.0,150663.7,141570.3,159393.7,171738.7,178470.9,187502.4,197810.5,210883.2,229776.7,250668.0,267606.6,281889.9,278857.8,313166.1,336358.1,348859.6,355837.9,371783.5
A,CLV20_MEUR,P6,PT,,,,,,,,,,,,,,,,,,,,,30595.7,32340.9,34701.6,37510.5,38825.1,42140.2,43117.7,44548.3,46758.2,48442.3,48575.7,54632.5,58171.1,57926.5,52094.1,56875.1,60790.1,62667.5,67216.9,70109.7,74493.1,78003.0,84547.8,88180.7,91711.8,74896.8,83910.3,98303.3,102537.6,105855.1,106294.4
A,CLV20_MEUR,P6,RO,,,,,,,,,,,,,,,,,,,,,13509.2,14331.3,15931.9,15677.5,16824.4,13699.0,15652.6,18368.5,19900.6,22715.4,24805.9,27725.9,33520.4,38129.7,35962.5,41580.0,46616.3,47110.4,56878.4,61733.5,64562.9,75112.2,80944.8,85204.2,89770.4,81277.3,91548.5,100069.1,98720.0,96256.7,100034.6
A,CLV20_MEUR,P6,RS,,,,,,,,,,,,,,,,,,,,,1027.7,2294.4,3466.3,4489.1,2594.5,2953.7,4548.5,5428.2,6951.1,7639.4,9056.9,9699.6,9980.9,11234.3,9938.7,11614.4,12268.2,12618.7,14895.2,15530.8,16935.2,18778.7,20255.4,22087.1,23688.8,22602.6,27219.8,31855.7,32724.9,34423.4,36362.5
A,CLV20_MEUR,P6,SE,,,,,,,,,,,,,,,,,,,59609.6,67716.6,75328.6,78564.6,89431.3,97383.2,104247.7,116507.1,117119.6,119037.2,124078.6,137999.9,147742.6,160029.4,167088.4,168766.0,144661.2,160647.1,171532.9,172747.5,172528.4,179289.2,188415.7,194184.0,200586.0,209335.0,223893.7,211741.0,236214.1,250513.3,256933.9,263649.5,274017.8
A,CLV20_MEUR,P6,SI,,,,,,,,,,,,,,,,,,,,,9294.3,9570.6,10684.1,11519.8,11750.7,13230.4,14180.6,15284.2,15767.3,17823.7,19849.2,22652.4,25791.5,26870.5,22428.1,24743.3,26398.7,26595.8,27339.3,28933.4,30504.6,32466.1,36060.3,38279.9,39995.1,36583.2,41749.3,44854.3,43996.5,45024.3,45160.8
A,CLV20_MEUR,P6,SK,,,,,,,,,,,,,,,,,,,,,14491.0,14159.6,16133.4,15765.1,17358.6,18777.8,20848.6,22392.5,26808.9,32473.5,36573.2,44920.7,51413.1,52959.7,44293.6,52282.7,57557.8,62859.0,66241.8,68428.6,73049.1,76630.4,79421.0,83770.4,84906.8,79510.7,87987.4,90423.5,89815.2,89835.3,93413.2
A,CLV20_MEUR,P6,TR,,,,,,,,,,,,,,,,,,,,,38639.3,46477.8,54425.8,60313.0,54294.1,64667.9,67924.9,73704.8,79559.0,89434.9,97041.9,102795.4,110102.6,114401.7,110791.4,113363.0,128524.9,147834.9,154813.2,165695.8,174073.2,170250.8,191448.3,209684.9,219485.0,183461.6,229483.8,253573.8,247804.8,247985.3,247194.7
A,CLV20_MEUR,P6,UA,,,,,,,,,,,,,,,,,,,,,,,,,,,,,,,,,,,,78597.2,80694.9,76139.3,70001.5,60032.0,52128.7,51181.2,53189.7,52469.4,56299.6,53028.6,48486.3,28099.8,26428.1,29150.8,
A,CLV20_MEUR,P6,XK,,,,,,,,,,,,,,,,,,,,,,,,,,,,,,,,,,626.6,749.5,955.3,1224.9,1249.8,1231.3,1309.1,1333.3,1471.6,1766.2,1926.4,2071.9,1469.1,2596.8,3087.1,3310.5,3622.8,3901.8
A,CLV20_MEUR,P6_S21,AT,,,,,,,,,,,,,,,,,,,,,,,,,,,,,,,,,,,,,,118933.7,119340.1,128236.1,131409.6,136373.2,147845.7,153721.6,157770.1,139825.6,160583.0,166106.9,156769.6,157183.6,155474.4
A,CLV20_MEUR,P6_S21,BE,,,,,,,,,,,,,,,,,,,,,104917.6,110198.8,120697.8,125601.5,131573.9,147919.1,148229.9,153651.8,156302.0,166207.5,175333.7,185479.7,195339.2,199912.4,176018.5,187092.9,192551.7,189138.8,188841.4,197349.9,205932.1,217419.5,230247.0,236599.5,245318.3,231409.5,259039.3,257384.7,240362.9,241522.5,249202.2
A,CLV20_MEUR,P6_S21,BG,,,,,,,,,,,,,,,,,,,,,,,,,,,,,,,,,,,,,,,,12579.2,14674.0,17216.3,18887.9,21581.2,23693.7,22242.2,24564.3,27377.2,26791.6,27497.3,26891.6
A,CLV20_MEUR,P6_S21,CY,,,,,,,,,,,,,,,,,,,,,,,,,,,,,,,,,,3699.4,3316.9,3560.9,3774.0,3419.7,3476.8,3958.3,4054.3,4236.9,4888.6,5266.8,6830.3,6953.1,8954.4,11388.1,10674.3,11654.7,12221.2
A,CLV20_MEUR,P6_S21,CZ,,,,,,,,,,,,,,,,,,,,,,,,,,,,,,,,,,,,83285.8,90708.0,90842.3,91095.1,100479.9,106070.1,110234.8,117782.9,121593.9,123049.2,113088.5,122477.3,130006.7,132124.4,130675.7,135266.7
A,CLV20_MEUR,P6_S21,DE,,,,,,,,,,,,,,,,,,,,,,,,,,,,,,,,,,,,,,562516.5,564221.7,593669.1,622067.1,649546.9,678797.5,707851.4,731789.6,655843.0,726542.9,751005.8,740774.7,734675.3,757367.5
A,CLV20_MEUR,P6_S21,DK,,,,,,,,,,,,,,,,,,,,,,,,,,,,,,,65075.9,70420.4,72294.2,73541.7,64930.2,65535.2,68479.5,66176.3,69158.6,70752.8,72223.8,75945.8,78214.0,78829.6,81389.9,76083.0,82022.8,87533.8,99163.2,99500.3,103801.1
A,CLV20_MEUR,P6_S21,EE,,,,,,,,,,,,,,,,,,,,,,,,,,,,,,,,,,9029.9,7316.6,8960.8,10726.2,10867.4,12023.2,12301.1,12508.5,12910.8,13549.1,14048.0,14406.2,12882.4,16032.0,17358.3,16322.0,15682.4,16749.9
A,CLV20_MEUR,P6_S21,EL,,,,,,,,,,,,,,,,,,,,,,,,,,,,,,,,,,,,,20156.5,19187.7,20755.1,22983.9,24087.6,24930.0,25886.8,28612.3,30332.7,24878.7,32252.9,36683.1,37574.2,36153.5,38257.9
A,CLV20_MEUR,P6_S21,ES,,,,,,,,,,,,,,,,,,,,,,,,,,,,,,,,,,,,,,180822.0,188447.0,197943.0,207413.0,220898.0,235594.0,239856.0,245329.0,204102.0,237512.0,266631.0,272198.0,279768.0,289236.0
A,CLV20_MEUR,P6_S21,FI,,,,,,,,,,,,,,,,,,,,,,,,,,,,,,,,,,41774.6,32223.0,33479.5,35560.4,35388.0,37108.1,35963.4,37227.0,39766.3,43931.0,44656.5,48984.4,43406.0,47314.7,50466.7,51121.7,51750.4,53321.4
A,CLV20_MEUR,P6_S21,FR,,,,,,,,,,,,,,,,,,,,,,,,,,,,,,,,,,312210.6,274133.5,296115.5,315750.4,313704.0,325348.7,332046.0,343169.8,355191.1,365082.0,382877.4,390147.8,340246.8,378796.9,404693.4,417127.5,421718.0,429150.1
A,CLV20_MEUR,P6_S21,HR,,,,,,,,,,,,,,,,,,,,,,,,,,,,,,,,,,,,,,11762.8,12380.3,13421.1,15077.1,16161.1,16941.7,17781.7,18855.0,14855.2,19894.5,25090.6,24205.4,23781.6,23973.2
A,CLV20_MEUR,P6_S21,HU,,,,,,,,,,,,,,,,,,,,,,,,,,,,,,,,,,54531.1,48642.7,53180.0,57469.2,57072.3,57962.6,65709.1,67852.1,73058.6,78743.6,82798.7,87686.3,82648.7,87810.1,98391.2,99764.6,96602.1,98593.9
A,CLV20_MEUR,P6_S21,IE,,,,,,,,,,,,,,,,,,,,,,,,,,,,,,,,,,,,,,83285.2,84948.1,92926.6,108861.2,110864.9,113575.9,135859.7,140523.0,164079.8,201896.7,235130.6,219915.2,230257.5,235088.8
A,CLV20_MEUR,P6_S21,IT,,,,,,,,,,,,,,,,,,,,,,,,,,,,,,,,,,256723.4,205821.3,224977.1,231240.1,223921.6,220202.2,229659.1,241107.0,251077.4,266254.5,275824.3,280093.8,246822.0,286702.3,313782.1,320490.1,315198.2,329936.9
A,CLV20_MEUR,P6_S21,LT,,,,,,,,,,,,,,,,,,,,,,,,,,,,,,6952.6,8350.8,9302.9,9996.2,10591.3,9871.6,10812.0,12563.2,13327.9,13945.5,14512.8,16323.3,16973.5,19098.1,20775.6,22936.8,23328.9,27560.9,32248.0,31303.8,32816.5,34893.7
A,CLV20_MEUR,P6_S21,LU,,,,,,,,,,,,,,,,,,,,,23119.0,24394.7,27044.3,31032.4,34521.8,40347.5,42751.8,44292.9,45809.3,49881.7,51338.7,56386.6,58669.0,58708.5,54728.5,55089.6,56936.0,60325.6,63527.3,66536.7,68845.0,74071.6,72162.0,75628.6,79868.3,81835.4,91026.6,93621.6,95229.7,84404.3,85600.0
A,CLV20_MEUR,P6_S21,LV,,,,,,,,,,,,,,,,,,,,,,,,,,2532.1,2985.2,3302.3,3551.6,4249.7,5579.4,6092.2,6981.0,7090.2,6195.0,6908.0,7892.2,8434.7,8573.3,9473.7,9895.2,10432.7,10877.7,11633.2,12029.8,11947.9,13465.2,14881.7,14039.8,14173.3,14612.2
A,CLV20_MEUR,P6_S21,ME,,,,,,,,,,,,,,,,,,,,,,,,,,,,,,,,572.8,727.9,629.6,484.3,558.4,621.1,465.4,439.7,457.6,471.4,490.0,500.4,629.6,644.6,401.0,574.9,825.6,884.1,804.7,751.3
A,CLV20_MEUR,P6_S21,MT,,,,,,,,,,,,,,,,,,,,,,,,,,3393.6,2976.5,3232.8,3043.4,3061.1,3108.1,3828.3,4107.4,4349.2,3834.4,4510.1,4904.1,5285.2,5419.5,5740.7,7088.1,7747.5,8868.2,10201.1,10999.6,11972.2,12208.4,12825.1,14602.5,15375.6,16477.8
A,CLV20_MEUR,P6_S21,NL,,,,,,,,,,,,,,,,,,,,,149572.4,154902.3,167415.2,178889.1,195077.2,216106.8,219357.6,216277.8,219376.8,242566.0,253665.7,272926.3,288147.6,295106.5,266899.4,284326.0,303389.9,306896.9,315942.2,330444.6,349113.3,361854.9,389172.1,416518.5,423460.0,394212.0,432864.9,458917.9,441748.3,433963.4,448263.6
A,CLV20_MEUR,P6_S21,PL,,,,,,,,,,,,,,,,,,,,,,,,,,,,,,,,,,108485.3,103365.3,115212.0,122062.3,123197.6,127834.8,138634.0,150290.3,163341.7,177668.5,191463.7,200727.9,199863.6,228056.9,251688.5,251024.5,255267.2,267631.1
A,CLV20_MEUR,P6_S21,PT,,,,,,,,,,,,,,,,,,,,,,,,,,,,,,,,,,38718.2,34265.1,37787.1,39908.6,39353.4,41546.4,43445.6,46739.0,49981.4,53652.6,57677.6,60029.5,51017.9,57285.3,64785.4,66506.7,69565.3,70525.4
A,CLV20_MEUR,P6_S21,RO,,,,,,,,,,,,,,,,,,,,,,,,,,,,,,,,,23708.2,26856.0,26342.0,29457.2,32791.3,33130.9,40129.1,44264.6,47929.3,56612.0,61796.0,66070.3,69751.2,59438.2,65943.0,70462.2,69747.8,68659.6,71080.6
A,CLV20_MEUR,P6_S21,RS,,,,,,,,,,,,,,,,,,,,,,,,,,,,,,,,,,,,,,7332.4,8663.4,9233.9,9931.0,11078.7,11787.6,13057.8,14272.4,13802.8,16236.8,18788.1,19215.3,19930.7,20852.1
A,CLV20_MEUR,P6_S21,SE,,,,,,,,,,,,,,,,,,,,,,,,,,,,,,,,,,,,,,,87994.5,91325.1,94580.1,99852.7,102946.5,106808.7,110985.8,104835.2,119617.7,127159.7,133933.8,137341.1,141485.4
A,CLV20_MEUR,P6_S21,SI,,,,,,,,,,,,,,,,,,,,,,,,,,,,,,,,,,18565.9,16663.8,18483.9,19828.0,19564.7,20124.1,21655.5,22891.6,24265.6,27241.6,29235.2,30544.4,27608.0,31732.5,34141.7,33020.5,33462.2,33783.2
A,CLV20_MEUR,P6_S21,SK,,,,,,,,,,,,,,,,,,,,,12164.3,11854.5,13588.2,13846.4,15332.5,16604.5,18482.4,19653.0,22657.5,27421.6,31003.0,37565.5,42399.1,42991.1,36227.1,42504.6,46927.1,50380.2,51969.2,54133.4,58205.7,60967.5,63691.6,67284.3,68380.9,64047.1,72351.3,75099.5,71688.1,73479.7,72233.8
A,CLV20_MEUR,P6_S21,TR,,,,,,,,,,,,,,,,,,,,,,,,,,,,,,,,,,,51426.4,52323.4,58503.7,66453.0,67792.1,74109.7,78959.3,81581.2,88580.2,102421.6,105016.0,74506.7,93383.7,101529.1,101589.1,103395.6,105829.1
A,CLV20_MEUR,P6_S2111,AT,,,,,,,,,,,,,,,,,,,,,,,,,,,,,,,,,,,,,,106404.1,106830.2,106255.2,108912.4,111435.0,121356.5,126469.8,128806.7,115044.5,132786.4,135265.2,126454.5,128031.9,124958.6
A,CLV20_MEUR,P6_S2111,BE,,,,,,,,,,,,,,,,,,,,,,,,,120045.7,134966.5,135193.1,140210.7,142667.0,151759.5,160084.8,169382.5,178335.8,180490.3,159455.7,169160.3,173240.8,169788.1,168849.7,175790.8,182546.0,192254.1,203421.8,209560.0,215498.3,201944.1,227332.4,222982.2,206214.4,208066.4,214142.8
A,CLV20_MEUR,P6_S2111,BG,,,,,,,,,,,,,,,,,,,,,,,,,,,,,,,,,,,,,,,,14702.5,15641.2,16848.1,17172.7,18067.5,17952.7,16301.9,17435.8,19489.0,19168.6,19691.5,18969.1
A,CLV20_MEUR,P6_S2111,CY,,,,,,,,,,,,,,,,,,,,,,,,,,,,,,,,,,2461.4,2265.8,2389.0,2604.2,2382.6,2962.4,2894.0,3293.1,3422.7,4035.1,4279.9,5742.1,6167.1,7396.2,9183.9,8508.6,9294.2,9741.5
A,CLV20_MEUR,P6_S2111,CZ,,,,,,,,,,,,,,,,,,,,,,,,,,,,,,,,,,,,70174.8,75864.6,75410.8,75096.1,81877.3,87014.7,90357.8,96601.1,99410.8,100462.7,92486.7,99401.3,105676.0,106746.3,104651.1,108265.3
A,CLV20_MEUR,P6_S2111,DE,,,,,,,,,,,,,,,,,,,,,,,,,,,,,,,,,,,,,,427616.7,426052.9,440079.4,458228.4,476567.0,497654.1,515566.2,533099.3,473866.0,527365.5,547504.8,544235.1,536179.4,549684.6
A,CLV20_MEUR,P6_S2111,DK,,,,,,,,,,,,,,,,,,,,,,,,,,,,,,,46237.2,48911.8,49306.6,50568.1,44614.6,44411.6,46218.7,44062.2,47356.8,49013.5,50109.4,52593.9,53970.1,54439.4,56312.2,54352.2,58126.8,62602.5,72084.9,72385.9,74491.3
A,CLV20_MEUR,P6_S2111,EE,,,,,,,,,,,,,,,,,,,,,,,,,,,,,,,,,,3892.9,3370.5,3902.5,4545.8,4493.6,6113.8,7692.0,8585.8,8777.0,9655.9,10012.2,10477.5,9477.1,12084.8,13156.2,12589.2,12191.1,12959.1
A,CLV20_MEUR,P6_S2111,EL,,,,,,,,,,,,,,,,,,,,,,,,,,,,,,,,,,,,,16221.0,15181.6,16225.6,18068.7,19347.7,19781.2,20592.6,22564.1,24057.8,19632.7,25324.9,27625.7,29015.5,27826.7,28908.6
A,CLV20_MEUR,P6_S2111,ES,,,,,,,,,,,,,,,,,,,,,,,,,,,,,,,,,,,,,,163444.0,169602.0,178078.0,185323.0,197852.0,210365.0,214858.0,218935.0,183583.0,213612.0,239894.0,243266.0,249374.0,256989.0
A,CLV20_MEUR,P6_S2111,FI,,,,,,,,,,,,,,,,,,,,,,,,,,,,,,,,,,27999.2,20929.6,21553.4,22161.0,22776.6,23574.7,22887.5,24221.6,25246.3,28610.8,28211.8,32223.2,28103.0,30477.0,32022.7,33170.4,34013.8,34870.3
A,CLV20_MEUR,P6_S2111,FR,,,,,,,,,,,,,,,,,,,,,,,,,,,,,,,,,,280854.8,247867.2,266929.4,284220.5,282742.5,291643.3,296912.7,305289.0,316190.2,323708.7,338713.3,345245.5,298227.3,331683.2,355192.0,377605.3,379666.0,385581.9
A,CLV20_MEUR,P6_S2111,HR,,,,,,,,,,,,,,,,,,,,,,,,,,,,,,,,,,,,,,10411.8,10896.2,11719.0,13156.7,13984.1,14385.9,15170.4,15862.1,11998.2,15741.8,19509.5,19672.3,19133.7,19375.5
A,CLV20_MEUR,P6_S2111,HU,,,,,,,,,,,,,,,,,,,,,,,,,,,,,,,,,,43438.7,38965.4,42425.4,45639.1,45562.2,46129.0,52633.8,53643.9,57421.2,62215.9,65182.7,68939.2,65127.8,69978.8,80230.0,81375.4,77476.7,79136.7
A,CLV20_MEUR,P6_S2111,IE,,,,,,,,,,,,,,,,,,,,,,,,,,,,,,,,,,,,,,74034.5,74942.6,82395.2,94759.5,95422.3,97219.7,118159.4,121270.0,143106.6,176253.8,206895.2,191757.8,200167.2,202374.9
A,CLV20_MEUR,P6_S2111,IT,,,,,,,,,,,,,,,,,,,,,,,,,,,,,,,,,,217761.9,174606.5,190534.3,196042.2,190040.9,185843.2,193296.8,201585.0,210764.8,222100.7,231618.1,234522.1,205591.0,238628.8,261998.7,266800.3,261500.5,265801.7
A,CLV20_MEUR,P6_S2111,LT,,,,,,,,,,,,,,,,,,,,,,,,,,,,,,5307.9,6313.8,6899.1,7466.9,7776.2,7279.6,7889.8,9545.0,10202.8,10224.0,10247.4,11409.6,11745.6,13516.8,14771.8,16794.3,17298.9,19907.4,23720.0,23154.6,24154.8,25548.3
A,CLV20_MEUR,P6_S2111,LU,,,,,,,,,,,,,,,,,,,,,21899.8,23154.4,25578.4,29167.4,32688.8,38198.0,40404.9,41647.5,42937.2,46805.2,48079.9,52577.7,54396.5,54550.2,51017.5,51124.7,52777.0,55648.9,58487.6,61217.0,63157.5,67981.5,66093.8,69187.9,73034.4,74710.6,83188.9,85959.4,87643.4,77873.2,78915.5
A,CLV20_MEUR,P6_S2111,LV,,,,,,,,,,,,,,,,,,,,,,,,,,1738.7,2035.6,2252.1,2379.1,2848.3,3925.6,4695.5,5311.4,5451.7,4782.5,5225.2,5881.5,6202.9,6239.8,7064.0,7379.9,7733.1,7924.6,8459.4,8991.1,8912.5,10285.8,11526.2,10897.2,10945.5,11379.8
A,CLV20_MEUR,P6_S2111,ME,,,,,,,,,,,,,,,,,,,,,,,,,,,,,,,,412.5,494.7,494.1,357.4,382.1,364.4,278.3,329.9,304.9,342.5,316.6,322.3,390.1,393.5,262.0,403.9,600.5,662.3,578.8,559.1
A,CLV20_MEUR,P6_S2111,MT,,,,,,,,,,,,,,,,,,,,,,,,,,3132.1,2738.5,2975.0,2799.6,2808.8,2842.1,3498.5,3748.3,3949.2,3470.4,4090.3,4449.4,4799.1,4900.6,5171.5,6351.3,6942.7,7924.4,9129.5,9783.8,10840.6,11018.8,11514.9,13215.1,13873.3,14966.9
A,CLV20_MEUR,P6_S2111,NL,,,,,,,,,,,,,,,,,,,,,139039.7,143876.7,153994.2,164162.8,177765.0,196454.6,200775.0,197835.3,202675.1,217837.1,226199.9,251162.2,250007.3,255016.2,233612.7,251609.3,268486.7,269647.0,272315.2,282994.1,295881.2,304989.2,331853.3,356454.4,362009.2,335124.0,366800.4,393527.4,377544.3,370081.2,381284.9
A,CLV20_MEUR,P6_S2111,PL,,,,,,,,,,,,,,,,,,,,,,,,,,,,,,,,,,85888.1,83184.3,91554.4,96625.0,97029.5,100419.8,108687.6,117146.3,126963.8,138634.7,149689.6,157285.6,157352.2,180389.6,196139.3,201434.2,203330.4,212376.3
A,CLV20_MEUR,P6_S2111,PT,,,,,,,,,,,,,,,,,,,,,,,,,,,,,,,,,,36432.0,31975.0,35196.9,37171.5,36342.8,38534.2,40295.8,43584.1,46418.7,49679.6,53665.7,55805.7,47207.1,52912.7,59564.7,61074.3,63838.3,64575.2
A,CLV20_MEUR,P6_S2111,RO,,,,,,,,,,,,,,,,,,,,,,,,,,,,,,,,,17499.5,19955.5,19918.7,21947.6,24074.6,24173.0,29728.5,32796.2,35432.8,41949.9,46118.9,48909.3,51188.6,46911.0,51044.7,53366.1,54356.8,53394.8,55233.0
A,CLV20_MEUR,P6_S2111,RS,,,,,,,,,,,,,,,,,,,,,,,,,,,,,,,,,,,,,,5933.4,6996.0,7533.6,8025.9,8772.2,9003.9,9687.0,10549.4,9758.0,11448.8,13280.0,13169.5,14047.2,14890.6
A,CLV20_MEUR,P6_S2111,SE,,,,,,,,,,,,,,,,,,,,,,,,,,,,,,,,,,,,,,,69850.4,72287.5,74396.1,78483.7,80998.0,83920.0,86938.8,80748.1,91151.5,96992.5,103945.7,107199.5,108842.8
A,CLV20_MEUR,P6_S2111,SI,,,,,,,,,,,,,,,,,,,,,,,,,,,,,,,,,,13943.2,14084.9,15441.8,16545.7,16343.4,16770.5,18043.7,19071.4,20151.4,22739.5,24417.4,25530.1,22858.1,26259.1,28336.6,27186.7,27245.7,27357.7
A,CLV20_MEUR,P6_S2111,SK,,,,,,,,,,,,,,,,,,,,,5552.5,5964.3,7747.4,8822.3,10233.7,11016.7,12340.7,13376.6,16115.9,18798.9,20277.5,24208.8,27308.5,26648.5,22309.4,25601.0,27497.3,29133.6,30185.1,32385.8,35208.7,37462.8,39004.8,41721.1,42487.0,39839.5,43108.4,43450.6,41647.3,41983.9,41383.4
A,CLV20_MEUR,P6_S2111,TR,,,,,,,,,,,,,,,,,,,,,,,,,,,,,,,,,,,39267.9,39798.2,43870.0,49617.0,50334.0,54185.7,55802.0,56579.9,62386.3,72460.8,73666.4,59613.5,74890.2,81003.8,79822.6,81128.7,82674.1
A,CLV20_MEUR,P6_S2112,AT,,,,,,,,,,,,,,,,,,,,,,,,,,,,,,,,,,,,,,15437.9,15450.4,22107.1,22629.0,24937.9,26489.9,27253.0,28962.9,24781.1,27796.7,30904.6,30508.2,29276.2,30713.7
A,CLV20_MEUR,P6_S2112,BE,,,,,,,,,,,,,,,,,,,,,,,,,11477.2,12895.0,12980.4,13381.3,13573.3,14381.5,15178.9,16022.5,16925.7,19377.5,16514.8,17884.9,19270.3,19316.5,19969.0,21544.4,23378.0,25152.5,26809.6,27024.6,29814.8,29465.4,31706.9,34474.1,34346.1,33623.9,35247.0
A,CLV20_MEUR,P6_S2112,BG,,,,,,,,,,,,,,,,,,,,,,,,,,,,,,,,,,,,,,,,1075.3,1574.9,2273.5,2973.1,4145.1,5793.2,5940.3,7128.5,7881.1,7607.8,7788.7,7930.5
A,CLV20_MEUR,P6_S2112,CY,,,,,,,,,,,,,,,,,,,,,,,,,,,,,,,,,,1242.2,1054.9,1175.9,1173.9,1040.6,515.8,1068.4,763.0,816.2,855.1,989.1,1089.8,786.0,1558.4,2203.8,2164.8,2359.6,2478.7
A,CLV20_MEUR,P6_S2112,CZ,,,,,,,,,,,,,,,,,,,,,,,,,,,,,,,,,,,,13113.1,14844.7,15428.7,15997.2,18609.9,19059.1,19880.0,21185.5,22183.6,22586.1,20601.9,23076.1,24327.7,25388.0,26064.7,27045.5
A,CLV20_MEUR,P6_S2112,DE,,,,,,,,,,,,,,,,,,,,,,,,,,,,,,,,,,,,,,134845.0,138120.5,153534.0,163779.3,172987.3,181158.1,192258.7,198682.5,181977.0,199155.6,203486.7,196571.6,198536.9,207726.8
A,CLV20_MEUR,P6_S2112,DK,,,,,,,,,,,,,,,,,,,,,,,,,,,,,,,18849.1,21512.4,22986.5,22974.9,20316.5,21122.8,22259.2,22112.4,21800.5,21738.6,22113.8,23351.2,24243.2,24389.5,25076.9,21730.7,23896.0,24928.4,27063.1,27099.1,29298.8
A,CLV20_MEUR,P6_S2112,EE,,,,,,,,,,,,,,,,,,,,,,,,,,,,,,,,,,5039.8,3801.4,4950.8,6089.1,6315.2,5485.6,4432.2,3863.4,4059.8,3887.0,4029.4,3928.6,3405.2,3947.2,4201.9,3732.4,3490.7,3790.4
A,CLV20_MEUR,P6_S2112,EL,,,,,,,,,,,,,,,,,,,,,,,,,,,,,,,,,,,,,3935.5,4006.1,4529.5,4915.2,4740.0,5148.8,5294.2,6048.2,6274.8,5245.9,6928.1,9057.4,8558.7,8326.8,9349.3
A,CLV20_MEUR,P6_S2112,ES,,,,,,,,,,,,,,,,,,,,,,,,,,,,,,,,,,,,,,17377.0,18845.0,19865.0,22090.0,23047.0,25228.0,24998.0,26394.0,20519.0,23900.0,26735.0,28943.0,30408.0,32263.0
A,CLV20_MEUR,P6_S2112,FI,,,,,,,,,,,,,,,,,,,,,,,,,,,,,,,,,,13772.4,11290.6,11923.4,13396.5,12608.6,13530.6,13075.1,13004.6,14520.1,15319.1,16444.7,16761.1,15303.0,16837.6,18443.8,17951.1,17736.4,18449.9
A,CLV20_MEUR,P6_S2112,FR,,,,,,,,,,,,,,,,,,,,,,,,,,,,,,,,,,31508.5,26473.8,29367.3,31703.2,31150.4,33829.7,35228.3,37920.7,39048.5,41409.5,44194.0,44934.5,42019.5,47113.7,49535.6,41035.1,43132.3,44514.6
A,CLV20_MEUR,P6_S2112,HR,,,,,,,,,,,,,,,,,,,,,,,,,,,,,,,,,,,,,,1396.4,1528.1,1744.2,1967.2,2220.2,2585.7,2646.9,3019.5,2857.1,4152.8,5592.1,4520.8,4642.4,4589.4
A,CLV20_MEUR,P6_S2112,HU,,,,,,,,,,,,,,,,,,,,,,,,,,,,,,,,,,11099.8,9687.0,10770.8,11846.8,11537.6,11853.4,13115.3,14217.4,15641.4,16532.9,17615.1,18742.9,17520.9,17831.3,18268.7,18501.8,19051.6,19390.4
A,CLV20_MEUR,P6_S2112,IE,,,,,,,,,,,,,,,,,,,,,,,,,,,,,,,,,,,,,,9253.8,10007.9,10534.5,14103.2,15442.9,16355.9,17700.7,19253.3,20973.2,25642.9,28236.1,28157.2,30090.1,32713.5
A,CLV20_MEUR,P6_S2112,IT,,,,,,,,,,,,,,,,,,,,,,,,,,,,,,,,,,38994.0,31241.3,34470.6,35228.3,33913.1,34384.7,36382.5,39529.5,40325.2,44152.7,44222.1,45576.9,41231.0,48073.5,51798.1,53696.8,53712.6,64197.2
A,CLV20_MEUR,P6_S2112,LT,,,,,,,,,,,,,,,,,,,,,,,,,,,,,,1646.0,2038.7,2405.3,2531.0,2816.4,2593.3,2922.9,3022.0,3129.9,3723.0,4264.4,4911.9,5225.7,5579.1,6001.6,6142.1,6030.0,7653.5,8528.3,8148.4,8662.8,9349.1
A,CLV20_MEUR,P6_S2112,LU,,,,,,,,,,,,,,,,,,,,,1216.2,1237.4,1462.1,1859.7,1828.0,2143.7,2340.6,2638.3,2864.9,3068.3,3251.3,3802.4,4267.9,4152.7,3704.2,3961.0,4155.6,4676.0,5039.7,5319.8,5688.0,6090.8,6068.6,6440.9,6834.1,7124.8,7837.7,7661.1,7585.4,6530.3,6684.3
A,CLV20_MEUR,P6_S2112,LV,,,,,,,,,,,,,,,,,,,,,,,,,,805.0,964.7,1067.0,1195.0,1428.2,1674.2,1391.7,1666.4,1633.3,1407.2,1680.7,2010.9,2234.3,2338.1,2409.7,2515.3,2701.0,2958.3,3179.7,3038.7,3035.4,3179.5,3359.1,3146.0,3228.3,3237.6
A,CLV20_MEUR,P6_S2112,ME,,,,,,,,,,,,,,,,,,,,,,,,,,,,,,,,164.2,239.9,137.7,129.4,177.4,255.4,186.3,112.2,153.3,130.5,173.6,178.4,239.4,251.0,139.1,171.0,225.0,221.4,225.8,192.0
A,CLV20_MEUR,P6_S2112,MT,,,,,,,,,,,,,,,,,,,,,,,,,,259.8,236.7,256.4,242.5,251.2,265.1,328.6,358.0,399.3,363.6,419.3,454.0,485.3,518.4,568.9,736.8,804.7,943.9,1071.6,1215.9,1131.6,1189.5,1310.2,1387.3,1502.3,1510.8
A,CLV20_MEUR,P6_S2112,NL,,,,,,,,,,,,,,,,,,,,,10423.1,10916.2,13353.1,14665.5,17278.3,19623.6,18523.8,18387.3,16624.0,24664.2,27399.0,21683.8,38110.8,40065.6,33242.4,32685.2,34869.2,37219.0,43617.0,47446.0,53234.5,56871.0,57317.4,60060.4,61447.9,59088.0,66065.1,65380.5,64203.8,63885.8,66988.0
A,CLV20_MEUR,P6_S2112,PL,,,,,,,,,,,,,,,,,,,,,,,,,,,,,,,,,,22596.4,20181.6,23658.1,25437.5,26168.4,27415.0,29946.2,33143.4,36377.2,39033.3,41773.6,43442.0,42511.4,47667.3,55548.5,49591.3,51939.9,55259.3
A,CLV20_MEUR,P6_S2112,PT,,,,,,,,,,,,,,,,,,,,,,,,,,,,,,,,,,2257.7,2277.4,2579.2,2725.6,3014.0,3007.9,3145.3,3139.1,3554.7,3971.4,3998.0,4211.5,3810.8,4377.0,5238.7,5454.3,5752.1,5982.4
A,CLV20_MEUR,P6_S2112,RO,,,,,,,,,,,,,,,,,,,,,,,,,,,,,,,,,6208.7,6900.5,6423.3,7509.5,8716.7,8957.9,10400.6,11468.4,12496.5,14662.1,15677.1,17161.0,18562.6,12527.2,14898.3,17096.2,15391.0,15264.8,15847.6
A,CLV20_MEUR,P6_S2112,RS,,,,,,,,,,,,,,,,,,,,,,,,,,,,,,,,,,,,,,1437.6,1711.5,1753.6,1957.2,2353.5,2817.8,3391.0,3742.7,4044.9,4788.1,5509.0,6038.7,5878.6,5955.5
A,CLV20_MEUR,P6_S2112,SE,,,,,,,,,,,,,,,,,,,,,,,,,,,,,,,,,,,,,,,18147.1,19040.5,20186.2,21371.3,21950.9,22891.1,24049.2,24087.1,28466.1,30167.5,30000.8,30159.1,32651.3
A,CLV20_MEUR,P6_S2112,SI,,,,,,,,,,,,,,,,,,,,,,,,,,,,,,,,,,4606.0,2580.7,3042.6,3282.7,3221.9,3353.8,3612.1,3820.5,4114.3,4502.4,4818.2,5014.7,4749.9,5473.4,5805.2,5832.3,6213.3,6421.9
A,CLV20_MEUR,P6_S2112,SK,,,,,,,,,,,,,,,,,,,,,6533.7,5835.7,5815.5,5035.7,5130.2,5619.2,6179.9,6327.8,6627.0,8700.0,10776.6,13405.2,15144.7,16358.5,13925.7,16892.6,19390.0,21189.7,21730.2,21725.3,22986.7,23504.7,24686.7,25563.2,25893.9,24207.6,29242.9,31645.5,30038.0,31492.6,30847.3
A,CLV20_MEUR,P6_S2112,TR,,,,,,,,,,,,,,,,,,,,,,,,,,,,,,,,,,,11807.3,12139.0,14084.3,16171.9,16727.7,18968.7,21778.8,23376.1,24607.3,28187.3,29413.4,14893.3,18525.8,20482.3,20224.4,20699.1,21543.4
A,CLV20_MEUR,P6_S212,BE,,,,,,,,,,,,,,,,,,,,,1847.6,1835.1,1843.5,1752.9,1568.2,1608.3,1842.1,2178.8,1535.4,1944.8,2201.0,2681.7,2957.4,2765.5,2905.0,2660.7,2800.5,2941.7,3035.8,2904.4,3181.3,3675.7,3815.0,3965.8,4308.3,4161.0,3295.9,3414.4,3125.7,3494.0,
A,CLV20_MEUR,P6_S212,CY,,,,,,,,,,,,,,,,,,,,,,,,,,,,,,,,,,25.0,25.6,24.9,19.6,19.6,26.1,21.2,22.1,19.8,27.5,38.7,30.3,31.8,16.2,22.2,34.8,35.4,37.8
A,CLV20_MEUR,P6_S212,EE,,,,,,,,,,,,,,,,,,,,,,,,,,,,,,,,,,0.1,0.1,0.1,0.1,0.1,0.1,0.1,2.4,4.4,6.8,10.2,5.7,13.0,20.9,18.2,14.9,14.2,15.7
A,CLV20_MEUR,P6_S212,IE,,,,,,,,,,,,,,,,,,,,,6.2,6.9,8.1,10.0,11.5,14.0,19.4,15.9,14.4,19.2,25.4,26.2,29.0,25.9,23.6,23.7,25.2,24.1,26.4,29.1,33.3,31.9,38.6,31.9,33.4,26.1,50.6,60.0,0.2,49.5,0.2
A,CLV20_MEUR,P6_S212,IT,,,,,,,,,,,,,,,,,,,,,,,,,,,,,,,,,,790.8,651.2,752.1,651.9,568.3,514.4,511.4,632.0,581.7,503.9,490.1,480.8,410.0,549.8,883.0,725.3,758.1,780.8
A,CLV20_MEUR,P6_S212,LT,,,,,,,,,,,,,,,,,,,,,,,,,,,,,,6.5,15.2,16.3,18.2,23.3,16.8,14.3,15.8,17.4,19.0,23.4,31.2,24.2,21.3,23.8,26.2,25.7,29.4,39.1,34.0,25.8,30.6
A,CLV20_MEUR,P6_S212,LU,,,,,,,,,,,,,,,,,,,,,674.0,780.2,768.2,785.1,596.7,613.7,676.1,723.9,816.1,802.4,727.3,762.7,925.1,933.0,959.9,819.3,807.5,792.8,722.2,764.6,757.4,871.5,860.6,929.0,928.4,1094.6,1207.6,1222.1,1182.4,951.6,960.2
A,CLV20_MEUR,P6_S212,LV,,,,,,,,,,,,,,,,,,,,,,,,,,0.3,1.9,0.6,0.6,6.5,12.2,12.3,14.6,12.1,6.9,7.9,9.3,9.5,8.2,11.3,12.6,13.0,11.1,11.9,10.5,9.7,17.1,18.9,12.1,13.2,15.1
A,CLV20_MEUR,P6_S212,NL,,,,,,,,,,,,,,,,,,,,,115.4,123.2,137.9,146.7,161.4,171.2,177.0,179.0,179.0,182.9,190.7,199.5,212.3,223.0,215.2,226.0,243.6,255.3,272.9,306.2,360.0,344.3,375.6,410.8,435.3,403.0,411.8,460.7,464.6,476.4,479.3
A,CLV20_MEUR,P6_S212,RO,,,,,,,,,,,,,,,,,,,,,,,,,,,,,,,,,0.0,0.0,0.0,0.0,0.0,0.0,1.4,1.2,0.5,0.3,1.3,2.0,2.8,1.9,1.6,3.8,2.9,3.4,3.2
A,CLV20_MEUR,P6_S212,SE,,,,,,,,,,,,,,,,,,,114.2,117.3,116.3,119.1,137.2,152.0,142.7,152.1,120.1,106.8,169.9,176.9,283.7,225.6,321.9,291.2,269.0,355.2,278.7,275.8,310.7,329.1,360.9,135.9,308.2,289.5,307.5,258.4,455.1,488.8,364.7,395.7,348.6
A,CLV20_MEUR,P6_S212,SI,,,,,,,,,,,,,,,,,,,,,,,,,,,,,,,,,,1.1,0.8,0.8,0.4,1.3,0.6,0.5,0.4,1.4,1.6,3.6,4.7,7.4,0.1,0.5,1.7,3.5,6.5
A,CLV20_MEUR,P6_S22,AT,,,,,,,,,,,,,,,,,,,,,,,,,,,,,,,,,,,,,,56422.5,57208.8,52035.3,54317.5,54912.9,52813.0,57272.7,61738.1,56658.4,54582.9,70079.8,81405.4,74462.2,77311.3
A,CLV20_MEUR,P6_S22,BE,,,,,,,,,,,,,,,,,,,,,53119.4,55701.1,60947.1,63558.7,66758.3,75000.5,75534.7,77832.0,78923.2,83589.3,88229.0,93109.8,98391.9,99141.5,89205.0,105671.3,114263.5,115589.8,116728.4,124463.2,127695.7,136698.6,143413.7,142829.3,145231.1,135866.7,162049.5,176762.1,162657.5,154402.9,143904.9
A,CLV20_MEUR,P6_S22,BG,,,,,,,,,,,,,,,,,,,,,,,,,,,,,,,,,,,,,,,,21200.7,19651.7,18876.7,18826.7,15818.5,14955.2,12690.8,14412.1,16301.7,16883.3,16954.3,16613.1
A,CLV20_MEUR,P6_S22,CY,,,,,,,,,,,,,,,,,,,,,,,,,,,,,,,,,,6306.0,6225.0,6584.6,7083.5,7377.3,7441.5,7646.3,8587.1,9317.7,10154.1,10861.9,10702.9,10866.9,13704.8,17499.5,17742.5,18489.8,19354.2
A,CLV20_MEUR,P6_S22,CZ,,,,,,,,,,,,,,,,,,,,,,,,,,,,,,,,,,,,22798.9,25102.9,30035.6,30094.9,31244.8,33450.4,35061.7,37835.6,39477.5,40136.6,36196.1,38978.6,39729.4,41658.7,45948.4,48273.3
A,CLV20_MEUR,P6_S22,DE,,,,,,,,,,,,,,,,,,,,,,,,,,,,,,,,,,,,,,661589.4,665684.5,689491.1,723570.1,722529.0,746266.2,753484.6,759523.0,694072.0,760772.3,794226.6,782635.6,756885.5,727109.8
A,CLV20_MEUR,P6_S22,DK,,,,,,,,,,,,,,,,,,,,,,,,,,,,,,,54735.9,61763.9,64699.9,68763.5,64348.8,67683.7,74668.1,78833.5,77830.7,80681.0,84114.0,86108.5,91652.7,96847.5,102056.6,95697.3,103047.8,109726.7,113755.4,128247.5,130941.1
A,CLV20_MEUR,P6_S22,EE,,,,,,,,,,,,,,,,,,,,,,,,,,,,,,,,,,3415.0,2602.7,3358.7,4565.3,5156.3,4482.2,4642.2,4154.8,4573.7,4779.9,4808.5,5395.8,6105.0,7433.8,7385.3,6149.4,6456.2,6484.1
A,CLV20_MEUR,P6_S22,EL,,,,,,,,,,,,,,,,,,,,,,,,,,,,,,,,,,,,,25634.3,27462.2,26816.9,28561.8,30150.0,29098.7,32699.1,35383.4,36770.8,27813.2,33280.9,33163.1,33796.8,35693.0,34912.7
A,CLV20_MEUR,P6_S22,ES,,,,,,,,,,,,,,,,,,,,,,,,,,,,,,,,,,,,,,146528.0,152945.0,158830.0,164885.0,171474.0,178781.0,181401.0,185469.0,140094.0,152764.0,179190.0,183300.0,190118.0,197427.0
A,CLV20_MEUR,P6_S22,FI,,,,,,,,,,,,,,,,,,,,,,,,,,,,,,,,,,45950.6,37857.9,40930.3,40357.9,40709.6,39874.3,39638.5,38560.2,39194.1,42157.7,42907.4,44575.1,42200.0,43413.3,44282.9,42338.1,43352.8,45027.6
A,CLV20_MEUR,P6_S22,FR,,,,,,,,,,,,,,,,,,,,,,,,,,,,,,,,,,287576.4,263079.4,287014.8,305436.7,324165.3,329031.2,340342.9,359720.6,362501.9,384264.1,394656.3,403558.2,321788.5,358218.7,399355.4,406603.8,423166.0,426483.0
A,CLV20_MEUR,P6_S22,HR,,,,,,,,,,,,,,,,,,,,,,,,,,,,,,,,,,,,,,5936.4,5794.1,6081.2,6432.8,6865.7,7678.9,7729.2,8401.2,6081.2,7897.1,10208.4,10582.8,11562.8,11705.7
A,CLV20_MEUR,P6_S22,HU,,,,,,,,,,,,,,,,,,,,,,,,,,,,,,,,,,20005.6,17905.2,20765.0,21238.1,20302.2,22531.9,22228.8,26525.1,24973.1,25663.0,26821.5,27920.5,25858.0,29638.0,31669.7,32644.7,35131.1,31781.4
A,CLV20_MEUR,P6_S22,IE,,,,,,,,,,,,,,,,,,,,,,,,,,,,,,,,,,,,,,112422.7,131429.2,154804.7,236514.8,252832.0,290179.3,287454.9,329465.8,369622.4,401941.7,441318.3,429987.7,475340.0,539058.1
A,CLV20_MEUR,P6_S22,IT,,,,,,,,,,,,,,,,,,,,,,,,,,,,,,,,,,219675.2,185559.9,211548.7,226787.4,242515.7,247355.5,249802.5,257485.3,259242.5,271482.8,273378.6,275839.5,232903.2,260594.7,287560.6,279668.8,282238.6,275057.9
A,CLV20_MEUR,P6_S22,LT,,,,,,,,,,,,,,,,,,,,,,,,,,,,,,5174.1,6182.0,7091.8,6920.6,8291.5,6428.6,8156.3,9164.9,10759.0,11893.7,10853.1,9654.5,10284.4,11847.7,12287.7,13446.7,13080.1,14886.5,15168.7,14534.8,14205.6,14108.2
A,CLV20_MEUR,P6_S22,LU,,,,,,,,,,,,,,,,,,,,,8343.2,9023.1,10916.3,13113.5,14941.2,17531.2,18846.6,17173.8,17352.4,19121.2,21883.7,26380.7,28365.1,28033.2,25718.7,33745.3,35821.8,33821.2,36590.4,40138.2,43335.0,44055.3,45715.2,46401.0,49532.5,50024.9,55789.1,55346.4,54542.9,47116.3,47450.8
A,CLV20_MEUR,P6_S22,LV,,,,,,,,,,,,,,,,,,,,,,,,,,3222.4,3246.9,3225.3,3237.5,3475.0,3955.9,4149.5,4685.5,4860.1,4205.4,4910.3,5388.0,6120.8,6072.7,6109.4,6152.8,6227.7,6874.8,6873.5,6336.6,6363.9,6511.5,7374.1,6654.8,6546.9,6133.4
A,CLV20_MEUR,P6_S22,ME,,,,,,,,,,,,,,,,,,,,,,,,,,,,,,,,622.3,826.9,958.7,906.6,909.2,1069.4,1172.0,1238.8,1196.0,1284.2,1300.7,1322.2,1317.9,1416.2,687.1,1374.3,1500.9,1652.5,1631.4,1571.5
A,CLV20_MEUR,P6_S22,MT,,,,,,,,,,,,,,,,,,,,,,,,,,2240.6,1969.2,2120.4,2010.6,2016.9,2056.1,2530.8,2697.4,2877.1,2526.0,2973.8,3257.8,3491.1,3564.3,3790.3,4734.0,5028.9,5950.8,6573.4,6981.7,6692.3,7301.8,8954.2,8306.9,8973.9,8981.9
A,CLV20_MEUR,P6_S22,NL,,,,,,,,,,,,,,,,,,,,,74483.0,78269.0,88299.0,93621.0,102071.5,117127.6,118714.6,123712.0,126769.0,131876.8,142158.1,151482.3,159325.2,159806.6,148533.8,171411.5,178213.8,192782.1,198821.0,210866.5,237675.0,236382.0,250497.7,254555.5,266156.7,269095.0,275938.1,281081.1,276224.7,283048.3,286144.3
A,CLV20_MEUR,P6_S22,PL,,,,,,,,,,,,,,,,,,,,,,,,,,,,,,,,,,42191.1,38221.5,44197.4,49689.6,55275.3,59665.8,59178.0,60594.6,66436.6,73001.4,76142.9,81162.7,78994.1,85109.2,84670.3,97800.4,100533.6,104115.9
A,CLV20_MEUR,P6_S22,PT,,,,,,,,,,,,,,,,,,,,,,,,,,,,,,,,,,19211.5,17834.3,19092.2,20887.9,23328.6,25689.0,26682.8,27771.5,28035.3,30912.4,30513.5,31693.0,23878.9,26624.4,33527.3,36045.5,36300.8,35777.2
A,CLV20_MEUR,P6_S22,RO,,,,,,,,,,,,,,,,,,,,,,,,,,,,,,,,,9812.2,11273.8,9620.5,12122.8,13825.0,13979.5,16749.4,17468.9,16633.6,18500.2,19148.8,19133.9,20019.2,21839.1,25605.5,29606.8,28972.1,27597.1,28954.0
A,CLV20_MEUR,P6_S22,RS,,,,,,,,,,,,,,,,,,,,,,,,,,,,,,,,,,,,,,5306.4,6255.3,6317.2,7029.3,7724.6,8505.1,9053.8,9425.2,8799.8,10983.0,13073.2,13517.2,14501.6,15518.9
A,CLV20_MEUR,P6_S22,SE,,,,,,,,,,,,,,,,,,,,,,,,,,,,,,,,,,,,,,,84523.7,87953.4,93823.4,94323.2,97630.7,102516.8,112907.5,106905.8,116596.5,123352.2,122952.8,126261.1,132497.9
A,CLV20_MEUR,P6_S22,SI,,,,,,,,,,,,,,,,,,,,,,,,,,,,,,,,,,8300.6,5764.3,6259.7,6571.2,7030.4,7214.5,7277.6,7612.7,8200.2,8818.6,9045.0,9451.0,8975.2,10016.8,10712.6,10975.8,11562.1,11377.6
A,CLV20_MEUR,P6_S22,SK,,,,,,,,,,,,,,,,,,,,,2335.4,2312.6,2555.7,1935.1,2043.8,2192.3,2387.4,2761.1,4171.2,5075.5,5598.3,7381.1,9033.7,9977.3,8078.0,9788.0,10642.9,12483.4,14267.0,14293.7,14846.1,15666.0,15729.7,16485.8,16525.9,15463.6,15636.1,15323.4,18123.7,16348.0,21180.8
A,CLV20_MEUR,P6_S22,TR,,,,,,,,,,,,,,,,,,,,,,,,,,,,,,,,,,,60349.5,62015.2,71043.6,82505.3,88091.4,92859.7,96675.3,90411.5,104630.6,109207.3,116581.3,108954.8,136067.7,152090.3,147765.8,146188.6,143030.8
A,CLV20_MEUR,P7,AL,,,,,,,,,,,,,,,,,,,,,857.2,1255.2,1146.1,1308.3,1510.1,2258.2,2601.9,2857.3,3003.8,3250.6,3777.1,4105.9,4997.6,5247.8,5278.2,5247.9,5551.8,5167.1,5133.8,5377.9,5234.0,5546.7,5913.9,6015.9,6168.5,4947.7,6553.7,7308.5,7321.9,7760.2,
A,CLV20_MEUR,P7,AT,,,,,,,,,,,,,,,,,,,,,80110.4,83451.7,89518.8,94673.0,98520.3,108555.9,114192.4,114524.5,118541.4,127995.2,134977.4,142879.8,150931.0,152371.3,134240.3,150319.2,159268.5,160739.2,161974.9,166830.4,172900.8,179346.1,188776.9,198413.0,203079.5,183637.0,209603.3,224131.1,214386.9,208852.4,212441.9
A,CLV20_MEUR,P7,BA,,,,,,,,,,,,,,,,,,,,,,,,,,4582.2,4900.8,5039.7,5354.0,5704.0,6298.9,6280.0,7383.8,8131.9,6965.5,7138.2,7346.4,7391.6,7387.4,7947.0,8088.7,8670.6,9334.0,9702.5,9830.0,8510.4,10263.3,10902.5,10765.8,11272.9,
A,CLV20_MEUR,P7,BE,,,,,,,,,,,,,,,,,,,,,155916.1,164575.9,178075.0,187082.3,193393.1,218564.2,216913.0,219203.5,222402.7,236428.9,251623.3,264561.4,279322.1,289950.3,259190.3,284143.8,300383.6,298505.1,298394.8,314571.3,327785.6,353265.5,372213.2,380916.2,386575.8,360581.4,406849.2,421000.6,388856.8,383847.8,383107.7
A,CLV20_MEUR,P7,BG,,,,,,,,,,,,,,,,,,,,,8928.2,8808.1,8768.8,8572.4,9984.6,9020.5,10153.6,10792.3,12427.5,15688.9,17939.9,20795.1,25498.2,26738.4,20987.4,20924.1,22936.1,24169.8,25217.7,26524.8,27779.6,29176.3,31306.7,33061.3,34837.7,33370.3,36938.6,42606.2,40282.5,41865.7,44327.5
A,CLV20_MEUR,P7,CH,,,,,,,,,,,,,,,,,,,,,165288.7,172436.2,192417.9,204001.6,213433.8,231623.3,235431.6,230163.9,230912.5,242338.8,266546.4,275031.5,290956.3,303519.3,295641.8,319235.4,349270.6,341649.6,382104.8,356815.6,373795.2,393355.7,391227.2,393390.5,394750.4,383824.6,403438.4,428418.4,428576.7,431129.5,472951.5
A,CLV20_MEUR,P7,CY,,,,,,,,,,,,,,,,,,,,,7308.1,7737.7,7818.3,7899.2,8128.9,8890.6,8917.1,8828.2,8784.2,9434.5,9529.0,10072.4,11040.3,12473.7,10562.2,11702.5,11399.2,10985.0,10484.6,11293.9,12204.4,13444.9,15364.4,16028.8,17554.3,18127.4,21678.6,28169.3,28491.8,29903.0,31129.2
A,CLV20_MEUR,P7,CZ,,,,,,,,,,,,,,,,,,,,,27315.4,30529.5,32314.9,34110.2,35878.7,41028.9,45686.6,47964.7,52505.5,65938.2,74168.9,82685.5,93333.1,96299.2,85632.9,98317.3,104919.7,107687.2,107754.6,118550.4,126330.6,129574.7,137389.6,144962.4,146833.7,134432.4,152828.0,161918.5,159973.6,160834.1,168892.5
A,CLV20_MEUR,P7,DE,,,,,,,,,,,,,,,,,404885.5,416320.3,382365.9,412936.5,439773.3,457158.9,499281.0,545953.7,593793.2,656684.6,661351.9,640815.9,672436.6,718642.6,761581.5,842675.2,892848.4,907783.6,816421.9,918285.0,979542.9,975459.0,992844.6,1027265.7,1081989.4,1122478.0,1168917.3,1227608.2,1270197.0,1166817.0,1275681.0,1372176.8,1352924.3,1345340.0,1393646.2
A,CLV20_MEUR,P7,DK,,,,,,,,,,,,,,,,,,,,,54139.6,55835.0,60995.2,65619.3,67290.9,76516.4,78353.0,83345.6,82485.2,88385.6,98912.6,112702.7,119247.2,124661.2,109478.0,110917.9,119858.2,123274.7,125072.4,130159.8,135448.2,141253.5,147359.0,155766.2,160522.3,154175.6,168902.1,178999.0,183443.5,191042.5,190373.8
A,CLV20_MEUR,P7,EA,,,,,,,,,,,,,,,,,,,,,1706153.2,1772284.5,1945228.3,2145355.7,2313194.4,2590203.5,2709656.0,2716901.5,2789269.7,2970270.6,3146085.9,3400032.1,3644841.4,3665274.7,3308121.2,3622426.9,3782648.3,3732477.6,3789173.6,3980578.4,4322057.2,4503265.9,4740508.6,4924538.5,5168323.1,4748548.8,5173905.0,5601481.0,5525929.2,5517767.3,5717676.5
A,CLV20_MEUR,P7,EA12,,,,,,,,,,,,,,,,,,,,,1736341.8,1805348.0,1981888.1,2188114.7,2362619.5,2648861.3,2709656.0,2716901.5,2789269.7,2970270.6,3146085.9,3400032.1,3618717.2,3618550.0,3221625.6,3523935.0,3664782.2,3612727.6,3666217.4,3837984.5,4143294.0,4314807.4,4538243.7,4709447.1,4943706.0,4534359.1,4927384.5,5330233.4,5234317.0,5216321.5,5402980.3
A,CLV20_MEUR,P7,EA19,,,,,,,,,,,,,,,,,,,,,1791680.4,1865334.5,2048378.3,2258880.2,2434255.7,2725704.1,2791899.1,2803254.1,2881108.1,3075466.8,3263275.1,3534545.6,3768546.1,3773075.8,3343223.5,3663325.3,3817453.3,3769155.9,3827240.4,4003874.3,4322057.2,4503265.9,4740508.6,4924538.5,5168323.1,4748548.8,5173905.0,5601481.0,5491082.1,5479990.5,5678851.1
A,CLV20_MEUR,P7,EA20,,,,,,,,,,,,,,,,,,,,,1800918.2,1875394.5,2061036.4,2270507.2,2445687.4,2738029.7,2805533.7,2819154.6,2898788.0,3094095.0,3282886.0,3555772.5,3791067.5,3796429.8,3361860.4,3681375.4,3835966.8,3787239.6,3845904.2,4023186.8,4343151.7,4525723.0,4764874.2,4950706.6,5196231.1,4773029.1,5202613.3,5637821.7,5525929.2,5517767.3,5717676.5
A,CLV20_MEUR,P7,EA21,,,,,,,,,,,,,,,,,,,,,1809602.1,1884219.1,2070282.6,2280144.9,2456573.6,2748616.4,2817070.8,2831212.1,2912226.4,3110362.4,3301193.8,3576771.9,3816489.1,3823049.3,3382666.0,3702134.8,3858743.6,3811311.2,3871064.3,4049658.8,4370833.8,4554807.0,4796090.9,4983700.6,5231004.5,4806399.5,5239551.9,5680585.0,5566223.5,5559800.5,5762262.1
A,CLV20_MEUR,P7,EE,,,,,,,,,,,,,,,,,,,,,3689.9,3979.7,5149.8,5818.9,5485.5,5191.9,5833.9,6609.0,7534.4,8750.2,10211.4,12325.5,13925.5,13068.0,9068.5,10996.2,13985.8,15340.8,15716.1,16126.7,15781.9,16738.1,17327.3,18451.1,19128.7,19289.2,23829.8,25034.5,23203.6,23290.3,24465.6
A,CLV20_MEUR,P7,EL,,,,,,,,,,,,,,,,,,,,,28507.2,31445.9,34906.3,40941.2,47610.2,56682.8,57487.4,54072.1,57517.4,61540.3,61627.7,67657.7,76399.2,78865.5,63381.2,60677.6,54742.0,51735.3,49868.0,53277.6,57634.3,58862.0,63070.0,68274.1,70199.3,65077.9,76384.1,84744.4,84785.1,88832.9,87687.7
A,CLV20_MEUR,P7,ES,,,,,,,,,,,,,,,,,,,,,144535.0,155096.0,175089.0,199676.0,227005.0,248736.0,257823.0,267305.0,283428.0,310831.0,332467.0,359772.0,389413.0,367965.0,300619.0,319252.0,317363.0,298751.0,297918.0,318184.0,334386.0,343233.0,366215.0,380455.0,385471.0,327078.0,376078.0,405155.0,405022.0,416961.0,442968.0
A,CLV20_MEUR,P7,EU27_2020,,,,,,,,,,,,,,,,,,,,,2022424.2,2114004.1,2330060.5,2571074.7,2759697.2,3093713.8,3167758.0,3195444.8,3298037.4,3542794.2,3774969.2,4117319.7,4429941.3,4473208.3,3944061.9,4324951.5,4522891.2,4477727.3,4551226.8,4784475.0,5147934.0,5379783.0,5679489.6,5922485.1,6204726.3,5733382.9,6287433.6,6810806.4,6701739.0,6723285.3,6969819.1
A,CLV20_MEUR,P7,FI,,,,,,19411.5,18521.1,18929.9,19707.7,19889.2,21154.5,21900.4,23826.9,26417.5,28792.7,28685.0,24863.9,25037.4,25378.5,28630.2,30974.5,33215.1,37160.8,40308.8,42036.9,48284.0,48952.1,51053.1,53150.1,57467.8,63894.4,68104.4,73132.0,78957.4,65536.7,69664.9,73991.5,74824.2,74919.9,74245.8,75831.3,80122.0,83596.1,88471.2,90572.2,85029.0,90977.0,99399.9,92604.4,91887.4,93464.9
A,CLV20_MEUR,P7,FR,112166.6,132603.0,134924.6,140680.5,152430.7,160462.9,158579.1,164306.0,159840.0,164818.0,172637.6,184235.0,199131.9,216626.9,234193.7,245773.1,253478.4,257914.7,249199.7,271047.7,290127.0,296791.6,319866.6,358762.5,382820.9,439274.7,449362.2,459870.9,462984.1,490784.4,521461.0,551547.1,581735.1,589091.0,536488.6,582638.2,616838.5,618880.0,635874.1,662990.1,701572.2,728235.9,760669.8,784711.4,799904.4,702012.7,760024.6,828780.7,826567.1,816567.0,840032.8
A,CLV20_MEUR,P7,HR,,,,,,,,,,,,,,,,,,,,,9111.1,10028.3,12942.1,11549.2,11182.0,11978.2,13408.2,15839.8,17684.3,18618.9,19591.9,21205.6,22492.9,23356.5,18597.5,18037.7,18495.0,18058.1,18651.3,19291.4,21080.5,22453.0,24367.6,26174.6,27919.8,24480.3,28708.4,36397.6,34874.8,37799.2,38850.8
A,CLV20_MEUR,P7,HU,,,,,,,,,,,,,,,,,,,,,14479.7,15488.9,19210.2,23548.3,26653.9,32824.1,34729.5,37741.0,41321.4,48802.3,52692.8,60642.5,69151.0,73214.0,62815.7,68964.7,71771.4,69551.7,72439.6,80327.0,84882.5,87807.7,95200.2,101848.8,110186.5,106215.5,114403.9,126808.1,122521.8,120810.8,122274.7
A,CLV20_MEUR,P7,IE,,,,,,,,,,,,,,,,,,,,,45490.1,51332.7,59876.5,76507.7,86159.9,104845.0,118581.0,124911.4,121891.7,124212.5,140016.3,153040.2,167351.4,162689.1,159919.1,160828.1,165077.6,163402.2,177375.7,202892.0,269232.9,316322.3,329641.9,322924.1,453278.1,454137.1,412288.2,474007.8,484573.3,497589.7,544756.7
A,CLV20_MEUR,P7,IS,,,,,,,,,,,,,,,,,,,,,3129.0,3585.8,3832.5,4673.5,4830.2,5207.1,4687.6,4559.6,5027.2,5762.3,7365.8,8089.1,7906.1,6300.1,4997.9,5113.3,5460.5,5694.2,5694.4,6265.2,7078.4,8128.6,9136.5,9189.9,8351.5,6662.5,8012.5,9825.0,9634.7,10036.2,10753.9
A,CLV20_MEUR,P7,IT,,,,,,,,,,,,,,,,,,,,,265484.3,262215.8,289758.9,316355.5,330576.0,366600.3,375307.1,377666.0,380477.6,397599.7,411541.3,444836.0,468642.1,449356.0,389211.2,435849.6,436515.1,400892.8,390087.4,404182.5,429741.3,446613.1,472589.7,486592.6,481116.7,421070.6,488236.9,551125.6,540794.3,535241.1,554719.9
A,CLV20_MEUR,P7,LT,,,,,,,,,,,,,,,,,,,,,4439.1,5744.3,7416.9,7893.0,6747.9,7179.2,8594.8,10324.7,11315.6,13403.4,16038.4,18332.2,20284.2,22479.0,16037.9,18734.0,21397.5,22503.7,23811.5,23380.3,25602.0,26637.4,29619.9,31379.4,33292.4,31848.6,37955.4,42888.3,40627.7,41620.3,45135.4
A,CLV20_MEUR,P7,LU,,,,,,,,,,,,,,,,,,,,,23819.0,25680.0,29794.2,34975.1,39579.4,46259.8,49419.4,48683.6,50457.4,55046.6,58430.7,65145.4,66815.4,68272.4,62077.7,70925.8,75710.3,77043.1,81842.5,88583.1,93639.1,97152.5,97884.5,101269.0,108809.9,110386.9,125172.1,128183.1,129339.3,111747.2,113757.1
A,CLV20_MEUR,P7,LV,,,,,,,,,,,,,,,,,,,,,3944.5,4998.8,5225.5,6101.7,5784.1,5943.4,6868.6,7054.1,7885.4,9512.4,11127.1,13548.9,15909.4,14123.7,9760.4,11003.7,13487.8,14191.7,14173.6,14598.7,14746.6,15364.5,16680.2,17735.9,18095.5,17892.3,20601.2,22643.3,21501.4,21120.6,22328.4
A,CLV20_MEUR,P7,ME,,,,,,,,,,,,,,,,,,,,,,,,,,,,,,,,1831.9,2634.3,3092.1,2233.5,2153.1,2165.8,2141.6,2130.8,2169.4,2270.8,2678.2,2904.1,3172.3,3258.4,2553.6,2963.3,3653.2,3952.4,4179.4,4284.3
A,CLV20_MEUR,P7,MK,,,,,,,,,,,,,,,,,,,,,,,,,,2555.0,2307.5,2504.2,2356.1,2859.4,3135.8,3430.6,3944.5,4146.8,3638.4,4015.6,4336.2,4693.5,4795.2,5473.6,6017.9,6687.5,7037.8,7793.2,8578.9,7647.2,8778.7,9972.6,8956.1,8834.6,9424.3
A,CLV20_MEUR,P7,MT,,,,,,,,,,,,,,,,,,,,,,,,,,5535.4,4691.7,4711.9,4859.5,5011.6,5312.8,6098.5,6496.8,6867.8,5979.0,6874.8,7329.7,7925.2,7723.6,7887.6,10414.9,11113.9,12132.2,14120.7,15611.4,16144.3,16663.6,19800.4,19418.5,20430.5,21326.6
A,CLV20_MEUR,P7,NL,,,,,,,,,,,,,,,,,,,,,187775.0,197686.9,219109.9,237390.5,260843.3,290447.1,297669.9,298629.8,305109.5,324796.0,342501.4,368536.7,397166.2,394454.6,363440.4,394127.8,412399.3,424330.3,436584.4,453836.6,523739.0,511946.2,550946.3,581338.4,604643.2,579621.0,617506.0,644391.8,619147.6,619696.6,634666.9
A,CLV20_MEUR,P7,NO,30034.8,34044.3,34755.4,29469.4,29628.1,30420.3,30892.8,32615.0,31605.5,33310.2,36309.1,40655.8,38006.5,36990.1,37781.4,38681.3,38823.7,39472.1,41428.1,43646.7,46066.8,50113.6,56352.5,61548.9,60573.4,62262.7,63521.0,63755.0,64231.2,70021.8,75484.5,82139.9,90000.8,94031.0,84521.9,91348.6,94967.8,98140.1,103255.7,105568.5,107649.7,109488.9,111489.6,113078.4,119296.2,107481.9,109359.0,124329.5,122843.3,129007.4,132335.5
A,CLV20_MEUR,P7,PL,,,,,,,,,,,,,,,,,,,,,40378.8,51461.9,62364.8,73959.3,74795.0,86344.8,81837.7,84055.6,91898.9,99427.9,105955.2,125128.7,144841.1,158357.2,138269.4,158607.9,167139.5,165621.2,168537.5,184046.8,194357.0,209389.8,229984.7,247343.5,255311.5,249029.3,289647.1,309343.0,304725.4,318336.3,336239.7
A,CLV20_MEUR,P7,PT,,,,,,,,,,,,,,,,,,,,,34405.4,36442.5,40198.4,46089.2,50247.4,53033.1,53574.0,53434.6,53308.2,57262.6,58521.5,62960.0,66494.6,67990.0,61528.3,66320.8,62211.7,58293.9,61038.0,65925.9,71243.3,74962.5,80980.9,84954.5,89255.7,78910.6,88584.1,98563.6,100866.5,105598.1,110130.1
A,CLV20_MEUR,P7,RO,,,,,,,,,,,,,,,,,,,,,8848.2,9647.1,10658.8,11889.7,11380.8,10452.8,12908.9,14286.4,16921.1,21141.4,25315.4,32069.4,45312.7,50386.9,39902.4,45119.7,49493.3,48514.1,52800.5,57467.9,62357.2,72701.2,81037.8,88217.4,95991.0,90992.8,104246.7,113891.0,112165.6,116706.3,122258.0
A,CLV20_MEUR,P7,RS,,,,,,,,,,,,,,,,,,,,,2387.7,3949.5,5248.3,4782.1,3126.8,3899.1,6662.3,8437.0,9820.4,12824.0,12074.7,14170.1,16503.7,18184.7,14172.8,14563.0,15836.6,16069.4,17222.5,18094.0,19333.4,20564.8,22680.4,25199.8,27681.1,26580.6,31278.6,36301.0,35791.3,38653.6,41754.2
A,CLV20_MEUR,P7,SE,,,,,,,,,,,,,,,,,,,57397.6,64781.2,69472.5,71953.9,80893.6,89768.9,94776.6,106677.6,105217.7,104215.1,107603.3,115019.8,122885.5,132924.1,144707.8,148804.5,127941.5,143520.1,153149.9,153993.9,155341.4,165442.8,175025.0,184879.3,192999.9,201071.0,205060.7,192137.9,217853.8,239206.3,237772.6,243603.5,254176.1
A,CLV20_MEUR,P7,SI,,,,,,,,,,,,,,,,,,,,,9592.3,9822.2,10970.5,12074.0,13089.3,13955.8,14461.5,15275.0,16262.4,18534.0,19893.8,22358.4,26172.1,27242.6,22233.9,23779.7,24975.1,24182.2,24610.5,25586.6,26935.7,28720.8,31785.8,34038.3,35627.6,32379.3,38137.0,41666.5,39777.8,41482.8,42360.1
A,CLV20_MEUR,P7,SK,,,,,,,,,,,,,,,,,,,,,17492.6,20382.5,22359.1,21944.8,21110.6,22424.2,26655.9,28117.9,30397.0,37257.7,43006.3,51206.8,56143.5,58466.2,47497.1,55856.9,59872.3,61195.7,64269.5,66893.8,73007.0,76399.6,79296.2,83282.9,85245.6,78508.5,87655.0,91273.3,84264.6,86456.2,89666.0
A,CLV20_MEUR,P7,TR,,,,,,,,,,,,,,,,,,,,,45751.9,54931.2,66452.2,67864.1,65670.1,79899.9,60604.0,73549.4,90717.6,109887.9,123286.3,132141.1,144958.3,140704.5,120477.6,143774.9,164646.2,165206.4,182513.8,182503.5,186397.5,191847.4,212349.3,199797.0,189097.2,202036.5,206352.6,223385.1,250303.2,239298.5,251106.2
A,CLV20_MEUR,P7,UA,,,,,,,,,,,,,,,,,,,,,,,,,,,,,,,,,,,,58455.0,67443.4,70005.1,67564.7,52629.1,43854.8,47933.7,54130.1,55636.5,58833.0,55095.5,62921.0,51962.0,56602.2,63700.4,
A,CLV20_MEUR,P7,XK,,,,,,,,,,,,,,,,,,,,,,,,,,,,,,,,,,2275.6,2338.2,2613.9,3013.7,2953.5,2891.2,3039.9,2952.6,3178.6,3352.1,3717.5,3884.9,3650.8,4798.3,5059.3,5296.9,5755.8,6263.1
A,CLV20_MEUR,P7_S21,AT,,,,,,,,,,,,,,,,,,,,,,,,,,,,,,,,,,,,,,110938.8,115112.8,122324.1,125634.5,132161.3,139284.2,142085.2,145606.7,131188.7,146837.1,154084.9,148591.3,146425.9,148652.1
A,CLV20_MEUR,P7_S21,BE,,,,,,,,,,,,,,,,,,,,,93071.2,98136.5,106176.6,111660.4,115802.0,130826.5,130112.3,131452.4,133189.4,141348.2,150273.9,157976.5,166788.4,184407.9,175660.9,191947.1,201309.8,202365.8,201017.2,214135.7,213106.4,232814.7,251359.2,255337.1,262291.3,247275.7,284187.3,276114.2,264270.2,267104.6,270439.7
A,CLV20_MEUR,P7_S21,BG,,,,,,,,,,,,,,,,,,,,,,,,,,,,,,,,,,,,,,,,15615.0,16934.1,18294.6,19159.6,20150.6,20902.9,20070.1,22256.8,23498.7,24134.8,24549.0,25606.2
A,CLV20_MEUR,P7_S21,CY,,,,,,,,,,,,,,,,,,,,,,,,,,,,,,,,,,6503.6,5568.9,5748.4,5388.4,5235.5,4967.3,5237.6,5413.2,6359.9,7154.1,7344.0,7712.2,7275.7,9707.5,12185.1,12493.9,13647.6,14213.3
A,CLV20_MEUR,P7_S21,CZ,,,,,,,,,,,,,,,,,,,,,,,,,,,,,,,,,,,,65039.5,69992.8,71410.5,72138.6,80957.5,82263.8,86517.7,90754.7,95856.0,97309.1,87795.7,98308.5,102019.2,103938.8,103957.6,107828.7
A,CLV20_MEUR,P7_S21,DE,,,,,,,,,,,,,,,,,,,,,,,,,,,,,,,,,,,,,,504313.0,522151.7,544759.7,557395.4,583038.4,604965.1,655445.9,679850.2,619397.0,677620.3,703077.5,714288.6,707661.1,733613.8
A,CLV20_MEUR,P7_S21,DK,,,,,,,,,,,,,,,,,,,,,,,,,,,,,,,57720.8,65519.3,69852.9,70352.3,60223.9,61013.1,64670.7,66539.5,68135.0,70332.1,73787.6,77900.1,80555.2,84584.9,87393.2,86800.1,94483.9,97202.4,101366.4,101876.9,106132.5
A,CLV20_MEUR,P7_S21,EE,,,,,,,,,,,,,,,,,,,,,,,,,,,,,,,,,,10347.0,7236.0,8751.9,11198.7,12035.5,12407.2,12750.6,12634.4,13688.6,14311.8,14885.7,15247.6,15203.0,18195.5,19584.0,18741.7,18557.3,19232.3
A,CLV20_MEUR,P7_S21,EL,,,,,,,,,,,,,,,,,,,,,,,,,,,,,,,,,,,,,29227.7,26278.9,24696.7,26936.4,25974.4,27168.5,29284.9,32292.1,33848.8,32478.8,38522.1,42448.7,44226.5,46402.8,49460.8
A,CLV20_MEUR,P7_S21,ES,,,,,,,,,,,,,,,,,,,,,,,,,,,,,,,,,,,,,,144035.0,146215.0,161457.0,175512.0,184948.0,193359.0,198666.0,201180.0,174933.0,196094.0,192718.0,208409.0,214293.0,230189.0
A,CLV20_MEUR,P7_S21,FI,,,,,,,,,,,,,,,,,,,,,,,,,,,,,,,,,,44971.5,39447.4,41369.8,43055.0,45051.2,42298.2,42350.0,45592.7,49148.4,50799.7,53171.8,54356.4,52423.0,55411.4,58520.4,56880.2,56664.8,57771.6
A,CLV20_MEUR,P7_S21,FR,,,,,,,,,,,,,,,,,,,,,,,,,,,,,,,,,,326469.5,290283.1,314932.2,330763.1,335308.0,345327.3,356544.7,375904.4,392848.1,408820.4,421885.7,424097.4,378758.0,410080.9,432071.8,436521.4,424902.6,431306.4
A,CLV20_MEUR,P7_S21,HR,,,,,,,,,,,,,,,,,,,,,,,,,,,,,,,,,,,,,,10853.0,13208.6,14152.3,15844.5,16878.7,18445.1,19517.7,21446.7,18900.7,21529.7,25507.3,26744.2,28723.4,29080.2
A,CLV20_MEUR,P7_S21,HU,,,,,,,,,,,,,,,,,,,,,,,,,,,,,,,,,,49669.6,42710.7,47065.1,50078.3,49743.5,52633.2,60430.3,63306.3,67086.3,71888.4,75971.4,79108.6,76040.4,82681.9,91130.7,86876.2,85020.0,86243.4
A,CLV20_MEUR,P7_S21,IE,,,,,,,,,,,,,,,,,,,,,,,,,,,,,,,,,,,,,,57311.1,60340.2,63619.8,71840.5,80208.5,86206.2,92568.7,100608.9,77867.5,90366.5,116400.6,116893.4,119440.2,127302.0
A,CLV20_MEUR,P7_S21,IT,,,,,,,,,,,,,,,,,,,,,,,,,,,,,,,,,,240971.7,210954.5,238112.8,241319.2,224951.3,222922.6,233171.9,249351.8,259199.6,276510.1,283385.4,283062.6,250247.8,298386.0,336114.2,332722.0,331142.5,359744.4
A,CLV20_MEUR,P7_S21,LT,,,,,,,,,,,,,,,,,,,,,,,,,,,,,,7929.5,8907.7,10754.7,13038.6,12270.1,8988.5,10079.3,11515.5,12226.6,13312.8,13594.9,15869.2,17507.2,19194.0,20091.4,21449.9,21973.6,25629.5,27431.7,28843.9,29398.4,31897.1
A,CLV20_MEUR,P7_S21,LU,,,,,,,,,,,,,,,,,,,,,17512.0,18833.8,20934.4,24319.0,26121.6,31079.4,33584.7,33232.9,35137.3,37563.6,38450.0,41326.8,42010.2,44477.0,40511.8,43133.0,44576.7,48405.6,50527.8,54474.7,57481.6,61030.8,60869.6,63229.9,67541.2,66412.1,74189.5,79268.4,80784.9,68906.3,70984.6
A,CLV20_MEUR,P7_S21,LV,,,,,,,,,,,,,,,,,,,,,,,,,,3769.7,4526.5,4707.2,5204.3,6313.2,7611.3,9655.9,11586.3,10166.7,6808.0,7606.1,9710.8,10413.1,10553.0,11087.6,10909.7,11337.7,12202.1,12949.7,13362.2,13449.4,15289.4,17546.8,17161.1,17000.3,18135.3
A,CLV20_MEUR,P7_S21,ME,,,,,,,,,,,,,,,,,,,,,,,,,,,,,,,,830.5,1152.7,1285.5,825.0,795.5,837.9,824.1,832.6,972.8,954.2,1249.6,1337.4,1495.3,1538.9,1138.5,1350.3,1651.8,1830.9,1913.0,1840.5
A,CLV20_MEUR,P7_S21,MT,,,,,,,,,,,,,,,,,,,,,,,,,,3005.5,2530.9,2544.5,2625.5,2702.0,2853.8,3281.4,3479.2,3668.8,3181.6,3670.6,3891.3,4230.8,4049.5,4208.1,5302.2,5955.8,6093.6,7430.2,8191.2,7894.1,8384.4,9849.4,10116.9,10685.3,11141.2
A,CLV20_MEUR,P7_S21,NL,,,,,,,,,,,,,,,,,,,,,107744.4,114495.9,124537.0,132131.9,140460.9,145062.4,147553.7,152795.5,155681.4,165387.4,169300.0,181500.0,202214.2,198606.9,184365.2,187102.1,194347.5,196502.9,207371.1,211933.8,242693.5,245146.9,268063.4,286643.9,305357.1,289714.0,304610.3,305798.6,312341.6,315742.2,325434.7
A,CLV20_MEUR,P7_S21,PL,,,,,,,,,,,,,,,,,,,,,,,,,,,,,,,,,,110322.8,96725.0,110037.8,114399.5,110704.3,114685.3,125565.8,134247.1,147281.8,159289.7,168343.0,172502.6,169874.0,194215.4,200946.4,208332.4,218483.9,231117.7
A,CLV20_MEUR,P7_S21,PT,,,,,,,,,,,,,,,,,,,,,,,,,,,,,,,,,,49408.4,44693.5,47959.8,45195.1,41870.2,43650.9,48463.7,51396.6,54506.2,59027.4,62660.1,65174.9,57833.4,65468.9,72854.4,75554.1,78933.3,83833.6
A,CLV20_MEUR,P7_S21,RO,,,,,,,,,,,,,,,,,,,,,,,,,,,,,,,,,31515.0,34597.4,28637.6,32602.7,36018.0,35795.2,40334.6,43675.4,48065.6,56216.9,62552.3,67547.8,73857.0,67222.7,76505.8,82627.8,83728.7,86403.4,90160.0
A,CLV20_MEUR,P7_S21,RS,,,,,,,,,,,,,,,,,,,,,,,,,,,,,,,,,,,,,,10159.3,10333.3,10261.9,10881.6,11987.9,13258.5,14267.9,15391.2,14833.4,16658.3,18308.4,18426.3,19885.5,20893.0
A,CLV20_MEUR,P7_S21,SE,,,,,,,,,,,,,,,,,,,,,,,,,,,,,,,,,,,,,,,94363.8,99204.8,105679.4,113969.3,120561.8,125005.1,127343.8,122021.6,136234.2,144214.9,146027.3,150455.7,157086.6
A,CLV20_MEUR,P7_S21,SI,,,,,,,,,,,,,,,,,,,,,,,,,,,,,,,,,,20389.9,17553.7,18519.2,19368.5,18790.0,18912.7,19694.8,21154.3,22630.7,24903.5,26451.7,27501.8,24863.7,29324.7,31079.0,30750.4,32006.8,32642.1
A,CLV20_MEUR,P7_S21,SK,,,,,,,,,,,,,,,,,,,,,11614.9,13164.0,15157.4,15778.4,15170.6,15006.4,18312.7,19621.1,21776.9,24721.7,26123.9,29393.7,31340.3,31323.1,24462.2,27430.2,29446.4,29391.5,32797.6,34973.3,39269.4,42098.9,44088.1,46706.7,50140.7,44928.3,48422.6,45455.9,46351.8,47764.0,43799.0
A,CLV20_MEUR,P7_S21,TR,,,,,,,,,,,,,,,,,,,,,,,,,,,,,,,,,,,45204.8,53928.1,61452.1,61306.2,67285.5,68572.8,73436.5,78495.0,81377.2,75610.7,69140.3,69820.2,65770.9,55917.6,72512.0,75282.6,79024.9
A,CLV20_MEUR,P7_S2111,AT,,,,,,,,,,,,,,,,,,,,,,,,,,,,,,,,,,,,,,98849.7,101072.1,102236.6,105106.7,108243.6,113707.0,116088.7,118411.9,105858.9,118054.4,124012.3,120469.9,118671.7,121021.8
A,CLV20_MEUR,P7_S2111,BE,,,,,,,,,,,,,,,,,,,,,,,,,110121.8,124450.5,123821.1,125063.4,126707.3,134411.6,142819.4,150039.1,158561.1,171055.2,161612.2,175097.7,182843.9,184004.4,182899.6,194007.7,191388.0,209949.3,226824.1,231093.4,235426.0,222500.7,256462.0,248184.1,234541.7,238573.8,241346.9
A,CLV20_MEUR,P7_S2111,BG,,,,,,,,,,,,,,,,,,,,,,,,,,,,,,,,,,,,,,,,11265.7,12157.4,13005.6,13605.7,14432.9,14778.8,13903.4,15500.0,16504.7,16936.8,16995.8,17696.1
A,CLV20_MEUR,P7_S2111,CY,,,,,,,,,,,,,,,,,,,,,,,,,,,,,,,,,,5911.8,5094.0,5217.9,4868.9,4737.6,4539.4,4780.3,4843.1,5831.8,6438.9,6431.2,6730.8,6331.5,8341.7,10397.9,10735.8,11780.4,12268.7
A,CLV20_MEUR,P7_S2111,CZ,,,,,,,,,,,,,,,,,,,,,,,,,,,,,,,,,,,,52284.8,55932.6,57435.3,57170.1,63936.7,64447.7,68022.6,71275.4,73491.4,74579.0,67748.6,75455.2,77941.8,78936.2,80054.7,83581.1
A,CLV20_MEUR,P7_S2111,DE,,,,,,,,,,,,,,,,,,,,,,,,,,,,,,,,,,,,,,380779.3,392388.9,402439.1,406381.2,421283.1,435838.5,466465.5,485179.5,433196.0,473050.0,492154.0,496139.4,494493.2,512211.0
A,CLV20_MEUR,P7_S2111,DK,,,,,,,,,,,,,,,,,,,,,,,,,,,,,,,42577.8,48288.2,51232.2,51429.8,44048.1,43749.0,46423.2,48085.5,49377.0,50663.2,53511.3,56052.0,57799.1,61386.3,63413.3,62595.7,67940.3,69386.3,72935.0,73808.0,76786.5
A,CLV20_MEUR,P7_S2111,EE,,,,,,,,,,,,,,,,,,,,,,,,,,,,,,,,,,4140.6,2751.0,3291.5,4013.1,4487.0,5837.6,7751.1,8881.1,9651.4,10111.5,10536.6,10816.9,11752.0,14175.5,15334.5,14370.9,14084.8,14689.6
A,CLV20_MEUR,P7_S2111,EL,,,,,,,,,,,,,,,,,,,,,,,,,,,,,,,,,,,,,24874.2,22036.4,20495.5,22296.6,21225.9,21860.4,23503.4,25989.7,27498.0,26683.9,31001.1,33472.4,35909.4,37745.5,40278.1
A,CLV20_MEUR,P7_S2111,ES,,,,,,,,,,,,,,,,,,,,,,,,,,,,,,,,,,,,,,129278.0,130253.0,143000.0,154589.0,162152.0,169968.0,174664.0,176166.0,152225.0,171883.0,167901.0,181176.0,186896.0,201108.0
A,CLV20_MEUR,P7_S2111,FI,,,,,,,,,,,,,,,,,,,,,,,,,,,,,,,,,,29743.9,25600.9,26337.8,27116.5,28249.2,26532.2,26741.6,29462.7,32144.0,32832.0,34340.6,35154.2,33858.0,35263.9,36884.2,36699.8,36658.9,36884.2
A,CLV20_MEUR,P7_S2111,FR,,,,,,,,,,,,,,,,,,,,,,,,,,,,,,,,,,295998.8,262478.2,280888.3,295644.8,301556.1,309672.3,318875.3,336099.8,350647.6,363865.5,374381.7,374475.6,334155.7,360408.3,379878.7,381695.0,370363.9,376175.0
A,CLV20_MEUR,P7_S2111,HR,,,,,,,,,,,,,,,,,,,,,,,,,,,,,,,,,,,,,,9121.5,10822.4,11665.6,12862.5,13704.5,14753.8,15479.8,16939.3,14826.4,16690.5,19743.6,20956.6,22243.5,22665.6
A,CLV20_MEUR,P7_S2111,HU,,,,,,,,,,,,,,,,,,,,,,,,,,,,,,,,,,41584.7,35569.6,38641.8,41358.9,41671.5,43081.9,49064.1,50938.8,53940.2,58013.9,60824.1,63293.7,60261.2,67821.3,76216.1,71990.8,70400.1,71259.1
A,CLV20_MEUR,P7_S2111,IE,,,,,,,,,,,,,,,,,,,,,,,,,,,,,,,,,,,,,,54694.3,57017.4,60223.7,67647.9,75799.0,81488.6,87004.0,94102.3,70713.3,82349.0,106812.1,106527.8,107753.3,114498.0
A,CLV20_MEUR,P7_S2111,IT,,,,,,,,,,,,,,,,,,,,,,,,,,,,,,,,,,212008.4,183630.6,207861.0,210426.8,196513.3,194803.5,202013.8,214574.2,222360.5,236442.5,241169.4,239979.0,211970.1,252029.7,284175.5,279697.6,280640.4,298927.5
A,CLV20_MEUR,P7_S2111,LT,,,,,,,,,,,,,,,,,,,,,,,,,,,,,,5768.0,6333.8,7609.3,9068.1,8373.3,6192.3,7040.6,8062.9,8288.4,9091.2,9285.2,10922.0,11891.8,13096.8,13587.5,14542.7,14838.0,17700.0,18180.1,19863.7,19734.6,21881.2
A,CLV20_MEUR,P7_S2111,LU,,,,,,,,,,,,,,,,,,,,,17020.0,18299.1,20280.4,23474.1,25134.1,29934.2,32145.5,32110.4,33995.8,36272.8,37080.8,39738.9,40247.6,42270.4,38830.1,41259.6,42521.6,45991.9,47891.0,51547.2,54023.5,57157.1,56582.5,58667.3,62889.2,61414.6,68182.6,73639.8,75102.1,64119.8,66066.8
A,CLV20_MEUR,P7_S2111,LV,,,,,,,,,,,,,,,,,,,,,,,,,,2931.2,3570.7,3713.4,4065.3,4900.0,5930.9,7466.9,9081.6,7936.1,5291.1,5974.9,7629.2,8193.7,8219.8,8525.9,8354.2,8621.6,9496.7,10034.0,10337.5,10244.0,11732.8,13470.9,13028.5,13000.5,13862.7
A,CLV20_MEUR,P7_S2111,ME,,,,,,,,,,,,,,,,,,,,,,,,,,,,,,,,632.1,944.7,1081.3,695.0,688.7,709.5,701.5,688.1,714.2,685.4,926.0,963.1,1068.6,1092.1,796.6,995.2,1409.7,1554.0,1637.5,1557.4
A,CLV20_MEUR,P7_S2111,MT,,,,,,,,,,,,,,,,,,,,,,,,,,2772.7,2322.2,2333.2,2408.7,2475.1,2605.7,2999.0,3166.6,3328.1,2875.1,3326.4,3519.9,3819.0,3633.4,3761.3,4718.1,5274.2,5333.2,6474.5,7235.7,6818.7,6751.4,8432.6,8639.2,8909.9,9361.6
A,CLV20_MEUR,P7_S2111,NL,,,,,,,,,,,,,,,,,,,,,100572.9,106646.2,114350.2,121828.5,129270.6,129643.6,133613.8,141166.2,145508.5,151773.2,154532.6,165251.6,178236.1,173313.2,158020.7,160032.5,165138.7,164949.1,172799.4,179176.9,208708.1,210673.8,227721.6,241945.0,257013.5,246206.0,258841.0,259128.2,265557.2,268256.2,275868.1
A,CLV20_MEUR,P7_S2111,PL,,,,,,,,,,,,,,,,,,,,,,,,,,,,,,,,,,94139.1,82653.2,93347.5,96557.7,93133.2,96460.3,105569.2,113010.8,123832.8,134077.2,141490.7,144863.6,143250.1,163970.7,168358.3,172826.2,179167.9,190071.1
A,CLV20_MEUR,P7_S2111,PT,,,,,,,,,,,,,,,,,,,,,,,,,,,,,,,,,,46946.1,42313.0,45326.4,42623.7,39367.3,41022.2,45514.5,48259.3,51066.5,55472.3,58823.5,61042.8,53847.2,60745.7,67593.9,69838.6,73113.7,77482.4
A,CLV20_MEUR,P7_S2111,RO,,,,,,,,,,,,,,,,,,,,,,,,,,,,,,,,,23304.7,24999.3,20124.3,22825.7,25086.6,24917.7,28555.2,30550.0,34144.8,40123.9,44201.5,47620.1,50529.2,48667.0,55186.5,57615.9,61029.0,62553.9,64811.5
A,CLV20_MEUR,P7_S2111,RS,,,,,,,,,,,,,,,,,,,,,,,,,,,,,,,,,,,,,,7046.6,7255.1,7185.0,7706.1,8520.2,9385.3,10264.0,10925.1,10471.6,12009.2,13285.6,13759.4,14791.5,15362.1
A,CLV20_MEUR,P7_S2111,SE,,,,,,,,,,,,,,,,,,,,,,,,,,,,,,,,,,,,,,,73721.9,77801.1,82441.4,88977.9,94322.9,97398.7,99914.5,96203.3,107444.7,114208.7,115647.0,118602.4,124084.5
A,CLV20_MEUR,P7_S2111,SI,,,,,,,,,,,,,,,,,,,,,,,,,,,,,,,,,,16708.9,15269.4,15985.2,16637.5,16143.7,16119.1,16674.1,17843.0,19132.6,21024.6,22275.5,23105.6,20675.6,24459.5,25768.3,25602.8,26795.2,27112.2
A,CLV20_MEUR,P7_S2111,SK,,,,,,,,,,,,,,,,,,,,,5581.7,7004.8,8998.4,10322.2,10260.2,10224.5,12354.4,13216.6,14738.8,16267.3,16598.2,18231.2,19258.5,19315.7,14402.0,16273.0,17415.0,17742.1,18536.3,19650.9,22111.3,24614.6,25809.6,27262.4,26939.1,26415.9,29312.9,25555.2,25392.6,26217.7,23967.3
A,CLV20_MEUR,P7_S2111,TR,,,,,,,,,,,,,,,,,,,,,,,,,,,,,,,,,,,33530.0,39939.5,45577.7,45566.6,50521.5,51129.6,54610.8,58354.9,59771.3,55083.3,50765.8,56323.7,53221.4,45410.8,59050.4,61171.2,63851.7
A,CLV20_MEUR,P7_S2112,AT,,,,,,,,,,,,,,,,,,,,,,,,,,,,,,,,,,,,,,13912.8,15525.9,20255.7,20709.0,23916.5,25575.9,25995.0,27194.0,25329.8,28782.8,30074.7,28162.0,27793.1,27683.8
A,CLV20_MEUR,P7_S2112,BE,,,,,,,,,,,,,,,,,,,,,,,,,5270.3,5909.8,5823.8,5919.5,6006.9,6435.9,6927.2,7390.3,7638.2,12991.9,13796.0,16669.0,18328.9,18209.7,17957.3,20016.5,21756.9,22830.4,24488.4,24160.4,26883.5,24775.0,27725.3,27975.8,30125.6,28803.8,29384.0
A,CLV20_MEUR,P7_S2112,BG,,,,,,,,,,,,,,,,,,,,,,,,,,,,,,,,,,,,,,,,4349.3,4776.7,5289.1,5553.9,5717.7,6124.1,6166.7,6756.8,6994.0,7198.0,7553.2,7910.1
A,CLV20_MEUR,P7_S2112,CY,,,,,,,,,,,,,,,,,,,,,,,,,,,,,,,,,,591.7,474.8,530.4,519.4,497.8,427.9,457.3,570.0,528.0,715.2,912.9,981.4,944.2,1365.8,1787.3,1758.1,1867.2,1944.6
A,CLV20_MEUR,P7_S2112,CZ,,,,,,,,,,,,,,,,,,,,,,,,,,,,,,,,,,,,12702.0,14016.1,13916.6,14942.0,16997.2,17808.8,18481.9,19466.9,22375.4,22741.4,20047.1,22853.3,24084.1,25014.7,23913.5,24274.9
A,CLV20_MEUR,P7_S2112,DE,,,,,,,,,,,,,,,,,,,,,,,,,,,,,,,,,,,,,,122929.9,129186.3,141941.0,150748.3,161585.2,168958.8,188863.7,194468.3,186201.0,204579.0,210854.0,218413.8,213349.1,221542.0
A,CLV20_MEUR,P7_S2112,DK,,,,,,,,,,,,,,,,,,,,,,,,,,,,,,,15142.5,17230.4,18620.1,18921.9,16175.4,17263.3,18246.7,18453.7,18758.0,19668.3,20276.4,21847.5,22755.2,23199.1,23980.4,24204.3,26543.6,27816.2,28431.0,28068.1,29345.3
A,CLV20_MEUR,P7_S2112,EE,,,,,,,,,,,,,,,,,,,,,,,,,,,,,,,,,,6897.4,5085.7,6216.0,8313.7,8620.1,6686.9,5022.6,3752.5,4036.0,4198.9,4347.4,4429.0,3451.0,4020.0,4249.9,4369.7,4471.1,4541.3
A,CLV20_MEUR,P7_S2112,EL,,,,,,,,,,,,,,,,,,,,,,,,,,,,,,,,,,,,,4353.5,4242.5,4201.2,4639.8,4748.4,5308.1,5781.4,6302.4,6350.8,5794.9,7521.0,8976.3,8317.1,8657.3,9182.7
A,CLV20_MEUR,P7_S2112,ES,,,,,,,,,,,,,,,,,,,,,,,,,,,,,,,,,,,,,,14759.0,15965.0,18459.0,20925.0,22797.0,23393.0,24004.0,25015.0,22708.0,24211.0,24816.0,27227.0,27395.0,29078.0
A,CLV20_MEUR,P7_S2112,FI,,,,,,,,,,,,,,,,,,,,,,,,,,,,,,,,,,15227.5,13846.5,15032.1,15938.5,16803.0,15766.0,15608.4,16129.0,17005.5,17967.7,18831.2,19202.2,18565.0,20147.5,21637.2,20181.4,20007.9,20888.4
A,CLV20_MEUR,P7_S2112,FR,,,,,,,,,,,,,,,,,,,,,,,,,,,,,,,,,,30604.3,27902.6,33989.7,35073.8,33700.4,35613.4,37638.4,39773.5,42170.8,44918.2,47472.1,49618.3,44602.3,49672.6,52187.2,55065.2,54850.4,55435.4
A,CLV20_MEUR,P7_S2112,HR,,,,,,,,,,,,,,,,,,,,,,,,,,,,,,,,,,,,,,1748.6,2398.0,2501.5,2992.6,3185.6,3696.6,4040.4,4508.8,4074.3,4839.2,5765.0,5776.5,6486.6,6408.3
A,CLV20_MEUR,P7_S2112,HU,,,,,,,,,,,,,,,,,,,,,,,,,,,,,,,,,,8196.7,7218.8,8490.9,8808.0,8213.6,9615.4,11412.0,12391.1,13170.3,13899.8,15163.9,15831.1,15779.2,14860.6,15080.8,14891.3,14613.7,14942.9
A,CLV20_MEUR,P7_S2112,IE,,,,,,,,,,,,,,,,,,,,,,,,,,,,,,,,,,,,,,2616.3,3322.6,3395.8,4192.2,4409.1,4717.2,5564.2,6506.1,7154.2,8017.5,9588.2,10366.9,11690.6,12808.6
A,CLV20_MEUR,P7_S2112,IT,,,,,,,,,,,,,,,,,,,,,,,,,,,,,,,,,,29195.6,27459.5,30411.0,31047.1,28587.8,28268.7,31246.4,34818.0,36868.5,40079.9,42219.6,43083.1,38277.7,46356.3,51932.3,53087.9,50588.1,60810.7
A,CLV20_MEUR,P7_S2112,LT,,,,,,,,,,,,,,,,,,,,,,,,,,,,,,2161.3,2573.7,3145.2,3970.4,3896.8,2796.1,3038.5,3452.4,3938.5,4221.8,4309.9,4947.3,5615.5,6097.4,6503.9,6907.4,7135.7,7929.4,9250.8,8983.3,9666.6,10018.3
A,CLV20_MEUR,P7_S2112,LU,,,,,,,,,,,,,,,,,,,,,463.8,504.8,625.4,818.6,965.6,1117.1,1421.9,1085.5,1099.1,1250.2,1331.0,1555.4,1738.5,2199.1,1658.4,1853.0,2039.2,2403.8,2630.7,2923.0,3457.6,3873.1,4286.8,4561.8,4650.9,4997.6,6006.9,5628.0,5681.5,4785.0,4916.1
A,CLV20_MEUR,P7_S2112,LV,,,,,,,,,,,,,,,,,,,,,,,,,,838.6,957.3,995.5,1139.9,1413.6,1681.3,2188.8,2507.0,2232.0,1517.5,1632.5,2083.2,2221.2,2334.5,2562.1,2555.7,2715.8,2705.9,2916.0,3025.0,3205.4,3556.6,4075.7,4152.0,4012.9,4286.9
A,CLV20_MEUR,P7_S2112,ME,,,,,,,,,,,,,,,,,,,,,,,,,,,,,,,,199.1,208.9,205.3,130.7,107.4,129.0,123.3,145.1,258.7,268.7,323.7,374.4,426.7,446.8,341.8,355.1,242.4,277.2,275.8,283.3
A,CLV20_MEUR,P7_S2112,MT,,,,,,,,,,,,,,,,,,,,,,,,,,224.8,203.0,205.8,211.0,221.2,242.7,276.0,306.8,335.3,302.4,338.9,366.3,406.6,412.3,443.6,580.9,678.9,759.6,955.5,952.7,1075.5,1633.0,1418.0,1478.9,1778.6,1782.2
A,CLV20_MEUR,P7_S2112,NL,,,,,,,,,,,,,,,,,,,,,7184.8,7866.6,10231.8,10343.7,11236.9,15556.2,14040.0,11673.1,10198.3,13640.8,14792.3,16274.2,23987.3,25295.8,26347.0,27069.5,29202.5,31539.6,34554.1,32747.0,33980.6,34468.3,40337.3,44695.5,48341.2,43508.0,45769.3,46670.5,46788.8,47489.6,49571.2
A,CLV20_MEUR,P7_S2112,PL,,,,,,,,,,,,,,,,,,,,,,,,,,,,,,,,,,16183.9,14072.0,16690.5,17841.8,17571.0,18225.1,19996.4,21236.3,23448.8,25212.2,26852.4,27638.8,26623.9,30244.7,32589.2,35506.2,39318.5,41048.6
A,CLV20_MEUR,P7_S2112,PT,,,,,,,,,,,,,,,,,,,,,,,,,,,,,,,,,,2425.9,2353.5,2607.5,2550.4,2488.1,2614.0,2934.1,3121.7,3427.5,3535.3,3818.0,4118.3,3986.2,4731.3,5269.7,5735.1,5834.2,6373.3
A,CLV20_MEUR,P7_S2112,RO,,,,,,,,,,,,,,,,,,,,,,,,,,,,,,,,,8218.9,9602.8,8512.8,9775.9,10929.0,10875.0,11780.3,13124.5,13920.3,16092.6,18350.8,19927.7,23327.8,18555.7,21319.3,25011.8,22699.7,23849.5,25348.5
A,CLV20_MEUR,P7_S2112,RS,,,,,,,,,,,,,,,,,,,,,,,,,,,,,,,,,,,,,,3105.1,3078.9,3076.5,3178.6,3471.4,3877.9,4011.7,4468.3,4361.8,4649.1,5029.0,4751.1,5174.9,5587.9
A,CLV20_MEUR,P7_S2112,SE,,,,,,,,,,,,,,,,,,,,,,,,,,,,,,,,,,,,,,,20640.3,21402.4,23235.9,24989.2,26237.3,27603.7,27428.2,25818.3,28789.5,30007.4,30381.6,31851.7,33001.5
A,CLV20_MEUR,P7_S2112,SI,,,,,,,,,,,,,,,,,,,,,,,,,,,,,,,,,,3678.6,2285.5,2535.1,2732.0,2647.2,2794.1,3021.0,3311.5,3498.4,3879.1,4176.4,4396.3,4188.1,4865.2,5310.6,5147.9,5212.1,5530.7
A,CLV20_MEUR,P7_S2112,SK,,,,,,,,,,,,,,,,,,,,,6036.7,6160.6,6156.8,5450.1,4903.2,4774.4,5949.7,6395.4,7027.7,8444.8,9518.4,11156.5,12076.2,12001.6,10059.7,11156.0,12030.4,11645.7,14267.4,15329.8,17166.1,17483.6,18277.8,19443.4,23203.1,18512.5,19109.7,19894.7,20950.0,21536.9,19822.9
A,CLV20_MEUR,P7_S2112,TR,,,,,,,,,,,,,,,,,,,,,,,,,,,,,,,,,,,11714.8,14039.2,15928.4,15787.9,16790.4,17476.4,18867.8,20186.1,21686.3,20618.4,18444.5,13496.5,12549.5,10508.8,13468.1,14115.0,15167.7
A,CLV20_MEUR,P7_S212,BE,,,,,,,,,,,,,,,,,,,,,17.2,71.9,8.2,6.2,113.8,70.9,89.9,95.8,37.1,106.8,29.6,33.5,108.2,152.7,154.7,168.9,179.9,120.3,198.3,226.4,264.4,281.4,267.0,251.9,266.0,241.0,229.8,313.1,287.5,289.9,
A,CLV20_MEUR,P7_S212,CY,,,,,,,,,,,,,,,,,,,,,,,,,,,,,,,,,,-3.2,-0.1,4.9,-2.1,-2.1,-11.0,-6.3,-15.6,-16.2,-9.5,-8.3,3.7,8.1,4.8,11.8,-4.6,-10.0,-10.5
A,CLV20_MEUR,P7_S212,EE,,,,,,,,,,,,,,,,,,,,,,,,,,,,,,,,,,,,0.0,0.0,0.1,0.1,0.5,1.5,2.9,4.1,2.6,2.0,6.1,6.4,4.0,5.8,7.8,7.9
A,CLV20_MEUR,P7_S212,FI,,,,,,,,,,,,,,,,,,,,,,,,,,,,,,,,,,,,,,,7.7,8.8,15.4,3.3,32.9,26.3,53.8,45.0,28.5,13.2,0.0,0.0,0.0
A,CLV20_MEUR,P7_S212,IT,,,,,,,,,,,,,,,,,,,,,,,,,,,,,,,,,,2.3,2.4,5.8,1.2,5.6,210.4,280.7,132.9,81.0,61.8,94.7,85.4,78.5,80.2,66.8,94.7,99.6,109.4
A,CLV20_MEUR,P7_S212,LT,,,,,,,,,,,,,,,,,,,,,,,,,,,,,,15.5,23.5,26.1,38.7,31.1,68.8,62.9,59.2,85.0,77.8,77.2,46.4,57.6,51.2,54.6,41.4,40.3,32.0,28.7,19.5,21.9,18.5
A,CLV20_MEUR,P7_S212,LU,,,,,,,,,,,,,,,,,,,,,8.1,4.2,15.0,8.1,49.2,64.1,59.8,26.4,5.4,7.1,5.8,5.4,5.6,8.1,10.0,8.8,18.7,11.7,11.8,13.1,16.9,24.9,18.5,19.2,15.1,16.7,15.4,14.4,7.4,4.8,4.8
A,CLV20_MEUR,P7_S212,LV,,,,,,,,,,,,,,,,,,,,,,,,,,0.0,0.0,0.0,0.0,0.0,0.0,0.0,0.0,0.0,1.7,1.3,1.2,1.2,2.1,23.9,24.2,21.5,20.6,20.2,19.3,15.0,11.8,10.6,5.6,1.3,4.1
A,CLV20_MEUR,P7_S212,ME,,,,,,,,,,,,,,,,,,,,,,,,,,,,,,,,,,,,,,,,,,,,0.0,0.1,0.2,0.1,0.0,,,
A,CLV20_MEUR,P7_S212,NL,,,,,,,,,,,,,,,,,,,,,4.0,4.0,4.0,4.0,4.0,4.0,4.0,4.0,4.0,4.0,4.0,4.0,4.0,4.0,4.0,4.0,4.0,4.0,4.0,4.0,4.0,4.0,4.0,4.0,4.0,4.0,4.0,4.0,4.0,4.0,4.0
A,CLV20_MEUR,P7_S212,RO,,,,,,,,,,,,,,,,,,,,,,,,,,,,,,,,,0.0,0.2,1.1,19.1,26.2,41.6,60.4,27.7,22.1,14.1,20.5,94.1,67.3,79.2,65.0,10.4,4.3,21.6,119.0
A,CLV20_MEUR,P7_S212,SE,,,,,,,,,,,,,,,,,,,0.0,0.0,0.0,0.0,0.0,0.0,0.0,0.0,0.0,0.0,0.0,0.0,0.0,0.0,0.0,0.0,0.0,0.0,0.0,0.0,3.4,1.8,1.6,1.2,3.2,2.3,2.8,9.0,6.8,6.3,19.4,5.6,9.3
A,CLV20_MEUR,P7_S212,SI,,,,,,,,,,,,,,,,,,,,,,,,,,,,,,,,,,4.7,14.7,11.9,11.7,10.2,11.8,17.8,18.7,21.8,23.2,19.6,12.4,9.2,9.7,3.9,1.0,2.8,-1.5
A,CLV20_MEUR,P7_S22,AT,,,,,,,,,,,,,,,,,,,,,,,,,,,,,,,,,,,,,,50722.3,47350.6,44510.8,47268.6,47189.4,49497.6,56328.0,57473.3,52448.2,62766.2,70047.9,65853.6,62568.6,63924.9
A,CLV20_MEUR,P7_S22,BE,,,,,,,,,,,,,,,,,,,,,63121.8,66730.9,72213.7,75754.0,77935.8,88126.9,87189.4,88143.6,89610.5,95501.9,101797.0,107055.2,113030.1,106124.9,84116.2,92834.2,99734.2,96814.2,98042.2,101176.1,115030.2,120689.0,120923.1,125701.6,124331.3,113305.7,122661.9,144951.1,124481.0,116482.1,112343.1
A,CLV20_MEUR,P7_S22,BG,,,,,,,,,,,,,,,,,,,,,,,,,,,,,,,,,,,,,,,,10909.8,10845.5,10881.7,12147.1,12910.7,13934.8,13300.3,14681.8,19107.6,16147.7,17316.8,18721.4
A,CLV20_MEUR,P7_S22,CY,,,,,,,,,,,,,,,,,,,,,,,,,,,,,,,,,,5970.5,4993.8,5954.2,6010.7,5749.6,5517.3,6056.3,6791.1,7085.0,8210.1,8684.5,9841.8,10851.8,11971.1,15984.1,15997.8,16255.0,16916.1
A,CLV20_MEUR,P7_S22,CZ,,,,,,,,,,,,,,,,,,,,,,,,,,,,,,,,,,,,33250.2,34942.2,36259.0,35663.0,37761.7,44019.9,43093.2,46647.8,49121.8,49543.4,46636.7,54519.5,59864.6,56187.3,57020.5,61198.7
A,CLV20_MEUR,P7_S22,DE,,,,,,,,,,,,,,,,,,,,,,,,,,,,,,,,,,,,,,470945.4,470945.4,482988.7,524592.6,539427.7,563897.3,572163.4,590447.2,547420.0,598001.6,669002.0,638565.4,637689.6,660079.0
A,CLV20_MEUR,P7_S22,DK,,,,,,,,,,,,,,,,,,,,,,,,,,,,,,,41131.5,47118.9,49319.1,54272.7,49269.9,49920.9,55232.9,56781.1,56961.7,59869.7,61686.0,63363.0,66829.9,71221.4,73165.8,67375.6,74418.2,81800.2,82076.5,89176.5,84265.5
A,CLV20_MEUR,P7_S22,EE,,,,,,,,,,,,,,,,,,,,,,,,,,,,,,,,,,2721.0,1818.1,2232.5,2755.0,3334.0,3318.5,3381.5,3130.5,3021.2,2990.4,3552.9,3880.7,4086.3,5634.3,5448.5,4443.1,4717.7,5218.9
A,CLV20_MEUR,P7_S22,EL,,,,,,,,,,,,,,,,,,,,,,,,,,,,,,,,,,,,,26174.6,25816.6,25365.1,26661.0,31487.6,31528.3,33599.1,35795.7,36227.3,32599.1,37862.1,42239.5,41117.1,43029.6,39568.9
A,CLV20_MEUR,P7_S22,ES,,,,,,,,,,,,,,,,,,,,,,,,,,,,,,,,,,,,,,154698.0,151690.0,156723.0,158873.0,158285.0,172856.0,181787.0,184288.0,152145.0,179984.0,212423.0,196684.0,202738.0,212858.0
A,CLV20_MEUR,P7_S22,FI,,,,,,,,,,,,,,,,,,,,,,,,,,,,,,,,,,33985.1,26088.4,28294.2,30935.7,29772.0,32621.0,31896.0,30238.7,30973.6,32796.5,35299.4,36215.8,32606.0,35565.6,40879.7,35724.2,35222.6,35693.3
A,CLV20_MEUR,P7_S22,FR,,,,,,,,,,,,,,,,,,,,,,,,,,,,,,,,,,262910.3,246225.1,267728.6,286063.9,283693.2,290710.4,306470.7,325655.0,335402.4,351860.7,362838.5,375719.4,323254.7,349943.7,396692.8,390305.2,391776.7,408693.6
A,CLV20_MEUR,P7_S22,HR,,,,,,,,,,,,,,,,,,,,,,,,,,,,,,,,,,,,,,7295.6,5468.5,5150.7,5237.7,5576.0,5922.4,6656.7,6471.6,5579.6,7178.7,10870.3,8150.3,9096.5,9799.8
A,CLV20_MEUR,P7_S22,HU,,,,,,,,,,,,,,,,,,,,,,,,,,,,,,,,,,23093.5,19728.2,21496.9,21379.3,19638.0,19735.3,20032.5,21675.4,20927.9,23504.8,26035.0,31088.0,30175.1,31722.0,35670.0,35497.7,35621.9,35859.5
A,CLV20_MEUR,P7_S22,IE,,,,,,,,,,,,,,,,,,,,,,,,,,,,,,,,,,,,,,106018.5,116962.1,139204.1,197339.6,236064.7,243377.0,230272.6,352636.9,376269.6,321921.8,357613.2,367687.5,378157.5,417465.1
A,CLV20_MEUR,P7_S22,IT,,,,,,,,,,,,,,,,,,,,,,,,,,,,,,,,,,205495.9,175948.0,195177.5,192876.6,174271.5,166279.6,170447.5,179991.4,187005.4,195734.6,202765.9,197853.9,170822.8,189850.9,214950.1,208787.0,205076.4,198046.2
A,CLV20_MEUR,P7_S22,LT,,,,,,,,,,,,,,,,,,,,,,,,,,,,,,5485.0,7148.5,7591.6,7247.6,10239.6,7068.6,8681.0,9911.9,10306.9,10524.8,9804.2,9741.7,9132.3,10429.6,11293.0,11847.2,9875.0,12325.9,15450.6,11796.1,12234.3,13251.8
A,CLV20_MEUR,P7_S22,LU,,,,,,,,,,,,,,,,,,,,,5885.2,6398.8,8464.7,10224.0,13138.7,14751.2,15345.5,14953.8,14712.5,16932.4,19606.2,23584.0,24596.8,23476.2,21267.6,27866.7,31385.4,28529.7,31292.8,34102.4,36157.3,36090.8,36999.4,38018.0,41255.4,43974.7,50982.6,48899.6,48505.9,42824.7,42758.5
A,CLV20_MEUR,P7_S22,LV,,,,,,,,,,,,,,,,,,,,,,,,,,2221.5,2372.8,2369.6,2715.6,3235.9,3528.0,3865.5,4273.3,3918.5,2922.1,3360.9,3744.8,3763.2,3619.9,3525.3,3835.1,4023.7,4473.7,4780.8,4734.3,4442.9,5311.8,5107.5,4354.8,4135.9,4213.2
A,CLV20_MEUR,P7_S22,ME,,,,,,,,,,,,,,,,,,,,,,,,,,,,,,,,1001.9,1482.3,1806.9,1408.2,1357.3,1327.9,1317.4,1298.2,1196.9,1316.8,1428.6,1566.7,1677.2,1719.6,1415.1,1613.0,2001.5,2121.6,2266.5,2443.9
A,CLV20_MEUR,P7_S22,MT,,,,,,,,,,,,,,,,,,,,,,,,,,2527.8,2159.3,2165.9,2232.4,2308.0,2457.4,2815.3,3015.8,3197.2,2796.0,3202.5,3436.8,3692.4,3672.8,3677.5,5112.3,5155.7,6038.4,6688.5,7418.0,8250.2,8279.2,9951.0,9302.7,9746.4,10186.6
A,CLV20_MEUR,P7_S22,NL,,,,,,,,,,,,,,,,,,,,,79954.0,83108.9,94483.6,105164.8,120294.0,145335.9,150070.2,145772.0,149365.8,159343.6,173157.2,186991.5,194876.2,195781.9,179010.2,207005.7,218035.5,227818.2,229194.3,241891.8,281037.2,266792.0,282876.5,294689.1,299281.6,289907.0,312895.6,338593.1,307007.4,304182.0,309455.3
A,CLV20_MEUR,P7_S22,PL,,,,,,,,,,,,,,,,,,,,,,,,,,,,,,,,,,48029.5,41539.3,48567.0,52740.9,54921.7,53854.4,58483.2,60109.8,62105.1,70693.5,79000.2,82809.1,79155.3,95431.7,108363.5,96432.8,99900.5,105175.8
A,CLV20_MEUR,P7_S22,PT,,,,,,,,,,,,,,,,,,,,,,,,,,,,,,,,,,18552.2,16806.9,18315.8,16988.7,16364.1,17311.5,17472.5,19789.6,20426.0,21931.0,22322.2,24064.0,21077.2,23153.3,25752.3,25426.1,26772.3,26514.2
A,CLV20_MEUR,P7_S22,RO,,,,,,,,,,,,,,,,,,,,,,,,,,,,,,,,,13791.0,15781.0,11260.9,12513.2,13471.7,12716.5,12466.6,13793.0,14291.6,16484.2,18485.5,20669.6,22134.0,23770.1,27740.9,31263.2,28436.9,30302.9,32098.0
A,CLV20_MEUR,P7_S22,RS,,,,,,,,,,,,,,,,,,,,,,,,,,,,,,,,,,,,,,5945.9,6905.3,7835.6,8457.8,8564.3,9406.5,10928.3,12290.4,11747.1,14620.4,18005.9,17348.4,18751.8,20906.0
A,CLV20_MEUR,P7_S22,SE,,,,,,,,,,,,,,,,,,,,,,,,,,,,,,,,,,,,,,,61004.0,66283.8,69384.7,70932.3,72453.6,76086.6,77739.5,70116.3,81619.6,95025.0,91725.9,93115.2,97054.5
A,CLV20_MEUR,P7_S22,SI,,,,,,,,,,,,,,,,,,,,,,,,,,,,,,,,,,6860.7,4680.6,5260.7,5607.0,5392.4,5699.0,5892.9,5780.9,6089.4,6881.6,7586.2,8125.6,7515.6,8812.3,10588.4,9026.7,9475.3,9717.3
A,CLV20_MEUR,P7_S22,SK,,,,,,,,,,,,,,,,,,,,,5843.1,7185.0,7151.8,6100.9,5877.1,7369.6,8277.7,8422.4,8529.7,12459.4,16839.0,21795.7,24802.1,27167.8,23075.5,28502.4,30506.3,31900.7,31532.5,31965.7,33763.5,34309.1,35214.3,36580.2,35103.9,33580.2,39232.4,45796.9,37908.6,38688.0,45908.9
A,CLV20_MEUR,P7_S22,TR,,,,,,,,,,,,,,,,,,,,,,,,,,,,,,,,,,,75333.4,89919.6,103285.6,104004.1,115364.9,114001.4,112938.9,113278.6,130938.9,124165.0,119937.7,132216.3,140581.6,167633.9,176994.7,162713.3,170712.3
A,CLV20_MNAC,P6,AL,,,,,,,,,,,,,,,,,,,,,37757.4,43641.1,35665.9,47732.9,82624.2,114749.6,132485.4,137191.8,153343.7,181687.6,225777.5,263995.8,314451.2,299906.0,314036.2,374311.0,399292.9,400465.1,406828.5,406138.4,396989.9,427053.1,482419.1,503965.3,516464.4,373271.5,567736.1,664492.4,721333.8,722125.3,
A,CLV20_MNAC,P6,AT,,,,,,,,,,,,,,,,,,,,,72719.4,76092.5,84483.9,91117.1,96979.5,110095.6,116449.2,121440.5,122086.0,132659.9,141501.8,152222.3,163748.2,167302.7,143264.4,162076.6,171696.4,174164.9,175266.8,180271.2,185727.2,191285.8,200658.0,210993.7,219507.9,196484.0,215165.9,235490.0,234008.3,228644.8,229320.0
A,CLV20_MNAC,P6,BA,,,,,,,,,,,,,,,,,,,,,,,,,,3605.7,3814.3,3616.8,4090.5,4805.5,5561.3,6605.2,7423.1,7508.1,7269.6,8280.1,8664.7,8674.0,9355.5,9744.9,10698.3,11700.5,13083.6,14035.8,14106.6,12012.9,15062.2,16837.8,16627.8,16359.6,
A,CLV20_MNAC,P6,BE,,,,,,,,,,,,,,,,,,,,,157889.5,165744.7,181474.8,188983.8,198148.1,222712.4,223559.2,231268.3,235004.1,249558.8,263312.2,278322.7,293452.4,298756.9,264977.9,292627.7,306734.2,304682.4,305536.7,321790.5,333599.4,354097.4,373630.4,379403.0,390544.3,367276.2,421088.8,433936.7,402905.8,396057.3,393573.1
A,CLV20_MNAC,P6,BG,,,,,,,,,,,,,,,,,,,,,14248.2,18515.8,19829.9,16385.8,13481.7,11168.1,11303.8,12305.1,13100.3,16310.9,17792.9,19156.5,22915.5,23483.3,20732.1,23020.7,25910.7,26438.7,28985.3,29870.0,31805.2,34544.5,36528.4,37161.6,38646.6,34933.0,38976.4,43679.1,43679.2,44454.3,43507.5
A,CLV20_MNAC,P6,CH,,,,,,,,,,,,,,,,,,,,,181852.2,188354.6,216861.8,222060.6,230266.0,258532.3,258321.5,253277.2,249585.8,273932.7,291048.3,310773.3,346122.8,361034.1,331142.3,372691.0,388044.3,389513.6,443551.6,422615.2,438903.0,464645.5,460888.7,478132.1,475586.4,451242.0,512746.5,548816.1,534268.3,543379.9,569495.8
A,CLV20_MNAC,P6,CY,,,,,,,,,,,,,,,,,,,,,7338.7,7809.4,7807.6,8262.3,8463.1,9205.4,9367.5,9039.6,8777.6,9057.7,9337.7,9552.8,10065.1,10008.3,9542.4,10146.3,10858.1,10795.7,10916.9,11603.8,12639.4,13551.9,15040.3,16126.2,17533.1,17820.0,22659.1,28887.6,28417.2,30144.9,31575.5
A,CLV20_MNAC,P6,CZ,,,,,,,,,,,,,,,,,,,,,764588.0,783750.0,843032.0,924284.0,972084.0,1115742.0,1220978.0,1232095.0,1340771.0,1738687.0,2054274.0,2347737.0,2606670.0,2716472.0,2449523.0,2808562.0,3065897.0,3197153.0,3205421.0,3485137.0,3691169.0,3843889.0,4116911.0,4261076.0,4316963.0,3949325.0,4271317.0,4491247.0,4596700.0,4666813.0,4848920.0
A,CLV20_MNAC,P6,DE,,,,,,,,,,,,,,,,,432512.8,431027.9,398224.9,429138.0,456946.2,483269.6,541855.9,582623.3,612321.4,695206.2,733273.8,762702.0,775256.2,861515.8,918077.2,1027690.3,1115569.8,1132848.7,968564.0,1105175.4,1192514.9,1223428.0,1229232.6,1282554.2,1345055.3,1371783.6,1424700.3,1461148.0,1491386.1,1349915.0,1487336.4,1545247.7,1523379.1,1491926.1,1485311.5
A,CLV20_MNAC,P6,DK,,,,,,,,,,,,,,,,,,,,,528782.8,553431.8,578391.0,602117.9,670010.2,754518.2,779854.3,813796.0,803959.0,828281.8,893984.6,986363.2,1022244.9,1061804.7,964484.8,993671.3,1067666.7,1081113.6,1096137.1,1129232.6,1165732.3,1208418.5,1266492.0,1309604.9,1367451.0,1280484.2,1379553.5,1470401.1,1584841.1,1697515.3,1749165.3
A,CLV20_MNAC,P6,EA,,,,,,,,,,,,,,,,,,,,,1847023.6,1938278.2,2149469.1,2305895.9,2433290.0,2749544.3,2896158.8,2954026.7,2974035.8,3205407.5,3365733.6,3641581.9,3906287.8,3945236.3,3508488.9,3889970.3,4150518.4,4238285.0,4329994.0,4539637.0,4872285.9,5023561.5,5301862.1,5480124.5,5657344.7,5167982.3,5755606.0,6172411.5,6132503.0,6164696.7,6290996.6
A,CLV20_MNAC,P6,EA12,,,,,,,,,,,,,,,,,,,,,1867210.5,1959249.4,2175074.1,2332735.9,2466035.8,2789591.6,2896158.8,2954026.7,2974035.8,3205407.5,3365733.6,3641581.9,3880502.3,3900860.1,3426381.9,3795699.0,4032529.0,4113243.6,4199900.2,4388624.8,4685775.3,4826953.2,5089783.7,5254979.3,5422499.0,4941695.7,5497810.1,5892164.7,5824127.0,5850982.8,5967593.0
A,CLV20_MNAC,P6,EA19,,,,,,,,,,,,,,,,,,,,,1918457.1,2012791.6,2234771.1,2395399.4,2530249.1,2860088.2,2971280.8,3033484.9,3058476.5,3300243.3,3471788.9,3762977.2,4015285.4,4040811.2,3545220.3,3933041.9,4185329.2,4276775.1,4370456.5,4564928.2,4872285.9,5023561.5,5301862.1,5480124.5,5657344.7,5167982.3,5755606.0,6172411.5,6097777.3,6129428.9,6255398.4
A,CLV20_MNAC,P6,EA20,,,,,,,,,,,,,,,,,,,,,1927268.3,2022718.4,2245491.1,2406302.9,2541427.9,2872797.4,2985053.6,3047852.6,3073658.3,3316555.7,3488863.4,3781416.9,4034665.8,4059810.1,3561606.4,3950714.2,4203414.0,4294593.9,4388737.9,4584529.0,4893878.7,5046654.0,5326556.1,5505708.8,5684691.7,5188918.7,5783397.7,6207641.3,6132503.0,6164696.7,6290996.6
A,CLV20_MNAC,P6,EA21,,,,,,,,,,,,,,,,,,,,,1938774.3,2036214.0,2260248.5,2420642.9,2554974.2,2886101.0,2998712.9,3062232.9,3088544.7,3333878.5,3507476.9,3801507.3,4057948.2,4083581.2,3582575.7,3973994.3,4229443.1,4321154.6,4417794.1,4614493.9,4925789.3,5081193.6,5363074.6,5542875.5,5723340.3,5223851.7,5822374.1,6251446.3,6176387.1,6209419.4,6334604.8
A,CLV20_MNAC,P6,EE,,,,,,,,,,,,,,,,,,,,,4338.3,4450.0,5581.5,6316.1,6346.0,5904.9,6278.9,6456.0,7112.7,8342.7,10004.8,10958.2,12340.6,12451.4,9922.7,12325.7,15305.2,16043.9,16493.1,16928.6,16673.7,17478.3,18322.9,18853.5,19802.7,18987.4,23465.8,24748.0,22485.7,22148.2,23246.3
A,CLV20_MNAC,P6,EL,,,,,,,,,,,,,,,,,,,,,19499.7,20228.3,24925.7,26083.1,32191.7,39498.3,39963.3,37041.5,36939.9,42901.1,43874.6,46256.3,50467.9,52750.8,43642.0,45639.7,45891.6,46827.5,47649.5,51594.4,54294.6,54080.2,58625.7,64039.0,67138.9,52691.9,65533.9,69592.2,71094.3,71782.8,72968.0
A,CLV20_MNAC,P6,ES,,,,,,,,,,,,,,,,,,,,,146747.0,161405.0,184631.0,199638.0,215658.0,238128.0,247523.0,251077.0,259867.0,270993.0,275971.0,288892.0,311037.0,308262.0,274985.0,299675.0,324266.0,327331.0,341372.0,356754.0,372279.0,392354.0,414354.0,421237.0,430777.0,344195.0,390276.0,445786.0,455459.0,469828.0,486595.0
A,CLV20_MNAC,P6,EU27_2020,,,,,,,,,,,,,,,,,,,,,2185241.9,2296308.2,2549266.3,2734682.2,2890167.5,3268795.2,3395547.5,3473645.1,3522528.5,3816124.2,4037896.8,4397676.7,4704849.0,4761124.5,4193386.7,4649806.4,4958091.4,5062943.0,5183651.6,5425048.7,5780468.1,5986330.5,6325279.7,6551460.4,6781244.1,6225299.3,6927277.5,7435253.2,7421667.5,7482668.4,7652947.8
A,CLV20_MNAC,P6,FI,,,,,,17311.9,18316.5,17973.9,18751.8,19976.1,20103.1,20619.0,21305.3,22057.0,22429.8,22745.2,20949.6,23123.1,26977.5,30561.8,33236.1,35151.7,40082.3,43638.4,48585.0,56409.6,57437.5,59725.9,59123.3,64291.7,68759.7,75507.1,82292.8,87725.1,70080.8,74409.7,75918.2,76097.6,76982.3,75602.8,75787.2,78960.4,86088.7,87563.9,93559.6,85606.0,90728.0,94749.6,93459.8,95103.3,98349.1
A,CLV20_MNAC,P6,FR,119223.6,129221.3,139242.7,148182.3,157809.8,162210.3,170019.5,167543.6,175461.8,187418.9,191355.7,190009.7,195701.6,212528.8,233548.6,241882.7,257578.3,272704.5,273510.2,295687.6,321202.7,333994.6,376806.8,409159.0,429663.4,484097.5,498096.5,508411.1,501456.5,528262.7,550686.3,580098.9,596626.0,600122.6,537349.4,583257.1,621327.4,637732.0,654326.9,672277.4,702700.4,717541.8,749160.1,777383.1,793540.6,662035.3,737015.6,803964.2,823822.5,844626.7,855443.6
A,CLV20_MNAC,P6,HR,,,,,,,,,,,,,,,,,,,,,8628.0,10072.8,10747.3,10723.9,10879.2,12395.6,13609.6,14269.8,15215.9,16336.7,17088.1,18446.2,19360.2,18944.0,16331.5,17607.1,18007.0,17736.1,18197.8,19521.7,21520.9,23037.9,24638.7,25526.7,27273.5,20947.3,27806.0,35316.7,34807.8,35352.5,35685.9
A,CLV20_MNAC,P6,HU,,,,,,,,,,,,,,,,,,,,,5042765.2,5505549.0,6758459.7,7800170.7,8716385.6,10888936.0,11841018.6,12511523.8,13286891.6,15685629.7,17690652.7,21145520.6,24559210.0,26204265.9,23395939.1,25996989.6,27664424.8,27193715.9,28302872.5,30907324.5,33182960.1,34444649.5,36676569.9,38506911.7,40608248.5,38112975.0,41253640.5,45682775.8,46511776.3,46277160.5,45776071.4
A,CLV20_MNAC,P6,IE,,,,,,,,,,,,,,,,,,,,,50881.3,57201.5,67239.5,82550.2,95569.9,115819.0,132043.1,140594.0,138207.0,147218.6,155286.1,164682.8,179341.9,172520.8,180540.4,191340.1,197288.4,195666.3,216342.8,247699.0,345358.4,363683.4,403753.7,423313.4,469986.9,533702.1,603838.3,676454.8,649901.3,705582.0,774101.5
A,CLV20_MNAC,P6,IS,,,,,,,,,,,,,,,,,,,,,472658.7,510898.5,535349.5,543210.0,560558.0,582883.1,622120.0,644325.3,649864.5,703540.6,755429.1,721311.1,891644.4,922795.5,996196.1,1003689.8,1032943.8,1065248.3,1131584.6,1174214.9,1273023.3,1428915.3,1497791.6,1530813.0,1462547.3,1018690.2,1144941.5,1443386.8,1499272.6,1466356.1,1480887.4
A,CLV20_MNAC,P6,IT,,,,,,,,,,,,,,,,,,,,,327709.3,332655.2,349058.5,357963.3,354279.8,396938.5,407521.5,395927.4,391033.1,415095.2,428541.8,463613.7,492488.1,476337.7,391399.6,436613.5,458151.0,466549.0,467705.1,479587.2,498701.9,510361.8,537755.7,549207.7,555941.3,479725.2,547297.0,601326.3,600218.4,597523.8,604927.1
A,CLV20_MNAC,P6,LT,,,,,,,,,,,,,,,,,,,,,4639.7,5838.9,7235.6,7510.2,6096.4,6951.2,8624.5,10365.7,11306.2,12124.8,14530.7,16391.7,16915.1,18880.3,16298.2,18968.2,21727.4,24084.3,25835.2,25364.3,25978.7,27258.9,30947.3,33064.2,36384.2,36409.0,42447.4,47416.2,45838.6,47029.7,49018.0
A,CLV20_MNAC,P6,LU,,,,,,,,,,,,,,,,,,,,,31642.3,33597.5,38124.6,44314.3,49637.2,58080.5,61807.6,61746.8,63465.6,69324.6,73467.7,82961.6,87216.1,86930.3,80633.7,88823.1,92720.8,94221.8,100173.0,106700.5,112184.2,118139.9,117871.9,122030.5,129398.9,131860.3,146815.7,148974.2,149798.1,131553.7,133085.8
A,CLV20_MNAC,P6,LV,,,,,,,,,,,,,,,,,,,,,3780.6,4483.8,5055.4,5293.9,4957.8,5671.5,6163.5,6467.2,6733.2,7668.4,9484.1,10190.8,11609.5,11889.0,10348.8,11757.9,13223.1,14477.3,14572.7,15528.8,16003.3,16626.2,17699.5,18471.7,18366.4,18311.8,19976.8,22258.1,20695.3,20717.6,20732.9
A,CLV20_MNAC,P6,ME,,,,,,,,,,,,,,,,,,,,,,,,,,,,,,,,1208.2,1570.4,1596.5,1394.4,1471.7,1694.4,1636.8,1676.8,1652.8,1754.3,1789.5,1821.4,1947.4,2060.6,1088.1,1949.2,2326.1,2536.3,2436.0,2322.8
A,CLV20_MNAC,P6,MK,,,,,,,,,,,,,,,,,,,,,,,,,,128487.4,110250.6,104891.3,105243.0,123333.6,145444.8,163092.7,185583.5,176920.9,152345.7,188420.5,218827.3,223098.8,236694.4,275699.8,299067.1,326226.3,353456.0,398715.5,434108.3,386653.0,441860.0,488699.0,474092.8,455330.7,483213.1
A,CLV20_MNAC,P6,MT,,,,,,,,,,,,,,,,,,,,,,,,,,5635.1,4946.5,5353.9,5054.7,5078.9,5165.0,6360.0,6805.9,7227.4,6361.4,7485.0,8163.2,8777.7,8985.2,9532.5,11824.2,12778.1,14821.6,16776.7,17983.4,18664.5,19510.2,21779.3,22903.2,24343.8,25451.3
A,CLV20_MNAC,P6,NL,,,,,,,,,,,,,,,,,,,,,224416.4,233520.8,256016.8,272847.1,297516.2,333585.2,338431.7,340245.2,346391.1,374779.3,396146.0,424768.7,447859.8,455349.3,415772.9,456015.1,481944.2,499848.5,514931.5,541446.3,586770.5,598289.8,639739.5,671226.0,689730.8,663307.0,708803.1,740096.4,717954.4,716835.2,734258.6
A,CLV20_MNAC,P6,NO,265233.0,298727.1,305940.0,338132.1,345358.9,360987.9,367493.9,369131.3,395306.1,425554.1,456683.6,466833.1,471266.5,500502.7,556419.1,601503.2,638759.0,668822.1,689632.1,746902.2,787135.2,866435.9,933278.9,945514.9,973366.8,1011364.6,1057694.3,1051536.6,1048036.4,1060166.0,1066080.7,1059993.2,1070292.4,1083973.5,1038234.3,1043011.5,1038796.1,1060956.1,1044378.1,1084863.4,1127940.5,1128646.4,1146336.9,1130751.4,1156342.2,1128226.0,1193791.1,1251782.0,1263451.5,1336707.3,1368667.4
A,CLV20_MNAC,P6,PL,,,,,,,,,,,,,,,,,,,,,201709.0,224566.0,251966.0,287855.0,280617.0,346863.0,357459.0,374710.0,427468.0,447626.0,492655.0,567861.0,625650.0,669399.0,628997.0,708186.0,763035.0,792946.0,833073.0,878872.0,936954.0,1020898.0,1113718.0,1188976.0,1252437.0,1238965.0,1391397.0,1494439.0,1549983.0,1580988.0,1651834.0
A,CLV20_MNAC,P6,PT,,,,,,,,,,,,,,,,,,,,,30595.7,32340.9,34701.6,37510.5,38825.1,42140.2,43117.7,44548.3,46758.2,48442.3,48575.7,54632.5,58171.1,57926.5,52094.1,56875.1,60790.1,62667.5,67216.9,70109.7,74493.1,78003.0,84547.8,88180.7,91711.8,74896.8,83910.3,98303.3,102537.6,105855.1,106294.4
A,CLV20_MNAC,P6,RO,,,,,,,,,,,,,,,,,,,,,65361.6,69339.1,77083.3,75852.6,81401.6,66280.1,75731.9,88872.5,96285.2,109903.7,120018.6,134146.3,162181.8,184483.0,173997.3,201176.6,225543.5,227934.2,275194.8,298685.4,312374.7,363415.4,391635.3,412243.7,434336.0,393243.8,442939.2,484164.1,477636.9,465718.7,483997.5
A,CLV20_MNAC,P6,RS,,,,,,,,,,,,,,,,,,,,,120828.8,269766.2,407561.9,527812.9,305049.5,347285.0,534806.4,638240.5,817297.4,898219.4,1064886.3,1140453.0,1173531.5,1320904.3,1168566.5,1365597.1,1442463.0,1483680.8,1751340.8,1826077.7,1991198.3,2207952.1,2381580.3,2596949.7,2785277.5,2657565.3,3200439.9,3745516.9,3847714.0,4047428.8,4275423.9
A,CLV20_MNAC,P6,SE,,,,,,,,,,,,,,,,,,,624995.0,709995.0,789805.0,823734.0,937669.0,1021043.0,1093016.0,1221554.0,1227976.0,1248081.0,1300939.0,1446901.0,1549052.0,1677876.0,1751888.0,1769478.0,1516744.0,1684353.0,1798488.0,1811223.0,1808926.0,1879811.0,1975501.0,2035980.0,2103104.0,2194836.0,2347481.0,2220062.0,2476658.0,2626582.0,2693901.0,2764312.0,2873022.0
A,CLV20_MNAC,P6,SI,,,,,,,,,,,,,,,,,,,,,9294.3,9570.6,10684.1,11519.8,11750.7,13230.4,14180.6,15284.2,15767.3,17823.7,19849.2,22652.4,25791.5,26870.5,22428.1,24743.3,26398.7,26595.8,27339.3,28933.4,30504.6,32466.1,36060.3,38279.9,39995.1,36583.2,41749.3,44854.3,43996.5,45024.3,45160.8
A,CLV20_MNAC,P6,SK,,,,,,,,,,,,,,,,,,,,,14491.0,14159.6,16133.4,15765.1,17358.6,18777.8,20848.6,22392.5,26808.9,32473.5,36573.2,44920.7,51413.1,52959.7,44293.6,52282.7,57557.8,62859.0,66241.8,68428.6,73049.1,76630.4,79421.0,83770.4,84906.8,79510.7,87987.4,90423.5,89815.2,89835.3,93413.2
A,CLV20_MNAC,P6,TR,,,,,,,,,,,,,,,,,,,,,311227.6,374364.6,438383.3,485803.2,437322.5,520880.3,547115.0,593669.7,640823.7,720370.9,781643.7,827986.0,886843.4,921471.1,892391.6,913104.7,1035229.6,1190765.4,1246974.1,1334629.8,1402107.4,1371319.4,1542058.7,1688949.1,1767885.6,1477727.9,1848423.4,2042460.5,1995993.1,1997446.8,1991079.5
A,CLV20_MNAC,P6,UA,,,,,,,,,,,,,,,,,,,,,,,,,,,,,,,,,,,,2429360.2,2494200.0,2353389.2,2163676.9,1855531.0,1611245.2,1581960.6,1644040.1,1621777.7,1740163.9,1639060.0,1498662.0,868536.2,816867.6,901021.7,
A,CLV20_MNAC,P6,XK,,,,,,,,,,,,,,,,,,,,,,,,,,,,,,,,,,626.6,749.5,955.3,1224.9,1249.8,1231.3,1309.1,1333.3,1471.6,1766.2,1926.4,2071.9,1469.1,2596.8,3087.1,3310.5,3622.8,3901.8
A,CLV20_MNAC,P6_S21,AT,,,,,,,,,,,,,,,,,,,,,,,,,,,,,,,,,,,,,,118933.7,119340.1,128236.1,131409.6,136373.2,147845.7,153721.6,157770.1,139825.6,160583.0,166106.9,156769.6,157183.6,155474.4
A,CLV20_MNAC,P6_S21,BE,,,,,,,,,,,,,,,,,,,,,104917.6,110198.8,120697.8,125601.5,131573.9,147919.1,148229.9,153651.8,156302.0,166207.5,175333.7,185479.7,195339.2,199912.4,176018.5,187092.9,192551.7,189138.8,188841.4,197349.9,205932.1,217419.5,230247.0,236599.5,245318.3,231409.5,259039.3,257384.7,240362.9,241522.5,249202.2
A,CLV20_MNAC,P6_S21,BG,,,,,,,,,,,,,,,,,,,,,,,,,,,,,,,,,,,,,,,,12579.2,14674.0,17216.3,18887.9,21581.2,23693.7,22242.2,24564.3,27377.2,26791.6,27497.3,26891.6
A,CLV20_MNAC,P6_S21,CY,,,,,,,,,,,,,,,,,,,,,,,,,,,,,,,,,,3699.4,3316.9,3560.9,3774.0,3419.7,3476.8,3958.3,4054.3,4236.9,4888.6,5266.8,6830.3,6953.1,8954.4,11388.1,10674.3,11654.7,12221.2
A,CLV20_MNAC,P6_S21,CZ,,,,,,,,,,,,,,,,,,,,,,,,,,,,,,,,,,,,2203327.0,2399681.0,2403233.0,2409921.0,2658195.0,2806085.0,2916262.0,3115946.0,3216767.0,3255266.0,2991757.0,3240138.0,3439327.0,3495350.0,3457025.0,3578481.0
A,CLV20_MNAC,P6_S21,DE,,,,,,,,,,,,,,,,,,,,,,,,,,,,,,,,,,,,,,562516.5,564221.7,593669.1,622067.1,649546.9,678797.5,707851.4,731789.6,655843.0,726542.9,751005.8,740774.7,734675.3,757367.5
A,CLV20_MNAC,P6_S21,DK,,,,,,,,,,,,,,,,,,,,,,,,,,,,,,,485089.1,524927.9,538895.6,548194.8,484002.6,488512.6,510459.8,493291.6,515522.1,527405.4,538370.3,566115.4,583023.1,587611.7,606696.3,567137.6,611414.5,652494.6,739182.0,741695.4,773754.4
A,CLV20_MNAC,P6_S21,EE,,,,,,,,,,,,,,,,,,,,,,,,,,,,,,,,,,9029.9,7316.6,8960.8,10726.2,10867.4,12023.2,12301.1,12508.5,12910.8,13549.1,14048.0,14406.2,12882.4,16032.0,17358.3,16322.0,15682.4,16749.9
A,CLV20_MNAC,P6_S21,EL,,,,,,,,,,,,,,,,,,,,,,,,,,,,,,,,,,,,,20156.5,19187.7,20755.1,22983.9,24087.6,24930.0,25886.8,28612.3,30332.7,24878.7,32252.9,36683.1,37574.2,36153.5,38257.9
A,CLV20_MNAC,P6_S21,ES,,,,,,,,,,,,,,,,,,,,,,,,,,,,,,,,,,,,,,180822.0,188447.0,197943.0,207413.0,220898.0,235594.0,239856.0,245329.0,204102.0,237512.0,266631.0,272198.0,279768.0,289236.0
A,CLV20_MNAC,P6_S21,FI,,,,,,,,,,,,,,,,,,,,,,,,,,,,,,,,,,41774.6,32223.0,33479.5,35560.4,35388.0,37108.1,35963.4,37227.0,39766.3,43931.0,44656.5,48984.4,43406.0,47314.7,50466.7,51121.7,51750.4,53321.4
A,CLV20_MNAC,P6_S21,FR,,,,,,,,,,,,,,,,,,,,,,,,,,,,,,,,,,312210.6,274133.5,296115.5,315750.4,313704.0,325348.7,332046.0,343169.8,355191.1,365082.0,382877.4,390147.8,340246.8,378796.9,404693.4,417127.5,421718.0,429150.1
A,CLV20_MNAC,P6_S21,HR,,,,,,,,,,,,,,,,,,,,,,,,,,,,,,,,,,,,,,11768.9,12386.7,13428.0,15084.9,16169.5,16950.5,17790.9,18864.7,14862.9,19904.8,25103.6,24217.9,23793.9,23985.6
A,CLV20_MNAC,P6_S21,HU,,,,,,,,,,,,,,,,,,,,,,,,,,,,,,,,,,19154041.0,17085739.9,18679466.4,20186068.6,20046648.2,20359370.4,23080328.1,23833056.6,25661847.7,27658681.5,29083032.1,30799823.8,29030360.0,30843298.5,34559896.6,35042302.5,33931491.9,34631106.6
A,CLV20_MNAC,P6_S21,IE,,,,,,,,,,,,,,,,,,,,,,,,,,,,,,,,,,,,,,83285.2,84948.1,92926.6,108861.2,110864.9,113575.9,135859.7,140523.0,164079.8,201896.7,235130.6,219915.2,230257.5,235088.8
A,CLV20_MNAC,P6_S21,IT,,,,,,,,,,,,,,,,,,,,,,,,,,,,,,,,,,256723.4,205821.3,224977.1,231240.1,223921.6,220202.2,229659.1,241107.0,251077.4,266254.5,275824.3,280093.8,246822.0,286702.3,313782.1,320490.1,315198.2,329936.9
A,CLV20_MNAC,P6_S21,LT,,,,,,,,,,,,,,,,,,,,,,,,,,,,,,6952.6,8350.8,9302.9,9996.2,10591.3,9871.6,10812.0,12563.2,13327.9,13945.5,14512.8,16323.3,16973.5,19098.1,20775.6,22936.8,23328.9,27560.9,32248.0,31303.8,32816.5,34893.7
A,CLV20_MNAC,P6_S21,LU,,,,,,,,,,,,,,,,,,,,,23119.0,24394.7,27044.3,31032.4,34521.8,40347.5,42751.8,44292.9,45809.3,49881.7,51338.7,56386.6,58669.0,58708.5,54728.5,55089.6,56936.0,60325.6,63527.3,66536.7,68845.0,74071.6,72162.0,75628.6,79868.3,81835.4,91026.6,93621.6,95229.7,84404.3,85600.0
A,CLV20_MNAC,P6_S21,LV,,,,,,,,,,,,,,,,,,,,,,,,,,2532.1,2985.2,3302.3,3551.6,4249.7,5579.4,6092.2,6981.0,7090.2,6195.0,6908.0,7892.2,8434.7,8573.3,9473.7,9895.2,10432.7,10877.7,11633.2,12029.8,11947.9,13465.2,14881.7,14039.8,14173.3,14612.2
A,CLV20_MNAC,P6_S21,ME,,,,,,,,,,,,,,,,,,,,,,,,,,,,,,,,572.8,727.9,629.6,484.3,558.4,621.1,465.4,439.7,457.6,471.4,490.0,500.4,629.6,644.6,401.0,574.9,825.6,884.1,804.7,751.3
A,CLV20_MNAC,P6_S21,MT,,,,,,,,,,,,,,,,,,,,,,,,,,3393.6,2976.5,3232.8,3043.4,3061.1,3108.1,3828.3,4107.4,4349.2,3834.4,4510.1,4904.1,5285.2,5419.5,5740.7,7088.1,7747.5,8868.2,10201.1,10999.6,11972.2,12208.4,12825.1,14602.5,15375.6,16477.8
A,CLV20_MNAC,P6_S21,NL,,,,,,,,,,,,,,,,,,,,,149572.4,154902.3,167415.2,178889.1,195077.2,216106.8,219357.6,216277.8,219376.8,242566.0,253665.7,272926.3,288147.6,295106.5,266899.4,284326.0,303389.9,306896.9,315942.2,330444.6,349113.3,361854.9,389172.1,416518.5,423460.0,394212.0,432864.9,458917.9,441748.3,433963.4,448263.6
A,CLV20_MNAC,P6_S21,PL,,,,,,,,,,,,,,,,,,,,,,,,,,,,,,,,,,482000.0,459252.0,511887.0,542323.0,547367.0,567970.0,615951.0,667740.0,725727.0,789381.0,850673.0,891834.0,887994.0,1013257.0,1118252.0,1115302.0,1134152.0,1189085.0
A,CLV20_MNAC,P6_S21,PT,,,,,,,,,,,,,,,,,,,,,,,,,,,,,,,,,,38718.2,34265.1,37787.1,39908.6,39353.4,41546.4,43445.6,46739.0,49981.4,53652.6,57677.6,60029.5,51017.9,57285.3,64785.4,66506.7,69565.3,70525.4
A,CLV20_MNAC,P6_S21,RO,,,,,,,,,,,,,,,,,,,,,,,,,,,,,,,,,114707.4,129937.2,127450.6,142522.7,158654.1,160297.2,194156.5,214165.6,231896.2,273905.8,298987.6,319668.1,337477.3,287579.7,319052.1,340917.5,337461.0,332195.8,343909.3
A,CLV20_MNAC,P6_S21,RS,,,,,,,,,,,,,,,,,,,,,,,,,,,,,,,,,,,,,,862128.4,1018625.8,1085695.1,1167664.8,1302609.8,1385955.7,1535312.0,1678112.8,1622903.8,1909087.7,2209060.1,2259285.0,2343402.6,2451743.4
A,CLV20_MNAC,P6_S21,SE,,,,,,,,,,,,,,,,,,,,,,,,,,,,,,,,,,,,,,,922605.1,957525.9,991653.6,1046936.1,1079373.3,1119868.1,1163664.3,1099176.1,1254167.3,1333244.0,1404269.2,1439993.6,1483445.8
A,CLV20_MNAC,P6_S21,SI,,,,,,,,,,,,,,,,,,,,,,,,,,,,,,,,,,18565.9,16663.8,18483.9,19828.0,19564.7,20124.1,21655.5,22891.6,24265.6,27241.6,29235.2,30544.4,27608.0,31732.5,34141.7,33020.5,33462.2,33783.2
A,CLV20_MNAC,P6_S21,SK,,,,,,,,,,,,,,,,,,,,,12164.3,11854.5,13588.2,13846.4,15332.5,16604.5,18482.4,19653.0,22657.5,27421.6,31003.0,37565.5,42399.1,42991.1,36227.1,42504.6,46927.1,50380.2,51969.2,54133.4,58205.7,60967.5,63691.6,67284.3,68380.9,64047.1,72351.3,75099.5,71688.1,73479.7,72233.8
A,CLV20_MNAC,P6_S21,TR,,,,,,,,,,,,,,,,,,,,,,,,,,,,,,,,,,,414224.0,421449.3,471230.1,535258.7,546044.7,596931.7,635993.6,657112.2,713486.9,824975.4,845872.5,600129.2,752177.9,817786.8,818269.8,832820.7,852421.7
A,CLV20_MNAC,P6_S2111,AT,,,,,,,,,,,,,,,,,,,,,,,,,,,,,,,,,,,,,,106404.1,106830.2,106255.2,108912.4,111435.0,121356.5,126469.8,128806.7,115044.5,132786.4,135265.2,126454.5,128031.9,124958.6
A,CLV20_MNAC,P6_S2111,BE,,,,,,,,,,,,,,,,,,,,,,,,,120045.7,134966.5,135193.1,140210.7,142667.0,151759.5,160084.8,169382.5,178335.8,180490.3,159455.7,169160.3,173240.8,169788.1,168849.7,175790.8,182546.0,192254.1,203421.8,209560.0,215498.3,201944.1,227332.4,222982.2,206214.4,208066.4,214142.8
A,CLV20_MNAC,P6_S2111,BG,,,,,,,,,,,,,,,,,,,,,,,,,,,,,,,,,,,,,,,,14702.5,15641.2,16848.1,17172.7,18067.5,17952.7,16301.9,17435.8,19489.0,19168.6,19691.5,18969.1
A,CLV20_MNAC,P6_S2111,CY,,,,,,,,,,,,,,,,,,,,,,,,,,,,,,,,,,2461.4,2265.8,2389.0,2604.2,2382.6,2962.4,2894.0,3293.1,3422.7,4035.1,4279.9,5742.1,6167.1,7396.2,9183.9,8508.6,9294.2,9741.5
A,CLV20_MNAC,P6_S2111,CZ,,,,,,,,,,,,,,,,,,,,,,,,,,,,,,,,,,,,1856475.0,2006999.0,1994994.0,1986667.0,2166065.0,2301973.0,2390415.0,2555581.0,2629912.0,2657741.0,2446735.0,2629661.0,2795658.0,2823973.0,2768545.0,2864158.0
A,CLV20_MNAC,P6_S2111,DE,,,,,,,,,,,,,,,,,,,,,,,,,,,,,,,,,,,,,,427616.7,426052.9,440079.4,458228.4,476567.0,497654.1,515566.2,533099.3,473866.0,527365.5,547504.8,544235.1,536179.4,549684.6
A,CLV20_MNAC,P6_S2111,DK,,,,,,,,,,,,,,,,,,,,,,,,,,,,,,,344661.5,364598.4,367541.5,376944.9,332566.1,331053.2,344523.3,328448.5,353006.8,365356.6,373525.6,392045.6,402304.2,405802.3,419762.5,405152.4,433288.9,466651.9,537335.6,539578.9,555272.8
A,CLV20_MNAC,P6_S2111,EE,,,,,,,,,,,,,,,,,,,,,,,,,,,,,,,,,,3892.9,3370.5,3902.5,4545.8,4493.6,6113.8,7692.0,8585.8,8777.0,9655.9,10012.2,10477.5,9477.1,12084.8,13156.2,12589.2,12191.1,12959.1
A,CLV20_MNAC,P6_S2111,EL,,,,,,,,,,,,,,,,,,,,,,,,,,,,,,,,,,,,,16221.0,15181.6,16225.6,18068.7,19347.7,19781.2,20592.6,22564.1,24057.8,19632.7,25324.9,27625.7,29015.5,27826.7,28908.6
A,CLV20_MNAC,P6_S2111,ES,,,,,,,,,,,,,,,,,,,,,,,,,,,,,,,,,,,,,,163444.0,169602.0,178078.0,185323.0,197852.0,210365.0,214858.0,218935.0,183583.0,213612.0,239894.0,243266.0,249374.0,256989.0
A,CLV20_MNAC,P6_S2111,FI,,,,,,,,,,,,,,,,,,,,,,,,,,,,,,,,,,27999.2,20929.6,21553.4,22161.0,22776.6,23574.7,22887.5,24221.6,25246.3,28610.8,28211.8,32223.2,28103.0,30477.0,32022.7,33170.4,34013.8,34870.3
A,CLV20_MNAC,P6_S2111,FR,,,,,,,,,,,,,,,,,,,,,,,,,,,,,,,,,,280854.8,247867.2,266929.4,284220.5,282742.5,291643.3,296912.7,305289.0,316190.2,323708.7,338713.3,345245.5,298227.3,331683.2,355192.0,377605.3,379666.0,385581.9
A,CLV20_MNAC,P6_S2111,HR,,,,,,,,,,,,,,,,,,,,,,,,,,,,,,,,,,,,,,10417.1,10901.9,11725.1,13163.5,13991.3,14393.3,15178.2,15870.3,12004.4,15749.9,19519.6,19682.5,19143.6,19385.5
A,CLV20_MNAC,P6_S2111,HU,,,,,,,,,,,,,,,,,,,,,,,,,,,,,,,,,,15257836.9,13686607.9,14901924.9,16030729.0,16003707.6,16202815.6,18487615.9,18842411.6,20169186.6,21853346.2,22895430.9,24214883.0,22876157.0,24580044.4,28180795.4,28583113.6,27213698.0,27796776.1
A,CLV20_MNAC,P6_S2111,IE,,,,,,,,,,,,,,,,,,,,,,,,,,,,,,,,,,,,,,74034.5,74942.6,82395.2,94759.5,95422.3,97219.7,118159.4,121270.0,143106.6,176253.8,206895.2,191757.8,200167.2,202374.9
A,CLV20_MNAC,P6_S2111,IT,,,,,,,,,,,,,,,,,,,,,,,,,,,,,,,,,,217761.9,174606.5,190534.3,196042.2,190040.9,185843.2,193296.8,201585.0,210764.8,222100.7,231618.1,234522.1,205591.0,238628.8,261998.7,266800.3,261500.5,265801.7
A,CLV20_MNAC,P6_S2111,LT,,,,,,,,,,,,,,,,,,,,,,,,,,,,,,5307.9,6313.8,6899.1,7466.9,7776.2,7279.6,7889.8,9545.0,10202.8,10224.0,10247.4,11409.6,11745.6,13516.8,14771.8,16794.3,17298.9,19907.4,23720.0,23154.6,24154.8,25548.3
A,CLV20_MNAC,P6_S2111,LU,,,,,,,,,,,,,,,,,,,,,21899.8,23154.4,25578.4,29167.4,32688.8,38198.0,40404.9,41647.5,42937.2,46805.2,48079.9,52577.7,54396.5,54550.2,51017.5,51124.7,52777.0,55648.9,58487.6,61217.0,63157.5,67981.5,66093.8,69187.9,73034.4,74710.6,83188.9,85959.4,87643.4,77873.2,78915.5
A,CLV20_MNAC,P6_S2111,LV,,,,,,,,,,,,,,,,,,,,,,,,,,1738.7,2035.6,2252.1,2379.1,2848.3,3925.6,4695.5,5311.4,5451.7,4782.5,5225.2,5881.5,6202.9,6239.8,7064.0,7379.9,7733.1,7924.6,8459.4,8991.1,8912.5,10285.8,11526.2,10897.2,10945.5,11379.8
A,CLV20_MNAC,P6_S2111,ME,,,,,,,,,,,,,,,,,,,,,,,,,,,,,,,,412.5,494.7,494.1,357.4,382.1,364.4,278.3,329.9,304.9,342.5,316.6,322.3,390.1,393.5,262.0,403.9,600.5,662.3,578.8,559.1
A,CLV20_MNAC,P6_S2111,MT,,,,,,,,,,,,,,,,,,,,,,,,,,3132.1,2738.5,2975.0,2799.6,2808.8,2842.1,3498.5,3748.3,3949.2,3470.4,4090.3,4449.4,4799.1,4900.6,5171.5,6351.3,6942.7,7924.4,9129.5,9783.8,10840.6,11018.8,11514.9,13215.1,13873.3,14966.9
A,CLV20_MNAC,P6_S2111,NL,,,,,,,,,,,,,,,,,,,,,139039.7,143876.7,153994.2,164162.8,177765.0,196454.6,200775.0,197835.3,202675.1,217837.1,226199.9,251162.2,250007.3,255016.2,233612.7,251609.3,268486.7,269647.0,272315.2,282994.1,295881.2,304989.2,331853.3,356454.4,362009.2,335124.0,366800.4,393527.4,377544.3,370081.2,381284.9
A,CLV20_MNAC,P6_S2111,PL,,,,,,,,,,,,,,,,,,,,,,,,,,,,,,,,,,381601.0,369588.0,406776.0,429305.0,431102.0,446165.0,482899.0,520481.0,564100.0,615954.0,665071.0,698820.0,699116.0,801471.0,871447.0,894972.0,903397.0,943588.0
A,CLV20_MNAC,P6_S2111,PT,,,,,,,,,,,,,,,,,,,,,,,,,,,,,,,,,,36432.0,31975.0,35196.9,37171.5,36342.8,38534.2,40295.8,43584.1,46418.7,49679.6,53665.7,55805.7,47207.1,52912.7,59564.7,61074.3,63838.3,64575.2
A,CLV20_MNAC,P6_S2111,RO,,,,,,,,,,,,,,,,,,,,,,,,,,,,,,,,,84668.0,96550.5,96372.7,106189.3,116479.9,116956.0,143835.2,158677.9,171434.6,202966.4,223137.2,236638.1,247666.0,226969.4,246969.6,258201.2,262994.7,258340.0,267233.9
A,CLV20_MNAC,P6_S2111,RS,,,,,,,,,,,,,,,,,,,,,,,,,,,,,,,,,,,,,,697633.4,822576.5,885778.0,943668.8,1031410.1,1058655.7,1138975.1,1240376.2,1147317.8,1346117.7,1561431.7,1548434.3,1651640.2,1750800.9
A,CLV20_MNAC,P6_S2111,SE,,,,,,,,,,,,,,,,,,,,,,,,,,,,,,,,,,,,,,,732367.9,757919.8,780028.4,822886.3,849248.0,879884.9,911535.9,846627.7,955705.4,1016946.8,1089849.8,1123965.2,1141195.0
A,CLV20_MNAC,P6_S2111,SI,,,,,,,,,,,,,,,,,,,,,,,,,,,,,,,,,,13943.2,14084.9,15441.8,16545.7,16343.4,16770.5,18043.7,19071.4,20151.4,22739.5,24417.4,25530.1,22858.1,26259.1,28336.6,27186.7,27245.7,27357.7
A,CLV20_MNAC,P6_S2111,SK,,,,,,,,,,,,,,,,,,,,,5552.5,5964.3,7747.4,8822.3,10233.7,11016.7,12340.7,13376.6,16115.9,18798.9,20277.5,24208.8,27308.5,26648.5,22309.4,25601.0,27497.3,29133.6,30185.1,32385.8,35208.7,37462.8,39004.8,41721.1,42487.0,39839.5,43108.4,43450.6,41647.3,41983.9,41383.4
A,CLV20_MNAC,P6_S2111,TR,,,,,,,,,,,,,,,,,,,,,,,,,,,,,,,,,,,316291.2,320562.5,353359.6,399650.0,405425.2,436450.0,449468.7,455733.9,502502.6,583650.0,593361.1,480168.5,603218.5,652461.2,642947.3,653467.2,665915.2
A,CLV20_MNAC,P6_S2112,AT,,,,,,,,,,,,,,,,,,,,,,,,,,,,,,,,,,,,,,15437.9,15450.4,22107.1,22629.0,24937.9,26489.9,27253.0,28962.9,24781.1,27796.7,30904.6,30508.2,29276.2,30713.7
A,CLV20_MNAC,P6_S2112,BE,,,,,,,,,,,,,,,,,,,,,,,,,11477.2,12895.0,12980.4,13381.3,13573.3,14381.5,15178.9,16022.5,16925.7,19377.5,16514.8,17884.9,19270.3,19316.5,19969.0,21544.4,23378.0,25152.5,26809.6,27024.6,29814.8,29465.4,31706.9,34474.1,34346.1,33623.9,35247.0
A,CLV20_MNAC,P6_S2112,BG,,,,,,,,,,,,,,,,,,,,,,,,,,,,,,,,,,,,,,,,1075.3,1574.9,2273.5,2973.1,4145.1,5793.2,5940.3,7128.5,7881.1,7607.8,7788.7,7930.5
A,CLV20_MNAC,P6_S2112,CY,,,,,,,,,,,,,,,,,,,,,,,,,,,,,,,,,,1242.2,1054.9,1175.9,1173.9,1040.6,515.8,1068.4,763.0,816.2,855.1,989.1,1089.8,786.0,1558.4,2203.8,2164.8,2359.6,2478.7
A,CLV20_MNAC,P6_S2112,CZ,,,,,,,,,,,,,,,,,,,,,,,,,,,,,,,,,,,,346908.0,392717.0,408167.0,423207.0,492324.0,504208.0,525926.0,560463.0,586867.0,597515.0,545022.0,610477.0,643588.0,671639.0,689542.0,715488.0
A,CLV20_MNAC,P6_S2112,DE,,,,,,,,,,,,,,,,,,,,,,,,,,,,,,,,,,,,,,134845.0,138120.5,153534.0,163779.3,172987.3,181158.1,192258.7,198682.5,181977.0,199155.6,203486.7,196571.6,198536.9,207726.8
A,CLV20_MNAC,P6_S2112,DK,,,,,,,,,,,,,,,,,,,,,,,,,,,,,,,140504.9,160358.1,171346.2,171259.5,151443.5,157453.4,165924.8,164830.0,162505.6,162044.2,164841.0,174064.6,180713.8,181804.2,186928.1,161985.1,178125.6,185821.2,201734.0,202002.3,218399.0
A,CLV20_MNAC,P6_S2112,EE,,,,,,,,,,,,,,,,,,,,,,,,,,,,,,,,,,5039.8,3801.4,4950.8,6089.1,6315.2,5485.6,4432.2,3863.4,4059.8,3887.0,4029.4,3928.6,3405.2,3947.2,4201.9,3732.4,3490.7,3790.4
A,CLV20_MNAC,P6_S2112,EL,,,,,,,,,,,,,,,,,,,,,,,,,,,,,,,,,,,,,3935.5,4006.1,4529.5,4915.2,4740.0,5148.8,5294.2,6048.2,6274.8,5245.9,6928.1,9057.4,8558.7,8326.8,9349.3
A,CLV20_MNAC,P6_S2112,ES,,,,,,,,,,,,,,,,,,,,,,,,,,,,,,,,,,,,,,17377.0,18845.0,19865.0,22090.0,23047.0,25228.0,24998.0,26394.0,20519.0,23900.0,26735.0,28943.0,30408.0,32263.0
A,CLV20_MNAC,P6_S2112,FI,,,,,,,,,,,,,,,,,,,,,,,,,,,,,,,,,,13772.4,11290.6,11923.4,13396.5,12608.6,13530.6,13075.1,13004.6,14520.1,15319.1,16444.7,16761.1,15303.0,16837.6,18443.8,17951.1,17736.4,18449.9
A,CLV20_MNAC,P6_S2112,FR,,,,,,,,,,,,,,,,,,,,,,,,,,,,,,,,,,31508.5,26473.8,29367.3,31703.2,31150.4,33829.7,35228.3,37920.7,39048.5,41409.5,44194.0,44934.5,42019.5,47113.7,49535.6,41035.1,43132.3,44514.6
A,CLV20_MNAC,P6_S2112,HR,,,,,,,,,,,,,,,,,,,,,,,,,,,,,,,,,,,,,,1397.1,1528.9,1745.1,1968.2,2221.3,2587.1,2648.2,3021.1,2858.5,4154.9,5595.0,4523.1,4644.8,4591.7
A,CLV20_MNAC,P6_S2112,HU,,,,,,,,,,,,,,,,,,,,,,,,,,,,,,,,,,3898807.7,3402561.6,3783230.6,4161203.5,4052587.5,4163514.4,4606764.4,4993859.7,5494044.6,5807164.9,6187300.7,6583426.4,6154203.0,6263254.9,6416886.8,6498750.2,6691889.9,6810877.2
A,CLV20_MNAC,P6_S2112,IE,,,,,,,,,,,,,,,,,,,,,,,,,,,,,,,,,,,,,,9253.8,10007.9,10534.5,14103.2,15442.9,16355.9,17700.7,19253.3,20973.2,25642.9,28236.1,28157.2,30090.1,32713.5
A,CLV20_MNAC,P6_S2112,IT,,,,,,,,,,,,,,,,,,,,,,,,,,,,,,,,,,38994.0,31241.3,34470.6,35228.3,33913.1,34384.7,36382.5,39529.5,40325.2,44152.7,44222.1,45576.9,41231.0,48073.5,51798.1,53696.8,53712.6,64197.2
A,CLV20_MNAC,P6_S2112,LT,,,,,,,,,,,,,,,,,,,,,,,,,,,,,,1646.0,2038.7,2405.3,2531.0,2816.4,2593.3,2922.9,3022.0,3129.9,3723.0,4264.4,4911.9,5225.7,5579.1,6001.6,6142.1,6030.0,7653.5,8528.3,8148.4,8662.8,9349.1
A,CLV20_MNAC,P6_S2112,LU,,,,,,,,,,,,,,,,,,,,,1216.2,1237.4,1462.1,1859.7,1828.0,2143.7,2340.6,2638.3,2864.9,3068.3,3251.3,3802.4,4267.9,4152.7,3704.2,3961.0,4155.6,4676.0,5039.7,5319.8,5688.0,6090.8,6068.6,6440.9,6834.1,7124.8,7837.7,7661.1,7585.4,6530.3,6684.3
A,CLV20_MNAC,P6_S2112,LV,,,,,,,,,,,,,,,,,,,,,,,,,,805.0,964.7,1067.0,1195.0,1428.2,1674.2,1391.7,1666.4,1633.3,1407.2,1680.7,2010.9,2234.3,2338.1,2409.7,2515.3,2701.0,2958.3,3179.7,3038.7,3035.4,3179.5,3359.1,3146.0,3228.3,3237.6
A,CLV20_MNAC,P6_S2112,ME,,,,,,,,,,,,,,,,,,,,,,,,,,,,,,,,164.2,239.9,137.7,129.4,177.4,255.4,186.3,112.2,153.3,130.5,173.6,178.4,239.4,251.0,139.1,171.0,225.0,221.4,225.8,192.0
A,CLV20_MNAC,P6_S2112,MT,,,,,,,,,,,,,,,,,,,,,,,,,,259.8,236.7,256.4,242.5,251.2,265.1,328.6,358.0,399.3,363.6,419.3,454.0,485.3,518.4,568.9,736.8,804.7,943.9,1071.6,1215.9,1131.6,1189.5,1310.2,1387.3,1502.3,1510.8
A,CLV20_MNAC,P6_S2112,NL,,,,,,,,,,,,,,,,,,,,,10423.1,10916.2,13353.1,14665.5,17278.3,19623.6,18523.8,18387.3,16624.0,24664.2,27399.0,21683.8,38110.8,40065.6,33242.4,32685.2,34869.2,37219.0,43617.0,47446.0,53234.5,56871.0,57317.4,60060.4,61447.9,59088.0,66065.1,65380.5,64203.8,63885.8,66988.0
A,CLV20_MNAC,P6_S2112,PL,,,,,,,,,,,,,,,,,,,,,,,,,,,,,,,,,,100396.0,89667.0,105113.0,113019.0,116266.0,121805.0,133051.0,147256.0,161624.0,173425.0,185600.0,193013.0,188878.0,211786.0,246802.0,220334.0,230769.0,245517.0
A,CLV20_MNAC,P6_S2112,PT,,,,,,,,,,,,,,,,,,,,,,,,,,,,,,,,,,2257.7,2277.4,2579.2,2725.6,3014.0,3007.9,3145.3,3139.1,3554.7,3971.4,3998.0,4211.5,3810.8,4377.0,5238.7,5454.3,5752.1,5982.4
A,CLV20_MNAC,P6_S2112,RO,,,,,,,,,,,,,,,,,,,,,,,,,,,,,,,,,30039.4,33386.6,31078.0,36333.4,42174.2,43341.2,50321.3,55487.8,60461.6,70939.4,75850.5,83030.1,89811.3,60610.3,72082.5,82716.4,74466.3,73855.8,76675.4
A,CLV20_MNAC,P6_S2112,RS,,,,,,,,,,,,,,,,,,,,,,,,,,,,,,,,,,,,,,169027.9,201234.8,206188.6,230128.9,276715.8,331309.7,398702.4,440058.1,475586.0,562970.0,647732.7,710011.1,691194.3,700228.8
A,CLV20_MNAC,P6_S2112,SE,,,,,,,,,,,,,,,,,,,,,,,,,,,,,,,,,,,,,,,190268.6,199635.8,211648.7,224073.9,230150.9,240008.7,252151.3,252548.4,298461.8,316299.7,314552.5,316211.6,342342.9
A,CLV20_MNAC,P6_S2112,SI,,,,,,,,,,,,,,,,,,,,,,,,,,,,,,,,,,4606.0,2580.7,3042.6,3282.7,3221.9,3353.8,3612.1,3820.5,4114.3,4502.4,4818.2,5014.7,4749.9,5473.4,5805.2,5832.3,6213.3,6421.9
A,CLV20_MNAC,P6_S2112,SK,,,,,,,,,,,,,,,,,,,,,6533.7,5835.7,5815.5,5035.7,5130.2,5619.2,6179.9,6327.8,6627.0,8700.0,10776.6,13405.2,15144.7,16358.5,13925.7,16892.6,19390.0,21189.7,21730.2,21725.3,22986.7,23504.7,24686.7,25563.2,25893.9,24207.6,29242.9,31645.5,30038.0,31492.6,30847.3
A,CLV20_MNAC,P6_S2112,TR,,,,,,,,,,,,,,,,,,,,,,,,,,,,,,,,,,,95104.0,97775.8,113444.7,130259.6,134736.7,152787.5,175422.0,188287.8,198204.7,227040.0,236915.7,119960.7,149220.1,164978.4,162901.2,166724.6,173525.9
A,CLV20_MNAC,P6_S212,BE,,,,,,,,,,,,,,,,,,,,,1847.6,1835.1,1843.5,1752.9,1568.2,1608.3,1842.1,2178.8,1535.4,1944.8,2201.0,2681.7,2957.4,2765.5,2905.0,2660.7,2800.5,2941.7,3035.8,2904.4,3181.3,3675.7,3815.0,3965.8,4308.3,4161.0,3295.9,3414.4,3125.7,3494.0,
A,CLV20_MNAC,P6_S212,CY,,,,,,,,,,,,,,,,,,,,,,,,,,,,,,,,,,25.0,25.6,24.9,19.6,19.6,26.1,21.2,22.1,19.8,27.5,38.7,30.3,31.8,16.2,22.2,34.8,35.4,37.8
A,CLV20_MNAC,P6_S212,EE,,,,,,,,,,,,,,,,,,,,,,,,,,,,,,,,,,0.1,0.1,0.1,0.1,0.1,0.1,0.1,2.4,4.4,6.8,10.2,5.7,13.0,20.9,18.2,14.9,14.2,15.7
A,CLV20_MNAC,P6_S212,IE,,,,,,,,,,,,,,,,,,,,,6.2,6.9,8.1,10.0,11.5,14.0,19.4,15.9,14.4,19.2,25.4,26.2,29.0,25.9,23.6,23.7,25.2,24.1,26.4,29.1,33.3,31.9,38.6,31.9,33.4,26.1,50.6,60.0,0.2,49.5,0.2
A,CLV20_MNAC,P6_S212,IT,,,,,,,,,,,,,,,,,,,,,,,,,,,,,,,,,,790.8,651.2,752.1,651.9,568.3,514.4,511.4,632.0,581.7,503.9,490.1,480.8,410.0,549.8,883.0,725.3,758.1,780.8
A,CLV20_MNAC,P6_S212,LT,,,,,,,,,,,,,,,,,,,,,,,,,,,,,,6.5,15.2,16.3,18.2,23.3,16.8,14.3,15.8,17.4,19.0,23.4,31.2,24.2,21.3,23.8,26.2,25.7,29.4,39.1,34.0,25.8,30.6
A,CLV20_MNAC,P6_S212,LU,,,,,,,,,,,,,,,,,,,,,674.0,780.2,768.2,785.1,596.7,613.7,676.1,723.9,816.1,802.4,727.3,762.7,925.1,933.0,959.9,819.3,807.5,792.8,722.2,764.6,757.4,871.5,860.6,929.0,928.4,1094.6,1207.6,1222.1,1182.4,951.6,960.2
A,CLV20_MNAC,P6_S212,LV,,,,,,,,,,,,,,,,,,,,,,,,,,0.3,1.9,0.6,0.6,6.5,12.2,12.3,14.6,12.1,6.9,7.9,9.3,9.5,8.2,11.3,12.6,13.0,11.1,11.9,10.5,9.7,17.1,18.9,12.1,13.2,15.1
A,CLV20_MNAC,P6_S212,NL,,,,,,,,,,,,,,,,,,,,,115.4,123.2,137.9,146.7,161.4,171.2,177.0,179.0,179.0,182.9,190.7,199.5,212.3,223.0,215.2,226.0,243.6,255.3,272.9,306.2,360.0,344.3,375.6,410.8,435.3,403.0,411.8,460.7,464.6,476.4,479.3
A,CLV20_MNAC,P6_S212,RO,,,,,,,,,,,,,,,,,,,,,,,,,,,,,,,,,0.0,0.0,0.0,0.0,0.0,0.0,6.9,5.9,2.2,1.3,6.3,9.5,13.7,9.2,7.9,18.3,13.8,16.5,15.3
A,CLV20_MNAC,P6_S212,SE,,,,,,,,,,,,,,,,,,,1196.9,1229.7,1219.0,1248.4,1438.6,1593.7,1495.8,1595.2,1259.6,1119.6,1781.9,1854.8,2974.9,2365.3,3374.6,3053.0,2820.1,3724.3,2921.7,2891.3,3257.3,3450.8,3783.7,1425.1,3231.6,3035.7,3224.4,2709.7,4771.3,5124.5,3823.4,4148.5,3654.9
A,CLV20_MNAC,P6_S212,SI,,,,,,,,,,,,,,,,,,,,,,,,,,,,,,,,,,1.1,0.8,0.8,0.4,1.3,0.6,0.5,0.4,1.4,1.6,3.6,4.7,7.4,0.1,0.5,1.7,3.5,6.5
A,CLV20_MNAC,P6_S22,AT,,,,,,,,,,,,,,,,,,,,,,,,,,,,,,,,,,,,,,56422.5,57208.8,52035.3,54317.5,54912.9,52813.0,57272.7,61738.1,56658.4,54582.9,70079.8,81405.4,74462.2,77311.3
A,CLV20_MNAC,P6_S22,BE,,,,,,,,,,,,,,,,,,,,,53119.4,55701.1,60947.1,63558.7,66758.3,75000.5,75534.7,77832.0,78923.2,83589.3,88229.0,93109.8,98391.9,99141.5,89205.0,105671.3,114263.5,115589.8,116728.4,124463.2,127695.7,136698.6,143413.7,142829.3,145231.1,135866.7,162049.5,176762.1,162657.5,154402.9,143904.9
A,CLV20_MNAC,P6_S22,BG,,,,,,,,,,,,,,,,,,,,,,,,,,,,,,,,,,,,,,,,21200.7,19651.7,18876.7,18826.7,15818.5,14955.2,12690.8,14412.1,16301.7,16883.3,16954.3,16613.1
A,CLV20_MNAC,P6_S22,CY,,,,,,,,,,,,,,,,,,,,,,,,,,,,,,,,,,6306.0,6225.0,6584.6,7083.5,7377.3,7441.5,7646.3,8587.1,9317.7,10154.1,10861.9,10702.9,10866.9,13704.8,17499.5,17742.5,18489.8,19354.2
A,CLV20_MNAC,P6_S22,CZ,,,,,,,,,,,,,,,,,,,,,,,,,,,,,,,,,,,,603146.0,664098.0,794593.0,796161.0,826581.0,884930.0,927558.0,1000941.0,1044378.0,1061815.0,957568.0,1031179.0,1051040.0,1102082.0,1215564.0,1277070.0
A,CLV20_MNAC,P6_S22,DE,,,,,,,,,,,,,,,,,,,,,,,,,,,,,,,,,,,,,,661589.4,665684.5,689491.1,723570.1,722529.0,746266.2,753484.6,759523.0,694072.0,760772.3,794226.6,782635.6,756885.5,727109.8
A,CLV20_MNAC,P6_S22,DK,,,,,,,,,,,,,,,,,,,,,,,,,,,,,,,408012.5,460400.6,482285.8,512577.1,479668.7,504527.9,556591.1,587640.7,580165.9,601412.2,627002.9,641870.2,683197.7,721920.6,760750.6,713346.6,768139.0,817924.8,847955.7,955982.2,976060.8
A,CLV20_MNAC,P6_S22,EE,,,,,,,,,,,,,,,,,,,,,,,,,,,,,,,,,,3415.0,2602.7,3358.7,4565.3,5156.3,4482.2,4642.2,4154.8,4573.7,4779.9,4808.5,5395.8,6105.0,7433.8,7385.3,6149.4,6456.2,6484.1
A,CLV20_MNAC,P6_S22,EL,,,,,,,,,,,,,,,,,,,,,,,,,,,,,,,,,,,,,25634.3,27462.2,26816.9,28561.8,30150.0,29098.7,32699.1,35383.4,36770.8,27813.2,33280.9,33163.1,33796.8,35693.0,34912.7
A,CLV20_MNAC,P6_S22,ES,,,,,,,,,,,,,,,,,,,,,,,,,,,,,,,,,,,,,,146528.0,152945.0,158830.0,164885.0,171474.0,178781.0,181401.0,185469.0,140094.0,152764.0,179190.0,183300.0,190118.0,197427.0
A,CLV20_MNAC,P6_S22,FI,,,,,,,,,,,,,,,,,,,,,,,,,,,,,,,,,,45950.6,37857.9,40930.3,40357.9,40709.6,39874.3,39638.5,38560.2,39194.1,42157.7,42907.4,44575.1,42200.0,43413.3,44282.9,42338.1,43352.8,45027.6
A,CLV20_MNAC,P6_S22,FR,,,,,,,,,,,,,,,,,,,,,,,,,,,,,,,,,,287576.4,263079.4,287014.8,305436.7,324165.3,329031.2,340342.9,359720.6,362501.9,384264.1,394656.3,403558.2,321788.5,358218.7,399355.4,406603.8,423166.0,426483.0
A,CLV20_MNAC,P6_S22,HR,,,,,,,,,,,,,,,,,,,,,,,,,,,,,,,,,,,,,,5939.4,5797.1,6084.3,6436.2,6869.3,7682.9,7733.2,8405.6,6084.4,7901.2,10213.7,10588.3,11568.8,11711.8
A,CLV20_MNAC,P6_S22,HU,,,,,,,,,,,,,,,,,,,,,,,,,,,,,,,,,,7026955.8,6289211.5,7293689.5,7459868.3,7131145.2,7914325.5,7807858.4,9316927.8,8771804.8,9014135.8,9421057.4,9807061.5,9082615.0,10410340.7,11123974.3,11466454.3,12339795.6,11163203.2
A,CLV20_MNAC,P6_S22,IE,,,,,,,,,,,,,,,,,,,,,,,,,,,,,,,,,,,,,,112422.7,131429.2,154804.7,236514.8,252832.0,290179.3,287454.9,329465.8,369622.4,401941.7,441318.3,429987.7,475340.0,539058.1
A,CLV20_MNAC,P6_S22,IT,,,,,,,,,,,,,,,,,,,,,,,,,,,,,,,,,,219675.2,185559.9,211548.7,226787.4,242515.7,247355.5,249802.5,257485.3,259242.5,271482.8,273378.6,275839.5,232903.2,260594.7,287560.6,279668.8,282238.6,275057.9
A,CLV20_MNAC,P6_S22,LT,,,,,,,,,,,,,,,,,,,,,,,,,,,,,,5174.1,6182.0,7091.8,6920.6,8291.5,6428.6,8156.3,9164.9,10759.0,11893.7,10853.1,9654.5,10284.4,11847.7,12287.7,13446.7,13080.1,14886.5,15168.7,14534.8,14205.6,14108.2
A,CLV20_MNAC,P6_S22,LU,,,,,,,,,,,,,,,,,,,,,8343.2,9023.1,10916.3,13113.5,14941.2,17531.2,18846.6,17173.8,17352.4,19121.2,21883.7,26380.7,28365.1,28033.2,25718.7,33745.3,35821.8,33821.2,36590.4,40138.2,43335.0,44055.3,45715.2,46401.0,49532.5,50024.9,55789.1,55346.4,54542.9,47116.3,47450.8
A,CLV20_MNAC,P6_S22,LV,,,,,,,,,,,,,,,,,,,,,,,,,,3222.4,3246.9,3225.3,3237.5,3475.0,3955.9,4149.5,4685.5,4860.1,4205.4,4910.3,5388.0,6120.8,6072.7,6109.4,6152.8,6227.7,6874.8,6873.5,6336.6,6363.9,6511.5,7374.1,6654.8,6546.9,6133.4
A,CLV20_MNAC,P6_S22,ME,,,,,,,,,,,,,,,,,,,,,,,,,,,,,,,,622.3,826.9,958.7,906.6,909.2,1069.4,1172.0,1238.8,1196.0,1284.2,1300.7,1322.2,1317.9,1416.2,687.1,1374.3,1500.9,1652.5,1631.4,1571.5
A,CLV20_MNAC,P6_S22,MT,,,,,,,,,,,,,,,,,,,,,,,,,,2240.6,1969.2,2120.4,2010.6,2016.9,2056.1,2530.8,2697.4,2877.1,2526.0,2973.8,3257.8,3491.1,3564.3,3790.3,4734.0,5028.9,5950.8,6573.4,6981.7,6692.3,7301.8,8954.2,8306.9,8973.9,8981.9
A,CLV20_MNAC,P6_S22,NL,,,,,,,,,,,,,,,,,,,,,74483.0,78269.0,88299.0,93621.0,102071.5,117127.6,118714.6,123712.0,126769.0,131876.8,142158.1,151482.3,159325.2,159806.6,148533.8,171411.5,178213.8,192782.1,198821.0,210866.5,237675.0,236382.0,250497.7,254555.5,266156.7,269095.0,275938.1,281081.1,276224.7,283048.3,286144.3
A,CLV20_MNAC,P6_S22,PL,,,,,,,,,,,,,,,,,,,,,,,,,,,,,,,,,,187455.0,169818.0,196369.0,220771.0,245588.0,265095.0,262928.0,269222.0,295178.0,324345.0,338303.0,360606.0,350971.0,378140.0,376190.0,434527.0,446671.0,462587.0
A,CLV20_MNAC,P6_S22,PT,,,,,,,,,,,,,,,,,,,,,,,,,,,,,,,,,,19211.5,17834.3,19092.2,20887.9,23328.6,25689.0,26682.8,27771.5,28035.3,30912.4,30513.5,31693.0,23878.9,26624.4,33527.3,36045.5,36300.8,35777.2
A,CLV20_MNAC,P6_S22,RO,,,,,,,,,,,,,,,,,,,,,,,,,,,,,,,,,47474.5,54545.8,46546.7,58653.9,66889.4,67637.0,81038.4,84519.7,80478.5,89509.6,92647.7,92575.6,96858.7,105664.1,123887.1,143246.6,140175.9,133522.9,140088.3
A,CLV20_MNAC,P6_S22,RS,,,,,,,,,,,,,,,,,,,,,,,,,,,,,,,,,,,,,,623913.5,735483.0,742765.2,826487.9,908241.8,1000005.5,1064522.0,1108195.7,1034661.5,1291352.1,1537113.8,1589318.2,1705062.5,1824674.8
A,CLV20_MNAC,P6_S22,SE,,,,,,,,,,,,,,,,,,,,,,,,,,,,,,,,,,,,,,,886214.6,922173.5,983720.0,988960.4,1023638.1,1074868.3,1183812.1,1120885.9,1222490.7,1293323.2,1289135.9,1323822.6,1389214.3
A,CLV20_MNAC,P6_S22,SI,,,,,,,,,,,,,,,,,,,,,,,,,,,,,,,,,,8300.6,5764.3,6259.7,6571.2,7030.4,7214.5,7277.6,7612.7,8200.2,8818.6,9045.0,9451.0,8975.2,10016.8,10712.6,10975.8,11562.1,11377.6
A,CLV20_MNAC,P6_S22,SK,,,,,,,,,,,,,,,,,,,,,2335.4,2312.6,2555.7,1935.1,2043.8,2192.3,2387.4,2761.1,4171.2,5075.5,5598.3,7381.1,9033.7,9977.3,8078.0,9788.0,10642.9,12483.4,14267.0,14293.7,14846.1,15666.0,15729.7,16485.8,16525.9,15463.6,15636.1,15323.4,18123.7,16348.0,21180.8
A,CLV20_MNAC,P6_S22,TR,,,,,,,,,,,,,,,,,,,,,,,,,,,,,,,,,,,486096.8,499513.9,572234.8,664555.6,709549.9,747956.7,778690.2,728237.8,842768.1,879631.9,939027.8,877598.6,1095984.8,1225041.6,1190209.2,1177505.6,1152070.2
A,CLV20_MNAC,P7,AL,,,,,,,,,,,,,,,,,,,,,106100.6,155353.9,141852.7,161924.2,186900.6,279491.9,322035.8,353648.1,371781.8,402328.2,467486.0,508186.0,618553.3,649516.6,653277.7,649534.7,687151.2,639527.0,635410.9,665619.2,647817.4,686513.2,731961.3,744589.6,763472.9,612382.1,811154.0,904576.5,906230.5,960477.6,
A,CLV20_MNAC,P7,AT,,,,,,,,,,,,,,,,,,,,,80110.4,83451.7,89518.8,94673.0,98520.3,108555.9,114192.4,114524.5,118541.4,127995.2,134977.4,142879.8,150931.0,152371.3,134240.3,150319.2,159268.5,160739.2,161974.9,166830.4,172900.8,179346.1,188776.9,198413.0,203079.5,183637.0,209603.3,224131.1,214386.9,208852.4,212441.9
A,CLV20_MNAC,P7,BA,,,,,,,,,,,,,,,,,,,,,,,,,,8962.0,9585.1,9856.7,10471.6,11156.1,12319.7,12282.6,14441.5,15904.6,13623.4,13961.1,14368.2,14456.6,14448.5,15543.1,15820.1,16958.3,18255.8,18976.4,19225.9,16644.8,20073.3,21323.5,21056.0,22047.8,
A,CLV20_MNAC,P7,BE,,,,,,,,,,,,,,,,,,,,,155916.1,164575.9,178075.0,187082.3,193393.1,218564.2,216913.0,219203.5,222402.7,236428.9,251623.3,264561.4,279322.1,289950.3,259190.3,284143.8,300383.6,298505.1,298394.8,314571.3,327785.6,353265.5,372213.2,380916.2,386575.8,360581.4,406849.2,421000.6,388856.8,383847.8,383107.7
A,CLV20_MNAC,P7,BG,,,,,,,,,,,,,,,,,,,,,8928.2,8808.1,8768.8,8572.4,9984.6,9020.5,10153.6,10792.3,12427.5,15688.9,17939.9,20795.1,25498.2,26738.4,20987.4,20924.1,22936.1,24169.8,25217.7,26524.8,27779.6,29176.3,31306.7,33061.3,34837.7,33370.3,36938.6,42606.2,40282.5,41865.7,44327.5
A,CLV20_MNAC,P7,CH,,,,,,,,,,,,,,,,,,,,,176941.5,184592.9,205983.4,218383.7,228480.8,247952.8,252029.5,246390.5,247191.8,259423.7,285337.9,294421.2,311468.7,324917.4,316484.6,341741.5,373894.2,365735.9,409043.2,381971.1,400147.7,421087.3,418808.7,421124.5,422580.3,410884.2,431880.8,458621.9,458791.3,461524.2,506294.6
A,CLV20_MNAC,P7,CY,,,,,,,,,,,,,,,,,,,,,7308.1,7737.7,7818.3,7899.2,8128.9,8890.6,8917.1,8828.2,8784.2,9434.5,9529.0,10072.4,11040.3,12473.7,10562.2,11702.5,11399.2,10985.0,10484.6,11293.9,12204.4,13444.9,15364.4,16028.8,17554.3,18127.4,21678.6,28169.3,28491.8,29903.0,31129.2
A,CLV20_MNAC,P7,CZ,,,,,,,,,,,,,,,,,,,,,722629.0,807659.0,854891.0,902386.0,949171.0,1085420.0,1208638.0,1268906.0,1389032.0,1744394.0,1962139.0,2187444.0,2469127.0,2547595.0,2265419.0,2600984.0,2775651.0,2848865.0,2850647.0,3136250.0,3342076.0,3427900.0,3634642.0,3834979.0,3884485.0,3556408.0,4043066.0,4283553.0,4232102.0,4254866.0,4468052.0
A,CLV20_MNAC,P7,DE,,,,,,,,,,,,,,,,,404885.5,416320.3,382365.9,412936.5,439773.3,457158.9,499281.0,545953.7,593793.2,656684.6,661351.9,640815.9,672436.6,718642.6,761581.5,842675.2,892848.4,907783.6,816421.9,918285.0,979542.9,975459.0,992844.6,1027265.7,1081989.4,1122478.0,1168917.3,1227608.2,1270197.0,1166817.0,1275681.0,1372176.8,1352924.3,1345340.0,1393646.2
A,CLV20_MNAC,P7,DK,,,,,,,,,,,,,,,,,,,,,403567.4,416205.0,454670.3,489139.2,501599.8,570368.8,584058.8,621274.5,614861.0,658843.8,737314.5,840108.6,888892.3,929249.9,816071.2,826804.4,893446.9,918914.0,932314.7,970237.5,1009658.1,1052932.2,1098443.7,1161112.4,1196565.1,1149256.0,1259029.7,1334294.1,1367424.9,1424069.0,1419084.6
A,CLV20_MNAC,P7,EA,,,,,,,,,,,,,,,,,,,,,1706153.2,1772284.5,1945228.3,2145355.7,2313194.4,2590203.5,2709656.0,2716901.5,2789269.7,2970270.6,3146085.9,3400032.1,3644841.4,3665274.7,3308121.2,3622426.9,3782648.3,3732477.6,3789173.6,3980578.4,4322057.2,4503265.9,4740508.6,4924538.5,5168323.1,4748548.8,5173905.0,5601481.0,5525929.2,5517767.3,5717676.5
A,CLV20_MNAC,P7,EA12,,,,,,,,,,,,,,,,,,,,,1736341.8,1805348.0,1981888.1,2188114.7,2362619.5,2648861.3,2709656.0,2716901.5,2789269.7,2970270.6,3146085.9,3400032.1,3618717.2,3618550.0,3221625.6,3523935.0,3664782.2,3612727.6,3666217.4,3837984.5,4143294.0,4314807.4,4538243.7,4709447.1,4943706.0,4534359.1,4927384.5,5330233.4,5234317.0,5216321.5,5402980.3
A,CLV20_MNAC,P7,EA19,,,,,,,,,,,,,,,,,,,,,1791680.4,1865334.5,2048378.3,2258880.2,2434255.7,2725704.1,2791899.1,2803254.1,2881108.1,3075466.8,3263275.1,3534545.6,3768546.1,3773075.8,3343223.5,3663325.3,3817453.3,3769155.9,3827240.4,4003874.3,4322057.2,4503265.9,4740508.6,4924538.5,5168323.1,4748548.8,5173905.0,5601481.0,5491082.1,5479990.5,5678851.1
A,CLV20_MNAC,P7,EA20,,,,,,,,,,,,,,,,,,,,,1800918.2,1875394.5,2061036.4,2270507.2,2445687.4,2738029.7,2805533.7,2819154.6,2898788.0,3094095.0,3282886.0,3555772.5,3791067.5,3796429.8,3361860.4,3681375.4,3835966.8,3787239.6,3845904.2,4023186.8,4343151.7,4525723.0,4764874.2,4950706.6,5196231.1,4773029.1,5202613.3,5637821.7,5525929.2,5517767.3,5717676.5
A,CLV20_MNAC,P7,EA21,,,,,,,,,,,,,,,,,,,,,1809602.1,1884219.1,2070282.6,2280144.9,2456573.6,2748616.4,2817070.8,2831212.1,2912226.4,3110362.4,3301193.8,3576771.9,3816489.1,3823049.3,3382666.0,3702134.8,3858743.6,3811311.2,3871064.3,4049658.8,4370833.8,4554807.0,4796090.9,4983700.6,5231004.5,4806399.5,5239551.9,5680585.0,5566223.5,5559800.5,5762262.1
A,CLV20_MNAC,P7,EE,,,,,,,,,,,,,,,,,,,,,3689.9,3979.7,5149.8,5818.9,5485.5,5191.9,5833.9,6609.0,7534.4,8750.2,10211.4,12325.5,13925.5,13068.0,9068.5,10996.2,13985.8,15340.8,15716.1,16126.7,15781.9,16738.1,17327.3,18451.1,19128.7,19289.2,23829.8,25034.5,23203.6,23290.3,24465.6
A,CLV20_MNAC,P7,EL,,,,,,,,,,,,,,,,,,,,,28507.2,31445.9,34906.3,40941.2,47610.2,56682.8,57487.4,54072.1,57517.4,61540.3,61627.7,67657.7,76399.2,78865.5,63381.2,60677.6,54742.0,51735.3,49868.0,53277.6,57634.3,58862.0,63070.0,68274.1,70199.3,65077.9,76384.1,84744.4,84785.1,88832.9,87687.7
A,CLV20_MNAC,P7,ES,,,,,,,,,,,,,,,,,,,,,144535.0,155096.0,175089.0,199676.0,227005.0,248736.0,257823.0,267305.0,283428.0,310831.0,332467.0,359772.0,389413.0,367965.0,300619.0,319252.0,317363.0,298751.0,297918.0,318184.0,334386.0,343233.0,366215.0,380455.0,385471.0,327078.0,376078.0,405155.0,405022.0,416961.0,442968.0
A,CLV20_MNAC,P7,EU27_2020,,,,,,,,,,,,,,,,,,,,,2022424.2,2114004.1,2330060.5,2571074.7,2759697.2,3093713.8,3167758.0,3195444.8,3298037.4,3542794.2,3774969.2,4117319.7,4429941.3,4473208.3,3944061.9,4324951.5,4522891.2,4477727.3,4551226.8,4784475.0,5147934.0,5379783.0,5679489.6,5922485.1,6204726.3,5733382.9,6287433.6,6810806.4,6701739.0,6723285.3,6969819.1
A,CLV20_MNAC,P7,FI,,,,,,19411.5,18521.1,18929.9,19707.7,19889.2,21154.5,21900.4,23826.9,26417.5,28792.7,28685.0,24863.9,25037.4,25378.5,28630.2,30974.5,33215.1,37160.8,40308.8,42036.9,48284.0,48952.1,51053.1,53150.1,57467.8,63894.4,68104.4,73132.0,78957.4,65536.7,69664.9,73991.5,74824.2,74919.9,74245.8,75831.3,80122.0,83596.1,88471.2,90572.2,85029.0,90977.0,99399.9,92604.4,91887.4,93464.9
A,CLV20_MNAC,P7,FR,112166.6,132603.0,134924.6,140680.5,152430.7,160462.9,158579.1,164306.0,159840.0,164818.0,172637.6,184235.0,199131.9,216626.9,234193.7,245773.1,253478.4,257914.7,249199.7,271047.7,290127.0,296791.6,319866.6,358762.5,382820.9,439274.7,449362.2,459870.9,462984.1,490784.4,521461.0,551547.1,581735.1,589091.0,536488.6,582638.2,616838.5,618880.0,635874.1,662990.1,701572.2,728235.9,760669.8,784711.4,799904.4,702012.7,760024.6,828780.7,826567.1,816567.0,840032.8
A,CLV20_MNAC,P7,HR,,,,,,,,,,,,,,,,,,,,,9115.8,10033.5,12948.8,11555.2,11187.8,11984.4,13415.2,15848.0,17693.4,18628.6,19602.1,21216.6,22504.6,23368.6,18607.2,18047.1,18504.6,18067.4,18660.9,19301.4,21091.5,22464.6,24380.2,26188.1,27934.2,24493.0,28723.2,36416.4,34892.9,37818.7,38870.9
A,CLV20_MNAC,P7,HU,,,,,,,,,,,,,,,,,,,,,5086005.6,5440482.1,6747597.2,8271357.6,9362165.6,11529467.4,12198739.1,13256542.2,14514158.5,17141812.9,18508337.9,21300679.9,24289283.0,25716427.3,22064019.3,24223856.9,25209711.8,24430035.4,25444399.4,28214857.8,29814982.4,30842465.0,33439065.4,35774392.0,38703011.4,37308203.0,40184364.4,44541339.2,43035772.7,42434793.7,42948973.3
A,CLV20_MNAC,P7,IE,,,,,,,,,,,,,,,,,,,,,45490.1,51332.7,59876.5,76507.7,86159.9,104845.0,118581.0,124911.4,121891.7,124212.5,140016.3,153040.2,167351.4,162689.1,159919.1,160828.1,165077.6,163402.2,177375.7,202892.0,269232.9,316322.3,329641.9,322924.1,453278.1,454137.1,412288.2,474007.8,484573.3,497589.7,544756.7
A,CLV20_MNAC,P7,IS,,,,,,,,,,,,,,,,,,,,,483707.8,554324.8,592463.0,722481.4,746701.5,804959.4,724659.3,704872.1,777159.7,890796.7,1138679.4,1250497.8,1222199.2,973937.5,772630.3,790463.9,844131.9,880265.7,880299.9,968536.5,1094243.4,1256602.5,1412414.1,1420673.0,1291052.8,1029956.5,1238647.5,1518845.9,1489424.8,1551496.7,1662450.2
A,CLV20_MNAC,P7,IT,,,,,,,,,,,,,,,,,,,,,265484.3,262215.8,289758.9,316355.5,330576.0,366600.3,375307.1,377666.0,380477.6,397599.7,411541.3,444836.0,468642.1,449356.0,389211.2,435849.6,436515.1,400892.8,390087.4,404182.5,429741.3,446613.1,472589.7,486592.6,481116.7,421070.6,488236.9,551125.6,540794.3,535241.1,554719.9
A,CLV20_MNAC,P7,LT,,,,,,,,,,,,,,,,,,,,,4439.1,5744.3,7416.9,7893.0,6747.9,7179.2,8594.8,10324.7,11315.6,13403.4,16038.4,18332.2,20284.2,22479.0,16037.9,18734.0,21397.5,22503.7,23811.5,23380.3,25602.0,26637.4,29619.9,31379.4,33292.4,31848.6,37955.4,42888.3,40627.7,41620.3,45135.4
A,CLV20_MNAC,P7,LU,,,,,,,,,,,,,,,,,,,,,23819.0,25680.0,29794.2,34975.1,39579.4,46259.8,49419.4,48683.6,50457.4,55046.6,58430.7,65145.4,66815.4,68272.4,62077.7,70925.8,75710.3,77043.1,81842.5,88583.1,93639.1,97152.5,97884.5,101269.0,108809.9,110386.9,125172.1,128183.1,129339.3,111747.2,113757.1
A,CLV20_MNAC,P7,LV,,,,,,,,,,,,,,,,,,,,,3944.5,4998.8,5225.5,6101.7,5784.1,5943.4,6868.6,7054.1,7885.4,9512.4,11127.1,13548.9,15909.4,14123.7,9760.4,11003.7,13487.8,14191.7,14173.6,14598.7,14746.6,15364.5,16680.2,17735.9,18095.5,17892.3,20601.2,22643.3,21501.4,21120.6,22328.4
A,CLV20_MNAC,P7,ME,,,,,,,,,,,,,,,,,,,,,,,,,,,,,,,,1831.9,2634.3,3092.1,2233.5,2153.1,2165.8,2141.6,2130.8,2169.4,2270.8,2678.2,2904.1,3172.3,3258.4,2553.6,2963.3,3653.2,3952.4,4179.4,4284.3
A,CLV20_MNAC,P7,MK,,,,,,,,,,,,,,,,,,,,,,,,,,157578.4,142315.2,154444.0,145309.6,176351.8,193398.7,211580.4,243278.0,255753.1,224401.6,247664.4,267434.6,289469.7,295744.5,337583.5,371156.3,412451.9,434057.6,480646.1,529107.6,471640.3,541426.4,615061.5,552367.5,544876.9,581246.2
A,CLV20_MNAC,P7,MT,,,,,,,,,,,,,,,,,,,,,,,,,,5535.4,4691.7,4711.9,4859.5,5011.6,5312.8,6098.5,6496.8,6867.8,5979.0,6874.8,7329.7,7925.2,7723.6,7887.6,10414.9,11113.9,12132.2,14120.7,15611.4,16144.3,16663.6,19800.4,19418.5,20430.5,21326.6
A,CLV20_MNAC,P7,NL,,,,,,,,,,,,,,,,,,,,,187775.0,197686.9,219109.9,237390.5,260843.3,290447.1,297669.9,298629.8,305109.5,324796.0,342501.4,368536.7,397166.2,394454.6,363440.4,394127.8,412399.3,424330.3,436584.4,453836.6,523739.0,511946.2,550946.3,581338.4,604643.2,579621.0,617506.0,644391.8,619147.6,619696.6,634666.9
A,CLV20_MNAC,P7,NO,322057.3,365049.9,372675.7,315994.9,317696.3,326190.6,331256.8,349723.6,338899.8,357179.1,389335.3,435943.5,407536.4,396637.8,405122.9,414772.2,416298.7,423251.5,444225.0,468014.5,493965.6,537358.5,604256.8,659977.1,649516.8,667630.4,681123.1,683632.0,688738.5,750829.4,809404.9,880770.1,965060.8,1008275.4,906311.6,979512.8,1018320.4,1052336.7,1107190.7,1131990.2,1154306.2,1174028.0,1195481.2,1212516.9,1279189.8,1152507.0,1172634.9,1333160.3,1317224.3,1383320.8,1419007.5
A,CLV20_MNAC,P7,PL,,,,,,,,,,,,,,,,,,,,,179403.0,228645.0,277087.0,328601.0,332314.0,383630.0,363605.0,373459.0,408307.0,441758.0,470759.0,555947.0,643529.0,703581.0,614331.0,704695.0,742601.0,735855.0,748812.0,817720.0,863528.0,930319.0,1021822.0,1098947.0,1134349.0,1106437.0,1286902.0,1374411.0,1353895.0,1414368.0,1493913.0
A,CLV20_MNAC,P7,PT,,,,,,,,,,,,,,,,,,,,,34405.4,36442.5,40198.4,46089.2,50247.4,53033.1,53574.0,53434.6,53308.2,57262.6,58521.5,62960.0,66494.6,67990.0,61528.3,66320.8,62211.7,58293.9,61038.0,65925.9,71243.3,74962.5,80980.9,84954.5,89255.7,78910.6,88584.1,98563.6,100866.5,105598.1,110130.1
A,CLV20_MNAC,P7,RO,,,,,,,,,,,,,,,,,,,,,42810.1,46675.6,51570.4,57525.8,55063.8,50573.8,62456.9,69121.7,81869.4,102288.2,122483.3,155161.2,219236.4,243786.7,193059.6,218302.8,239463.5,234725.7,255464.9,278047.1,301702.9,351750.3,392085.2,426822.3,464433.2,440250.4,504377.0,551038.8,542690.8,564660.1,591520.8
A,CLV20_MNAC,P7,RS,,,,,,,,,,,,,,,,,,,,,280740.9,464369.9,617087.0,562265.5,367645.9,458449.5,783340.1,992008.3,1154657.1,1507812.0,1419710.9,1666085.7,1940471.4,2138120.6,1666405.4,1712288.8,1862029.0,1889405.3,2024984.1,2127446.1,2273172.9,2417956.5,2666714.5,2962935.2,3254685.3,3125284.7,3677671.6,4268190.8,4208264.4,4544798.9,4909366.0
A,CLV20_MNAC,P7,SE,,,,,,,,,,,,,,,,,,,601802.0,679218.0,728405.0,754422.0,848153.0,941209.0,993714.0,1118493.0,1103187.0,1092674.0,1128199.0,1205960.0,1288430.0,1393683.0,1517232.0,1560185.0,1341441.0,1504780.0,1605746.0,1614595.0,1628724.0,1734635.0,1835102.0,1938422.0,2023565.0,2108189.0,2150020.0,2014527.0,2284154.0,2508030.0,2492998.0,2554134.0,2664986.0
A,CLV20_MNAC,P7,SI,,,,,,,,,,,,,,,,,,,,,9592.3,9822.2,10970.5,12074.0,13089.3,13955.8,14461.5,15275.0,16262.4,18534.0,19893.8,22358.4,26172.1,27242.6,22233.9,23779.7,24975.1,24182.2,24610.5,25586.6,26935.7,28720.8,31785.8,34038.3,35627.6,32379.3,38137.0,41666.5,39777.8,41482.8,42360.1
A,CLV20_MNAC,P7,SK,,,,,,,,,,,,,,,,,,,,,17492.6,20382.5,22359.1,21944.8,21110.6,22424.2,26655.9,28117.9,30397.0,37257.7,43006.3,51206.8,56143.5,58466.2,47497.1,55856.9,59872.3,61195.7,64269.5,66893.8,73007.0,76399.6,79296.2,83282.9,85245.6,78508.5,87655.0,91273.3,84264.6,86456.2,89666.0
A,CLV20_MNAC,P7,TR,,,,,,,,,,,,,,,,,,,,,368517.8,442454.0,535252.7,546625.3,528953.0,643569.6,488146.9,592418.0,730703.1,885113.7,993033.8,1064357.2,1167595.5,1133332.5,970410.8,1158063.6,1326175.8,1330687.7,1470093.8,1470010.8,1501375.8,1545273.4,1710409.6,1609305.1,1523121.1,1627343.6,1662108.2,1799300.3,2016116.9,1927477.5,2022585.5
A,CLV20_MNAC,P7,UA,,,,,,,,,,,,,,,,,,,,,,,,,,,,,,,,,,,,1806785.5,2084607.6,2163789.1,2088358.2,1626714.2,1355508.3,1481582.8,1673107.1,1719669.0,1818470.4,1702946.0,1944825.2,1606093.8,1749517.2,1968915.1,
A,CLV20_MNAC,P7,XK,,,,,,,,,,,,,,,,,,,,,,,,,,,,,,,,,,2275.6,2338.2,2613.9,3013.7,2953.5,2891.2,3039.9,2952.6,3178.6,3352.1,3717.5,3884.9,3650.8,4798.3,5059.3,5296.9,5755.8,6263.1
A,CLV20_MNAC,P7_S21,AT,,,,,,,,,,,,,,,,,,,,,,,,,,,,,,,,,,,,,,110938.8,115112.8,122324.1,125634.5,132161.3,139284.2,142085.2,145606.7,131188.7,146837.1,154084.9,148591.3,146425.9,148652.1
A,CLV20_MNAC,P7_S21,BE,,,,,,,,,,,,,,,,,,,,,93071.2,98136.5,106176.6,111660.4,115802.0,130826.5,130112.3,131452.4,133189.4,141348.2,150273.9,157976.5,166788.4,184407.9,175660.9,191947.1,201309.8,202365.8,201017.2,214135.7,213106.4,232814.7,251359.2,255337.1,262291.3,247275.7,284187.3,276114.2,264270.2,267104.6,270439.7
A,CLV20_MNAC,P7_S21,BG,,,,,,,,,,,,,,,,,,,,,,,,,,,,,,,,,,,,,,,,15615.0,16934.1,18294.6,19159.6,20150.6,20902.9,20070.1,22256.8,23498.7,24134.8,24549.0,25606.2
A,CLV20_MNAC,P7_S21,CY,,,,,,,,,,,,,,,,,,,,,,,,,,,,,,,,,,6503.6,5568.9,5748.4,5388.4,5235.5,4967.3,5237.6,5413.2,6359.9,7154.1,7344.0,7712.2,7275.7,9707.5,12185.1,12493.9,13647.6,14213.3
A,CLV20_MNAC,P7_S21,CZ,,,,,,,,,,,,,,,,,,,,,,,,,,,,,,,,,,,,1720621.0,1851660.0,1889164.0,1908427.0,2141731.0,2176290.0,2288825.0,2400915.0,2535871.0,2574311.0,2322635.0,2600752.0,2698919.0,2749700.0,2750197.0,2852607.0
A,CLV20_MNAC,P7_S21,DE,,,,,,,,,,,,,,,,,,,,,,,,,,,,,,,,,,,,,,504313.0,522151.7,544759.7,557395.4,583038.4,604965.1,655445.9,679850.2,619397.0,677620.3,703077.5,714288.6,707661.1,733613.8
A,CLV20_MNAC,P7_S21,DK,,,,,,,,,,,,,,,,,,,,,,,,,,,,,,,430262.6,488393.7,520697.5,524419.8,448921.3,454804.0,482068.6,495998.8,507891.8,524269.8,550027.4,580683.1,600474.8,630512.8,651446.7,647025.1,704301.8,724566.0,755605.2,759411.0,791132.8
A,CLV20_MNAC,P7_S21,EE,,,,,,,,,,,,,,,,,,,,,,,,,,,,,,,,,,10347.0,7236.0,8751.9,11198.7,12035.5,12407.2,12750.6,12634.4,13688.6,14311.8,14885.7,15247.6,15203.0,18195.5,19584.0,18741.7,18557.3,19232.3
A,CLV20_MNAC,P7_S21,EL,,,,,,,,,,,,,,,,,,,,,,,,,,,,,,,,,,,,,29227.7,26278.9,24696.7,26936.4,25974.4,27168.5,29284.9,32292.1,33848.8,32478.8,38522.1,42448.7,44226.5,46402.8,49460.8
A,CLV20_MNAC,P7_S21,ES,,,,,,,,,,,,,,,,,,,,,,,,,,,,,,,,,,,,,,144035.0,146215.0,161457.0,175512.0,184948.0,193359.0,198666.0,201180.0,174933.0,196094.0,192718.0,208409.0,214293.0,230189.0
A,CLV20_MNAC,P7_S21,FI,,,,,,,,,,,,,,,,,,,,,,,,,,,,,,,,,,44971.5,39447.4,41369.8,43055.0,45051.2,42298.2,42350.0,45592.7,49148.4,50799.7,53171.8,54356.4,52423.0,55411.4,58520.4,56880.2,56664.8,57771.6
A,CLV20_MNAC,P7_S21,FR,,,,,,,,,,,,,,,,,,,,,,,,,,,,,,,,,,326469.5,290283.1,314932.2,330763.1,335308.0,345327.3,356544.7,375904.4,392848.1,408820.4,421885.7,424097.4,378758.0,410080.9,432071.8,436521.4,424902.6,431306.4
A,CLV20_MNAC,P7_S21,HR,,,,,,,,,,,,,,,,,,,,,,,,,,,,,,,,,,,,,,10858.6,13215.4,14159.6,15852.7,16887.4,18454.6,19527.8,21457.8,18910.5,21540.8,25520.5,26758.0,28738.3,29095.2
A,CLV20_MNAC,P7_S21,HU,,,,,,,,,,,,,,,,,,,,,,,,,,,,,,,,,,17446441.5,15002128.5,16531633.4,17589988.0,17472402.8,18487404.9,21226134.0,22236347.3,23564059.7,25250814.0,26684944.6,27786896.7,26709201.0,29042006.5,32009669.9,30515276.2,29863264.6,30292983.9
A,CLV20_MNAC,P7_S21,IE,,,,,,,,,,,,,,,,,,,,,,,,,,,,,,,,,,,,,,57311.1,60340.2,63619.8,71840.5,80208.5,86206.2,92568.7,100608.9,77867.5,90366.5,116400.6,116893.4,119440.2,127302.0
A,CLV20_MNAC,P7_S21,IT,,,,,,,,,,,,,,,,,,,,,,,,,,,,,,,,,,240971.7,210954.5,238112.8,241319.2,224951.3,222922.6,233171.9,249351.8,259199.6,276510.1,283385.4,283062.6,250247.8,298386.0,336114.2,332722.0,331142.5,359744.4
A,CLV20_MNAC,P7_S21,LT,,,,,,,,,,,,,,,,,,,,,,,,,,,,,,7929.5,8907.7,10754.7,13038.6,12270.1,8988.5,10079.3,11515.5,12226.6,13312.8,13594.9,15869.2,17507.2,19194.0,20091.4,21449.9,21973.6,25629.5,27431.7,28843.9,29398.4,31897.1
A,CLV20_MNAC,P7_S21,LU,,,,,,,,,,,,,,,,,,,,,17512.0,18833.8,20934.4,24319.0,26121.6,31079.4,33584.7,33232.9,35137.3,37563.6,38450.0,41326.8,42010.2,44477.0,40511.8,43133.0,44576.7,48405.6,50527.8,54474.7,57481.6,61030.8,60869.6,63229.9,67541.2,66412.1,74189.5,79268.4,80784.9,68906.3,70984.6
A,CLV20_MNAC,P7_S21,LV,,,,,,,,,,,,,,,,,,,,,,,,,,3769.7,4526.5,4707.2,5204.3,6313.2,7611.3,9655.9,11586.3,10166.7,6808.0,7606.1,9710.8,10413.1,10553.0,11087.6,10909.7,11337.7,12202.1,12949.7,13362.2,13449.4,15289.4,17546.8,17161.1,17000.3,18135.3
A,CLV20_MNAC,P7_S21,ME,,,,,,,,,,,,,,,,,,,,,,,,,,,,,,,,830.5,1152.7,1285.5,825.0,795.5,837.9,824.1,832.6,972.8,954.2,1249.6,1337.4,1495.3,1538.9,1138.5,1350.3,1651.8,1830.9,1913.0,1840.5
A,CLV20_MNAC,P7_S21,MT,,,,,,,,,,,,,,,,,,,,,,,,,,3005.5,2530.9,2544.5,2625.5,2702.0,2853.8,3281.4,3479.2,3668.8,3181.6,3670.6,3891.3,4230.8,4049.5,4208.1,5302.2,5955.8,6093.6,7430.2,8191.2,7894.1,8384.4,9849.4,10116.9,10685.3,11141.2
A,CLV20_MNAC,P7_S21,NL,,,,,,,,,,,,,,,,,,,,,107744.4,114495.9,124537.0,132131.9,140460.9,145062.4,147553.7,152795.5,155681.4,165387.4,169300.0,181500.0,202214.2,198606.9,184365.2,187102.1,194347.5,196502.9,207371.1,211933.8,242693.5,245146.9,268063.4,286643.9,305357.1,289714.0,304610.3,305798.6,312341.6,315742.2,325434.7
A,CLV20_MNAC,P7_S21,PL,,,,,,,,,,,,,,,,,,,,,,,,,,,,,,,,,,490164.0,429749.0,488898.0,508277.0,491859.0,509547.0,557889.0,596460.0,654373.0,707724.0,747948.0,766429.0,754750.0,862899.0,892805.0,925621.0,970724.0,1026856.0
A,CLV20_MNAC,P7_S21,PT,,,,,,,,,,,,,,,,,,,,,,,,,,,,,,,,,,49408.4,44693.5,47959.8,45195.1,41870.2,43650.9,48463.7,51396.6,54506.2,59027.4,62660.1,65174.9,57833.4,65468.9,72854.4,75554.1,78933.3,83833.6
A,CLV20_MNAC,P7_S21,RO,,,,,,,,,,,,,,,,,,,,,,,,,,,,,,,,,152479.2,167392.7,138557.3,157741.8,174265.9,173187.9,195150.8,211314.9,232555.8,271994.4,302646.6,326816.5,357342.1,325243.5,370158.0,399778.0,405104.4,418045.4,436221.0
A,CLV20_MNAC,P7_S21,RS,,,,,,,,,,,,,,,,,,,,,,,,,,,,,,,,,,,,,,1194505.9,1214960.0,1206570.3,1279434.6,1409512.0,1558904.6,1677591.4,1809656.7,1744082.2,1958644.2,2152654.5,2166522.1,2338088.8,2456550.7
A,CLV20_MNAC,P7_S21,SE,,,,,,,,,,,,,,,,,,,,,,,,,,,,,,,,,,,,,,,989385.1,1040142.0,1108027.2,1194944.9,1264066.2,1310653.4,1335174.7,1279372.0,1428388.5,1512064.2,1531067.5,1577498.1,1647021.8
A,CLV20_MNAC,P7_S21,SI,,,,,,,,,,,,,,,,,,,,,,,,,,,,,,,,,,20389.9,17553.7,18519.2,19368.5,18790.0,18912.7,19694.8,21154.3,22630.7,24903.5,26451.7,27501.8,24863.7,29324.7,31079.0,30750.4,32006.8,32642.1
A,CLV20_MNAC,P7_S21,SK,,,,,,,,,,,,,,,,,,,,,11614.9,13164.0,15157.4,15778.4,15170.6,15006.4,18312.7,19621.1,21776.9,24721.7,26123.9,29393.7,31340.3,31323.1,24462.2,27430.2,29446.4,29391.5,32797.6,34973.3,39269.4,42098.9,44088.1,46706.7,50140.7,44928.3,48422.6,45455.9,46351.8,47764.0,43799.0
A,CLV20_MNAC,P7_S21,TR,,,,,,,,,,,,,,,,,,,,,,,,,,,,,,,,,,,364110.9,434374.4,494978.6,493803.4,541964.9,552333.4,591509.2,632253.7,655469.2,609021.3,556904.0,562380.8,529765.2,450399.4,584062.2,606379.0,636521.8
A,CLV20_MNAC,P7_S2111,AT,,,,,,,,,,,,,,,,,,,,,,,,,,,,,,,,,,,,,,98849.7,101072.1,102236.6,105106.7,108243.6,113707.0,116088.7,118411.9,105858.9,118054.4,124012.3,120469.9,118671.7,121021.8
A,CLV20_MNAC,P7_S2111,BE,,,,,,,,,,,,,,,,,,,,,,,,,110121.8,124450.5,123821.1,125063.4,126707.3,134411.6,142819.4,150039.1,158561.1,171055.2,161612.2,175097.7,182843.9,184004.4,182899.6,194007.7,191388.0,209949.3,226824.1,231093.4,235426.0,222500.7,256462.0,248184.1,234541.7,238573.8,241346.9
A,CLV20_MNAC,P7_S2111,BG,,,,,,,,,,,,,,,,,,,,,,,,,,,,,,,,,,,,,,,,11265.7,12157.4,13005.6,13605.7,14432.9,14778.8,13903.4,15500.0,16504.7,16936.8,16995.8,17696.1
A,CLV20_MNAC,P7_S2111,CY,,,,,,,,,,,,,,,,,,,,,,,,,,,,,,,,,,5911.8,5094.0,5217.9,4868.9,4737.6,4539.4,4780.3,4843.1,5831.8,6438.9,6431.2,6730.8,6331.5,8341.7,10397.9,10735.8,11780.4,12268.7
A,CLV20_MNAC,P7_S2111,CZ,,,,,,,,,,,,,,,,,,,,,,,,,,,,,,,,,,,,1383194.0,1479697.0,1519450.0,1512435.0,1691446.0,1704965.0,1799538.0,1885592.0,1944214.0,1972988.0,1792289.0,1996168.0,2061949.0,2088257.0,2117847.0,2211137.0
A,CLV20_MNAC,P7_S2111,DE,,,,,,,,,,,,,,,,,,,,,,,,,,,,,,,,,,,,,,380779.3,392388.9,402439.1,406381.2,421283.1,435838.5,466465.5,485179.5,433196.0,473050.0,492154.0,496139.4,494493.2,512211.0
A,CLV20_MNAC,P7_S2111,DK,,,,,,,,,,,,,,,,,,,,,,,,,,,,,,,317383.4,359949.9,381895.3,383368.0,328343.6,326113.7,346048.1,358439.2,368065.9,377653.8,398884.1,417822.5,430845.7,457585.4,472695.2,466601.1,506440.7,517219.3,543671.8,550179.7,572381.9
A,CLV20_MNAC,P7_S2111,EE,,,,,,,,,,,,,,,,,,,,,,,,,,,,,,,,,,4140.6,2751.0,3291.5,4013.1,4487.0,5837.6,7751.1,8881.1,9651.4,10111.5,10536.6,10816.9,11752.0,14175.5,15334.5,14370.9,14084.8,14689.6
A,CLV20_MNAC,P7_S2111,EL,,,,,,,,,,,,,,,,,,,,,,,,,,,,,,,,,,,,,24874.2,22036.4,20495.5,22296.6,21225.9,21860.4,23503.4,25989.7,27498.0,26683.9,31001.1,33472.4,35909.4,37745.5,40278.1
A,CLV20_MNAC,P7_S2111,ES,,,,,,,,,,,,,,,,,,,,,,,,,,,,,,,,,,,,,,129278.0,130253.0,143000.0,154589.0,162152.0,169968.0,174664.0,176166.0,152225.0,171883.0,167901.0,181176.0,186896.0,201108.0
A,CLV20_MNAC,P7_S2111,FI,,,,,,,,,,,,,,,,,,,,,,,,,,,,,,,,,,29743.9,25600.9,26337.8,27116.5,28249.2,26532.2,26741.6,29462.7,32144.0,32832.0,34340.6,35154.2,33858.0,35263.9,36884.2,36699.8,36658.9,36884.2
A,CLV20_MNAC,P7_S2111,FR,,,,,,,,,,,,,,,,,,,,,,,,,,,,,,,,,,295998.8,262478.2,280888.3,295644.8,301556.1,309672.3,318875.3,336099.8,350647.6,363865.5,374381.7,374475.6,334155.7,360408.3,379878.7,381695.0,370363.9,376175.0
A,CLV20_MNAC,P7_S2111,HR,,,,,,,,,,,,,,,,,,,,,,,,,,,,,,,,,,,,,,9126.2,10828.0,11671.7,12869.1,13711.5,14761.5,15487.8,16948.1,14834.0,16699.2,19753.8,20967.4,22255.0,22677.4
A,CLV20_MNAC,P7_S2111,HU,,,,,,,,,,,,,,,,,,,,,,,,,,,,,,,,,,14606638.5,12493821.0,13572941.4,14527303.4,14637112.5,15132527.0,17233782.0,17892264.7,18946485.2,20377396.0,21364448.3,22231896.3,21166754.0,23822238.1,26770899.3,25286781.5,24728037.9,25029742.8
A,CLV20_MNAC,P7_S2111,IE,,,,,,,,,,,,,,,,,,,,,,,,,,,,,,,,,,,,,,54694.3,57017.4,60223.7,67647.9,75799.0,81488.6,87004.0,94102.3,70713.3,82349.0,106812.1,106527.8,107753.3,114498.0
A,CLV20_MNAC,P7_S2111,IT,,,,,,,,,,,,,,,,,,,,,,,,,,,,,,,,,,212008.4,183630.6,207861.0,210426.8,196513.3,194803.5,202013.8,214574.2,222360.5,236442.5,241169.4,239979.0,211970.1,252029.7,284175.5,279697.6,280640.4,298927.5
A,CLV20_MNAC,P7_S2111,LT,,,,,,,,,,,,,,,,,,,,,,,,,,,,,,5768.0,6333.8,7609.3,9068.1,8373.3,6192.3,7040.6,8062.9,8288.4,9091.2,9285.2,10922.0,11891.8,13096.8,13587.5,14542.7,14838.0,17700.0,18180.1,19863.7,19734.6,21881.2
A,CLV20_MNAC,P7_S2111,LU,,,,,,,,,,,,,,,,,,,,,17020.0,18299.1,20280.4,23474.1,25134.1,29934.2,32145.5,32110.4,33995.8,36272.8,37080.8,39738.9,40247.6,42270.4,38830.1,41259.6,42521.6,45991.9,47891.0,51547.2,54023.5,57157.1,56582.5,58667.3,62889.2,61414.6,68182.6,73639.8,75102.1,64119.8,66066.8
A,CLV20_MNAC,P7_S2111,LV,,,,,,,,,,,,,,,,,,,,,,,,,,2931.2,3570.7,3713.4,4065.3,4900.0,5930.9,7466.9,9081.6,7936.1,5291.1,5974.9,7629.2,8193.7,8219.8,8525.9,8354.2,8621.6,9496.7,10034.0,10337.5,10244.0,11732.8,13470.9,13028.5,13000.5,13862.7
A,CLV20_MNAC,P7_S2111,ME,,,,,,,,,,,,,,,,,,,,,,,,,,,,,,,,632.1,944.7,1081.3,695.0,688.7,709.5,701.5,688.1,714.2,685.4,926.0,963.1,1068.6,1092.1,796.6,995.2,1409.7,1554.0,1637.5,1557.4
A,CLV20_MNAC,P7_S2111,MT,,,,,,,,,,,,,,,,,,,,,,,,,,2772.7,2322.2,2333.2,2408.7,2475.1,2605.7,2999.0,3166.6,3328.1,2875.1,3326.4,3519.9,3819.0,3633.4,3761.3,4718.1,5274.2,5333.2,6474.5,7235.7,6818.7,6751.4,8432.6,8639.2,8909.9,9361.6
A,CLV20_MNAC,P7_S2111,NL,,,,,,,,,,,,,,,,,,,,,100572.9,106646.2,114350.2,121828.5,129270.6,129643.6,133613.8,141166.2,145508.5,151773.2,154532.6,165251.6,178236.1,173313.2,158020.7,160032.5,165138.7,164949.1,172799.4,179176.9,208708.1,210673.8,227721.6,241945.0,257013.5,246206.0,258841.0,259128.2,265557.2,268256.2,275868.1
A,CLV20_MNAC,P7_S2111,PL,,,,,,,,,,,,,,,,,,,,,,,,,,,,,,,,,,418260.0,367228.0,414743.0,429006.0,413791.0,428573.0,469044.0,502107.0,550189.0,595705.0,628643.0,643629.0,636460.0,728522.0,748016.0,767867.0,796043.0,844486.0
A,CLV20_MNAC,P7_S2111,PT,,,,,,,,,,,,,,,,,,,,,,,,,,,,,,,,,,46946.1,42313.0,45326.4,42623.7,39367.3,41022.2,45514.5,48259.3,51066.5,55472.3,58823.5,61042.8,53847.2,60745.7,67593.9,69838.6,73113.7,77482.4
A,CLV20_MNAC,P7_S2111,RO,,,,,,,,,,,,,,,,,,,,,,,,,,,,,,,,,112754.9,120954.3,97367.2,110437.4,121376.7,120559.5,138158.6,147809.9,165203.0,194131.3,213859.9,230400.5,244475.4,235465.6,267008.9,278763.2,295276.6,302654.3,313577.3
A,CLV20_MNAC,P7_S2111,RS,,,,,,,,,,,,,,,,,,,,,,,,,,,,,,,,,,,,,,828525.3,853036.5,844800.0,906066.4,1001784.7,1103505.9,1206814.4,1284545.9,1231227.6,1412019.2,1562094.8,1617800.5,1739147.7,1806243.4
A,CLV20_MNAC,P7_S2111,SE,,,,,,,,,,,,,,,,,,,,,,,,,,,,,,,,,,,,,,,772959.0,815729.4,864381.3,932915.9,988957.2,1021205.4,1047583.6,1008672.1,1126536.4,1197455.1,1212536.0,1243522.9,1301001.5
A,CLV20_MNAC,P7_S2111,SI,,,,,,,,,,,,,,,,,,,,,,,,,,,,,,,,,,16708.9,15269.4,15985.2,16637.5,16143.7,16119.1,16674.1,17843.0,19132.6,21024.6,22275.5,23105.6,20675.6,24459.5,25768.3,25602.8,26795.2,27112.2
A,CLV20_MNAC,P7_S2111,SK,,,,,,,,,,,,,,,,,,,,,5581.7,7004.8,8998.4,10322.2,10260.2,10224.5,12354.4,13216.6,14738.8,16267.3,16598.2,18231.2,19258.5,19315.7,14402.0,16273.0,17415.0,17742.1,18536.3,19650.9,22111.3,24614.6,25809.6,27262.4,26939.1,26415.9,29312.9,25555.2,25392.6,26217.7,23967.3
A,CLV20_MNAC,P7_S2111,TR,,,,,,,,,,,,,,,,,,,,,,,,,,,,,,,,,,,270074.1,321701.0,367114.6,367025.3,406935.2,411833.5,439873.3,470030.9,481440.2,443679.7,408903.1,453670.5,428682.8,365770.0,475633.1,492715.5,514306.0
A,CLV20_MNAC,P7_S2112,AT,,,,,,,,,,,,,,,,,,,,,,,,,,,,,,,,,,,,,,13912.8,15525.9,20255.7,20709.0,23916.5,25575.9,25995.0,27194.0,25329.8,28782.8,30074.7,28162.0,27793.1,27683.8
A,CLV20_MNAC,P7_S2112,BE,,,,,,,,,,,,,,,,,,,,,,,,,5270.3,5909.8,5823.8,5919.5,6006.9,6435.9,6927.2,7390.3,7638.2,12991.9,13796.0,16669.0,18328.9,18209.7,17957.3,20016.5,21756.9,22830.4,24488.4,24160.4,26883.5,24775.0,27725.3,27975.8,30125.6,28803.8,29384.0
A,CLV20_MNAC,P7_S2112,BG,,,,,,,,,,,,,,,,,,,,,,,,,,,,,,,,,,,,,,,,4349.3,4776.7,5289.1,5553.9,5717.7,6124.1,6166.7,6756.8,6994.0,7198.0,7553.2,7910.1
A,CLV20_MNAC,P7_S2112,CY,,,,,,,,,,,,,,,,,,,,,,,,,,,,,,,,,,591.7,474.8,530.4,519.4,497.8,427.9,457.3,570.0,528.0,715.2,912.9,981.4,944.2,1365.8,1787.3,1758.1,1867.2,1944.6
A,CLV20_MNAC,P7_S2112,CZ,,,,,,,,,,,,,,,,,,,,,,,,,,,,,,,,,,,,336032.0,370795.0,368163.0,395291.0,449661.0,471131.0,488938.0,514996.0,591940.0,601625.0,530346.0,604584.0,637146.0,661765.0,632631.0,642192.0
A,CLV20_MNAC,P7_S2112,DE,,,,,,,,,,,,,,,,,,,,,,,,,,,,,,,,,,,,,,122929.9,129186.3,141941.0,150748.3,161585.2,168958.8,188863.7,194468.3,186201.0,204579.0,210854.0,218413.8,213349.1,221542.0
A,CLV20_MNAC,P7_S2112,DK,,,,,,,,,,,,,,,,,,,,,,,,,,,,,,,112875.1,128439.1,138798.0,141047.9,120574.4,128684.1,136014.3,137557.7,139825.9,146611.5,151144.6,162855.7,169621.5,172930.5,178754.4,180424.0,197861.0,207347.2,211930.0,209224.9,218745.8
A,CLV20_MNAC,P7_S2112,EE,,,,,,,,,,,,,,,,,,,,,,,,,,,,,,,,,,6897.4,5085.7,6216.0,8313.7,8620.1,6686.9,5022.6,3752.5,4036.0,4198.9,4347.4,4429.0,3451.0,4020.0,4249.9,4369.7,4471.1,4541.3
A,CLV20_MNAC,P7_S2112,EL,,,,,,,,,,,,,,,,,,,,,,,,,,,,,,,,,,,,,4353.5,4242.5,4201.2,4639.8,4748.4,5308.1,5781.4,6302.4,6350.8,5794.9,7521.0,8976.3,8317.1,8657.3,9182.7
A,CLV20_MNAC,P7_S2112,ES,,,,,,,,,,,,,,,,,,,,,,,,,,,,,,,,,,,,,,14759.0,15965.0,18459.0,20925.0,22797.0,23393.0,24004.0,25015.0,22708.0,24211.0,24816.0,27227.0,27395.0,29078.0
A,CLV20_MNAC,P7_S2112,FI,,,,,,,,,,,,,,,,,,,,,,,,,,,,,,,,,,15227.5,13846.5,15032.1,15938.5,16803.0,15766.0,15608.4,16129.0,17005.5,17967.7,18831.2,19202.2,18565.0,20147.5,21637.2,20181.4,20007.9,20888.4
A,CLV20_MNAC,P7_S2112,FR,,,,,,,,,,,,,,,,,,,,,,,,,,,,,,,,,,30604.3,27902.6,33989.7,35073.8,33700.4,35613.4,37638.4,39773.5,42170.8,44918.2,47472.1,49618.3,44602.3,49672.6,52187.2,55065.2,54850.4,55435.4
A,CLV20_MNAC,P7_S2112,HR,,,,,,,,,,,,,,,,,,,,,,,,,,,,,,,,,,,,,,1749.5,2399.2,2502.8,2994.2,3187.3,3698.6,4042.4,4511.1,4076.5,4841.7,5767.9,5779.5,6490.0,6411.6
A,CLV20_MNAC,P7_S2112,HU,,,,,,,,,,,,,,,,,,,,,,,,,,,,,,,,,,2879077.2,2535604.7,2982416.8,3093826.2,2885036.0,3377401.1,4008481.4,4352359.3,4626065.6,4882295.1,5326318.5,5560677.6,5542447.0,5219769.2,5297124.7,5230578.9,5133055.3,5248690.6
A,CLV20_MNAC,P7_S2112,IE,,,,,,,,,,,,,,,,,,,,,,,,,,,,,,,,,,,,,,2616.3,3322.6,3395.8,4192.2,4409.1,4717.2,5564.2,6506.1,7154.2,8017.5,9588.2,10366.9,11690.6,12808.6
A,CLV20_MNAC,P7_S2112,IT,,,,,,,,,,,,,,,,,,,,,,,,,,,,,,,,,,29195.6,27459.5,30411.0,31047.1,28587.8,28268.7,31246.4,34818.0,36868.5,40079.9,42219.6,43083.1,38277.7,46356.3,51932.3,53087.9,50588.1,60810.7
A,CLV20_MNAC,P7_S2112,LT,,,,,,,,,,,,,,,,,,,,,,,,,,,,,,2161.3,2573.7,3145.2,3970.4,3896.8,2796.1,3038.5,3452.4,3938.5,4221.8,4309.9,4947.3,5615.5,6097.4,6503.9,6907.4,7135.7,7929.4,9250.8,8983.3,9666.6,10018.3
A,CLV20_MNAC,P7_S2112,LU,,,,,,,,,,,,,,,,,,,,,463.8,504.8,625.4,818.6,965.6,1117.1,1421.9,1085.5,1099.1,1250.2,1331.0,1555.4,1738.5,2199.1,1658.4,1853.0,2039.2,2403.8,2630.7,2923.0,3457.6,3873.1,4286.8,4561.8,4650.9,4997.6,6006.9,5628.0,5681.5,4785.0,4916.1
A,CLV20_MNAC,P7_S2112,LV,,,,,,,,,,,,,,,,,,,,,,,,,,838.6,957.3,995.5,1139.9,1413.6,1681.3,2188.8,2507.0,2232.0,1517.5,1632.5,2083.2,2221.2,2334.5,2562.1,2555.7,2715.8,2705.9,2916.0,3025.0,3205.4,3556.6,4075.7,4152.0,4012.9,4286.9
A,CLV20_MNAC,P7_S2112,ME,,,,,,,,,,,,,,,,,,,,,,,,,,,,,,,,199.1,208.9,205.3,130.7,107.4,129.0,123.3,145.1,258.7,268.7,323.7,374.4,426.7,446.8,341.8,355.1,242.4,277.2,275.8,283.3
A,CLV20_MNAC,P7_S2112,MT,,,,,,,,,,,,,,,,,,,,,,,,,,224.8,203.0,205.8,211.0,221.2,242.7,276.0,306.8,335.3,302.4,338.9,366.3,406.6,412.3,443.6,580.9,678.9,759.6,955.5,952.7,1075.5,1633.0,1418.0,1478.9,1778.6,1782.2
A,CLV20_MNAC,P7_S2112,NL,,,,,,,,,,,,,,,,,,,,,7184.8,7866.6,10231.8,10343.7,11236.9,15556.2,14040.0,11673.1,10198.3,13640.8,14792.3,16274.2,23987.3,25295.8,26347.0,27069.5,29202.5,31539.6,34554.1,32747.0,33980.6,34468.3,40337.3,44695.5,48341.2,43508.0,45769.3,46670.5,46788.8,47489.6,49571.2
A,CLV20_MNAC,P7_S2112,PL,,,,,,,,,,,,,,,,,,,,,,,,,,,,,,,,,,71905.0,62522.0,74156.0,79271.0,78068.0,80974.0,88844.0,94353.0,104183.0,112018.0,119305.0,122799.0,118290.0,134377.0,144794.0,157754.0,174692.0,182379.0
A,CLV20_MNAC,P7_S2112,PT,,,,,,,,,,,,,,,,,,,,,,,,,,,,,,,,,,2425.9,2353.5,2607.5,2550.4,2488.1,2614.0,2934.1,3121.7,3427.5,3535.3,3818.0,4118.3,3986.2,4731.3,5269.7,5735.1,5834.2,6373.3
A,CLV20_MNAC,P7_S2112,RO,,,,,,,,,,,,,,,,,,,,,,,,,,,,,,,,,39765.4,46461.4,41187.6,47298.5,52877.6,52616.5,56996.7,63500.1,67350.4,77861.0,88786.7,96416.0,112866.7,89777.9,103149.1,121014.8,109827.8,115391.1,122643.8
A,CLV20_MNAC,P7_S2112,RS,,,,,,,,,,,,,,,,,,,,,,,,,,,,,,,,,,,,,,365088.5,362011.9,361722.0,373732.5,408157.2,455952.0,471685.8,525369.2,512854.6,546625.1,591303.4,558627.9,608450.7,657008.4
A,CLV20_MNAC,P7_S2112,SE,,,,,,,,,,,,,,,,,,,,,,,,,,,,,,,,,,,,,,,216409.0,224399.4,243623.6,262006.9,275092.5,289419.4,287579.3,270699.9,301852.1,314621.9,318544.7,333958.7,346014.0
A,CLV20_MNAC,P7_S2112,SI,,,,,,,,,,,,,,,,,,,,,,,,,,,,,,,,,,3678.6,2285.5,2535.1,2732.0,2647.2,2794.1,3021.0,3311.5,3498.4,3879.1,4176.4,4396.3,4188.1,4865.2,5310.6,5147.9,5212.1,5530.7
A,CLV20_MNAC,P7_S2112,SK,,,,,,,,,,,,,,,,,,,,,6036.7,6160.6,6156.8,5450.1,4903.2,4774.4,5949.7,6395.4,7027.7,8444.8,9518.4,11156.5,12076.2,12001.6,10059.7,11156.0,12030.4,11645.7,14267.4,15329.8,17166.1,17483.6,18277.8,19443.4,23203.1,18512.5,19109.7,19894.7,20950.0,21536.9,19822.9
A,CLV20_MNAC,P7_S2112,TR,,,,,,,,,,,,,,,,,,,,,,,,,,,,,,,,,,,94359.3,113081.7,128298.4,127166.5,135241.2,140766.8,151974.1,162593.4,174676.4,166075.3,148564.6,108710.3,101082.4,84645.5,108481.7,113692.2,122171.0
A,CLV20_MNAC,P7_S212,BE,,,,,,,,,,,,,,,,,,,,,17.2,71.9,8.2,6.2,113.8,70.9,89.9,95.8,37.1,106.8,29.6,33.5,108.2,152.7,154.7,168.9,179.9,120.3,198.3,226.4,264.4,281.4,267.0,251.9,266.0,241.0,229.8,313.1,287.5,289.9,
A,CLV20_MNAC,P7_S212,CY,,,,,,,,,,,,,,,,,,,,,,,,,,,,,,,,,,-3.2,-0.1,4.9,-2.1,-2.1,-11.0,-6.3,-15.6,-16.2,-9.5,-8.3,3.7,8.1,4.8,11.8,-4.6,-10.0,-10.5
A,CLV20_MNAC,P7_S212,EE,,,,,,,,,,,,,,,,,,,,,,,,,,,,,,,,,,,,0.0,0.0,0.1,0.1,0.5,1.5,2.9,4.1,2.6,2.0,6.1,6.4,4.0,5.8,7.8,7.9
A,CLV20_MNAC,P7_S212,FI,,,,,,,,,,,,,,,,,,,,,,,,,,,,,,,,,,,,,,,7.7,8.8,15.4,3.3,32.9,26.3,53.8,45.0,28.5,13.2,0.0,0.0,0.0
A,CLV20_MNAC,P7_S212,IT,,,,,,,,,,,,,,,,,,,,,,,,,,,,,,,,,,2.3,2.4,5.8,1.2,5.6,210.4,280.7,132.9,81.0,61.8,94.7,85.4,78.5,80.2,66.8,94.7,99.6,109.4
A,CLV20_MNAC,P7_S212,LT,,,,,,,,,,,,,,,,,,,,,,,,,,,,,,15.5,23.5,26.1,38.7,31.1,68.8,62.9,59.2,85.0,77.8,77.2,46.4,57.6,51.2,54.6,41.4,40.3,32.0,28.7,19.5,21.9,18.5
A,CLV20_MNAC,P7_S212,LU,,,,,,,,,,,,,,,,,,,,,8.1,4.2,15.0,8.1,49.2,64.1,59.8,26.4,5.4,7.1,5.8,5.4,5.6,8.1,10.0,8.8,18.7,11.7,11.8,13.1,16.9,24.9,18.5,19.2,15.1,16.7,15.4,14.4,7.4,4.8,4.8
A,CLV20_MNAC,P7_S212,LV,,,,,,,,,,,,,,,,,,,,,,,,,,0.0,0.0,0.0,0.0,0.0,0.0,0.0,0.0,0.0,1.7,1.3,1.2,1.2,2.1,23.9,24.2,21.5,20.6,20.2,19.3,15.0,11.8,10.6,5.6,1.3,4.1
A,CLV20_MNAC,P7_S212,ME,,,,,,,,,,,,,,,,,,,,,,,,,,,,,,,,,,,,,,,,,,,,0.0,0.1,0.2,0.1,0.0,,,
A,CLV20_MNAC,P7_S212,NL,,,,,,,,,,,,,,,,,,,,,4.0,4.0,4.0,4.0,4.0,4.0,4.0,4.0,4.0,4.0,4.0,4.0,4.0,4.0,4.0,4.0,4.0,4.0,4.0,4.0,4.0,4.0,4.0,4.0,4.0,4.0,4.0,4.0,4.0,4.0,4.0
A,CLV20_MNAC,P7_S212,RO,,,,,,,,,,,,,,,,,,,,,,,,,,,,,,,,,0.0,1.0,5.3,92.6,127.0,201.2,292.1,134.1,106.7,68.1,99.4,455.5,325.7,383.1,314.5,50.4,21.0,104.5,575.8
A,CLV20_MNAC,P7_S212,SE,,,,,,,,,,,,,,,,,,,0.0,0.0,0.0,0.0,0.0,0.0,0.0,0.0,0.0,0.0,0.0,0.0,0.0,0.0,0.0,0.0,0.0,0.0,0.0,0.0,35.6,18.7,17.1,12.7,33.7,23.7,29.0,94.3,71.8,65.6,203.4,58.6,97.5
A,CLV20_MNAC,P7_S212,SI,,,,,,,,,,,,,,,,,,,,,,,,,,,,,,,,,,4.7,14.7,11.9,11.7,10.2,11.8,17.8,18.7,21.8,23.2,19.6,12.4,9.2,9.7,3.9,1.0,2.8,-1.5
A,CLV20_MNAC,P7_S22,AT,,,,,,,,,,,,,,,,,,,,,,,,,,,,,,,,,,,,,,50722.3,47350.6,44510.8,47268.6,47189.4,49497.6,56328.0,57473.3,52448.2,62766.2,70047.9,65853.6,62568.6,63924.9
A,CLV20_MNAC,P7_S22,BE,,,,,,,,,,,,,,,,,,,,,63121.8,66730.9,72213.7,75754.0,77935.8,88126.9,87189.4,88143.6,89610.5,95501.9,101797.0,107055.2,113030.1,106124.9,84116.2,92834.2,99734.2,96814.2,98042.2,101176.1,115030.2,120689.0,120923.1,125701.6,124331.3,113305.7,122661.9,144951.1,124481.0,116482.1,112343.1
A,CLV20_MNAC,P7_S22,BG,,,,,,,,,,,,,,,,,,,,,,,,,,,,,,,,,,,,,,,,10909.8,10845.5,10881.7,12147.1,12910.7,13934.8,13300.3,14681.8,19107.6,16147.7,17316.8,18721.4
A,CLV20_MNAC,P7_S22,CY,,,,,,,,,,,,,,,,,,,,,,,,,,,,,,,,,,5970.5,4993.8,5954.2,6010.7,5749.6,5517.3,6056.3,6791.1,7085.0,8210.1,8684.5,9841.8,10851.8,11971.1,15984.1,15997.8,16255.0,16916.1
A,CLV20_MNAC,P7_S22,CZ,,,,,,,,,,,,,,,,,,,,,,,,,,,,,,,,,,,,879634.0,924397.0,959232.0,943465.0,998987.0,1164547.0,1140031.0,1234067.0,1299516.0,1310670.0,1233773.0,1442314.0,1583719.0,1486434.0,1508477.0,1619011.0
A,CLV20_MNAC,P7_S22,DE,,,,,,,,,,,,,,,,,,,,,,,,,,,,,,,,,,,,,,470945.4,470945.4,482988.7,524592.6,539427.7,563897.3,572163.4,590447.2,547420.0,598001.6,669002.0,638565.4,637689.6,660079.0
A,CLV20_MNAC,P7_S22,DK,,,,,,,,,,,,,,,,,,,,,,,,,,,,,,,306602.7,351233.7,367634.3,404559.3,367267.9,372120.6,411717.4,423257.4,424603.6,446280.7,459819.7,472320.3,498163.4,530898.6,545392.5,502230.9,554727.9,609754.8,611814.4,664739.8,628132.1
A,CLV20_MNAC,P7_S22,EE,,,,,,,,,,,,,,,,,,,,,,,,,,,,,,,,,,2721.0,1818.1,2232.5,2755.0,3334.0,3318.5,3381.5,3130.5,3021.2,2990.4,3552.9,3880.7,4086.3,5634.3,5448.5,4443.1,4717.7,5218.9
A,CLV20_MNAC,P7_S22,EL,,,,,,,,,,,,,,,,,,,,,,,,,,,,,,,,,,,,,26174.6,25816.6,25365.1,26661.0,31487.6,31528.3,33599.1,35795.7,36227.3,32599.1,37862.1,42239.5,41117.1,43029.6,39568.9
A,CLV20_MNAC,P7_S22,ES,,,,,,,,,,,,,,,,,,,,,,,,,,,,,,,,,,,,,,154698.0,151690.0,156723.0,158873.0,158285.0,172856.0,181787.0,184288.0,152145.0,179984.0,212423.0,196684.0,202738.0,212858.0
A,CLV20_MNAC,P7_S22,FI,,,,,,,,,,,,,,,,,,,,,,,,,,,,,,,,,,33985.1,26088.4,28294.2,30935.7,29772.0,32621.0,31896.0,30238.7,30973.6,32796.5,35299.4,36215.8,32606.0,35565.6,40879.7,35724.2,35222.6,35693.3
A,CLV20_MNAC,P7_S22,FR,,,,,,,,,,,,,,,,,,,,,,,,,,,,,,,,,,262910.3,246225.1,267728.6,286063.9,283693.2,290710.4,306470.7,325655.0,335402.4,351860.7,362838.5,375719.4,323254.7,349943.7,396692.8,390305.2,391776.7,408693.6
A,CLV20_MNAC,P7_S22,HR,,,,,,,,,,,,,,,,,,,,,,,,,,,,,,,,,,,,,,7299.3,5471.4,5153.4,5240.4,5578.8,5925.5,6660.1,6475.0,5582.5,7182.4,10875.9,8154.5,9101.2,9804.9
A,CLV20_MNAC,P7_S22,HU,,,,,,,,,,,,,,,,,,,,,,,,,,,,,,,,,,8111575.0,6929532.1,7550792.0,7509478.5,6897837.9,6932006.7,7036417.8,7613476.8,7350910.8,8256055.1,9144792.5,10919656.4,10599002.0,11142357.1,12529078.7,12468556.2,12512181.9,12595657.6
A,CLV20_MNAC,P7_S22,IE,,,,,,,,,,,,,,,,,,,,,,,,,,,,,,,,,,,,,,106018.5,116962.1,139204.1,197339.6,236064.7,243377.0,230272.6,352636.9,376269.6,321921.8,357613.2,367687.5,378157.5,417465.1
A,CLV20_MNAC,P7_S22,IT,,,,,,,,,,,,,,,,,,,,,,,,,,,,,,,,,,205495.9,175948.0,195177.5,192876.6,174271.5,166279.6,170447.5,179991.4,187005.4,195734.6,202765.9,197853.9,170822.8,189850.9,214950.1,208787.0,205076.4,198046.2
A,CLV20_MNAC,P7_S22,LT,,,,,,,,,,,,,,,,,,,,,,,,,,,,,,5485.0,7148.5,7591.6,7247.6,10239.6,7068.6,8681.0,9911.9,10306.9,10524.8,9804.2,9741.7,9132.3,10429.6,11293.0,11847.2,9875.0,12325.9,15450.6,11796.1,12234.3,13251.8
A,CLV20_MNAC,P7_S22,LU,,,,,,,,,,,,,,,,,,,,,5885.2,6398.8,8464.7,10224.0,13138.7,14751.2,15345.5,14953.8,14712.5,16932.4,19606.2,23584.0,24596.8,23476.2,21267.6,27866.7,31385.4,28529.7,31292.8,34102.4,36157.3,36090.8,36999.4,38018.0,41255.4,43974.7,50982.6,48899.6,48505.9,42824.7,42758.5
A,CLV20_MNAC,P7_S22,LV,,,,,,,,,,,,,,,,,,,,,,,,,,2221.5,2372.8,2369.6,2715.6,3235.9,3528.0,3865.5,4273.3,3918.5,2922.1,3360.9,3744.8,3763.2,3619.9,3525.3,3835.1,4023.7,4473.7,4780.8,4734.3,4442.9,5311.8,5107.5,4354.8,4135.9,4213.2
A,CLV20_MNAC,P7_S22,ME,,,,,,,,,,,,,,,,,,,,,,,,,,,,,,,,1001.9,1482.3,1806.9,1408.2,1357.3,1327.9,1317.4,1298.2,1196.9,1316.8,1428.6,1566.7,1677.2,1719.6,1415.1,1613.0,2001.5,2121.6,2266.5,2443.9
A,CLV20_MNAC,P7_S22,MT,,,,,,,,,,,,,,,,,,,,,,,,,,2527.8,2159.3,2165.9,2232.4,2308.0,2457.4,2815.3,3015.8,3197.2,2796.0,3202.5,3436.8,3692.4,3672.8,3677.5,5112.3,5155.7,6038.4,6688.5,7418.0,8250.2,8279.2,9951.0,9302.7,9746.4,10186.6
A,CLV20_MNAC,P7_S22,NL,,,,,,,,,,,,,,,,,,,,,79954.0,83108.9,94483.6,105164.8,120294.0,145335.9,150070.2,145772.0,149365.8,159343.6,173157.2,186991.5,194876.2,195781.9,179010.2,207005.7,218035.5,227818.2,229194.3,241891.8,281037.2,266792.0,282876.5,294689.1,299281.6,289907.0,312895.6,338593.1,307007.4,304182.0,309455.3
A,CLV20_MNAC,P7_S22,PL,,,,,,,,,,,,,,,,,,,,,,,,,,,,,,,,,,213395.0,184559.0,215783.0,234328.0,244017.0,239275.0,259841.0,267068.0,275933.0,314091.0,350998.0,367921.0,351687.0,424003.0,481459.0,428451.0,443858.0,467296.0
A,CLV20_MNAC,P7_S22,PT,,,,,,,,,,,,,,,,,,,,,,,,,,,,,,,,,,18552.2,16806.9,18315.8,16988.7,16364.1,17311.5,17472.5,19789.6,20426.0,21931.0,22322.2,24064.0,21077.2,23153.3,25752.3,25426.1,26772.3,26514.2
A,CLV20_MNAC,P7_S22,RO,,,,,,,,,,,,,,,,,,,,,,,,,,,,,,,,,66724.8,76353.0,54483.8,60542.4,65180.2,61526.2,60317.0,66734.5,69147.1,79755.4,89438.6,100005.9,107091.1,115006.9,134219.0,151260.8,137586.3,146614.7,155299.7
A,CLV20_MNAC,P7_S22,RS,,,,,,,,,,,,,,,,,,,,,,,,,,,,,,,,,,,,,,699103.7,811910.3,921292.2,994454.3,1006967.4,1105997.9,1284925.1,1445071.2,1381202.5,1719027.4,2117094.5,2039782.9,2204792.8,2458082.0
A,CLV20_MNAC,P7_S22,SE,,,,,,,,,,,,,,,,,,,,,,,,,,,,,,,,,,,,,,,639615.2,694972.5,727484.9,743711.2,759662.0,797752.9,815082.9,735155.0,855765.5,996318.0,961728.2,976294.1,1017596.8
A,CLV20_MNAC,P7_S22,SI,,,,,,,,,,,,,,,,,,,,,,,,,,,,,,,,,,6860.7,4680.6,5260.7,5607.0,5392.4,5699.0,5892.9,5780.9,6089.4,6881.6,7586.2,8125.6,7515.6,8812.3,10588.4,9026.7,9475.3,9717.3
A,CLV20_MNAC,P7_S22,SK,,,,,,,,,,,,,,,,,,,,,5843.1,7185.0,7151.8,6100.9,5877.1,7369.6,8277.7,8422.4,8529.7,12459.4,16839.0,21795.7,24802.1,27167.8,23075.5,28502.4,30506.3,31900.7,31532.5,31965.7,33763.5,34309.1,35214.3,36580.2,35103.9,33580.2,39232.4,45796.9,37908.6,38688.0,45908.9
A,CLV20_MNAC,P7_S22,TR,,,,,,,,,,,,,,,,,,,,,,,,,,,,,,,,,,,606787.7,724275.1,831934.8,837722.0,929229.6,918247.2,909689.0,912425.3,1054673.7,1000112.0,966062.3,1064962.8,1132343.0,1350240.9,1425639.6,1310607.1,1375036.2
A,CP_MEUR,P6,AL,,,,,,,,,,,,,,,,,,,,,272.1,292.9,200.6,261.7,508.4,760.4,935.6,966.1,1027.5,1283.7,1490.2,1787.6,2206.1,2226.7,2186.4,2517.2,2710.2,2773.9,2783.3,2812.4,2798.8,3106.4,3649.2,4050.1,4305.7,3015.8,4745.6,6720.8,8348.6,9071.5,
A,CP_MEUR,P6,AT,,,,,,,,,,,,,,,,,,,,,61818.8,64035.2,69558.6,74789.0,80229.6,92590.4,98392.9,102755.0,103342.1,113581.9,123530.6,136166.4,149261.3,156424.9,130217.3,151683.0,167310.3,171988.8,173089.6,177786.4,182659.0,187305.6,199536.7,213470.1,221183.5,196484.0,227302.5,276043.4,279471.6,275099.5,280518.7
A,CP_MEUR,P6,BA,,,,,,,,,,,,,,,,,,,,,,,,,,1322.5,1430.5,1367.3,1550.3,1843.4,2194.4,2692.8,3124.4,3503.1,3171.0,3851.2,4296.6,4337.4,4620.0,4754.5,5193.9,5556.6,6556.9,7286.1,7325.9,6142.1,8570.8,11267.2,11213.0,11186.3,
A,CP_MEUR,P6,BE,,,,,,,,,,,,,,,,,,,,,132402.8,134602.0,144495.3,148252.8,156441.2,185994.4,189295.4,193550.7,194130.8,210463.8,230304.7,249732.6,269059.8,284492.0,238532.5,275440.5,304024.1,310537.9,311397.3,321522.8,323611.6,341137.5,369998.5,383597.8,397783.1,367276.2,453546.7,529995.7,498425.5,491708.5,482780.1
A,CP_MEUR,P6,BG,,,,,,,,,,,,,,,,,,,,,4695.2,4766.2,4989.7,5635.8,5473.8,5230.0,5548.0,5881.0,6469.8,8639.1,10224.1,12876.4,16996.7,19545.9,15797.1,19182.3,24384.9,25499.1,27153.1,27772.4,29212.3,31133.1,35170.7,36914.3,39348.4,34933.0,44125.9,60237.1,58610.3,59057.2,58865.9
A,CP_MEUR,P6,CH,,,,,,,,,,,,,,,,,,,,,107404.2,109760.0,120999.9,124473.9,130843.2,155637.3,160253.8,159431.7,153054.0,167515.0,182212.6,200794.9,222738.2,246159.6,233994.9,296660.4,346859.9,366092.7,387132.6,361882.5,402564.7,418253.8,410873.0,418602.0,435162.6,421524.5,497040.9,611615.4,603613.7,638292.0,722670.7
A,CP_MEUR,P6,CY,,,,,,,,,,,,,,,,,,,,,5071.3,5539.5,5821.5,6287.6,6585.4,7559.2,7914.2,7540.4,7434.8,7929.3,8375.7,8690.7,9368.8,9520.3,9099.1,9795.7,10615.0,10776.7,11058.1,11530.2,12564.0,13401.7,14998.0,16249.2,17728.2,17820.0,23306.5,31028.7,31268.1,33734.1,35528.2
A,CP_MEUR,P6,CZ,,,,,,,,,,,,,,,,,,,,,18500.3,20244.2,22079.8,25157.2,26119.3,32236.6,36986.9,39314.8,41428.9,55091.7,68193.4,80822.6,91881.5,102022.2,87276.9,103506.1,116999.3,122991.2,121283.9,129341.3,136443.2,139927.9,152835.4,161431.0,165459.2,149284.6,173561.8,207798.3,218273.7,220888.9,232020.6
A,CP_MEUR,P6,DE,,,,,,,,,,,,,,,,,357716.2,365652.1,352849.9,384897.7,426012.5,440142.0,483807.0,515423.5,540703.0,632097.0,670963.0,693476.0,700653.0,778148.0,836166.0,945469.0,1033077.0,1060281.0,884225.0,1032906.0,1143913.0,1194889.0,1194757.0,1244335.0,1314624.0,1330343.0,1406671.0,1459356.0,1497693.0,1349915.0,1565725.0,1820295.0,1812922.0,1793668.0,1807398.0
A,CP_MEUR,P6,DK,,,,,,,,,,,,,,,,,,,,,51784.5,54801.7,57834.6,58809.2,65700.9,79836.3,83841.0,86744.8,84763.1,88920.9,101089.9,114511.6,120249.7,130998.3,109164.4,123153.1,134184.2,140071.0,142536.7,145657.1,151922.7,151700.4,162913.6,171529.8,181889.9,171780.2,203269.8,269271.3,259356.0,278612.4,287740.9
A,CP_MEUR,P6,EA,,,,,,,,,,,,,,,,,,,,,1550187.4,1636010.0,1807906.4,1920578.2,2026331.9,2382837.9,2524996.3,2560451.5,2555996.7,2777694.5,2980132.4,3298120.7,3593261.3,3719917.7,3193997.1,3651347.2,4032030.8,4202032.1,4273643.0,4448454.1,4789038.1,4872812.3,5241236.8,5507896.2,5727876.2,5167982.3,6097077.6,7381485.3,7378460.0,7486624.5,7680900.2
A,CP_MEUR,P6,EA12,,,,,,,,,,,,,,,,,,,,,1565018.0,1652078.5,1827956.4,1941145.1,2052463.5,2415932.1,2524996.3,2560451.5,2555996.7,2777694.5,2980132.4,3298120.7,3569446.7,3679542.9,3115415.6,3559050.6,3913462.0,4074818.2,4142308.9,4299537.1,4606043.4,4682180.5,5030169.0,5278677.2,5487695.1,4941695.7,5826181.1,7046554.3,7001667.1,7101613.6,7279282.7
A,CP_MEUR,P6,EA19,,,,,,,,,,,,,,,,,,,,,1593517.1,1683159.8,1864891.5,1978982.4,2090154.7,2462122.6,2576043.4,2615405.8,2615702.5,2847990.4,3063151.7,3398290.7,3688835.9,3812387.8,3224515.9,3689889.0,4066611.3,4241745.3,4314972.9,4474891.5,4789038.1,4872812.3,5241236.8,5507896.2,5727876.2,5167982.3,6097077.6,7381485.3,7336833.6,7443550.7,7636298.0
A,CP_MEUR,P6,EA20,,,,,,,,,,,,,,,,,,,,,1598301.3,1688971.7,1871497.9,1985665.2,2096841.8,2470414.7,2585674.6,2625728.5,2626727.6,2860349.3,3076560.6,3413542.0,3705479.3,3829856.0,3239237.8,3706214.8,4084023.4,4259110.8,4332655.0,4493674.2,4809703.5,4894991.2,5265794.8,5533942.4,5756034.4,5188918.7,6126148.4,7421721.1,7378460.0,7486624.5,7680900.2
A,CP_MEUR,P6,EA21,,,,,,,,,,,,,,,,,,,,,1602996.5,1693738.0,1876487.6,1991301.0,2102315.6,2475644.7,2591222.6,2631609.5,2633197.4,2868988.3,3086784.7,3426418.5,3722476.0,3849401.9,3255034.9,3725397.0,4108408.3,4284609.9,4359808.1,4521446.5,4838915.9,4926124.3,5300965.5,5570856.7,5795382.8,5223851.7,6170274.3,7481958.1,7437070.2,7545681.7,7739766.1
A,CP_MEUR,P6,EE,,,,,,,,,,,,,,,,,,,,,1969.2,2310.2,3205.0,3731.5,3777.6,3803.4,4279.7,4533.6,4998.5,5972.0,7422.5,8584.6,10267.0,11033.1,8601.3,11063.1,14443.1,15445.6,15992.5,16412.6,15975.5,16747.5,18068.2,19273.8,20505.3,18987.4,25041.8,31737.9,29829.2,30152.6,32615.1
A,CP_MEUR,P6,EL,,,,,,,,,,,,,,,,,,,,,14830.6,16068.5,20050.0,20566.9,26131.6,33094.2,34146.5,32389.2,32858.0,38932.1,40887.9,44520.5,49864.8,54395.4,43888.3,48583.6,51494.6,53847.2,54017.0,57249.8,56442.9,54391.8,61691.1,69773.3,73258.2,52691.9,74310.5,101913.7,98499.8,99693.5,98004.8
A,CP_MEUR,P6,ES,,,,,,,,,,,,,,,,,,,,,102731.6,116772.2,133860.7,144584.4,157083.0,185133.0,195405.0,199164.0,205612.0,218354.0,231479.0,253088.0,279332.0,284202.0,246631.0,278203.0,314071.0,324254.0,335957.0,345132.0,361994.0,377059.0,408343.0,422779.0,434731.0,344196.0,417060.0,545828.0,566403.0,590793.0,618130.0
A,CP_MEUR,P6,EU27_2020,,,,,,,,,,,,,,,,,,,,,1795717.4,1902796.3,2110977.4,2243944.1,2370591.7,2804858.8,2934917.8,2988478.9,2997856.2,3281304.5,3560597.2,3977860.3,4337630.6,4517830.6,3807931.8,4384633.3,4843253.5,5045989.6,5134965.4,5329654.0,5693924.4,5801823.6,6255726.6,6580484.3,6864552.6,6225299.3,7354315.2,8942294.5,8931702.4,9073842.1,9327759.1
A,CP_MEUR,P6,FI,,,,,,11925.4,14774.5,15610.8,16470.3,19839.3,20648.2,19198.1,19870.8,22059.1,24894.5,24669.8,21969.7,22174.3,23881.4,29664.5,36710.4,37823.9,42323.3,44826.7,47726.0,57348.0,57510.0,58110.0,56634.0,61305.0,66325.0,74474.0,81986.0,87225.0,65576.0,72273.0,77021.0,78017.0,77838.0,75767.0,75210.0,76220.0,85762.0,90789.0,96882.0,85606.0,99311.0,123180.0,116760.0,115650.0,118756.0
A,CP_MEUR,P6,FR,57201.6,67504.4,75698.0,83950.4,96385.5,110009.7,126350.3,132252.2,145974.2,166310.5,176675.0,166616.5,165781.2,183315.0,210507.0,217785.2,228308.3,241100.2,244814.0,265920.3,289066.6,303891.6,340688.8,364583.2,379577.6,438490.0,450309.1,453465.4,440246.5,467075.9,496255.3,534014.1,559242.7,581061.2,501013.8,555437.6,609132.8,633913.6,648642.9,662096.6,697701.1,702983.1,740484.0,775337.9,799941.7,662035.3,784736.3,971788.9,973920.4,989546.9,994800.6
A,CP_MEUR,P6,HR,,,,,,,,,,,,,,,,,,,,,4784.2,5812.0,6606.4,6682.8,6687.1,8292.1,9631.2,10322.7,11025.1,12358.9,13408.9,15251.3,16643.4,17468.2,14721.9,16325.8,17412.1,17365.5,17682.0,18782.7,20665.5,22178.9,24558.1,26046.2,28158.2,20936.5,29070.8,40235.8,41626.4,43073.8,44602.2
A,CP_MEUR,P6,HU,,,,,,,,,,,,,,,,,,,,,13917.6,15412.0,20013.2,22993.2,25631.1,34259.7,38921.4,41683.8,42451.7,49913.7,56894.3,67930.0,79665.2,85761.0,70201.5,80898.3,87905.7,86070.3,87281.7,92540.6,98673.8,100400.4,109088.4,113903.3,119469.1,108506.7,123065.3,151371.5,160320.1,157086.7,158940.0
A,CP_MEUR,P6,IE,,,,,,,,,,,,,,,,,,,,,38878.3,44720.6,56392.7,67936.3,80226.8,102408.1,116258.7,123009.4,117685.2,125751.1,135441.0,146147.9,159304.6,157941.9,158596.1,172819.8,177294.2,183371.9,200735.8,230879.2,344948.5,356446.1,396238.8,422166.5,477332.6,533702.1,611668.7,726433.3,716393.1,810337.0,894582.4
A,CP_MEUR,P6,IS,,,,,,,,,,,,,,,,,,,,,1904.5,2088.2,2371.0,2556.6,2732.3,3141.1,3390.2,3520.0,3300.7,3609.3,4119.0,4246.6,5197.7,4454.0,4589.0,5377.3,5966.7,6301.4,6456.5,6930.2,8193.3,9054.7,10144.4,10498.6,9977.9,6589.6,8290.6,12965.6,12895.0,13018.9,13741.7
A,CP_MEUR,P6,IT,,,,,,,,,,,,,,,,,,,,,221632.8,245049.4,264754.6,273002.5,272643.4,318171.5,334498.2,329564.0,324994.1,348699.3,367450.6,406392.4,441837.0,439575.8,352894.0,403170.0,440244.9,456969.7,456829.8,468225.5,484747.5,490977.4,525788.2,547785.4,558356.4,479725.2,574339.2,701306.3,714163.2,712028.3,727701.8
A,CP_MEUR,P6,LT,,,,,,,,,,,,,,,,,,,,,1904.9,2771.6,4015.4,3925.4,3339.4,4814.9,6025.7,7183.2,7695.9,8885.8,11566.2,13719.4,14981.7,18819.2,13929.8,17925.5,22824.3,26135.6,27565.1,26437.5,25686.0,26285.3,31116.8,34244.4,37825.0,36409.0,45134.0,58537.8,56431.5,58410.4,60878.6
A,CP_MEUR,P6,LU,,,,,,,,,,,,,,,,,,,,,16660.4,17776.0,20067.3,22992.7,26699.0,33937.7,34912.6,34105.6,34842.4,40517.8,46579.5,57325.3,63831.9,64613.3,57765.8,68993.4,75123.5,79658.4,86594.5,94665.5,103864.1,107412.9,112118.9,118712.3,128937.1,131860.3,157486.4,170579.9,178502.5,165063.7,170558.3
A,CP_MEUR,P6,LV,,,,,,,,,,,,,,,,,,,,,1430.0,1901.0,2283.3,2512.1,2468.4,3175.4,3562.4,3715.6,3784.7,4562.1,5926.3,6901.0,8720.4,9630.5,7987.8,9553.2,11756.3,13577.5,13764.8,14488.4,14862.9,15171.3,16687.4,17981.6,18490.3,18311.8,21569.2,27969.3,26108.3,26368.5,26922.8
A,CP_MEUR,P6,ME,,,,,,,,,,,,,,,,,,,,,,,,,,,,,,,,880.0,1156.4,1226.4,1027.8,1145.7,1374.3,1338.1,1390.1,1388.1,1544.6,1605.4,1764.8,1999.5,2171.2,1088.1,2122.9,3052.1,3479.9,3344.3,3273.4
A,CP_MEUR,P6,MK,,,,,,,,,,,,,,,,,,,,,,,,,,1349.0,1209.8,1115.3,1213.0,1405.6,1751.5,2068.0,2688.7,2927.2,2219.8,2828.4,3555.1,3441.6,3536.6,4080.9,4421.7,4892.3,5535.7,6486.7,7028.4,6269.2,7745.1,9639.1,9885.4,9666.4,10110.0
A,CP_MEUR,P6,MT,,,,,,,,,,,,,,,,,,,,,2421.6,2321.5,2498.4,2697.0,3092.3,3951.0,3566.8,3898.5,3619.6,3691.5,3810.5,4798.4,5249.7,5704.7,5095.1,6150.0,6852.9,7539.2,7939.9,8673.7,11114.0,12294.8,14620.0,16872.4,18172.7,18664.5,19815.2,23074.4,25057.1,27412.7,29273.8
A,CP_MEUR,P6,NL,,,,,,,,,,,,,,,,,,,,,199908.5,205544.2,223906.1,233935.3,253329.0,300449.0,306052.0,302268.0,305024.0,332743.0,362770.0,400318.0,427909.0,453341.0,388198.0,445533.0,493159.0,523792.0,534924.0,552282.0,587250.0,582690.0,639580.0,685372.0,707965.0,663307.0,770745.0,958476.0,918720.0,925247.0,951461.0
A,CP_MEUR,P6,NO,9358.0,11322.1,12202.1,12953.3,14930.1,19438.1,24036.8,25908.4,28231.4,32818.1,35700.7,26421.8,25533.3,27347.4,33953.5,36536.0,38030.7,37001.7,37773.3,39368.9,42566.0,50738.5,56985.9,50521.1,58499.2,84847.2,87568.5,84302.3,80506.3,87828.7,108319.7,123135.7,126720.4,147848.8,111888.2,131512.2,151227.7,166001.0,159147.5,151774.9,136395.1,121564.4,131899.5,143686.0,135276.6,105217.5,184207.2,314767.0,215472.3,214665.8,213660.1
A,CP_MEUR,P6,PL,,,,,,,,,,,,,,,,,,,,,24968.0,27851.4,32818.2,40223.4,38441.4,50771.2,57863.9,60458.3,64217.0,70530.6,85244.6,103753.2,120936.4,138402.9,117627.3,143967.3,160614.7,170659.3,178573.4,188910.7,203967.4,213429.1,242474.7,263226.6,283280.2,278857.8,332532.2,412594.3,435227.7,442741.0,458777.7
A,CP_MEUR,P6,PT,,,,,,,,,,,,,,,,,,,,,24364.7,25652.9,28052.0,30251.7,31673.3,36218.8,37253.0,38594.2,39974.7,42122.6,42942.7,50472.4,54740.6,55989.5,47877.7,54007.7,60673.7,63578.7,67526.0,69595.2,72990.7,75214.1,83956.9,89538.0,93631.5,74896.8,89949.7,120714.1,127486.1,132778.3,133927.9
A,CP_MEUR,P6,RO,,,,,,,,,,,,,,,,,,,,,7327.6,7682.0,8868.2,8530.3,8992.2,8764.0,9979.4,11693.3,12374.8,15549.8,19437.8,24081.5,31538.9,38341.3,32585.2,40597.8,48812.6,49744.5,57525.1,62434.4,66278.2,71046.1,78910.7,85565.9,90085.2,81277.3,98068.0,122175.0,126202.0,125904.1,134286.2
A,CP_MEUR,P6,RS,,,,,,,,,,,,,,,,,,,,,1368.7,2085.4,3167.3,3485.2,2069.7,2503.4,3017.6,3650.9,4602.5,5278.0,6287.4,7700.0,8613.2,10159.4,8560.4,10176.9,11695.0,12074.2,14518.0,14925.2,16147.8,17728.9,19651.7,21760.7,23552.5,22602.6,29274.7,38576.5,41419.0,44612.7,48161.0
A,CP_MEUR,P6,SE,,,,,,,,,,,,,,,,,,,55529.1,65115.7,76223.1,83067.0,92875.8,96929.8,103391.3,123346.4,116102.5,116974.4,119423.4,132309.4,142952.5,160343.0,170882.9,172902.9,136041.7,167113.8,186328.6,191843.4,187956.4,189323.4,197723.2,199195.4,208538.3,213971.0,228986.2,211741.0,253543.8,297190.4,295395.5,304678.5,316017.1
A,CP_MEUR,P6,SI,,,,,,,,,,,,,,,,,,,,,7424.7,7817.4,8713.7,9396.9,9362.6,10963.0,12030.6,13065.8,13387.2,15245.8,17418.4,20418.6,23814.6,25149.8,20768.3,23375.6,26035.5,26427.5,27016.2,28569.1,29896.0,31385.0,35755.1,38901.6,40623.4,36583.2,43551.1,53648.6,53442.2,54553.0,55430.0
A,CP_MEUR,P6,SK,,,,,,,,,,,,,,,,,,,,,8277.4,8420.0,10397.9,9286.9,9065.6,11923.6,13667.7,15017.0,18785.1,24009.4,28499.8,37057.3,46987.0,52987.4,43619.0,52975.3,60622.3,67024.9,69327.4,69243.0,72896.4,75346.3,79822.3,85696.0,86836.3,79510.7,92478.7,108934.4,113029.9,111305.9,116370.6
A,CP_MEUR,P6,TR,,,,,,,,,,,,,,,,,,,,,32915.0,38625.6,49996.9,50612.3,45262.3,59570.7,61360.9,63686.1,64780.3,78484.8,90074.0,100211.7,110882.7,126636.4,111316.3,127176.6,142078.0,171588.0,176437.8,183191.4,196702.9,185901.4,202980.2,211593.8,228694.2,183461.6,247880.3,335776.6,335635.2,345536.4,349440.3
A,CP_MEUR,P6,UA,,,,,,,,,,,,,,,,,,,,,,,,,,21141.5,22242.6,23289.8,24149.8,31712.6,34286.7,38504.0,44798.1,55592.5,37325.1,48122.0,58476.5,65258.4,59289.5,49168.9,43237.2,41536.1,47739.2,50136.0,56705.1,53028.6,68747.1,54587.7,47440.6,52303.0,
A,CP_MEUR,P6,UK,,,,,,,,,,,,,,,,,,,,,262141.2,291534.8,351445.9,356036.8,377790.9,453064.9,461191.2,457548.1,434319.9,461911.7,510536.7,588447.0,572974.0,539808.9,458786.2,528890.0,587512.1,633044.8,626180.4,651669.7,721048.7,687323.7,710493.1,747816.8,785255.8,,,,,,
A,CP_MEUR,P6,XK,,,,,,,,,,,,,,,,,,,,,,,,,,,,,,,,,,608.1,694.2,873.5,1136.8,1176.4,1166.6,1252.8,1274.0,1438.5,1737.2,1938.3,2068.4,1469.1,2658.7,3436.0,3837.2,4321.1,4847.4
A,CP_MEUR,P6_S21,AT,,,,,,,,,,,,,,,,,,,,,,,,,,,,,,,,,,111876.8,88929.4,109575.5,119526.1,124409.5,124837.0,126449.7,129224.0,133531.9,147014.9,155519.4,158966.1,139825.6,172590.7,212779.3,198232.3,197688.4,198359.5
A,CP_MEUR,P6_S21,BA,,,,,,,,,,,,,,,,,,,,,,,,,,,,,,,,,,,,,,,,,4266.9,4450.8,5104.3,5646.7,5575.3,4805.9,6572.9,8571.9,8234.5,8062.8,
A,CP_MEUR,P6_S21,BE,,,,,,,,,,,,,,,,,,,,,87736.7,89182.8,95757.3,98183.9,103519.3,123013.0,124964.3,127972.1,128389.6,139271.7,152534.0,165624.4,178157.8,189299.4,157309.1,174901.0,189642.7,191570.0,191849.3,196886.4,199112.6,208594.8,228142.1,240285.0,250498.6,231409.5,281333.7,321394.7,302706.0,304119.8,310434.1
A,CP_MEUR,P6_S21,BG,,,,,,,,,,,,,,,,,,,,,,,,,,,,,,,,,,,,,,,,15978.9,17245.7,18753.7,20601.0,22889.4,24146.1,22242.2,27792.3,37659.4,35858.6,36436.9,36301.9
A,CP_MEUR,P6_S21,CY,,,,,,,,,,,,,,,,,,,,,,,,,,,,,,,,,,3543.7,3184.4,3455.7,3703.8,3421.0,3528.5,3944.0,4038.8,4194.5,4879.9,5314.5,6908.9,6953.1,9206.7,12226.7,11741.4,13029.5,13730.1
A,CP_MEUR,P6_S21,CZ,,,,,,,,,,,,,,,,,,,,,,,,,,,,,,,,,,81710.5,68807.6,81763.4,92203.0,93103.6,91795.4,99230.1,104106.2,106336.7,115990.8,122243.1,125002.2,113088.5,132507.8,161501.5,168047.0,165352.1,172712.2
A,CP_MEUR,P6_S21,DE,,,,,,,,,,,,,,,,,,,,,,,,,,,,,,,,,,566495.0,461536.0,519502.0,568543.0,559637.0,558767.0,585137.0,613585.0,635015.0,676062.0,714774.0,740293.0,655843.0,763956.0,900672.0,896788.0,891531.0,930263.0
A,CP_MEUR,P6_S21,DK,,,,,,,,,,,,,,,,,,,,,,,,,,,,,,,54759.3,61054.4,63643.7,67989.2,55380.2,60715.5,64813.4,64516.9,67519.3,68465.0,70468.7,71757.7,75560.3,77409.7,80874.1,76083.0,88952.3,115151.5,117762.7,118157.9,123607.1
A,CP_MEUR,P6_S21,EE,,,,,,,,,,,,,,,,,,,,,,,,,,,,,,,,,,7972.8,6318.7,8013.4,10084.3,10341.0,11812.0,12114.3,12231.6,12456.1,13461.5,14318.3,14920.9,12882.4,17161.3,22389.1,21733.8,21404.9,23549.8
A,CP_MEUR,P6_S21,EL,,,,,,,,,,,,,,,,,,,,,,,,,,,,,,,,,,23995.7,19677.7,20595.1,21963.7,21016.2,22620.2,24692.9,24988.1,25284.9,27250.0,30673.1,32639.2,24878.7,34528.3,48685.7,48687.4,47777.0,48749.9
A,CP_MEUR,P6_S21,ES,,,,,,,,,,,,,,,,,,,,,,,,,,,,,,,,,,168438.0,147913.0,165979.0,182904.0,179343.0,185618.0,191551.0,201715.0,212229.0,232314.0,240981.0,247785.0,204102.0,254523.0,329109.0,340905.0,353943.0,369400.0
A,CP_MEUR,P6_S21,FI,,,,,,,,,,,,,,,,,,,,,,,,,,,,,,,,,,41535.0,30151.0,32518.0,36077.0,36281.0,37521.0,36043.0,36944.0,38387.0,43765.0,46302.0,50724.0,43406.0,51791.0,65610.0,63868.0,62932.0,64386.0
A,CP_MEUR,P6_S21,FR,,,,,,,,,,,,,,,,,,,,,,,,,,,,,,,,,,306779.9,257513.3,284411.6,313693.3,315710.0,326595.7,330047.6,342196.1,348769.1,362691.3,385034.6,395073.7,340246.8,405263.0,506222.0,507132.9,502434.0,516473.0
A,CP_MEUR,P6_S21,HR,,,,,,,,,,,,,,,,,,,,,,,,,,,,,,,,,,12860.9,10863.0,11896.6,11360.8,11355.7,11884.7,12772.7,14335.4,15479.8,16831.4,18139.7,19439.2,14855.2,20829.6,28566.7,29090.4,29333.0,30652.5
A,CP_MEUR,P6_S21,HU,,,,,,,,,,,,,,,,,,,,,,,,,,,,,,,,,,62510.5,51290.1,57810.7,63993.0,63062.8,62583.0,68916.6,70429.8,74361.6,81751.7,85769.6,90386.9,82648.7,91946.8,113698.8,120702.5,114490.3,118146.5
A,CP_MEUR,P6_S21,IE,,,,,,,,,,,,,,,,,,,,,,,,,,,,,,,,,,70981.9,73322.1,76210.9,75588.9,77962.7,78726.8,86533.6,108625.1,108547.2,111463.2,135497.0,142761.5,164079.8,204605.8,252704.9,242673.6,264843.4,271838.9
A,CP_MEUR,P6_S21,IT,,,,,,,,,,,,,,,,,,,,,,,,,,,,,,,,,,235411.5,184292.8,207128.0,222395.3,218429.8,214395.7,223203.5,232433.9,239694.9,259861.2,275579.5,281129.3,246822.0,302783.9,367757.6,380083.4,373082.2,395237.0
A,CP_MEUR,P6_S21,LT,,,,,,,,,,,,,,,,,,,,,,,,,,,,,,5109.7,6661.0,7797.0,8856.6,10556.5,8425.3,10206.6,13214.1,14485.9,14896.2,15137.3,16136.9,16352.6,19186.7,21495.0,23828.9,23328.9,29302.1,39854.6,38668.8,40908.5,43507.4
A,CP_MEUR,P6_S21,LU,,,,,,,,,,,,,,,,,,,,,12474.6,13185.6,14514.9,16441.1,18879.4,23867.3,24553.7,24945.4,25703.0,29776.9,33149.9,39497.9,43456.1,44313.1,39808.8,43471.5,46903.3,51761.4,55528.0,59493.1,63874.9,67615.2,68820.5,73811.2,79711.2,81835.4,97823.7,107900.8,114071.0,106193.3,109728.3
A,CP_MEUR,P6_S21,LV,,,,,,,,,,,,,,,,,,,,,,,,,,1466.8,1764.7,1935.2,2013.5,2572.2,3527.2,4144.7,5321.3,5890.9,4785.2,5776.6,7192.1,8074.4,8284.0,9086.5,9434.0,9746.4,10498.6,11604.7,12110.7,11947.9,14449.6,18659.6,17546.3,17900.8,18773.7
A,CP_MEUR,P6_S21,ME,,,,,,,,,,,,,,,,,,,,,,,,,,,,,,,,438.4,561.0,502.3,359.8,443.9,515.1,388.9,372.9,391.7,421.0,442.6,488.8,647.9,680.0,401.0,624.9,1079.0,1208.8,1101.1,1054.7
A,CP_MEUR,P6_S21,MT,,,,,,,,,,,,,,,,,,,,,1449.3,1393.3,1500.9,1623.6,1856.6,2370.6,2138.4,2345.7,2172.0,2217.6,2285.6,2879.1,3158.7,3423.3,3063.0,3696.7,4107.6,4530.3,4779.7,5215.0,6650.5,7442.6,8734.4,10243.4,11099.8,11972.2,12399.4,13556.9,15936.9,17271.4,18906.4
A,CP_MEUR,P6_S21,NL,,,,,,,,,,,,,,,,,,,,,134917.9,138065.2,148254.6,155035.6,167630.0,196565.0,200289.0,193490.0,194277.0,216499.0,233758.0,259119.0,277479.0,296412.0,250400.0,279624.0,313346.0,325001.0,331259.0,339531.0,351076.0,353341.0,390561.0,426899.0,436123.0,394212.0,473238.0,601647.0,570047.0,561843.0,581862.0
A,CP_MEUR,P6_S21,PL,,,,,,,,,,,,,,,,,,,,,,,,,,,,,,,,,,99554.1,85815.7,104000.1,114040.4,117713.6,121711.5,132398.7,145351.7,151715.9,171911.7,188364.0,201745.4,199863.6,242152.4,308457.1,313010.6,317410.2,330056.6
A,CP_MEUR,P6_S21,PT,,,,,,,,,,,,,,,,,,,,,,,,,,,,,,,,,,36281.2,31202.2,35376.2,39374.5,39235.5,41214.1,42653.1,45397.5,48037.1,52950.9,58021.7,60804.5,51017.9,61493.5,78793.1,82130.7,85835.5,87344.6
A,CP_MEUR,P6_S21,RO,,,,,,,,,,,,,,,,,,,,,,,,,,,,,,,,,22306.8,27005.0,23868.2,28761.4,34336.3,34983.4,40585.3,44767.2,49202.7,53547.4,60243.1,66350.8,69995.8,59438.2,70639.0,86027.8,89164.5,89807.0,95418.4
A,CP_MEUR,P6_S21,RS,,,,,,,,,,,,,,,,,,,,,,,,,,,,,,,,,4670.2,5335.7,4494.2,5566.4,6621.3,7061.9,8505.2,8940.4,9638.4,10717.0,11775.7,13182.7,14433.5,13802.8,17643.6,22944.6,24345.1,25777.2,27599.4
A,CP_MEUR,P6_S21,SE,,,,,,,,,,,,,,,,,,,,,,,,,,,,,,,,,,,,,,,95826.1,96410.0,99164.6,102272.2,107008.3,109338.7,113719.5,104835.2,128693.9,151816.0,155024.7,159624.9,163939.0
A,CP_MEUR,P6_S21,SI,,,,,,,,,,,,,,,,,,,,,,,,,,,,,,,,,,17364.0,15423.1,17451.3,19540.0,19429.6,19879.8,21377.0,22429.3,23451.3,27003.3,29700.1,31017.8,27608.0,33098.2,40832.3,40114.5,40543.4,41466.9
A,CP_MEUR,P6_S21,SK,,,,,,,,,,,,,,,,,,,,,6909.5,7018.2,8736.7,8153.5,8003.8,10529.0,12095.4,13155.8,15833.6,20220.5,24077.9,30885.6,38617.7,42879.2,35570.2,42974.7,49321.8,53615.7,54279.1,54663.8,58127.6,60017.4,64083.8,68805.0,69932.6,64047.1,76055.7,90459.7,90263.9,91085.7,90030.0
A,CP_MEUR,P6_S21,TR,,,,,,,,,,,,,,,,,,,,,,,,,,,,,,,,,,,48113.6,54730.8,61503.4,73626.8,75320.1,79936.4,87809.7,87474.2,92357.1,101588.0,107141.8,74506.7,100701.4,133818.2,134482.8,140960.3,146179.5
A,CP_MEUR,P6_S21,UK,,,,,,,,,,,,,,,,,,,,,139323.6,154915.2,186731.2,193881.1,206180.0,244147.5,251515.6,251311.2,230462.9,240341.3,263860.8,321669.9,290227.1,270241.6,221944.2,253816.6,280511.1,288738.0,279743.5,291091.9,310771.0,299726.7,317104.5,337121.8,331749.8,,,,,,
A,CP_MEUR,P6_S2111,AT,,,,,,,,,,,,,,,,,,,,,,,,,,,,,,,,,,83230.1,72040.7,87418.3,96086.1,101521.3,101964.3,102985.0,105286.7,109077.1,120635.7,127909.3,129773.1,115044.5,143441.5,176479.7,161355.2,162183.3,160775.6
A,CP_MEUR,P6_S2111,BA,,,,,,,,,,,,,,,,,,,,,,,,,,,,,,,,,,,,,,,,,3802.7,3953.8,4508.7,4977.4,4948.6,4313.7,5883.3,7681.8,7390.5,7162.9,
A,CP_MEUR,P6_S2111,BE,,,,,,,,,,,,,,,,,,,,,,,,,94669.5,112482.5,114214.0,117008.4,117397.8,127366.5,139525.4,151550.1,162953.8,171213.3,142678.4,158329.0,170911.3,172293.1,171803.1,175547.3,176326.4,184188.6,201524.3,212977.4,220151.4,201944.1,247628.5,280643.1,260774.1,262769.8,267049.0
A,CP_MEUR,P6_S2111,BG,,,,,,,,,,,,,,,,,,,,,,,,,,,,,,,,,,,,,,,,11884.9,12723.2,13694.5,15151.4,16982.6,17831.2,16301.9,20385.6,27441.8,26261.7,26710.0,26216.4
A,CP_MEUR,P6_S2111,CY,,,,,,,,,,,,,,,,,,,,,,,,,,,,,,,,,,2356.7,2173.4,2317.7,2556.8,2384.0,3007.5,2886.0,3282.8,3392.5,4031.9,4322.5,5811.9,6167.1,7600.7,9851.7,9350.4,10382.5,10937.7
A,CP_MEUR,P6_S2111,CZ,,,,,,,,,,,,,,,,,,,,,,,,,,,,,,,,,,67368.7,58532.1,68871.5,77023.6,77314.0,75803.2,80957.1,85234.6,87022.8,94942.2,99833.5,102018.2,92486.7,107912.4,131762.5,136592.4,133377.0,139353.9
A,CP_MEUR,P6_S2111,DE,,,,,,,,,,,,,,,,,,,,,,,,,,,,,,,,,,436394.0,360816.0,400993.0,432783.0,425827.0,422177.0,433904.0,451941.0,466231.0,496259.0,521603.0,539637.0,473866.0,554286.0,655597.0,658788.0,651076.0,676534.0
A,CP_MEUR,P6_S2111,DK,,,,,,,,,,,,,,,,,,,,,,,,,,,,,,,38826.5,42332.5,43327.4,46661.1,38018.2,41093.8,43739.8,42952.6,46216.6,47406.7,48866.1,49696.8,52141.2,53465.0,55948.7,54352.2,63129.8,82593.1,85697.3,86084.2,88822.1
A,CP_MEUR,P6_S2111,EE,,,,,,,,,,,,,,,,,,,,,,,,,,,,,,,,,,4001.3,3393.1,4053.9,4971.2,4997.2,5645.3,7192.6,7992.6,8031.1,9249.4,10117.2,10849.2,9477.1,12942.8,16973.7,16769.7,16648.7,18233.1
A,CP_MEUR,P6_S2111,EL,,,,,,,,,,,,,,,,,,,,,,,,,,,,,,,,,,19047.6,15766.7,16542.0,17675.4,16628.4,17683.7,19412.2,20070.9,20062.8,21677.0,24189.3,25887.2,19632.7,27111.5,36664.8,37597.3,36773.0,36775.4
A,CP_MEUR,P6_S2111,ES,,,,,,,,,,,,,,,,,,,,,,,,,,,,,,,,,,154599.0,136243.0,151974.0,165373.0,162134.0,167068.0,172320.0,180227.0,190063.0,207433.0,215870.0,221123.0,183583.0,228930.0,296282.0,304816.0,315616.0,328330.0
A,CP_MEUR,P6_S2111,FI,,,,,,,,,,,,,,,,,,,,,,,,,,,,,,,,,,27838.0,19584.0,20935.0,22484.0,23353.0,23838.0,22939.0,24038.0,24371.0,28503.0,29251.0,33367.0,28103.0,33360.0,41632.0,41440.0,41363.0,42107.0
A,CP_MEUR,P6_S2111,FR,,,,,,,,,,,,,,,,,,,,,,,,,,,,,,,,,,274132.0,231419.6,254925.6,280858.1,283061.0,291269.6,293841.2,303321.1,310089.9,321171.4,339887.4,349176.6,298227.3,352978.9,436389.5,445500.6,440149.2,451402.8
A,CP_MEUR,P6_S2111,HR,,,,,,,,,,,,,,,,,,,,,,,,,,,,,,,,,,11682.6,9868.5,10766.8,9811.6,9939.3,10341.3,11026.3,12368.9,13251.4,14132.1,15326.4,16216.6,11998.2,16589.0,22333.3,23801.8,23750.4,24985.8
A,CP_MEUR,P6_S2111,HU,,,,,,,,,,,,,,,,,,,,,,,,,,,,,,,,,,49639.5,41330.1,46069.3,50309.0,49722.7,49241.0,54649.6,55467.8,58405.2,64218.7,66970.3,70643.1,65127.8,72351.9,89911.2,95497.1,89129.4,92056.7
A,CP_MEUR,P6_S2111,IE,,,,,,,,,,,,,,,,,,,,,,,,,,,,,,,,,,62208.5,62864.6,64949.4,65362.5,69291.3,69444.4,76714.4,94538.5,93411.1,95405.7,117839.3,123204.4,143106.6,178608.7,222345.9,211600.5,230230.5,234003.5
A,CP_MEUR,P6_S2111,IT,,,,,,,,,,,,,,,,,,,,,,,,,,,,,,,,,,198977.9,156227.3,175130.0,188098.7,185185.1,180564.5,187540.5,194145.5,200865.1,216367.2,230794.1,235222.5,205591.0,251258.0,306545.1,316877.4,309815.6,318569.3
A,CP_MEUR,P6_S2111,LT,,,,,,,,,,,,,,,,,,,,,,,,,,,,,,3901.8,5032.1,5776.9,6607.7,7743.5,6199.3,7431.2,10017.9,11065.6,10900.4,10670.9,11270.8,11314.6,13571.4,15266.7,17437.3,17298.9,21161.7,29377.3,28723.7,30251.0,32020.3
A,CP_MEUR,P6_S2111,LU,,,,,,,,,,,,,,,,,,,,,11814.3,12513.0,13725.8,15452.1,17874.5,22596.0,23206.3,23460.1,24105.5,27962.5,31064.6,36852.1,40319.6,41207.4,37146.2,40375.3,43513.4,47775.3,51133.9,54743.5,58571.9,62046.7,63017.2,67512.8,72883.2,74710.6,89421.7,99062.8,104983.0,98051.1,101315.1
A,CP_MEUR,P6_S2111,LV,,,,,,,,,,,,,,,,,,,,,,,,,,1032.4,1235.2,1355.1,1376.2,1756.4,2519.8,3223.1,4082.8,4567.8,3725.0,4403.0,5397.7,5981.0,6073.5,6822.4,7084.0,7273.9,7697.4,8491.6,9052.0,8912.5,10978.9,14431.9,13446.2,13663.0,14455.1
A,CP_MEUR,P6_S2111,ME,,,,,,,,,,,,,,,,,,,,,,,,,,,,,,,,318.9,384.3,395.7,259.8,299.1,297.5,228.5,274.7,257.5,301.8,283.6,311.5,399.6,414.3,262.0,439.5,787.3,907.4,793.0,786.2
A,CP_MEUR,P6_S2111,MT,,,,,,,,,,,,,,,,,,,,,1334.8,1282.1,1379.7,1494.3,1709.5,2193.3,1972.2,2163.7,2002.7,2039.4,2094.6,2636.8,2889.1,3114.5,2777.4,3358.3,3732.9,4120.0,4327.3,4702.3,5962.1,6672.0,7806.9,9170.2,9873.6,10840.6,11191.8,12172.6,14424.6,15586.1,17175.4
A,CP_MEUR,P6_S2111,NL,,,,,,,,,,,,,,,,,,,,,125791.9,128623.1,136773.6,142614.5,153044.0,179070.0,183693.0,177193.0,179596.0,194487.0,208527.0,238595.0,240916.0,256408.0,219054.0,247398.0,277382.0,285725.0,285652.0,290862.0,297628.0,297882.0,333129.0,365440.0,372928.0,335124.0,401152.0,516494.0,487558.0,479413.0,495175.0
A,CP_MEUR,P6_S2111,PL,,,,,,,,,,,,,,,,,,,,,,,,,,,,,,,,,,78803.3,69059.8,82632.7,90264.5,92699.6,95597.9,103789.2,113287.9,117916.9,134131.3,147252.1,158067.1,157352.2,191528.7,240363.4,251242.2,252898.4,261984.8
A,CP_MEUR,P6_S2111,PT,,,,,,,,,,,,,,,,,,,,,,,,,,,,,,,,,,34108.1,29142.5,32896.6,36550.1,36103.5,38133.5,39446.1,42199.6,44564.2,48935.4,53965.3,56502.4,47207.1,56991.3,72881.9,75780.4,79064.1,80188.9
A,CP_MEUR,P6_S2111,RO,,,,,,,,,,,,,,,,,,,,,,,,,,,,,,,,,16465.0,20066.1,18048.0,21429.2,25208.8,25524.5,30066.4,33168.5,36374.2,39679.0,44960.0,49117.0,51368.2,46911.0,54679.8,65155.0,69488.9,69840.6,74144.7
A,CP_MEUR,P6_S2111,RS,,,,,,,,,,,,,,,,,,,,,,,,,,,,,,,,,3718.5,4264.5,3637.1,4414.4,5241.2,5563.4,6715.0,7153.5,7649.3,8360.8,8831.0,9610.6,10530.0,9758.0,12338.0,16123.1,16656.5,18200.2,19755.8
A,CP_MEUR,P6_S2111,SE,,,,,,,,,,,,,,,,,,,,,,,,,,,,,,,,,,,,,,,76043.6,76286.1,77984.7,80370.3,84177.4,85881.7,89049.4,80748.1,98008.9,115606.7,120104.5,124417.7,126003.5
A,CP_MEUR,P6_S2111,SI,,,,,,,,,,,,,,,,,,,,,,,,,,,,,,,,,,13017.6,13019.4,14559.6,16279.8,16208.4,16549.7,17796.1,18674.1,19468.2,22531.0,24792.3,25917.3,22858.1,27380.7,33843.2,32999.0,32995.5,33575.6
A,CP_MEUR,P6_S2111,SK,,,,,,,,,,,,,,,,,,,,,3106.1,3474.2,4902.2,5113.2,5256.6,6870.6,7942.1,8820.4,11095.9,13656.6,15513.5,19606.3,24501.6,26195.3,21592.7,25511.3,28480.3,30560.1,31077.1,32242.6,34908.3,36876.8,39241.3,42664.8,43450.8,39839.5,45267.4,52285.5,52431.1,52035.8,51567.3
A,CP_MEUR,P6_S2111,TR,,,,,,,,,,,,,,,,,,,,,,,,,,,,,,,,,,,35124.1,39836.7,44675.1,53390.7,55031.4,57666.5,62355.5,61241.3,66229.7,72882.7,76951.8,59613.5,81113.1,106425.1,107609.2,111875.2,116666.8
A,CP_MEUR,P6_S2111,UK,,,,,,,,,,,,,,,,,,,,,125848.5,139928.7,168672.5,175358.9,187515.6,221600.4,228473.8,227710.2,208491.5,216529.6,237468.6,286692.7,259593.2,241078.5,197816.9,224559.4,248449.1,256543.0,246890.2,255779.5,273954.3,263827.1,281112.6,298319.2,293396.9,,,,,,
A,CP_MEUR,P6_S2112,AT,,,,,,,,,,,,,,,,,,,,,,,,,,,,,,,,,,28646.7,16888.7,22157.3,23439.9,22888.2,22872.7,23464.8,23937.3,24454.9,26379.2,27610.2,29193.0,24781.1,29149.2,36299.6,36877.1,35505.1,37583.9
A,CP_MEUR,P6_S2112,BA,,,,,,,,,,,,,,,,,,,,,,,,,,,,,,,,,,,,,,,,,464.2,496.9,595.6,669.3,626.7,492.2,689.7,890.1,844.0,900.0,
A,CP_MEUR,P6_S2112,BE,,,,,,,,,,,,,,,,,,,,,,,,,8849.8,10530.5,10750.3,10963.7,10991.8,11905.2,13008.6,14074.3,15204.0,18086.1,14630.7,16572.0,18731.4,19276.9,20046.2,21339.1,22786.2,24406.2,26617.8,27307.6,30347.2,29465.4,33705.2,40751.6,41931.9,41350.0,43385.1
A,CP_MEUR,P6_S2112,BG,,,,,,,,,,,,,,,,,,,,,,,,,,,,,,,,,,,,,,,,4094.1,4522.4,5059.3,5449.6,5906.8,6314.9,5940.3,7406.8,10217.6,9596.8,9726.9,10085.5
A,CP_MEUR,P6_S2112,CY,,,,,,,,,,,,,,,,,,,,,,,,,,,,,,,,,,1187.0,1011.0,1138.0,1147.0,1037.0,521.0,1058.0,756.0,802.0,848.0,992.0,1097.0,786.0,1606.0,2375.0,2391.0,2647.0,2792.4
A,CP_MEUR,P6_S2112,CZ,,,,,,,,,,,,,,,,,,,,,,,,,,,,,,,,,,14341.8,10275.5,12891.9,15179.3,15789.7,15992.2,18273.0,18871.6,19313.9,21048.6,22409.6,22984.1,20601.9,24595.4,29739.0,31454.6,31975.2,33358.3
A,CP_MEUR,P6_S2112,DE,,,,,,,,,,,,,,,,,,,,,,,,,,,,,,,,,,130101.0,100720.0,118509.0,135760.0,133810.0,136590.0,151233.0,161644.0,168784.0,179803.0,193171.0,200656.0,181977.0,209670.0,245075.0,238000.0,240455.0,253729.0
A,CP_MEUR,P6_S2112,DK,,,,,,,,,,,,,,,,,,,,,,,,,,,,,,,15932.9,18721.9,20316.3,21328.1,17362.0,19621.7,21073.6,21564.3,21302.7,21058.3,21602.6,22060.9,23419.1,23944.7,24925.4,21730.7,25822.4,32558.4,32065.4,32073.8,34785.0
A,CP_MEUR,P6_S2112,EE,,,,,,,,,,,,,,,,,,,,,,,,,,,,,,,,,,3971.5,2925.7,3959.5,5113.1,5343.8,6166.7,4921.7,4239.0,4425.0,4212.1,4201.1,4071.7,3405.2,4218.5,5415.4,4964.1,4756.2,5316.7
A,CP_MEUR,P6_S2112,EL,,,,,,,,,,,,,,,,,,,,,,,,,,,,,,,,,,4948.1,3911.0,4053.1,4288.3,4387.8,4936.5,5280.7,4917.2,5222.1,5573.0,6483.9,6752.0,5245.9,7416.8,12020.9,11090.0,11003.9,11974.4
A,CP_MEUR,P6_S2112,ES,,,,,,,,,,,,,,,,,,,,,,,,,,,,,,,,,,13839.0,11670.0,14005.0,17531.0,17209.0,18550.0,19231.0,21488.0,22166.0,24881.0,25111.0,26662.0,20519.0,25593.0,32827.0,36089.0,38327.0,41070.0
A,CP_MEUR,P6_S2112,FI,,,,,,,,,,,,,,,,,,,,,,,,,,,,,,,,,,13697.0,10567.0,11583.0,13593.0,12928.0,13682.0,13104.0,12906.0,14017.0,15262.0,17051.0,17357.0,15303.0,18431.0,23978.0,22427.0,21569.0,22279.0
A,CP_MEUR,P6_S2112,FR,,,,,,,,,,,,,,,,,,,,,,,,,,,,,,,,,,32647.9,26093.7,29486.0,32835.2,32649.0,35326.1,36206.4,38875.0,38679.2,41519.9,45147.2,45897.1,42019.5,52284.1,69832.5,61632.3,62284.8,65070.2
A,CP_MEUR,P6_S2112,HR,,,,,,,,,,,,,,,,,,,,,,,,,,,,,,,,,,1178.3,994.6,1129.8,1549.2,1416.4,1543.4,1746.4,1966.5,2228.4,2699.4,2813.2,3222.6,2857.1,4240.6,6233.4,5288.6,5582.6,5666.7
A,CP_MEUR,P6_S2112,HU,,,,,,,,,,,,,,,,,,,,,,,,,,,,,,,,,,12871.0,9960.0,11741.4,13684.0,13340.2,13342.0,14267.0,14962.0,15956.4,17533.0,18799.2,19743.8,17520.9,19594.9,23787.6,25205.4,25360.9,26089.7
A,CP_MEUR,P6_S2112,IE,,,,,,,,,,,,,,,,,,,,,,,,,,,,,,,,,,8773.4,10457.6,11261.6,10226.4,8671.4,9282.3,9819.3,14086.6,15136.1,16057.5,17657.6,19557.2,20973.2,25997.0,30359.1,31073.1,34612.9,37835.4
A,CP_MEUR,P6_S2112,IT,,,,,,,,,,,,,,,,,,,,,,,,,,,,,,,,,,36433.6,28065.6,31998.0,34296.6,33244.6,33831.2,35663.0,38288.4,38829.8,43494.1,44785.3,45906.8,41231.0,51525.9,61212.5,63206.1,63266.6,76667.7
A,CP_MEUR,P6_S2112,LT,,,,,,,,,,,,,,,,,,,,,,,,,,,,,,1207.9,1628.9,2020.1,2248.8,2812.9,2226.0,2775.3,3196.2,3420.3,3995.8,4466.4,4866.1,5038.0,5615.3,6228.2,6391.6,6030.0,8140.4,10477.3,9945.1,10657.5,11487.1
A,CP_MEUR,P6_S2112,LU,,,,,,,,,,,,,,,,,,,,,660.3,672.6,789.1,989.0,1004.8,1271.3,1347.4,1485.4,1597.5,1814.4,2085.4,2645.8,3136.5,3105.7,2662.6,3096.2,3389.9,3986.1,4394.1,4749.5,5302.9,5568.6,5803.3,6298.4,6828.0,7124.8,8402.0,8838.1,9088.1,8142.2,8413.2
A,CP_MEUR,P6_S2112,LV,,,,,,,,,,,,,,,,,,,,,,,,,,434.3,529.5,580.1,637.3,815.9,1007.4,921.6,1238.5,1323.1,1060.2,1373.6,1794.4,2093.5,2210.5,2264.1,2350.0,2472.5,2801.1,3113.1,3058.7,3035.4,3470.7,4227.7,4100.0,4237.8,4318.6
A,CP_MEUR,P6_S2112,ME,,,,,,,,,,,,,,,,,,,,,,,,,,,,,,,,119.4,176.7,106.6,100.0,144.8,217.6,160.4,98.2,134.1,119.3,159.0,177.2,248.3,265.7,139.1,185.5,291.7,301.5,308.1,268.5
A,CP_MEUR,P6_S2112,MT,,,,,,,,,,,,,,,,,,,,,114.6,111.2,121.2,129.2,147.1,177.2,166.3,182.1,169.3,178.2,191.0,242.3,269.6,308.8,285.6,338.4,374.7,410.3,452.4,512.7,688.4,770.6,927.5,1073.3,1226.2,1131.6,1207.6,1384.3,1512.3,1685.4,1731.0
A,CP_MEUR,P6_S2112,NL,,,,,,,,,,,,,,,,,,,,,9126.0,9442.1,11481.0,12421.1,14586.0,17495.0,16596.0,16297.0,14681.0,22012.0,25231.0,20524.0,36563.0,40004.0,31346.0,32226.0,35964.0,39276.0,45607.0,48669.0,53448.0,55459.0,57432.0,61459.0,63195.0,59088.0,72086.0,85153.0,82489.0,82430.0,86687.0
A,CP_MEUR,P6_S2112,PL,,,,,,,,,,,,,,,,,,,,,,,,,,,,,,,,,,20750.8,16755.9,21367.3,23775.9,25014.0,26113.6,28609.6,32063.8,33799.0,37780.4,41111.8,43678.3,42511.4,50623.6,68093.7,61768.4,64511.8,68071.8
A,CP_MEUR,P6_S2112,PT,,,,,,,,,,,,,,,,,,,,,,,,,,,,,,,,,,2173.1,2059.7,2479.6,2824.3,3132.0,3080.6,3207.1,3197.9,3472.8,4015.5,4056.3,4302.0,3810.8,4502.2,5911.2,6350.3,6771.4,7155.8
A,CP_MEUR,P6_S2112,RO,,,,,,,,,,,,,,,,,,,,,,,,,,,,,,,,,5841.8,6938.9,5820.2,7332.2,9127.5,9458.9,10518.9,11598.7,12828.5,13868.4,15283.1,17233.8,18627.7,12527.2,15959.2,20872.8,19675.6,19966.4,21273.7
A,CP_MEUR,P6_S2112,RS,,,,,,,,,,,,,,,,,,,,,,,,,,,,,,,,,951.6,1071.2,857.1,1152.0,1380.1,1498.5,1790.2,1786.9,1989.1,2356.2,2944.8,3572.1,3903.5,4044.9,5305.7,6821.5,7688.7,7577.0,7843.6
A,CP_MEUR,P6_S2112,SE,,,,,,,,,,,,,,,,,,,,,,,,,,,,,,,,,,,,,,,19782.4,20123.9,21179.9,21901.9,22830.9,23457.0,24670.2,24087.1,30685.0,36209.3,34920.2,35207.2,37935.5
A,CP_MEUR,P6_S2112,SI,,,,,,,,,,,,,,,,,,,,,,,,,,,,,,,,,,4346.4,2403.8,2891.7,3260.2,3221.3,3330.1,3580.9,3755.2,3983.1,4472.3,4907.8,5100.5,4749.9,5717.6,6989.1,7115.5,7547.9,7891.3
A,CP_MEUR,P6_S2112,SK,,,,,,,,,,,,,,,,,,,,,3803.4,3544.1,3834.5,3040.3,2747.2,3658.4,4153.3,4335.5,4737.8,6563.9,8564.3,11279.3,14116.1,16683.8,13977.6,17463.4,20841.6,23055.6,23202.1,22421.2,23219.2,23140.6,24842.5,26140.2,26481.9,24207.6,30788.3,38174.2,37832.9,39049.9,38462.7
A,CP_MEUR,P6_S2112,TR,,,,,,,,,,,,,,,,,,,,,,,,,,,,,,,,,,,12989.4,14894.1,16828.3,20236.1,20288.7,22269.8,25454.2,26233.0,26127.4,28705.3,30189.9,14893.3,19588.3,27393.2,26873.6,29085.1,29512.7
A,CP_MEUR,P6_S2112,UK,,,,,,,,,,,,,,,,,,,,,13475.1,14986.5,18058.6,18522.2,18664.4,22547.1,23041.8,23601.0,21971.4,23811.6,26392.2,34977.2,30633.9,29163.1,24127.3,29257.2,32062.0,32195.0,32853.3,35312.4,36816.7,35899.6,35991.9,38802.5,38352.9,,,,,,
A,CP_MEUR,P6_S212,BE,,,,,,,,,,,,,,,,,,,,,1313.9,1291.0,1271.5,1188.6,1069.5,1184.4,1381.3,1638.0,1165.7,1544.3,1753.7,2153.9,2462.5,2414.6,2490.1,2371.7,2553.3,2741.3,2886.3,2763.4,3019.5,3496.5,3685.6,3902.5,4329.5,4161.0,3417.0,3788.7,3612.3,4129.1,
A,CP_MEUR,P6_S212,CY,,,,,,,,,,,,,,,,,,,,,,,,,,,,,,,,,,23.3,24.1,23.8,19.1,19.5,26.5,21.0,21.9,19.5,27.3,39.0,30.7,31.8,16.7,23.9,38.3,39.5,42.1
A,CP_MEUR,P6_S212,EE,,,,,,,,,,,,,,,,,,,,,,,,,,,,,,,,,,8.8,5.1,5.8,8.5,7.6,7.9,0.4,5.6,6.6,10.6,16.1,5.8,13.0,21.0,20.3,17.9,17.8,20.4
A,CP_MEUR,P6_S212,IE,,,,,,,,,,,,,,,,,,,,,4.7,5.4,6.8,8.2,9.7,12.4,17.1,14.0,12.3,16.4,22.2,23.3,25.8,23.8,20.7,21.4,22.7,22.5,24.4,27.1,33.2,31.2,37.7,31.7,33.8,26.1,51.3,64.5,0.2,58.0,0.2
A,CP_MEUR,P6_S212,IT,,,,,,,,,,,,,,,,,,,,,,,,,,,,,,,,,,731.0,615.0,713.0,632.0,567.0,514.0,498.0,614.0,561.0,490.7,484.7,479.3,410.0,582.3,986.9,836.6,896.1,936.9
A,CP_MEUR,P6_S212,LT,,,,,,,,,,,,,,,,,,,,,,,,,,,,,,4.8,11.4,13.1,15.6,21.4,14.9,13.1,15.1,17.0,18.6,22.7,30.1,23.2,20.9,23.7,26.6,25.7,31.2,51.0,46.8,36.2,43.5
A,CP_MEUR,P6_S212,LU,,,,,,,,,,,,,,,,,,,,,334.7,394.2,389.0,391.6,311.8,354.0,375.7,388.1,431.3,452.3,450.1,519.0,667.9,674.3,666.8,621.6,636.4,655.6,615.4,671.1,702.1,787.2,816.0,901.4,926.5,1094.6,1297.1,1405.6,1422.7,1208.7,1248.9
A,CP_MEUR,P6_S212,LV,,,,,,,,,,,,,,,,,,,,,,,,,,0.2,1.2,0.4,0.3,3.9,7.5,8.1,10.5,10.0,5.8,6.6,8.1,8.6,7.5,10.3,11.4,12.1,10.6,11.6,10.5,9.7,18.0,23.2,15.0,16.7,19.8
A,CP_MEUR,P6_S212,ME,,,,,,,,,,,,,,,,,,,,,,,,,,,,,,,,0.0,0.0,0.0,0.0,0.0,0.0,0.0,0.0,0.0,0.0,0.0,0.0,0.0,0.0,0.0,0.2,0.0,0.0,0.0,0.0
A,CP_MEUR,P6_S212,NL,,,,,,,,,,,,,,,,,,,,,86.1,90.6,101.7,108.2,122.0,136.0,142.0,147.0,148.0,154.0,163.0,173.0,185.0,200.0,194.0,206.0,223.0,235.0,251.0,283.0,335.0,320.0,352.0,394.0,425.0,403.0,421.0,506.0,537.0,573.0,587.0
A,CP_MEUR,P6_S212,RO,,,,,,,,,,,,,,,,,,,,,,,,,,,,,,,,,0.1,0.0,0.0,0.2,0.0,0.0,1.5,1.3,0.5,0.2,1.3,2.0,2.9,1.9,1.7,4.6,3.6,4.5,4.2
A,CP_MEUR,P6_S212,SE,,,,,,,,,,,,,,,,,,,86.6,91.3,93.6,104.3,119.3,128.8,123.3,144.2,107.3,96.0,150.6,159.6,258.0,213.3,310.7,281.5,237.5,350.7,293.9,301.9,339.7,347.6,383.0,142.3,319.9,288.4,305.1,258.4,473.5,532.9,383.4,425.5,381.5
A,CP_MEUR,P6_S212,SI,,,,,,,,,,,,,,,,,,,,,,,,,,,,,,,,,,0.9,0.7,0.7,0.4,1.2,0.5,0.4,0.4,1.3,1.6,3.6,4.7,7.4,0.1,0.5,1.9,4.1,7.9
A,CP_MEUR,P6_S212,UK,,,,,,,,,,,,,,,,,,,,,191.8,211.4,200.8,215.8,242.9,295.3,677.0,698.1,595.4,660.1,742.9,674.8,100.8,70.3,7.9,75.8,146.3,176.4,13.0,43.4,46.8,59.8,156.3,55.4,27.3,,,,,,
A,CP_MEUR,P6_S22,AT,,,,,,,,,,,,,,,,,,,,,,,,,,,,,,,,,,44548.1,41287.8,42107.5,47784.2,47579.3,48252.6,51336.7,53434.9,53773.7,52521.9,57950.7,62217.4,56658.4,54711.9,63264.1,81239.3,77411.1,82159.2
A,CP_MEUR,P6_S22,BA,,,,,,,,,,,,,,,,,,,,,,,,,,,,,,,,,,,,,,,,,927.0,1105.9,1452.6,1639.4,1750.6,1336.2,1997.9,2695.3,2978.6,3123.5,
A,CP_MEUR,P6_S22,BE,,,,,,,,,,,,,,,,,,,,,44666.1,45419.3,48737.9,50069.0,52921.9,62981.4,64331.1,65578.5,65741.2,71192.1,77770.6,84108.1,90902.0,95192.6,81223.4,100539.5,114381.4,118967.9,119548.0,124636.4,124499.0,132542.7,141856.4,143312.8,147284.5,135866.7,172212.9,208600.9,195719.4,187588.7,172345.9
A,CP_MEUR,P6_S22,BG,,,,,,,,,,,,,,,,,,,,,,,,,,,,,,,,,,,,,,,,11793.4,11966.7,12379.4,14569.7,14024.9,15202.2,12690.8,16333.6,22577.7,22751.7,22620.4,22564.0
A,CP_MEUR,P6_S22,CY,,,,,,,,,,,,,,,,,,,,,,,,,,,,,,,,,,5976.6,5914.7,6340.0,6911.2,7355.7,7529.7,7586.2,8525.2,9207.2,10118.1,10934.7,10819.3,10866.9,14099.8,18802.0,19526.7,20704.6,21798.2
A,CP_MEUR,P6_S22,CZ,,,,,,,,,,,,,,,,,,,,,,,,,,,,,,,,,,20311.8,18469.3,21742.6,24796.3,29887.6,29488.5,30111.2,32337.1,33591.1,36844.6,39187.9,40457.0,36196.1,41053.9,46296.8,50226.7,55536.8,59308.4
A,CP_MEUR,P6_S22,DE,,,,,,,,,,,,,,,,,,,,,,,,,,,,,,,,,,493786.0,422689.0,513404.0,575370.0,635252.0,635990.0,659198.0,701039.0,695328.0,730609.0,744582.0,757400.0,694072.0,801769.0,919623.0,916134.0,902137.0,877135.0
A,CP_MEUR,P6_S22,DK,,,,,,,,,,,,,,,,,,,,,,,,,,,,,,,46330.5,53457.2,56606.0,63009.0,53784.2,62437.6,69370.8,75554.1,75017.4,77192.1,81454.0,79942.7,87353.3,94120.1,101015.7,95697.3,114317.6,154119.8,141593.3,160454.5,164133.8
A,CP_MEUR,P6_S22,EE,,,,,,,,,,,,,,,,,,,,,,,,,,,,,,,,,,3060.3,2282.5,3049.7,4358.9,5104.6,4180.5,4298.3,3743.9,4291.4,4606.8,4955.5,5584.4,6105.0,7880.6,9348.8,8095.4,8747.7,9065.2
A,CP_MEUR,P6_S22,EL,,,,,,,,,,,,,,,,,,,,,,,,,,,,,,,,,,30399.7,24210.7,27988.5,29530.9,32831.0,31396.7,32557.0,31454.8,29106.9,34441.1,39100.2,40619.1,27813.2,39782.2,53228.0,49812.5,51916.5,49254.9
A,CP_MEUR,P6_S22,ES,,,,,,,,,,,,,,,,,,,,,,,,,,,,,,,,,,115764.0,98718.0,112224.0,131167.0,144911.0,150339.0,153581.0,160279.0,164830.0,176029.0,181798.0,186946.0,140094.0,162537.0,216719.0,225498.0,236850.0,248730.0
A,CP_MEUR,P6_S22,FI,,,,,,,,,,,,,,,,,,,,,,,,,,,,,,,,,,45690.0,35425.0,39755.0,40944.0,41736.0,40317.0,39724.0,38266.0,37833.0,41997.0,44487.0,46158.0,42200.0,47520.0,57570.0,52892.0,52718.0,54370.0
A,CP_MEUR,P6_S22,FR,,,,,,,,,,,,,,,,,,,,,,,,,,,,,,,,,,274281.3,243500.5,271026.0,295439.5,318203.6,322047.2,332049.0,355505.0,354214.0,377792.7,390303.3,404868.0,321788.5,379473.3,465566.9,466787.5,487112.9,478327.6
A,CP_MEUR,P6_S22,HR,,,,,,,,,,,,,,,,,,,,,,,,,,,,,,,,,,4607.3,3858.9,4429.2,6051.3,6009.8,5797.4,6009.9,6330.0,6699.1,7726.6,7906.6,8719.0,6081.2,8241.2,11669.1,12536.0,13740.8,13949.7
A,CP_MEUR,P6_S22,HU,,,,,,,,,,,,,,,,,,,,,,,,,,,,,,,,,,23250.6,18911.4,23087.6,23912.7,23007.5,24698.8,23624.0,28244.0,26038.8,27336.7,28133.7,29082.2,25858.0,31118.4,37672.7,39617.6,42596.4,40793.5
A,CP_MEUR,P6_S22,IE,,,,,,,,,,,,,,,,,,,,,,,,,,,,,,,,,,86959.9,85274.0,96608.8,101705.3,105409.1,122009.0,144345.5,236323.4,247898.9,284775.6,286669.7,334571.4,369622.4,407063.1,473728.3,473719.5,545493.7,622743.7
A,CP_MEUR,P6_S22,IT,,,,,,,,,,,,,,,,,,,,,,,,,,,,,,,,,,204164.3,168601.2,196042.0,217849.6,238539.9,242434.1,245022.0,252313.6,251282.5,265927.0,272205.9,277227.1,232903.2,271555.2,333548.7,334079.8,338946.2,332464.8
A,CP_MEUR,P6_S22,LT,,,,,,,,,,,,,,,,,,,,,,,,,,,,,,3776.1,4905.2,5922.4,6125.2,8262.7,5504.4,7718.9,9610.1,11649.8,12668.9,11300.2,9549.1,9932.7,11930.0,12749.4,13996.1,13080.1,15831.9,18683.1,17762.7,17501.9,17371.3
A,CP_MEUR,P6_S22,LU,,,,,,,,,,,,,,,,,,,,,4185.8,4590.4,5552.4,6551.6,7819.7,10070.4,10358.9,9160.1,9139.4,10741.0,13429.6,17827.5,20375.8,20300.3,17957.0,25521.9,28220.2,27897.0,31066.5,35172.5,39989.3,39797.6,43298.4,44901.1,49225.9,50024.9,59662.7,62679.1,64431.4,58870.4,60830.1
A,CP_MEUR,P6_S22,LV,,,,,,,,,,,,,,,,,,,,,,,,,,1708.6,1797.7,1780.4,1771.3,1989.8,2399.1,2756.3,3399.1,3739.6,3202.6,3776.7,4564.2,5503.1,5480.8,5401.9,5428.9,5424.9,6188.8,6376.8,6379.5,6363.9,7119.6,9309.8,8562.0,8467.7,8149.1
A,CP_MEUR,P6_S22,ME,,,,,,,,,,,,,,,,,,,,,,,,,,,,,,,,441.7,595.4,724.1,668.0,701.8,859.1,949.1,1017.2,996.5,1123.6,1162.8,1276.1,1351.6,1491.1,687.1,1498.0,1973.1,2271.1,2243.2,2218.7
A,CP_MEUR,P6_S22,MT,,,,,,,,,,,,,,,,,,,,,972.2,928.2,997.6,1073.4,1235.7,1580.5,1428.3,1552.8,1447.6,1473.9,1524.9,1919.2,2091.0,2281.4,2032.1,2453.3,2745.2,3008.9,3160.2,3458.7,4463.5,4852.2,5885.5,6629.0,7072.9,6692.3,7415.8,9517.4,9120.2,10141.3,10367.4
A,CP_MEUR,P6_S22,NL,,,,,,,,,,,,,,,,,,,,,64990.6,67479.0,75651.4,78899.8,85699.0,103884.0,105763.0,108778.0,110747.0,116244.0,129012.0,141199.0,150430.0,156929.0,137798.0,165909.0,179813.0,198791.0,203665.0,212751.0,236174.0,229349.0,249019.0,258473.0,271842.0,269095.0,297507.0,356829.0,348673.0,363404.0,369599.0
A,CP_MEUR,P6_S22,PL,,,,,,,,,,,,,,,,,,,,,,,,,,,,,,,,,,38848.8,31811.6,39967.2,46574.3,52945.7,56861.9,56512.0,58615.7,61713.2,70563.1,74862.6,81534.8,78994.1,90379.8,104137.1,122217.1,125330.7,128721.1
A,CP_MEUR,P6_S22,PT,,,,,,,,,,,,,,,,,,,,,,,,,,,,,,,,,,19708.2,16675.5,18631.5,21299.2,24343.2,26311.9,26942.1,27593.2,27177.1,31006.0,31516.3,32827.1,23878.9,28456.2,41920.9,45355.4,46942.7,46583.3
A,CP_MEUR,P6_S22,RO,,,,,,,,,,,,,,,,,,,,,,,,,,,,,,,,,9232.2,11336.3,8717.0,11836.5,14476.3,14761.1,16939.8,17667.2,17075.5,17498.8,18667.6,19215.1,20089.4,21839.1,27429.0,36147.2,37037.5,36097.1,38867.8
A,CP_MEUR,P6_S22,RS,,,,,,,,,,,,,,,,,,,,,,,,,,,,,,,,,3943.0,4823.6,4066.2,4610.5,5073.6,5012.3,6012.8,5984.8,6509.4,7012.0,7876.0,8578.0,9119.0,8799.8,11631.0,15631.9,17073.8,18835.5,20561.6
A,CP_MEUR,P6_S22,SE,,,,,,,,,,,,,,,,,,,,,,,,,,,,,,,,,,,,,,,92130.4,92913.4,98558.6,96923.1,101530.0,104632.3,115266.7,106905.8,124849.9,145374.4,140370.8,145053.6,152078.1
A,CP_MEUR,P6_S22,SI,,,,,,,,,,,,,,,,,,,,,,,,,,,,,,,,,,7785.7,5345.1,5924.3,6495.6,6997.8,7136.3,7192.1,7466.7,7933.6,8751.8,9201.5,9605.6,8975.2,10452.9,12816.4,13327.7,14009.5,13963.1
A,CP_MEUR,P6_S22,SK,,,,,,,,,,,,,,,,,,,,,1367.9,1401.8,1661.2,1133.4,1061.9,1394.6,1572.3,1861.2,2951.4,3788.9,4422.0,6171.7,8369.3,10108.3,8048.8,10000.6,11300.4,13409.3,15048.2,14579.2,14768.8,15328.9,15738.5,16891.0,16903.6,15463.6,16423.0,18474.7,22766.0,20220.3,26340.6
A,CP_MEUR,P6_S22,TR,,,,,,,,,,,,,,,,,,,,,,,,,,,,,,,,,,,63202.8,72445.8,80574.6,97961.2,101117.7,103255.0,108893.2,98427.1,110623.0,110005.9,121552.4,108954.8,147178.9,201958.4,201152.4,204576.1,203260.8
A,CP_MEUR,P6_S22,UK,,,,,,,,,,,,,,,,,,,,,122817.6,136619.6,164714.7,162155.7,171611.0,208917.4,209675.7,206237.0,203857.0,221570.4,246675.9,266777.2,282746.9,269567.2,236842.0,275073.4,307001.0,344306.7,346436.9,360577.8,410277.7,387597.0,393388.6,410695.0,453506.0,,,,,,
A,CP_MEUR,P7,AL,,,,,,,,,,,,,,,,,,,,,618.1,838.7,693.1,836.7,1031.4,1638.4,1980.5,2194.5,2275.7,2590.2,3099.0,3478.6,4291.8,4589.3,4318.5,4369.1,4817.4,4560.2,4519.8,4704.7,4571.0,4913.1,5389.3,5802.9,6185.9,4947.7,6776.7,8582.5,9547.0,10792.7,
A,CP_MEUR,P7,AT,,,,,,,,,,,,,,,,,,,,,64013.1,66998.9,71083.1,75228.0,79304.2,89745.1,94647.4,94387.1,96957.9,106451.8,115385.8,126538.1,136799.0,143428.7,120560.3,141323.4,158653.7,163092.0,164114.7,167171.4,170089.3,173956.4,188165.3,201871.5,207000.1,183637.0,223748.2,279301.2,270772.0,262595.1,268292.9
A,CP_MEUR,P7,BA,,,,,,,,,,,,,,,,,,,,,,,,,,3835.9,4146.5,4261.0,4516.8,4848.6,5418.2,5493.8,6507.9,7739.3,6179.6,6649.5,7483.9,7480.6,7419.3,7912.2,7865.5,8098.5,9158.1,9796.0,9967.2,8510.4,10791.2,14437.2,14217.1,14856.6,
A,CP_MEUR,P7,BE,,,,,,,,,,,,,,,,,,,,,123922.7,127624.7,135832.2,139844.9,146855.2,178650.1,179654.9,178310.0,179065.6,195937.0,217789.7,236588.4,254850.6,282125.5,231390.9,270013.6,304867.9,311644.9,310413.9,320626.1,320757.7,340372.4,370066.2,389624.4,395532.7,360581.4,444089.5,543109.7,500597.3,494100.8,495706.7
A,CP_MEUR,P7,BG,,,,,,,,,,,,,,,,,,,,,3328.1,3668.1,3712.6,4717.1,6059.6,5996.5,7030.1,7274.9,8383.5,10991.1,13747.1,17561.2,23107.2,26895.8,18885.8,20401.6,24319.2,26884.5,27388.1,28265.7,28829.4,28736.3,32888.7,35418.6,37304.0,33370.3,42353.0,59278.1,54724.9,56423.8,60069.4
A,CP_MEUR,P7,CH,,,,,,,,,,,,,,,,,,,,,98469.9,102091.8,110458.4,115762.0,121654.7,142312.0,148406.8,143748.5,138195.3,145572.0,164892.5,177201.7,188246.1,210050.9,208986.1,252736.6,308317.1,317271.3,331518.2,304675.6,338037.1,358058.9,358693.8,355953.9,374150.3,383824.6,412615.2,499891.0,510046.0,530269.3,639865.7
A,CP_MEUR,P7,CY,,,,,,,,,,,,,,,,,,,,,5136.9,5573.7,5938.6,6060.1,6325.3,7296.6,7384.1,7399.1,7239.2,7946.6,8455.8,9168.0,10205.6,11946.4,10097.6,11397.8,11351.5,11125.2,10757.4,11345.1,12069.1,13031.7,15067.1,15944.2,17491.5,18127.4,22102.7,29967.8,30606.6,32469.3,34044.8
A,CP_MEUR,P7,CZ,,,,,,,,,,,,,,,,,,,,,19910.7,22808.9,24351.4,25344.4,26411.6,33486.3,37970.7,40473.5,42774.2,54486.6,65624.6,77430.9,88514.1,98520.4,81452.6,98678.3,110753.2,115246.3,112203.6,119345.5,126200.1,126188.0,137847.8,148454.4,151476.7,134432.4,164405.3,205481.3,202594.4,200838.3,211742.9
A,CP_MEUR,P7,DE,,,,,,,,,,,,,,,,,365357.4,374010.5,352696.4,382737.1,418934.4,427090.1,463780.5,492025.6,529475.0,628568.0,636679.0,603467.0,619510.0,664323.0,720969.0,819800.0,870635.0,910502.0,765265.0,899385.0,1010571.0,1025826.0,1029231.0,1049181.0,1085745.0,1098208.0,1174984.0,1257828.0,1299349.0,1166817.0,1377184.0,1721715.0,1645332.0,1630146.0,1702054.0
A,CP_MEUR,P7,DK,,,,,,,,,,,,,,,,,,,,,45123.5,46428.6,51161.4,53947.8,55683.1,67890.2,70699.4,73740.1,71624.5,77485.9,89670.9,105612.5,113822.1,122572.2,98473.1,106614.9,118915.0,125323.0,126370.5,128507.8,134234.8,134665.4,143850.5,156019.1,163347.0,154175.6,182350.7,233061.8,225667.7,238434.5,242551.3
A,CP_MEUR,P7,EA,,,,,,,,,,,,,,,,,,,,,1448731.7,1511136.1,1655866.6,1777215.3,1915277.3,2300911.9,2403283.2,2361334.0,2390171.2,2588807.5,2830284.6,3168000.8,3434706.9,3588508.0,3028962.6,3495251.0,3859545.0,3904348.8,3913024.9,4047510.0,4309895.5,4381649.1,4744594.3,5042218.2,5304164.5,4748548.8,5589310.9,7105823.7,6852530.9,6821097.6,7062570.5
A,CP_MEUR,P7,EA12,,,,,,,,,,,,,,,,,,,,,1471185.2,1536403.6,1684120.0,1809656.4,1953985.2,2349291.3,2403283.2,2361334.0,2390171.2,2588807.5,2830284.6,3168000.8,3410426.2,3544733.9,2949471.5,3401159.1,3741927.2,3782070.3,3788411.8,3905602.4,4133240.5,4198898.3,4542747.2,4822061.6,5074269.6,4534359.1,5326101.3,6765257.1,6486617.4,6445459.1,6667525.3
A,CP_MEUR,P7,EA19,,,,,,,,,,,,,,,,,,,,,1501355.1,1571705.7,1725467.7,1852468.8,1995397.9,2398600.9,2458007.1,2419935.1,2453092.0,2664178.5,2919451.9,3277415.0,3540786.1,3689881.8,3059628.8,3533782.4,3896132.8,3945038.4,3954842.1,4073244.6,4309895.5,4381649.1,4744594.3,5042218.2,5304164.5,4748548.8,5589310.9,7105823.7,6809207.5,6774046.3,7013280.4
A,CP_MEUR,P7,EA20,,,,,,,,,,,,,,,,,,,,,1507574.3,1578752.6,1734797.0,1860690.9,2003414.0,2407938.2,2468979.9,2432955.0,2467327.6,2679417.7,2936060.7,3296089.2,3561130.2,3712268.3,3076872.9,3550862.2,3914313.8,3963121.7,3973411.2,4092196.5,4330465.5,4403304.1,4768857.1,5068721.9,5332552.0,4773029.1,5619990.2,7150377.5,6852530.9,6821097.6,7062570.5
A,CP_MEUR,P7,EA21,,,,,,,,,,,,,,,,,,,,,1510902.4,1582420.8,1738509.6,1865408.0,2009473.6,2413934.7,2476010.1,2440229.9,2475711.0,2690408.8,2949807.8,3313650.4,3584237.4,3739164.1,3095758.8,3571263.8,3938633.0,3990006.3,4000799.3,4120462.3,4359294.8,4432040.4,4801745.8,5104140.5,5369856.0,4806399.5,5662343.1,7209655.6,6907255.7,6877521.4,7122639.9
A,CP_MEUR,P7,EE,,,,,,,,,,,,,,,,,,,,,2186.9,2703.0,3673.4,4216.4,4014.6,4003.4,4555.9,5113.0,5737.6,6736.6,7997.4,9956.4,11708.8,11682.0,7899.8,10116.7,13473.3,15148.9,15550.5,15755.7,15227.2,16035.8,17101.5,18661.5,19455.8,19289.2,25431.9,32038.2,29462.3,30032.5,32213.5
A,CP_MEUR,P7,EL,,,,,,,,,,,,,,,,,,,,,22453.4,25267.5,28253.4,32441.1,38707.9,48379.4,49683.7,47146.7,50524.1,55190.6,57191.3,64996.4,75153.1,81935.2,64785.7,65274.3,63047.5,62143.1,58114.2,59720.9,58019.3,56657.6,64039.2,73342.9,75979.5,65077.9,88138.5,121907.9,109270.0,112839.8,109250.4
A,CP_MEUR,P7,ES,,,,,,,,,,,,,,,,,,,,,107891.6,117539.2,132793.5,146965.0,168496.0,204196.0,211248.0,213961.0,223308.0,250202.0,276196.0,310542.0,341622.0,336848.0,255922.0,289381.0,311239.0,303064.0,296550.0,313554.0,329214.0,332529.0,365832.0,389560.0,397309.0,327078.0,404834.0,533753.0,508954.0,524445.0,553611.0
A,CP_MEUR,P7,EU27_2020,,,,,,,,,,,,,,,,,,,,,1685198.8,1776333.9,1960465.1,2110136.8,2266138.7,2734327.2,2805716.1,2782166.4,2825092.8,3085124.0,3403109.3,3849533.7,4198353.9,4415400.3,3624502.6,4204495.0,4644725.8,4714451.9,4724342.0,4880957.1,5155493.6,5245275.6,5697264.7,6069851.2,6374942.2,5733382.9,6791300.4,8640684.6,8302203.0,8307027.0,8615654.3
A,CP_MEUR,P7,FI,,,,,,12428.9,14313.0,15517.3,16476.3,18243.4,20154.2,18216.6,19458.8,22379.0,26870.9,26395.3,22950.4,21439.1,20383.0,24746.2,29057.1,30620.5,34107.4,35355.3,36343.0,44840.0,44130.0,44790.0,46640.0,51350.0,59791.0,67273.0,73017.0,80201.0,61871.0,69705.0,78565.0,81144.0,79842.0,77858.0,76048.0,78497.0,84877.0,92749.0,95278.0,85029.0,99176.0,128484.0,116698.0,114669.0,115228.0
A,CP_MEUR,P7,FR,53322.0,69434.0,74938.3,78257.0,92870.6,116232.8,133170.5,146276.1,146686.4,163560.9,177053.4,164563.6,171886.6,186568.0,214357.1,223815.8,229583.2,231137.8,223414.4,245469.1,265301.0,277014.4,296460.0,323324.6,341304.6,412997.4,420197.7,416708.0,413071.9,444578.0,487369.7,534264.8,567682.0,596616.5,509477.6,574092.5,640641.1,653702.2,662142.4,677509.6,700292.1,710712.7,758179.9,798097.7,815748.0,702012.7,815144.1,1044267.2,1022356.9,999144.0,1006917.5
A,CP_MEUR,P7,HR,,,,,,,,,,,,,,,,,,,,,6219.2,7046.9,9329.3,8222.1,8016.1,9337.3,10972.9,13019.9,14235.5,15239.2,16608.7,18674.2,20344.1,22386.5,17244.1,17079.9,18181.0,18083.4,18569.1,18951.9,20570.0,21655.0,24262.8,26503.7,28387.4,24480.3,30679.3,44553.8,43323.4,47051.4,49290.1
A,CP_MEUR,P7,HU,,,,,,,,,,,,,,,,,,,,,13901.7,15220.0,19595.7,23666.9,26887.3,36157.1,39710.9,43216.2,45540.6,53674.1,59589.5,69419.7,79621.3,85810.1,66991.3,76250.7,82161.8,80072.0,80830.7,86483.8,90120.6,90780.3,100870.5,108313.5,116218.3,106215.5,123630.4,160388.2,152133.2,147873.3,149132.8
A,CP_MEUR,P7,IE,,,,,,,,,,,,,,,,,,,,,33094.8,38185.8,47633.0,59174.2,68118.4,87409.3,97202.9,99645.5,95630.7,103306.5,116912.0,131266.7,142993.7,141784.7,135675.6,145099.1,145237.6,152838.0,164610.6,192740.3,264156.4,304989.2,323191.6,323355.9,459886.1,454137.1,424384.6,511602.9,541117.4,575092.8,637995.1
A,CP_MEUR,P7,IS,,,,,,,,,,,,,,,,,,,,,1716.7,2059.5,2340.1,2885.7,3112.5,3813.6,3468.4,3361.5,3599.7,4234.3,5711.1,6582.6,6620.7,4684.7,3831.2,4346.1,5106.2,5611.1,5484.8,6040.1,6951.5,7678.5,9037.4,9592.9,8720.4,6662.5,8623.8,12845.1,12686.8,13407.4,14516.0
A,CP_MEUR,P7,IT,,,,,,,,,,,,,,,,,,,,,188751.2,198213.3,224069.9,238590.3,251717.6,307620.3,318024.1,319342.4,318640.7,340140.4,368926.7,419143.0,447317.3,451554.1,362195.2,432694.4,462557.0,439238.4,419205.2,422580.2,437301.9,437012.7,478743.1,505972.3,500526.0,421070.6,536729.2,737635.7,680824.3,666280.6,684103.1
A,CP_MEUR,P7,LT,,,,,,,,,,,,,,,,,,,,,2455.0,3390.6,4919.8,5073.7,4372.5,5587.2,6773.3,8044.4,8660.4,10172.3,13081.8,16187.4,18783.7,22609.8,14403.2,18486.9,23665.2,25931.8,27056.9,25734.6,26055.4,26002.5,30146.9,33391.2,35233.8,31848.6,42610.0,59948.9,53550.8,54096.0,57820.1
A,CP_MEUR,P7,LU,,,,,,,,,,,,,,,,,,,,,13564.8,14430.0,16553.0,19603.3,22599.7,28679.1,29745.9,28594.5,29408.6,34248.0,39441.9,47209.1,51911.3,52300.0,45145.6,55531.5,61709.5,65404.3,70769.8,78021.7,86246.8,88437.1,93678.8,99106.7,109900.8,110386.9,132850.1,145688.5,152067.3,137660.0,142665.8
A,CP_MEUR,P7,LV,,,,,,,,,,,,,,,,,,,,,1626.2,2324.7,2803.1,3285.5,3159.5,3863.1,4534.2,4745.4,5099.1,6357.2,7898.0,10485.2,13062.2,12736.5,8363.2,9927.8,12922.6,14757.8,14760.3,15148.9,15145.1,15042.4,16800.3,18120.8,18554.7,17892.3,22593.9,29734.0,27557.8,27011.9,28892.7
A,CP_MEUR,P7,ME,,,,,,,,,,,,,,,,,,,,,,,,,,,,,,,,1680.0,2305.7,2880.5,1948.8,1939.5,2082.4,2109.4,2065.5,2074.2,2219.5,2494.0,2773.1,3112.1,3217.9,2553.6,3081.9,4405.4,4777.0,5060.5,5369.1
A,CP_MEUR,P7,MK,,,,,,,,,,,,,,,,,,,,,,,,,,1933.2,1751.8,1918.1,1904.1,2296.5,2568.0,2996.6,3777.1,4628.4,3679.1,4129.3,4984.2,5069.7,5008.8,5554.6,5893.4,6327.1,6925.6,7825.9,8578.1,7647.2,9619.0,12364.1,11792.2,11698.5,12439.6
A,CP_MEUR,P7,MT,,,,,,,,,,,,,,,,,,,,,2603.8,2618.7,2702.1,2927.1,3270.2,4347.7,3767.2,3779.9,3795.2,3971.4,4277.7,5017.6,5430.2,5879.6,5188.8,6080.3,6652.1,7360.9,7297.1,7549.9,10064.4,10885.3,12087.1,14328.2,15842.0,16144.3,16896.6,20913.1,21214.6,22962.9,24553.8
A,CP_MEUR,P7,NL,,,,,,,,,,,,,,,,,,,,,174034.1,180893.6,197240.9,206705.5,227011.0,267806.0,270944.0,264753.0,268084.0,288975.0,313454.0,346885.0,380442.0,394338.0,337192.0,390921.0,436786.0,459562.0,467765.0,477303.0,533708.0,504526.0,559140.0,602285.0,625277.0,579621.0,683862.0,871221.0,814319.0,801439.0,819141.0
A,CP_MEUR,P7,NO,10933.6,14051.9,15555.2,12940.2,14153.7,16815.7,20103.0,22848.5,23041.2,26145.1,29741.5,29399.8,27643.3,28217.5,31111.2,30989.6,30721.6,30603.1,31586.9,33279.6,35861.7,39799.1,45849.0,48083.6,47591.9,53584.3,55078.9,56634.8,54344.8,59167.8,67649.1,75251.0,85509.4,91294.9,77362.7,91509.7,100712.4,108979.8,111802.8,111925.5,112119.6,111776.8,115811.1,118927.5,125764.7,107481.9,120445.9,154753.2,143924.9,153665.7,158597.7
A,CP_MEUR,P7,PL,,,,,,,,,,,,,,,,,,,,,22616.6,29635.9,38274.0,47728.8,47899.9,62893.8,65913.5,67956.7,69503.1,76446.9,88356.9,110323.4,132891.9,157645.3,120680.5,152778.2,169296.0,173699.0,174214.9,187245.9,195024.3,200826.2,229250.9,253033.2,263656.0,249029.3,313866.4,401453.0,392084.8,408799.8,432409.1
A,CP_MEUR,P7,PT,,,,,,,,,,,,,,,,,,,,,30166.9,32525.9,36313.1,40398.8,44052.7,50400.6,51125.6,50228.8,49329.7,54105.3,56857.5,63494.3,68003.2,73100.2,59990.6,67738.4,68051.8,64411.5,65653.0,69336.3,71662.0,73000.2,81850.1,88268.1,92483.5,78910.6,95961.1,126570.9,124309.2,127046.9,131114.0
A,CP_MEUR,P7,RO,,,,,,,,,,,,,,,,,,,,,8766.0,9966.1,11010.2,11424.1,10560.5,10933.2,13463.0,14461.3,16337.8,21069.7,27590.0,35884.6,49514.0,57198.9,40630.9,49158.0,56844.7,56957.3,58821.4,63069.2,67596.1,72821.4,83547.5,92779.9,99545.9,90992.8,111761.9,141614.4,141914.7,147153.7,154513.9
A,CP_MEUR,P7,RS,,,,,,,,,,,,,,,,,,,,,2178.6,3333.4,4925.4,4383.9,2950.9,3907.4,5230.1,6680.2,7560.2,10307.3,10110.4,12377.3,15247.3,17940.7,12888.0,14029.9,16230.2,16713.7,17509.8,17788.3,18663.0,19554.5,22295.6,25437.4,28197.1,26580.6,33559.8,45205.3,44685.0,48407.2,51971.5
A,CP_MEUR,P7,SE,,,,,,,,,,,,,,,,,,,50135.8,58039.5,63977.9,69853.7,77562.8,82616.8,89222.8,109031.9,101948.5,102088.8,103601.5,111552.0,122469.7,137212.2,149753.1,154489.4,120515.4,149751.2,168122.1,173148.1,171101.8,175842.6,183022.9,187953.9,200151.7,207110.5,210842.4,192137.9,232942.6,288914.8,280560.2,287756.6,303418.8
A,CP_MEUR,P7,SI,,,,,,,,,,,,,,,,,,,,,7790.9,8028.8,8922.1,9731.6,10281.7,11767.1,12272.6,12818.3,13470.5,15646.5,17604.8,20433.7,24280.7,25948.1,20251.1,22988.0,25581.8,25193.4,25304.5,26022.3,26774.1,27929.9,31892.4,35026.5,36448.3,32379.3,40631.5,52519.3,49140.1,50388.6,51649.4
A,CP_MEUR,P7,SK,,,,,,,,,,,,,,,,,,,,,8370.2,10662.6,12388.6,11517.9,9988.8,12444.5,15436.5,16700.9,18918.8,24540.4,29851.7,38165.9,46888.7,54345.4,43953.5,53625.7,60559.2,63450.0,65703.6,66085.8,71319.6,73823.2,78751.7,84684.3,86868.8,78508.5,92943.1,115445.5,111058.0,111626.0,116580.1
A,CP_MEUR,P7,TR,,,,,,,,,,,,,,,,,,,,,31738.1,39675.3,49724.1,48328.6,45274.3,67065.3,50909.7,57566.7,64721.2,82711.3,98508.6,116096.2,129135.1,142086.4,109083.3,149345.4,182425.8,194929.3,207251.3,202151.9,206921.8,198533.1,226358.2,207388.5,204590.2,202036.5,244356.1,367608.8,355155.0,338797.7,352746.8
A,CP_MEUR,P7,UA,,,,,,,,,,,,,,,,,,,,,,,,,,19438.1,21640.2,21318.2,23002.6,27708.1,33703.5,40948.5,50729.3,65426.1,38732.4,52246.8,66234.6,77089.3,72037.4,52716.3,45383.8,47369.8,55462.0,59811.1,67773.2,55095.5,70979.6,80008.4,82490.3,88164.2,
A,CP_MEUR,P7,UK,,,,,,,,,,,,,,,,,,,,,259345.6,289660.9,345296.8,366009.8,400420.5,485148.0,502862.3,508310.7,474944.7,511706.9,560185.7,634274.6,619145.5,583371.4,486701.7,565170.7,605760.0,659177.2,655624.9,687561.4,759999.4,731391.9,744586.9,776625.1,816551.0,,,,,,
A,CP_MEUR,P7,XK,,,,,,,,,,,,,,,,,,,,,,,,,,,,,,,,,,2106.3,2113.1,2439.1,2788.2,2726.9,2642.2,2851.5,2926.3,3090.6,3374.1,3820.2,3982.6,3650.8,5190.9,6350.3,6806.2,7456.5,8189.7
A,CP_MEUR,P7_S21,AT,,,,,,,,,,,,,,,,,,,,,,,,,,,,,,,,,,103802.4,86644.3,102178.6,114391.4,116189.1,120390.9,122505.1,123549.9,128162.3,138786.9,144500.1,148380.0,131188.7,156773.4,189106.5,184565.1,182167.6,185735.7
A,CP_MEUR,P7_S21,BA,,,,,,,,,,,,,,,,,,,,,,,,,,,,,,,,,,,,,,,,,5142.2,5365.3,5915.8,6232.1,6489.5,5523.7,6850.7,8820.5,8889.7,9270.0,
A,CP_MEUR,P7_S21,BE,,,,,,,,,,,,,,,,,,,,,73619.9,75782.2,80624.7,83177.8,87508.0,106352.8,107126.5,106491.0,106855.8,116702.7,129470.3,140542.7,151538.5,178670.3,155981.0,181491.6,203322.7,210252.6,207412.0,214727.2,211475.7,226421.1,252033.4,263168.6,269758.6,247275.7,310536.0,358313.9,342997.7,345785.6,350822.6
A,CP_MEUR,P7_S21,BG,,,,,,,,,,,,,,,,,,,,,,,,,,,,,,,,,,,,,,,,16639.7,17574.0,18018.7,20127.7,21587.4,22382.7,20070.1,25519.2,32693.7,32787.8,33089.3,34701.6
A,CP_MEUR,P7_S21,CY,,,,,,,,,,,,,,,,,,,,,,,,,,,,,,,,,,6224.8,5320.9,5596.8,5363.6,5300.7,5095.5,5260.5,5351.6,6163.3,7014.4,7305.4,7686.8,7275.7,9896.7,12963.6,13427.3,14822.3,15546.4
A,CP_MEUR,P7_S21,CZ,,,,,,,,,,,,,,,,,,,,,,,,,,,,,,,,,,64672.0,53275.7,63520.2,71848.0,73830.8,73161.5,79860.3,81052.8,83492.7,90463.8,97663.4,99920.4,87795.7,105138.4,126543.0,130704.3,129132.7,135350.6
A,CP_MEUR,P7_S21,DE,,,,,,,,,,,,,,,,,,,,,,,,,,,,,,,,,,472129.0,398984.0,452489.0,507135.0,514925.0,529117.0,546495.0,555185.0,570952.0,607775.0,671123.0,695021.0,619397.0,731293.0,883550.0,878694.0,867810.0,911696.0
A,CP_MEUR,P7_S21,DK,,,,,,,,,,,,,,,,,,,,,,,,,,,,,,,52716.3,61764.9,67149.9,70100.0,54825.3,59218.1,65149.1,68711.2,69729.3,70380.3,73698.9,75006.6,79404.0,85477.5,89407.4,86800.1,102062.0,126702.4,124875.6,126971.3,134738.1
A,CP_MEUR,P7_S21,EE,,,,,,,,,,,,,,,,,,,,,,,,,,,,,,,,,,9661.0,6580.8,8408.7,11269.4,12411.3,12784.8,12788.0,12286.4,13063.3,14240.5,15252.9,15515.5,15203.0,19438.7,25217.3,23876.6,23976.4,25354.0
A,CP_MEUR,P7_S21,EL,,,,,,,,,,,,,,,,,,,,,,,,,,,,,,,,,,40924.0,34117.4,32037.9,29816.7,27066.3,25363.5,27349.5,25982.0,26932.0,29414.0,32747.9,34624.9,32478.8,39714.0,48178.1,49811.2,52079.4,55516.3
A,CP_MEUR,P7_S21,ES,,,,,,,,,,,,,,,,,,,,,,,,,,,,,,,,,,172404.0,135506.0,146808.0,155867.0,145968.0,145426.0,159055.0,172768.0,179150.0,193098.0,203334.0,207305.0,174933.0,211012.0,253191.0,261454.0,269288.0,288186.0
A,CP_MEUR,P7_S21,FI,,,,,,,,,,,,,,,,,,,,,,,,,,,,,,,,,,45681.0,37242.0,41395.0,45718.0,48859.0,45079.0,44411.0,45724.0,48153.0,51579.0,55744.0,57181.0,52423.0,60405.0,75643.0,71679.0,70713.0,71223.0
A,CP_MEUR,P7_S21,FR,,,,,,,,,,,,,,,,,,,,,,,,,,,,,,,,,,325278.9,276162.7,308387.3,337276.0,346083.2,352537.7,359470.1,373386.7,382925.3,406034.4,425695.3,430149.4,378758.0,439605.5,531270.8,533892.6,513373.0,519595.6
A,CP_MEUR,P7_S21,HR,,,,,,,,,,,,,,,,,,,,,,,,,,,,,,,,,,13700.6,10500.1,10410.2,10829.9,10958.2,13248.3,14000.5,15562.1,16338.8,18364.7,19772.6,21740.5,18900.7,22942.9,31081.2,33186.9,35886.4,37004.7
A,CP_MEUR,P7_S21,HU,,,,,,,,,,,,,,,,,,,,,,,,,,,,,,,,,,56452.5,44860.2,50659.9,55520.3,55102.4,56986.0,63569.1,65965.8,68579.2,74998.3,79554.1,82343.0,76040.4,88992.3,111016.4,106845.5,104331.0,106404.6
A,CP_MEUR,P7_S21,IE,,,,,,,,,,,,,,,,,,,,,,,,,,,,,,,,,,50490.1,51186.0,55058.4,53493.2,53731.1,56129.4,60579.9,70660.1,77513.8,84728.2,92905.0,102195.5,77867.5,92984.3,125699.1,130581.0,138080.5,149167.3
A,CP_MEUR,P7_S21,IT,,,,,,,,,,,,,,,,,,,,,,,,,,,,,,,,,,233565.3,196221.9,228142.3,239970.9,225401.8,221881.3,228433.2,242973.6,249630.7,272419.9,284292.8,285791.0,250247.8,316327.6,394084.6,392222.2,390275.4,420414.3
A,CP_MEUR,P7_S21,LT,,,,,,,,,,,,,,,,,,,,,,,,,,,,,,6031.8,7293.0,9535.4,12128.8,12390.0,8095.2,9988.7,12805.8,14160.9,15198.3,15025.8,16188.3,17114.6,19566.3,21413.2,22722.4,21973.6,28735.3,38261.0,37984.0,38185.2,40840.6
A,CP_MEUR,P7_S21,LU,,,,,,,,,,,,,,,,,,,,,10514.8,11106.1,12173.6,14258.1,15519.0,19923.4,21024.9,20468.6,21538.0,24588.7,27093.3,30940.7,33534.7,35511.8,30838.5,35192.7,37884.3,42635.9,45011.7,49051.6,53387.2,56080.5,58685.2,62431.4,68391.5,66412.1,78887.9,91487.4,96027.0,84805.7,87889.4
A,CP_MEUR,P7_S21,LV,,,,,,,,,,,,,,,,,,,,,,,,,,2549.7,3115.1,3307.8,3494.9,4380.1,5570.8,7630.9,9660.4,9149.4,5786.0,6814.4,9062.1,10544.3,10788.1,11333.5,11085.3,11071.6,12192.6,13072.9,13716.1,13449.4,16703.6,22988.0,21935.7,21628.1,23335.6
A,CP_MEUR,P7_S21,ME,,,,,,,,,,,,,,,,,,,,,,,,,,,,,,,,759.6,1004.7,1194.4,717.6,714.7,803.9,810.1,805.5,928.0,932.9,1162.3,1275.9,1465.9,1518.8,1138.5,1405.1,1990.9,2213.1,2317.1,2307.3
A,CP_MEUR,P7_S21,MT,,,,,,,,,,,,,,,,,,,,,1422.5,1427.5,1471.3,1592.1,1777.3,2376.7,2045.1,2053.6,2062.6,2153.7,2310.9,2715.1,2923.6,3155.6,2774.0,3261.3,3547.5,3947.6,3843.0,4045.3,5141.0,5850.2,6086.3,7557.8,8328.4,7894.1,8501.6,10390.8,11042.6,11999.6,12817.1
A,CP_MEUR,P7_S21,NL,,,,,,,,,,,,,,,,,,,,,99945.8,104854.1,112184.8,115257.5,122532.0,133973.0,134552.0,135755.0,137119.0,147517.0,155268.0,171206.0,194103.0,198907.0,171415.0,185880.0,206121.0,213044.0,222467.0,223137.0,247313.0,241531.0,272033.0,296931.0,316004.0,289714.0,337342.0,411069.0,409008.0,409108.0,423424.0
A,CP_MEUR,P7_S21,PL,,,,,,,,,,,,,,,,,,,,,,,,,,,,,,,,,,109916.6,84499.5,106086.8,115926.8,116151.2,118596.5,127796.5,134756.1,141286.9,158811.4,172222.9,178143.1,169874.0,210099.7,260169.0,267345.7,279818.6,296417.2
A,CP_MEUR,P7_S21,PT,,,,,,,,,,,,,,,,,,,,,,,,,,,,,,,,,,51320.2,43508.5,47705.9,46903.3,43305.4,44357.5,48593.9,51151.9,53334.9,59103.8,63555.6,66137.0,57833.4,69527.4,87431.9,90504.6,92501.6,97691.2
A,CP_MEUR,P7_S21,RO,,,,,,,,,,,,,,,,,,,,,,,,,,,,,,,,,34417.7,39252.8,29144.1,35500.8,41344.6,42001.3,44924.6,47940.4,52112.4,56324.9,64489.4,71041.3,76592.1,67222.7,82021.1,102741.2,105935.7,108945.1,113947.4
A,CP_MEUR,P7_S21,RS,,,,,,,,,,,,,,,,,,,,,,,,,,,,,,,,,8789.6,10311.6,7667.3,8009.5,9364.7,10382.8,10400.4,10205.7,10707.3,11599.5,13198.1,14498.5,15722.3,14833.4,17980.5,23652.4,24253.4,26131.4,27853.3
A,CP_MEUR,P7_S21,SE,,,,,,,,,,,,,,,,,,,,,,,,,,,,,,,,,,,,,,,104470.9,105946.9,110837.9,116067.0,125369.4,129255.0,131307.9,122021.6,146009.8,175503.5,173320.4,178453.7,187903.8
A,CP_MEUR,P7_S21,SI,,,,,,,,,,,,,,,,,,,,,,,,,,,,,,,,,,19448.7,15986.0,17913.4,19859.8,19595.2,19462.5,20046.7,21037.9,22009.5,24994.4,27229.7,28142.7,24863.7,31249.8,39187.8,37994.8,38877.0,39795.8
A,CP_MEUR,P7_S21,SK,,,,,,,,,,,,,,,,,,,,,5602.6,6942.2,8466.1,8348.0,7232.9,8392.3,10688.4,11745.5,13659.6,16417.8,18292.5,22101.3,26399.4,29383.8,22844.8,26562.6,30046.7,30756.6,33844.0,34873.5,38675.9,40793.0,43902.3,47536.0,51111.6,44928.3,51248.7,57409.8,61080.9,61893.5,57156.9
A,CP_MEUR,P7_S21,TR,,,,,,,,,,,,,,,,,,,,,,,,,,,,,,,,,,,41555.2,56930.0,69489.1,74481.8,78764.1,77227.2,82393.4,81683.6,87306.7,78511.5,75052.7,69820.2,78459.5,98659.4,109693.5,113088.9,117637.8
A,CP_MEUR,P7_S21,UK,,,,,,,,,,,,,,,,,,,,,144875.1,161823.5,192897.6,205963.7,224498.3,259577.0,279699.9,296716.1,275657.2,291036.7,315700.5,361476.0,338691.3,308508.3,254328.0,289393.1,306793.6,335346.0,337155.9,363352.9,404834.4,389052.8,395834.2,414035.1,422500.2,,,,,,
A,CP_MEUR,P7_S2111,AT,,,,,,,,,,,,,,,,,,,,,,,,,,,,,,,,,,85263.5,74124.8,86269.9,96129.1,97365.5,99392.8,100772.1,101706.9,104969.8,113321.5,118090.7,120687.1,105858.9,125644.3,150845.6,148860.5,146870.3,150627.4
A,CP_MEUR,P7_S2111,BA,,,,,,,,,,,,,,,,,,,,,,,,,,,,,,,,,,,,,,,,,4322.3,4519.3,4909.7,5239.1,5440.0,4557.4,5732.1,7403.2,7438.4,7626.2,
A,CP_MEUR,P7_S2111,BE,,,,,,,,,,,,,,,,,,,,,,,,,83770.2,101862.3,102658.3,101967.6,102292.6,111678.0,123863.0,134393.5,144999.8,166812.0,144396.1,166609.0,185894.7,192575.6,190004.5,196139.0,191496.3,205326.2,228588.2,239397.0,242857.6,222500.7,281449.2,325494.5,306680.9,310780.6,314724.9
A,CP_MEUR,P7_S2111,BG,,,,,,,,,,,,,,,,,,,,,,,,,,,,,,,,,,,,,,,,12005.0,12616.9,12809.4,14293.2,15461.9,15825.1,13903.4,17772.0,22963.0,23009.2,22907.8,23980.1
A,CP_MEUR,P7_S2111,CY,,,,,,,,,,,,,,,,,,,,,,,,,,,,,,,,,,5658.2,4867.0,5080.2,4846.5,4796.7,4656.5,4801.3,4788.2,5651.8,6313.4,6397.4,6708.4,6331.5,8504.3,11062.2,11536.8,12793.3,13418.3
A,CP_MEUR,P7_S2111,CZ,,,,,,,,,,,,,,,,,,,,,,,,,,,,,,,,,,52506.3,44283.8,51470.9,57862.1,59862.9,58324.8,63501.1,63812.5,65916.2,71256.9,75224.4,76965.1,67748.6,81037.6,96930.4,99284.6,98731.9,104030.7
A,CP_MEUR,P7_S2111,DE,,,,,,,,,,,,,,,,,,,,,,,,,,,,,,,,,,361618.0,304149.0,343730.0,384090.0,391956.0,401208.0,407262.0,406092.0,412700.0,439491.0,481645.0,498852.0,433196.0,516750.0,631791.0,615102.0,610531.0,641607.0
A,CP_MEUR,P7_S2111,DK,,,,,,,,,,,,,,,,,,,,,,,,,,,,,,,38889.5,45526.6,49254.6,51243.5,40094.9,42448.6,46742.4,49629.0,50504.2,50665.5,53418.5,53939.7,56939.9,61999.9,64856.3,62595.7,73392.7,90468.2,89870.9,92037.2,97567.4
A,CP_MEUR,P7_S2111,EE,,,,,,,,,,,,,,,,,,,,,,,,,,,,,,,,,,5032.4,3259.3,4117.9,5253.1,6028.8,6131.4,7819.2,8668.9,9239.8,10090.0,10799.4,11002.5,11752.0,15124.4,19723.4,18301.5,18197.6,19368.7
A,CP_MEUR,P7_S2111,EL,,,,,,,,,,,,,,,,,,,,,,,,,,,,,,,,,,35677.9,29783.1,27688.6,25375.5,22696.7,21048.9,22638.6,21232.1,21670.1,23607.1,26356.5,28128.5,26683.9,31960.3,37990.3,40443.9,42363.0,45247.9
A,CP_MEUR,P7_S2111,ES,,,,,,,,,,,,,,,,,,,,,,,,,,,,,,,,,,156731.0,121087.0,130304.0,138987.0,131007.0,129544.0,140860.0,152145.0,157041.0,169713.0,178733.0,181502.0,152225.0,184929.0,220319.0,227169.0,234826.0,251836.0
A,CP_MEUR,P7_S2111,FI,,,,,,,,,,,,,,,,,,,,,,,,,,,,,,,,,,30213.0,24170.0,26354.0,28794.0,30637.0,28277.0,28044.0,29548.0,31493.0,33336.0,36002.0,36981.0,33858.0,38442.0,47676.0,46248.0,45748.0,45473.0
A,CP_MEUR,P7_S2111,FR,,,,,,,,,,,,,,,,,,,,,,,,,,,,,,,,,,293954.5,248596.8,274504.1,301617.5,311689.0,316629.3,322071.3,334042.7,341612.1,361631.4,378431.3,380298.0,334155.7,388232.4,473075.4,470342.3,450127.9,455568.7
A,CP_MEUR,P7_S2111,HR,,,,,,,,,,,,,,,,,,,,,,,,,,,,,,,,,,11097.4,8525.6,8446.2,9025.6,9147.4,10782.5,11464.8,12551.7,13176.2,14611.1,15616.0,17127.0,14826.4,17940.8,24311.3,26392.7,28309.6,29341.1
A,CP_MEUR,P7_S2111,HU,,,,,,,,,,,,,,,,,,,,,,,,,,,,,,,,,,46332.8,37080.7,40985.9,44982.5,45337.6,45963.9,51031.2,52849.8,55152.7,60253.7,63341.4,65505.7,60261.2,71356.5,88354.8,84261.5,82219.1,83685.5
A,CP_MEUR,P7_S2111,IE,,,,,,,,,,,,,,,,,,,,,,,,,,,,,,,,,,44433.1,43534.9,46700.8,47229.5,51279.4,53040.3,57345.7,66536.4,73251.7,80092.4,87320.9,95587.8,70713.3,84737.6,115364.6,119022.9,124594.3,134189.9
A,CP_MEUR,P7_S2111,IT,,,,,,,,,,,,,,,,,,,,,,,,,,,,,,,,,,204413.5,170467.7,198279.5,208682.6,196366.9,192772.6,196817.7,208512.9,213354.6,232668.0,241774.7,242388.0,211970.1,268121.3,335347.6,329122.4,329812.2,348369.3
A,CP_MEUR,P7_S2111,LT,,,,,,,,,,,,,,,,,,,,,,,,,,,,,,4388.6,5186.5,6747.7,8437.6,8458.6,5579.3,6982.4,8972.6,9607.0,10386.3,10266.1,11140.2,11617.4,13343.9,14474.1,15399.9,14838.0,19839.0,25314.1,26151.3,25641.4,28037.9
A,CP_MEUR,P7_S2111,LU,,,,,,,,,,,,,,,,,,,,,10258.7,10828.4,11835.6,13812.6,14981.7,19248.9,20187.3,19842.4,20903.6,23824.2,26216.2,29839.3,32212.5,33834.9,29637.2,33740.6,36214.4,40587.9,42721.1,46448.3,50174.1,52523.3,54534.3,57929.2,63692.7,61414.6,72504.6,85072.3,89321.0,78942.4,81813.0
A,CP_MEUR,P7_S2111,LV,,,,,,,,,,,,,,,,,,,,,,,,,,1970.3,2443.4,2595.0,2714.9,3380.7,4317.7,5872.1,7539.4,7118.4,4487.8,5342.0,7105.4,8281.1,8386.9,8701.1,8474.5,8412.6,9482.0,10123.8,10606.9,10244.0,12919.9,18145.7,16886.2,16790.6,18124.8
A,CP_MEUR,P7_S2111,ME,,,,,,,,,,,,,,,,,,,,,,,,,,,,,,,,577.8,822.8,1003.5,604.1,618.1,679.8,688.9,664.4,679.8,669.5,861.0,918.4,1047.3,1077.4,796.6,1035.2,1698.1,1877.0,1982.3,1951.3
A,CP_MEUR,P7_S2111,MT,,,,,,,,,,,,,,,,,,,,,1324.1,1324.9,1364.4,1473.7,1646.3,2212.0,1892.4,1898.4,1907.3,1988.2,2126.1,2500.3,2680.2,2881.2,2522.8,2973.7,3228.1,3584.4,3467.9,3635.0,4594.7,5200.5,5345.7,6607.7,7374.4,6818.7,6842.7,8901.3,9440.1,10016.2,10781.1
A,CP_MEUR,P7_S2111,NL,,,,,,,,,,,,,,,,,,,,,93381.7,97756.0,103103.0,106399.7,112936.0,119906.0,122002.0,125492.0,128136.0,135316.0,141664.0,155810.0,171006.0,173575.0,146753.0,158869.0,175048.0,178761.0,185301.0,188589.0,212681.0,207574.0,231128.0,250664.0,265929.0,246206.0,286660.0,348057.0,347657.0,347567.0,358974.0
A,CP_MEUR,P7_S2111,PL,,,,,,,,,,,,,,,,,,,,,,,,,,,,,,,,,,93780.4,72202.8,89992.2,97844.0,97714.1,99747.5,107442.8,113437.3,118792.4,133671.6,144747.9,149597.2,143250.1,177403.6,217951.4,221827.6,229507.4,243812.5
A,CP_MEUR,P7_S2111,PT,,,,,,,,,,,,,,,,,,,,,,,,,,,,,,,,,,48838.7,41328.8,45237.3,44391.2,40853.7,41902.8,45816.1,48193.0,50143.6,55654.7,59717.6,61950.8,53847.2,64676.8,81578.1,84148.4,86257.7,90886.7
A,CP_MEUR,P7_S2111,RO,,,,,,,,,,,,,,,,,,,,,,,,,,,,,,,,,25392.2,28297.5,20432.8,24797.1,28730.0,29170.3,31753.1,33522.5,37010.7,40213.8,45570.3,50083.0,52400.5,48667.0,59164.9,71640.9,77215.4,78873.5,81911.0
A,CP_MEUR,P7_S2111,RS,,,,,,,,,,,,,,,,,,,,,,,,,,,,,,,,,6476.9,7459.1,5682.7,5582.4,6406.3,6979.2,7170.1,7056.6,7562.8,8282.8,9294.4,10297.9,11036.3,10471.6,12684.3,16051.4,17100.1,18470.2,19331.0
A,CP_MEUR,P7_S2111,SE,,,,,,,,,,,,,,,,,,,,,,,,,,,,,,,,,,,,,,,81593.2,83057.6,86416.4,90551.0,98027.1,100659.2,102973.9,96203.3,115090.8,138825.5,137111.6,140553.3,148368.1
A,CP_MEUR,P7_S2111,SI,,,,,,,,,,,,,,,,,,,,,,,,,,,,,,,,,,15928.8,13902.3,15455.2,17050.4,16827.6,16581.9,16967.7,17741.0,18604.1,21097.5,22926.8,23641.2,20675.6,26063.7,32470.5,31632.1,32554.0,33071.4
A,CP_MEUR,P7_S2111,SK,,,,,,,,,,,,,,,,,,,,,2696.9,3700.6,5035.0,5471.1,4901.4,5729.7,7224.8,7926.9,9263.1,10824.9,11647.0,13737.2,16256.0,18164.9,13483.6,15802.8,17823.8,18627.4,19191.3,19658.9,21868.2,23850.1,25692.8,27758.3,27467.0,26415.9,30985.9,32214.9,33423.4,33932.7,31242.7
A,CP_MEUR,P7_S2111,TR,,,,,,,,,,,,,,,,,,,,,,,,,,,,,,,,,,,31166.9,42735.0,52229.6,56031.1,59375.3,58190.0,62190.4,61368.9,64666.4,57638.3,55254.1,56323.7,63337.7,79749.8,88920.8,91431.8,94325.2
A,CP_MEUR,P7_S2111,UK,,,,,,,,,,,,,,,,,,,,,133602.0,149222.2,177879.5,190037.4,207297.3,238669.0,257198.4,273356.9,252310.0,264525.7,282964.3,319644.1,302313.2,272245.9,223275.4,251259.0,263216.1,287531.9,292610.0,316910.6,353272.1,340359.7,343854.6,356692.0,362050.4,,,,,,
A,CP_MEUR,P7_S2112,AT,,,,,,,,,,,,,,,,,,,,,,,,,,,,,,,,,,18538.8,12519.5,15908.7,18262.2,18823.6,20998.1,21733.0,21843.0,23192.5,25465.4,26409.3,27692.8,25329.8,31129.1,38260.9,35704.6,35297.3,35108.4
A,CP_MEUR,P7_S2112,BA,,,,,,,,,,,,,,,,,,,,,,,,,,,,,,,,,,,,,,,,,819.9,846.1,1006.1,993.0,1049.5,966.3,1118.6,1417.3,1451.3,1643.8,
A,CP_MEUR,P7_S2112,BE,,,,,,,,,,,,,,,,,,,,,,,,,3737.8,4490.5,4468.2,4523.4,4563.2,5024.7,5607.3,6149.2,6538.7,11858.3,11584.9,14882.6,17428.0,17677.0,17407.5,18588.2,19979.4,21094.9,23445.2,23771.6,26901.0,24775.0,29086.8,32819.4,36316.8,35005.0,36097.6
A,CP_MEUR,P7_S2112,BG,,,,,,,,,,,,,,,,,,,,,,,,,,,,,,,,,,,,,,,,4634.7,4957.1,5209.3,5834.5,6125.4,6557.7,6166.7,7747.2,9730.7,9778.6,10181.5,10721.5
A,CP_MEUR,P7_S2112,CY,,,,,,,,,,,,,,,,,,,,,,,,,,,,,,,,,,566.6,453.8,516.6,517.1,504.0,438.9,459.2,563.4,511.5,700.9,908.0,978.3,944.2,1392.4,1901.3,1890.5,2029.0,2128.1
A,CP_MEUR,P7_S2112,CZ,,,,,,,,,,,,,,,,,,,,,,,,,,,,,,,,,,12165.8,8991.9,12049.4,13985.8,13967.9,14836.7,16359.1,17240.3,17576.6,19206.9,22439.0,22955.2,20047.1,24100.9,29612.6,31419.7,30400.8,31319.9
A,CP_MEUR,P7_S2112,DE,,,,,,,,,,,,,,,,,,,,,,,,,,,,,,,,,,110511.0,94835.0,108759.0,123045.0,122969.0,127909.0,139233.0,149093.0,158252.0,168284.0,189478.0,196169.0,186201.0,214543.0,251759.0,263592.0,257279.0,270089.0
A,CP_MEUR,P7_S2112,DK,,,,,,,,,,,,,,,,,,,,,,,,,,,,,,,13826.8,16238.3,17895.3,18856.6,14730.4,16769.6,18406.7,19082.2,19225.1,19714.8,20280.4,21067.0,22464.2,23477.6,24551.1,24204.3,28669.3,36234.3,35004.7,34934.1,37170.7
A,CP_MEUR,P7_S2112,EE,,,,,,,,,,,,,,,,,,,,,,,,,,,,,,,,,,4628.6,3321.5,4290.8,6016.2,6382.4,6653.4,4968.7,3617.5,3823.5,4150.6,4453.5,4513.0,3451.0,4314.3,5493.9,5575.0,5778.8,5985.3
A,CP_MEUR,P7_S2112,EL,,,,,,,,,,,,,,,,,,,,,,,,,,,,,,,,,,5246.2,4334.4,4349.3,4441.2,4369.6,4314.6,4710.9,4749.8,5261.9,5806.9,6391.4,6496.4,5794.9,7753.7,10187.8,9367.3,9716.4,10268.4
A,CP_MEUR,P7_S2112,ES,,,,,,,,,,,,,,,,,,,,,,,,,,,,,,,,,,15673.0,14419.0,16504.0,16880.0,14961.0,15882.0,18195.0,20623.0,22109.0,23385.0,24601.0,25803.0,22708.0,26083.0,32872.0,34285.0,34462.0,36350.0
A,CP_MEUR,P7_S2112,FI,,,,,,,,,,,,,,,,,,,,,,,,,,,,,,,,,,15468.0,13073.0,15041.0,16924.0,18222.0,16802.0,16368.0,16175.0,16660.0,18243.0,19742.0,20200.0,18565.0,21962.0,27967.0,25430.0,24966.0,25750.0
A,CP_MEUR,P7_S2112,FR,,,,,,,,,,,,,,,,,,,,,,,,,,,,,,,,,,31324.4,27565.9,33883.2,35658.5,34394.2,35908.4,37398.8,39344.0,41313.2,44403.0,47264.0,49851.4,44602.3,51373.1,58195.4,63550.3,63245.1,64026.9
A,CP_MEUR,P7_S2112,HR,,,,,,,,,,,,,,,,,,,,,,,,,,,,,,,,,,2603.2,1974.5,1964.1,1804.2,1810.8,2465.8,2535.6,3010.4,3162.6,3753.5,4156.7,4613.5,4074.3,5002.1,6769.9,6794.2,7576.8,7663.5
A,CP_MEUR,P7_S2112,HU,,,,,,,,,,,,,,,,,,,,,,,,,,,,,,,,,,10119.7,7779.5,9674.0,10537.8,9764.8,11022.1,12537.9,13116.0,13426.5,14744.6,16212.7,16837.3,15779.2,17635.8,22661.6,22584.0,22111.9,22719.1
A,CP_MEUR,P7_S2112,IE,,,,,,,,,,,,,,,,,,,,,,,,,,,,,,,,,,6057.0,7651.1,8357.6,6263.7,2451.7,3089.1,3234.2,4123.7,4262.1,4635.8,5584.1,6607.7,7154.2,8246.7,10334.6,11558.1,13486.3,14977.4
A,CP_MEUR,P7_S2112,IT,,,,,,,,,,,,,,,,,,,,,,,,,,,,,,,,,,29151.9,25754.3,29862.8,31288.3,29034.8,29108.7,31615.5,34460.7,36276.1,39752.0,42518.1,43403.0,38277.7,48206.3,58737.0,63099.9,60463.2,72045.0
A,CP_MEUR,P7_S2112,LT,,,,,,,,,,,,,,,,,,,,,,,,,,,,,,1643.2,2106.4,2787.6,3691.2,3931.3,2515.9,3006.3,3833.2,4553.8,4812.0,4759.7,5048.1,5497.2,6222.4,6939.2,7322.4,7135.7,8896.3,12946.9,11832.8,12543.8,12802.8
A,CP_MEUR,P7_S2112,LU,,,,,,,,,,,,,,,,,,,,,256.1,277.6,338.0,445.6,537.3,674.5,837.6,626.2,634.4,764.5,877.1,1101.3,1322.2,1676.9,1201.4,1452.1,1670.0,2048.0,2290.6,2603.2,3213.1,3557.2,4151.0,4502.2,4698.9,4997.6,6383.3,6415.0,6706.0,5863.3,6076.5
A,CP_MEUR,P7_S2112,LV,,,,,,,,,,,,,,,,,,,,,,,,,,579.4,671.7,712.8,780.0,999.4,1253.2,1758.8,2121.0,2031.0,1298.2,1472.4,1956.8,2263.2,2401.2,2632.4,2610.8,2659.0,2710.6,2949.1,3109.3,3205.4,3783.7,4842.3,5049.5,4837.5,5210.8
A,CP_MEUR,P7_S2112,ME,,,,,,,,,,,,,,,,,,,,,,,,,,,,,,,,181.8,182.0,190.8,113.5,96.6,124.2,121.2,141.2,248.2,263.3,301.2,357.5,418.6,441.4,341.8,369.9,292.8,336.1,334.8,356.0
A,CP_MEUR,P7_S2112,MT,,,,,,,,,,,,,,,,,,,,,98.4,102.6,106.9,118.4,130.9,164.7,152.7,155.2,155.3,165.5,184.7,214.8,243.4,274.4,251.2,287.6,319.4,363.2,375.1,410.4,546.3,649.6,740.6,950.0,954.1,1075.5,1658.9,1489.4,1602.5,1983.4,2036.0
A,CP_MEUR,P7_S2112,NL,,,,,,,,,,,,,,,,,,,,,6564.2,7098.1,9081.8,8857.9,9596.0,14067.0,12550.0,10263.0,8983.0,12201.0,13604.0,15396.0,23097.0,25332.0,24662.0,27011.0,31073.0,34283.0,37166.0,34548.0,34632.0,33957.0,40905.0,46267.0,50075.0,43508.0,50682.0,63012.0,61351.0,61541.0,64450.0
A,CP_MEUR,P7_S2112,PL,,,,,,,,,,,,,,,,,,,,,,,,,,,,,,,,,,16136.2,12296.7,16094.6,18082.8,18437.2,18849.1,20353.7,21318.8,22494.5,25139.8,27475.1,28545.9,26623.9,32696.0,42217.6,45518.1,50311.2,52604.7
A,CP_MEUR,P7_S2112,PT,,,,,,,,,,,,,,,,,,,,,,,,,,,,,,,,,,2481.5,2179.8,2468.7,2512.1,2451.7,2454.8,2777.8,2958.9,3191.3,3449.1,3838.0,4186.1,3986.2,4850.6,5853.8,6356.2,6243.9,6804.4
A,CP_MEUR,P7_S2112,RO,,,,,,,,,,,,,,,,,,,,,,,,,,,,,,,,,9025.5,10955.2,8711.3,10703.7,12614.6,12831.0,13171.5,14417.9,15101.7,16111.1,18919.1,20958.3,24191.7,18555.7,22856.2,31100.3,28720.2,30071.6,32036.3
A,CP_MEUR,P7_S2112,RS,,,,,,,,,,,,,,,,,,,,,,,,,,,,,,,,,2312.7,2852.5,1984.5,2427.1,2958.4,3403.7,3230.3,3149.1,3144.5,3316.7,3903.7,4200.6,4686.1,4361.8,5296.2,7601.0,7153.4,7661.1,8522.3
A,CP_MEUR,P7_S2112,SE,,,,,,,,,,,,,,,,,,,,,,,,,,,,,,,,,,,,,,,22877.6,22889.3,24421.5,25516.0,27342.3,28595.9,28334.0,25818.3,30919.0,36678.0,36208.8,37900.5,39535.7
A,CP_MEUR,P7_S2112,SI,,,,,,,,,,,,,,,,,,,,,,,,,,,,,,,,,,3519.9,2083.7,2458.1,2809.3,2767.6,2880.5,3079.0,3296.9,3405.4,3896.9,4302.9,4501.5,4188.1,5186.1,6717.3,6362.8,6323.1,6724.4
A,CP_MEUR,P7_S2112,SK,,,,,,,,,,,,,,,,,,,,,2905.7,3241.6,3431.1,2876.9,2331.6,2662.6,3463.6,3818.6,4396.5,5592.8,6645.5,8364.1,10143.4,11218.9,9361.2,10759.8,12222.8,12129.2,14652.7,15214.6,16807.8,16942.9,18209.5,19777.7,23644.6,18512.5,20262.8,25194.9,27657.5,27960.8,25914.2
A,CP_MEUR,P7_S2112,TR,,,,,,,,,,,,,,,,,,,,,,,,,,,,,,,,,,,10388.3,14195.0,17259.6,18450.7,19388.9,19037.1,20203.0,20314.7,22640.4,20873.3,19798.6,13496.5,15121.8,18909.6,20772.7,21657.0,23312.6
A,CP_MEUR,P7_S2112,UK,,,,,,,,,,,,,,,,,,,,,11273.1,12601.4,15018.1,15926.3,17201.0,20908.0,22501.5,23359.3,23347.2,26511.1,32736.2,41831.8,36378.1,36262.4,31052.6,38134.2,43577.5,47814.1,44545.8,46442.2,51562.3,48693.1,51979.7,57343.1,60449.8,,,,,,
A,CP_MEUR,P7_S212,BE,,,,,,,,,,,,,,,,,,,,,12.3,50.9,5.7,4.3,78.0,51.7,65.8,71.4,27.7,81.7,23.2,26.8,90.2,135.4,131.8,149.6,162.0,110.9,184.1,210.3,248.0,268.0,259.0,248.0,265.0,241.0,240.0,354.4,352.6,385.3,
A,CP_MEUR,P7_S212,CY,,,,,,,,,,,,,,,,,,,,,,,,,,,,,,,,,,-2.9,-0.1,4.8,-2.1,-2.1,-11.3,-6.3,-15.4,-15.7,-9.3,-8.2,3.6,8.1,4.9,12.4,-5.0,-11.0,-11.5
A,CP_MEUR,P7_S212,EE,,,,,,,,,,,,,,,,,,,,,,,,,,,,,,,,,,0.0,0.7,0.0,0.2,5.6,3.9,4.2,7.1,5.8,8.9,5.9,2.1,6.1,6.4,4.4,6.7,9.3,9.7
A,CP_MEUR,P7_S212,FI,,,,,,,,,,,,,,,,,,,,,,,,,,,,,,,,,,,,,,,21.0,27.0,14.0,3.0,30.0,24.0,52.0,45.0,28.0,15.0,0.0,17.0,47.0
A,CP_MEUR,P7_S212,IE,,,,,,,,,,,,,,,,,,,,,1.4,1.5,2.2,2.7,3.1,4.0,0.0,6.7,6.7,1.7,0.0,0.0,0.9,4.5,1.1,1.0,22.3,17.1,0.0,1.6,4.5,0.1,4.7,0.0,1.3,0.3,0.7,0.0,0.0,0.0,0.0
A,CP_MEUR,P7_S212,IT,,,,,,,,,,,,,,,,,,,,,,,,,,,,,,,,,,2.0,2.0,5.0,1.0,5.0,192.0,260.0,127.0,77.0,59.3,92.2,84.8,78.5,81.7,70.9,105.9,116.4,123.8
A,CP_MEUR,P7_S212,LT,,,,,,,,,,,,,,,,,,,,,,,,,,,,,,12.2,18.5,21.4,33.0,27.9,57.9,54.7,53.4,78.4,71.9,71.0,42.5,52.4,48.1,53.2,41.7,40.3,33.9,35.8,25.0,29.0,24.7
A,CP_MEUR,P7_S212,LU,,,,,,,,,,,,,,,,,,,,,4.1,2.1,7.4,4.1,25.5,37.0,32.5,13.5,2.7,3.8,3.5,3.6,4.0,5.6,6.5,6.2,13.8,9.0,9.5,11.0,15.2,22.0,17.4,18.4,15.1,16.7,16.4,15.9,8.5,6.0,6.2
A,CP_MEUR,P7_S212,LV,,,,,,,,,,,,,,,,,,,,,,,,,,0.0,0.0,0.0,0.0,0.0,0.0,0.0,0.0,0.0,1.5,1.2,1.2,1.2,2.1,23.7,23.6,20.1,19.9,19.8,19.1,15.0,12.9,13.0,7.1,1.8,5.7
A,CP_MEUR,P7_S212,ME,,,,,,,,,,,,,,,,,,,,,,,,,,,,,,,,0.0,0.0,0.0,0.0,0.0,0.0,0.0,0.0,0.0,0.0,0.0,0.0,0.0,0.1,0.2,0.1,0.4,0.0,0.0,0.0
A,CP_MEUR,P7_S212,NL,,,,,,,,,,,,,,,,,,,,,4.2,4.1,4.0,4.0,4.0,4.0,4.0,4.0,4.0,4.0,4.0,4.0,4.0,4.0,4.0,4.0,4.0,4.0,4.0,4.0,4.0,4.0,4.0,4.0,4.0,4.0,4.0,4.0,4.0,4.0,4.0
A,CP_MEUR,P7_S212,RO,,,,,,,,,,,,,,,,,,,,,,,,,,,,,,,,,0.0,0.2,1.1,20.9,30.2,48.9,67.4,30.5,23.9,14.1,21.2,99.0,69.8,79.2,69.7,13.0,5.5,27.2,150.1
A,CP_MEUR,P7_S212,SE,,,,,,,,,,,,,,,,,,,0.0,0.0,0.0,0.0,0.0,0.0,0.0,0.0,0.0,0.0,0.0,0.0,0.0,0.0,0.0,0.0,1.8,1.3,0.4,0.0,3.5,1.8,1.6,1.2,3.2,2.2,2.7,9.0,7.1,6.7,20.8,6.1,10.5
A,CP_MEUR,P7_S212,SI,,,,,,,,,,,,,,,,,,,,,,,,,,,,,,,,,,3.9,12.5,10.3,10.4,9.3,10.9,16.6,17.5,20.7,22.4,19.1,12.4,9.2,9.9,4.1,1.0,3.1,-1.8
A,CP_MEUR,P7_S212,UK,,,,,,,,,,,,,,,,,,,,,0.0,0.0,0.0,0.0,0.0,0.0,0.0,0.0,0.0,0.0,0.0,0.0,0.0,1.3,4.5,2.3,140.6,193.6,4.7,11.2,0.0,6.1,2.3,33.9,0.0,,,,,,
A,CP_MEUR,P7_S22,AT,,,,,,,,,,,,,,,,,,,,,,,,,,,,,,,,,,39626.4,33916.0,39144.8,44262.4,46902.9,43723.7,44666.2,46539.4,45794.1,49378.4,57371.4,58620.1,52448.2,66974.8,90194.7,86206.9,80427.5,82557.2
A,CP_MEUR,P7_S22,BA,,,,,,,,,,,,,,,,,,,,,,,,,,,,,,,,,,,,,,,,,2723.3,2733.2,3242.3,3563.9,3477.8,2986.6,3940.5,5616.7,5327.3,5586.6,
A,CP_MEUR,P7_S22,BE,,,,,,,,,,,,,,,,,,,,,50302.8,51842.5,55207.4,56667.1,59347.2,72297.3,72528.4,71819.0,72209.8,79234.3,88319.5,96045.6,103312.1,103455.2,75409.9,88522.0,101545.2,101392.3,103001.9,105898.9,109282.0,113951.3,118032.8,126455.8,125774.1,113305.7,133553.5,184795.8,157599.6,148315.1,144884.1
A,CP_MEUR,P7_S22,BG,,,,,,,,,,,,,,,,,,,,,,,,,,,,,,,,,,,,,,,,11626.0,11255.4,10717.6,12760.9,13831.2,14921.3,13300.3,16833.8,26584.4,21937.1,23334.5,25367.7
A,CP_MEUR,P7_S22,CY,,,,,,,,,,,,,,,,,,,,,,,,,,,,,,,,,,5721.6,4776.7,5801.0,5987.9,5824.5,5661.9,6084.5,6717.5,6868.4,8052.8,8638.8,9804.8,10851.8,12205.9,17004.2,17179.3,17647.0,18498.4
A,CP_MEUR,P7_S22,CZ,,,,,,,,,,,,,,,,,,,,,,,,,,,,,,,,,,33848.4,28176.8,35158.0,38905.2,41415.6,39042.1,39485.3,45147.4,42695.2,47384.0,50791.0,51556.3,46636.7,59266.8,78938.3,71890.1,71705.6,76392.3
A,CP_MEUR,P7_S22,DE,,,,,,,,,,,,,,,,,,,,,,,,,,,,,,,,,,438373.0,366281.0,446896.0,503436.0,510901.0,500114.0,502686.0,530560.0,527256.0,567209.0,586705.0,604328.0,547420.0,645891.0,838165.0,766638.0,762336.0,790358.0
A,CP_MEUR,P7_S22,DK,,,,,,,,,,,,,,,,,,,,,,,,,,,,,,,36954.6,43847.6,46672.2,52472.1,43647.8,47396.7,53765.9,56611.9,56641.2,58127.5,60535.9,59658.7,64446.5,70541.6,73939.7,67375.6,80288.7,106359.4,100792.1,111463.2,107813.3
A,CP_MEUR,P7_S22,EE,,,,,,,,,,,,,,,,,,,,,,,,,,,,,,,,,,2021.0,1319.0,1708.0,2203.9,2737.7,2765.7,2967.7,2940.8,2972.5,2861.0,3408.6,3940.3,4086.3,5993.2,6820.9,5585.8,6056.2,6859.5
A,CP_MEUR,P7_S22,EL,,,,,,,,,,,,,,,,,,,,,,,,,,,,,,,,,,41011.1,30668.2,33236.4,33230.8,35076.8,32750.7,32371.4,32037.3,29725.6,34625.2,40595.0,41354.6,32599.1,48424.5,73729.8,59458.8,60760.4,53734.1
A,CP_MEUR,P7_S22,ES,,,,,,,,,,,,,,,,,,,,,,,,,,,,,,,,,,164444.0,120416.0,142573.0,155372.0,157096.0,151124.0,154499.0,156446.0,153379.0,172734.0,186226.0,190004.0,152145.0,193822.0,280562.0,247500.0,255157.0,265425.0
A,CP_MEUR,P7_S22,FI,,,,,,,,,,,,,,,,,,,,,,,,,,,,,,,,,,34520.0,24629.0,28310.0,32847.0,32285.0,34763.0,33447.0,30324.0,30344.0,33298.0,37005.0,38097.0,32606.0,38771.0,52841.0,45019.0,43956.0,44005.0
A,CP_MEUR,P7_S22,FR,,,,,,,,,,,,,,,,,,,,,,,,,,,,,,,,,,271337.6,233314.9,265705.2,303365.1,307619.0,309604.7,318039.5,326905.4,327787.4,352145.5,372402.4,385598.6,323254.7,375538.6,512996.4,488464.3,485771.0,487321.9
A,CP_MEUR,P7_S22,HR,,,,,,,,,,,,,,,,,,,,,,,,,,,,,,,,,,8685.9,6744.0,6669.7,7351.1,7125.1,5320.8,4951.4,5007.9,5316.2,5898.2,6731.1,6647.0,5579.6,7736.4,13472.6,10136.5,11164.9,12285.4
A,CP_MEUR,P7_S22,HU,,,,,,,,,,,,,,,,,,,,,,,,,,,,,,,,,,29357.6,22131.1,25590.8,26641.5,24969.6,23844.7,22914.7,24154.8,22201.1,25872.3,28759.4,33875.3,30175.1,34638.1,49371.8,45287.6,43542.2,42728.2
A,CP_MEUR,P7_S22,IE,,,,,,,,,,,,,,,,,,,,,,,,,,,,,,,,,,91294.6,84489.6,90040.7,91744.4,99106.9,108481.2,132160.3,193496.3,227475.4,238463.5,230451.0,357690.6,376269.6,331400.4,385903.8,410536.5,437012.3,488827.9
A,CP_MEUR,P7_S22,IT,,,,,,,,,,,,,,,,,,,,,,,,,,,,,,,,,,217988.7,165973.4,204552.0,222586.1,213836.6,197323.9,194147.0,194328.4,187382.1,206323.2,221679.6,214734.9,170822.8,220401.6,343551.0,288602.1,276005.0,263688.9
A,CP_MEUR,P7_S22,LT,,,,,,,,,,,,,,,,,,,,,,,,,,,,,,4140.5,5788.8,6652.0,6654.9,10219.9,6308.0,8498.2,10859.4,11771.0,11858.6,10708.9,9867.1,8887.9,10580.5,11978.0,12511.4,9875.0,13874.7,21687.9,15566.7,15910.8,16979.5
A,CP_MEUR,P7_S22,LU,,,,,,,,,,,,,,,,,,,,,3050.0,3323.9,4379.4,5345.2,7080.7,8755.6,8721.0,8125.9,7870.6,9659.3,12348.6,16268.5,18376.6,16788.2,14307.1,20338.8,23825.2,22768.4,25758.1,28970.1,32859.6,32356.6,34993.5,36675.3,41509.2,43974.7,53962.2,54201.2,56040.3,52854.4,54776.3
A,CP_MEUR,P7_S22,LV,,,,,,,,,,,,,,,,,,,,,,,,,,1313.4,1419.1,1437.6,1604.2,1977.1,2327.2,2854.3,3401.8,3587.1,2577.2,3113.4,3860.5,4213.4,3972.2,3815.4,4059.9,3970.8,4607.7,5047.8,4838.6,4442.9,5890.3,6746.0,5622.1,5383.8,5557.2
A,CP_MEUR,P7_S22,ME,,,,,,,,,,,,,,,,,,,,,,,,,,,,,,,,920.5,1301.0,1686.2,1231.2,1224.8,1278.5,1299.4,1260.0,1146.2,1286.6,1331.8,1497.1,1646.2,1699.0,1415.1,1676.8,2414.5,2563.8,2743.3,3061.8
A,CP_MEUR,P7_S22,MT,,,,,,,,,,,,,,,,,,,,,1181.4,1191.2,1230.9,1335.0,1493.0,1971.0,1722.1,1726.3,1732.6,1817.8,1966.8,2302.6,2506.7,2724.0,2414.8,2819.0,3104.6,3413.3,3454.1,3504.6,4923.4,5035.2,6000.7,6770.5,7513.6,8250.2,8395.0,10522.3,10172.1,10963.2,11736.7
A,CP_MEUR,P7_S22,NL,,,,,,,,,,,,,,,,,,,,,74088.2,76039.5,85056.1,91447.9,104479.0,133833.0,136392.0,128998.0,130965.0,141458.0,158186.0,175679.0,186339.0,195431.0,165777.0,205041.0,230665.0,246518.0,245298.0,254166.0,286395.0,262995.0,287107.0,305354.0,309273.0,289907.0,346520.0,460152.0,405311.0,392331.0,395717.0
A,CP_MEUR,P7_S22,PL,,,,,,,,,,,,,,,,,,,,,,,,,,,,,,,,,,47728.7,36181.0,46691.4,53369.2,57547.7,55618.3,59449.4,60268.2,59539.3,70439.5,80810.3,85512.8,79155.3,103766.8,141284.0,124739.1,128981.1,135991.9
A,CP_MEUR,P7_S22,PT,,,,,,,,,,,,,,,,,,,,,,,,,,,,,,,,,,21780.0,16482.1,20032.4,21148.5,21106.0,21295.5,20742.4,20510.1,19665.3,22746.3,24712.5,26346.5,21077.2,26433.7,39139.0,33804.6,34545.3,33422.8
A,CP_MEUR,P7_S22,RO,,,,,,,,,,,,,,,,,,,,,,,,,,,,,,,,,15096.3,17946.1,11486.8,13657.2,15500.1,14956.0,13896.7,15128.8,15483.6,16496.5,19058.0,21738.7,22953.7,23770.1,29740.8,38873.3,35979.0,38208.6,40566.5
A,CP_MEUR,P7_S22,RS,,,,,,,,,,,,,,,,,,,,,,,,,,,,,,,,,6457.7,7629.0,5220.7,6020.5,6865.5,6330.9,7109.5,7582.6,7955.8,7954.9,9097.4,10938.9,12474.8,11747.1,15579.3,21552.9,20431.6,22275.8,24118.2
A,CP_MEUR,P7_S22,SE,,,,,,,,,,,,,,,,,,,,,,,,,,,,,,,,,,,,,,,66630.9,69895.7,72185.1,71886.9,74782.4,77855.5,79534.4,70116.3,86932.8,113411.3,107239.8,109302.8,115515.0
A,CP_MEUR,P7_S22,SI,,,,,,,,,,,,,,,,,,,,,,,,,,,,,,,,,,6499.4,4265.1,5074.7,5722.0,5598.2,5842.0,5975.6,5736.2,5920.4,6898.0,7796.8,8305.6,7515.6,9381.7,13331.5,11145.2,11511.6,11853.5
A,CP_MEUR,P7_S22,SK,,,,,,,,,,,,,,,,,,,,,2767.6,3720.4,3922.5,3169.9,2755.9,4052.3,4748.0,4955.4,5259.2,8122.6,11559.2,16064.6,20489.3,24961.6,21108.8,27063.1,30512.6,32693.4,31859.6,31212.2,32643.7,33030.2,34849.4,37148.3,35757.2,33580.2,41694.4,58035.7,49977.1,49732.5,59423.3
A,CP_MEUR,P7_S22,TR,,,,,,,,,,,,,,,,,,,,,,,,,,,,,,,,,,,67528.1,92415.3,112936.7,120447.4,128487.1,124924.7,124528.4,116849.5,139051.5,128877.0,129537.5,132216.3,165896.6,268949.4,245461.4,225708.9,235109.0
A,CP_MEUR,P7_S22,UK,,,,,,,,,,,,,,,,,,,,,114470.5,127837.3,152399.2,160046.1,175922.2,225571.0,223162.4,211594.5,199287.6,220670.1,244485.2,272798.6,280454.2,274863.1,232373.7,275777.5,298966.4,323831.2,318469.0,324208.6,355165.1,342339.0,348752.7,362590.0,394050.8,,,,,,
A,CP_MNAC,P6,AL,,,,,,,,,,,,,,,,,,,,,33041.5,38853.6,33785.5,44131.2,74709.1,100817.6,120202.9,127871.7,141290.7,163889.2,185062.0,220013.1,272741.1,273437.2,288738.0,346845.7,380322.5,385682.0,390385.6,393657.4,391098.1,426693.5,489535.7,516747.5,529638.5,373271.5,581151.9,799640.9,908326.5,913587.6,
A,CP_MNAC,P6,AT,,,,,,,,,,,,,,,,,,,,,59222.5,62518.9,69880.8,75300.9,80229.6,92590.4,98392.9,102755.0,103342.1,113581.9,123530.6,136166.4,149261.3,156424.9,130217.3,151683.0,167310.3,171988.8,173089.6,177786.4,182659.0,187305.6,199536.7,213470.1,221183.5,196484.0,227302.5,276043.4,279471.6,275099.5,280518.7
A,CP_MNAC,P6,BA,,,,,,,,,,,,,,,,,,,,,,,,,,2586.6,2797.9,2674.3,3032.2,3605.4,4291.9,5266.7,6110.8,6851.4,6202.0,7532.3,8403.4,8483.2,9036.0,9299.0,10158.4,10867.8,12824.3,14250.3,14328.3,12012.9,16763.0,22036.7,21930.8,21878.6,
A,CP_MNAC,P6,BE,,,,,,,,,,,,,,,,,,,,,126534.2,131127.4,145187.7,149284.8,156441.2,185994.4,189295.4,193550.7,194130.8,210463.8,230304.7,249732.6,269059.8,284492.0,238532.5,275440.5,304024.1,310537.9,311397.3,321522.8,323611.6,341137.5,369998.5,383597.8,397783.1,367276.2,453546.7,529995.7,498425.5,491708.5,482780.1
A,CP_MNAC,P6,BG,,,,,,,,,,,,,,,,,,,,,210.9,542.3,4824.3,5674.2,5473.8,5208.3,5526.3,5861.0,6447.2,8627.9,10223.9,12876.4,16996.7,19545.9,15797.1,19182.3,24384.9,25499.1,27153.1,27772.4,29212.3,31133.1,35170.7,36914.3,39348.4,34933.0,44125.9,60237.1,58610.3,59057.2,58865.9
A,CP_MNAC,P6,CH,,,,,,,,,,,,,,,,,,,,,166014.7,172092.6,198923.9,201896.6,209388.4,242467.3,242063.3,233886.3,232825.7,258609.7,282119.8,315830.2,365892.0,390753.7,353332.3,409480.4,427539.5,441251.5,476598.9,439542.5,429898.9,455980.3,456767.5,483485.3,484074.9,451242.0,537351.0,614490.0,586591.7,608036.9,677142.4
A,CP_MNAC,P6,CY,,,,,,,,,,,,,,,,,,,,,5126.3,5602.2,5793.2,6223.8,6513.0,7412.6,7787.3,7411.9,7419.7,7882.9,8254.9,8549.7,9326.5,9520.3,9099.1,9795.7,10615.0,10776.7,11058.1,11530.2,12564.0,13401.7,14998.0,16249.2,17728.2,17820.0,23306.5,31028.7,31268.1,33734.1,35528.2
A,CP_MNAC,P6,CZ,,,,,,,,,,,,,,,,,,,,,641886.0,697553.0,793328.0,906893.0,963383.0,1147590.0,1260071.0,1211053.0,1319344.0,1756929.0,2030936.0,2290674.0,2551181.0,2545047.0,2307165.0,2617047.0,2877013.0,3093106.0,3150955.0,3561541.0,3722035.0,3782810.0,4023544.0,4140220.0,4247338.0,3949325.0,4450124.0,5104772.0,5239442.0,5548729.0,5728125.0
A,CP_MNAC,P6,DE,,,,,,,,,,,,,,,,,375079.0,377707.0,349342.0,378737.0,408134.0,429725.0,485921.0,518928.0,540703.0,632097.0,670963.0,693476.0,700653.0,778148.0,836166.0,945469.0,1033077.0,1060281.0,884225.0,1032906.0,1143913.0,1194889.0,1194757.0,1244335.0,1314624.0,1330343.0,1406671.0,1459356.0,1497693.0,1349915.0,1565725.0,1820295.0,1812922.0,1793668.0,1807398.0
A,CP_MNAC,P6,DK,,,,,,,,,,,,,,,,,,,,,379476.5,403301.9,432811.3,441028.0,488519.0,595083.5,624791.8,644557.0,629848.9,661562.6,753301.6,854153.6,895932.4,976723.0,812859.8,917158.1,999752.7,1042646.2,1063024.5,1085844.6,1133145.7,1129440.1,1211849.1,1278445.9,1358007.8,1280484.2,1511717.8,2003270.9,1932435.8,2078142.2,2147525.1
A,CP_MNAC,P6,EA,,,,,,,,,,,,,,,,,,,,,1550187.4,1636010.0,1807906.4,1920578.2,2026331.9,2382837.9,2524996.3,2560451.5,2555996.7,2777694.5,2980132.4,3298120.7,3593261.3,3719917.7,3193997.1,3651347.2,4032030.8,4202032.1,4273643.0,4448454.1,4789038.1,4872812.3,5241236.8,5507896.2,5727876.2,5167982.3,6097077.6,7381485.3,7378460.0,7486624.5,7680900.2
A,CP_MNAC,P6,EA12,,,,,,,,,,,,,,,,,,,,,1565018.0,1652078.5,1827956.4,1941145.1,2052463.5,2415932.1,2524996.3,2560451.5,2555996.7,2777694.5,2980132.4,3298120.7,3569446.7,3679542.9,3115415.6,3559050.6,3913462.0,4074818.2,4142308.9,4299537.1,4606043.4,4682180.5,5030169.0,5278677.2,5487695.1,4941695.7,5826181.1,7046554.3,7001667.1,7101613.6,7279282.7
A,CP_MNAC,P6,EA19,,,,,,,,,,,,,,,,,,,,,1593517.1,1683159.8,1864891.5,1978982.4,2090154.7,2462122.6,2576043.4,2615405.8,2615702.5,2847990.4,3063151.7,3398290.7,3688835.9,3812387.8,3224515.9,3689889.0,4066611.3,4241745.3,4314972.9,4474891.5,4789038.1,4872812.3,5241236.8,5507896.2,5727876.2,5167982.3,6097077.6,7381485.3,7336833.6,7443550.7,7636298.0
A,CP_MNAC,P6,EA20,,,,,,,,,,,,,,,,,,,,,1598301.3,1688971.7,1871497.9,1985665.2,2096841.8,2470414.7,2585674.6,2625728.5,2626727.6,2860349.3,3076560.6,3413542.0,3705479.3,3829856.0,3239237.8,3706214.8,4084023.4,4259110.8,4332655.0,4493674.2,4809703.5,4894991.2,5265794.8,5533942.4,5756034.4,5188918.7,6126148.4,7421721.1,7378460.0,7486624.5,7680900.2
A,CP_MNAC,P6,EA21,,,,,,,,,,,,,,,,,,,,,1602996.5,1693738.0,1876487.6,1991301.0,2102315.6,2475644.7,2591222.6,2631609.5,2633197.4,2868988.3,3086784.7,3426418.5,3722476.0,3849401.9,3255034.9,3725397.0,4108408.3,4284609.9,4359808.1,4521446.5,4838915.9,4926124.3,5300965.5,5570856.7,5795382.8,5223851.7,6170274.3,7481958.1,7437070.2,7545681.7,7739766.1
A,CP_MNAC,P6,EE,,,,,,,,,,,,,,,,,,,,,1885.9,2255.1,3218.6,3755.7,3777.6,3803.4,4279.7,4533.6,4998.5,5972.0,7422.5,8584.6,10267.0,11033.1,8601.3,11063.1,14443.1,15445.6,15992.5,16412.6,15975.5,16747.5,18068.2,19273.8,20505.3,18987.4,25041.8,31737.9,29829.2,30152.6,32615.1
A,CP_MNAC,P6,EL,,,,,,,,,,,,,,,,,,,,,13187.1,14408.4,18202.7,19962.2,24982.1,32694.0,34146.5,32389.2,32858.0,38932.1,40887.9,44520.5,49864.8,54395.4,43888.3,48583.6,51494.6,53847.2,54017.0,57249.8,56442.9,54391.8,61691.1,69773.3,73258.2,52691.9,74310.5,101913.7,98499.8,99693.5,98004.8
A,CP_MNAC,P6,ES,,,,,,,,,,,,,,,,,,,,,100641.0,112815.0,133459.0,145278.0,157083.0,185133.0,195405.0,199164.0,205612.0,218354.0,231479.0,253088.0,279332.0,284202.0,246631.0,278203.0,314071.0,324254.0,335957.0,345132.0,361994.0,377059.0,408343.0,422779.0,434731.0,344196.0,417060.0,545828.0,566403.0,590793.0,618130.0
A,CP_MNAC,P6,EU27_2020,,,,,,,,,,,,,,,,,,,,,1795717.4,1902796.3,2110977.4,2243944.1,2370591.7,2804858.8,2934917.8,2988478.9,2997856.2,3281304.5,3560597.2,3977860.3,4337630.6,4517830.6,3807931.8,4384633.3,4843253.5,5045989.6,5134965.4,5329654.0,5693924.4,5801823.6,6255726.6,6580484.3,6864552.6,6225299.3,7354315.2,8942294.5,8931702.4,9073842.1,9327759.1
A,CP_MNAC,P6,FI,,,,,,10374.0,11910.0,12359.0,13707.0,15763.0,16302.0,16079.0,16928.0,18341.0,19775.0,20144.0,18483.0,21657.0,26896.0,30887.0,35246.0,37076.0,41860.0,45104.0,47726.0,57348.0,57510.0,58110.0,56634.0,61305.0,66325.0,74474.0,81986.0,87225.0,65576.0,72273.0,77021.0,78017.0,77838.0,75767.0,75210.0,76220.0,85762.0,90789.0,96882.0,85606.0,99311.0,123180.0,116760.0,115650.0,118756.0
A,CP_MNAC,P6,FR,46385.5,55003.9,64694.6,73459.3,85662.5,98427.5,116340.9,129663.5,150674.4,174223.1,183016.7,172717.6,175120.5,196641.7,225407.2,229556.5,242709.1,251715.8,247579.9,266854.5,287545.6,300807.5,343443.1,366908.8,379577.6,438490.0,450309.1,453465.4,440246.5,467075.9,496255.3,534014.1,559242.7,581061.2,501013.8,555437.6,609132.8,633913.6,648642.9,662096.6,697701.1,702983.1,740484.0,775337.9,799941.7,662035.3,784736.3,971788.9,973920.4,989546.9,994800.6
A,CP_MNAC,P6,HR,,,,,,,,,,,,,,,,,,,,,4291.6,5247.9,6100.3,6333.2,6723.3,8409.3,9564.1,10156.3,11075.3,12296.8,13170.9,14826.6,16208.5,16748.1,14341.9,15794.1,17191.4,17336.0,17785.5,19031.7,20882.7,22175.3,24327.3,25644.2,27722.8,20947.3,29047.2,40237.9,41626.4,43073.8,44602.2
A,CP_MNAC,P6,HU,,,,,,,,,,,,,,,,,,,,,2290135.0,2986226.0,4235794.0,5531475.0,6478773.0,8908892.0,9986833.0,10127503.0,10766594.0,12561285.0,14112626.0,17951176.0,20023844.0,21569760.0,19679590.0,22285864.0,24558211.0,24895842.0,25911330.0,28568207.0,30588880.0,31268693.0,33729046.0,36322620.0,38863299.0,38112975.0,44121363.0,59230165.0,61218233.0,62096382.0,63221562.0
A,CP_MNAC,P6,IE,,,,,,,,,,,,,,,,,,,,,40258.6,45054.7,53525.2,67822.5,80226.8,102408.1,116258.7,123009.4,117685.2,125751.1,135441.0,146147.9,159304.6,157941.9,158596.1,172819.8,177294.2,183371.9,200735.8,230879.2,344948.5,356446.1,396238.8,422166.5,477332.6,533702.1,611668.7,726433.3,716393.1,810337.0,894582.4
A,CP_MNAC,P6,IS,,,,,,,,,,,,,,,,,,,,,161289.5,176787.5,190720.5,203759.5,210879.1,227981.4,296367.5,303349.5,286009.0,314513.4,322232.5,372685.9,455476.2,640625.3,792374.4,870526.7,963137.1,1012820.3,1048408.7,1073212.8,1198680.0,1209619.5,1222801.8,1342664.1,1369770.9,1018690.2,1244827.0,1844231.6,1923038.4,1943846.2,1987878.4
A,CP_MNAC,P6,IT,,,,,,,,,,,,,,,,,,,,,243824.2,247920.7,263802.0,274042.3,272643.4,318171.5,334498.2,329564.0,324994.1,348699.3,367450.6,406392.4,441837.0,439575.8,352894.0,403170.0,440244.9,456969.7,456829.8,468225.5,484747.5,490977.4,525788.2,547785.4,558356.4,479725.2,574339.2,701306.3,714163.2,712028.3,727701.8
A,CP_MNAC,P6,LT,,,,,,,,,,,,,,,,,,,,,2886.5,4077.0,5275.3,5098.2,4124.0,5152.9,6251.6,7197.0,7695.8,8886.0,11566.2,13719.4,14981.7,18819.2,13929.8,17925.5,22824.3,26135.6,27565.1,26437.5,25686.0,26285.3,31116.8,34244.4,37825.0,36409.0,45134.0,58537.8,56431.5,58410.4,60878.6
A,CP_MNAC,P6,LU,,,,,,,,,,,,,,,,,,,,,15922.0,17317.1,20163.4,23152.8,26699.0,33937.7,34912.6,34105.6,34842.4,40517.8,46579.5,57325.3,63831.9,64613.3,57765.8,68993.4,75123.5,79658.4,86594.5,94665.5,103864.1,107412.9,112118.9,118712.3,128937.1,131860.3,157486.4,170579.9,178502.5,165063.7,170558.3
A,CP_MNAC,P6,LV,,,,,,,,,,,,,,,,,,,,,1403.0,1892.3,2142.3,2359.9,2197.2,2526.6,2839.0,3071.6,3450.3,4318.0,5870.7,6836.2,8686.9,9629.0,8020.7,9633.4,11814.8,13471.2,13739.3,14488.4,14862.9,15171.3,16687.4,17981.6,18490.3,18311.8,21569.2,27969.3,26108.3,26368.5,26922.8
A,CP_MNAC,P6,ME,,,,,,,,,,,,,,,,,,,,,,,,,,,,,,,,880.0,1156.4,1226.4,1027.8,1145.7,1374.3,1338.1,1390.1,1388.1,1544.6,1605.4,1764.8,1999.5,2171.2,1088.1,2122.9,3052.1,3479.9,3344.3,3273.4
A,CP_MNAC,P6,MK,,,,,,,,,,,,,,,,,,,,,,,,,,81920.8,73695.3,68009.5,74310.8,86213.4,107363.2,126541.3,164506.9,179334.3,136019.3,173999.3,218744.8,211764.2,217802.8,251484.1,272423.2,301346.1,340859.7,399006.1,432289.6,386653.0,477377.4,593990.4,608531.3,594640.6,622667.5
A,CP_MNAC,P6,MT,,,,,,,,,,,,,,,,,,,,,2602.8,2475.0,2546.1,2732.7,3067.1,3719.1,3348.2,3713.3,3592.6,3680.3,3815.8,4798.4,5249.7,5704.7,5095.1,6150.0,6852.9,7539.2,7939.9,8673.7,11114.0,12294.8,14620.0,16872.4,18172.7,18664.5,19815.2,23074.4,25057.1,27412.7,29273.8
A,CP_MNAC,P6,NL,,,,,,,,,,,,,,,,,,,,,190402.0,199577.0,224627.0,235629.0,253329.0,300449.0,306052.0,302268.0,305024.0,332743.0,362770.0,400318.0,427909.0,453341.0,388198.0,445533.0,493159.0,523792.0,534924.0,552282.0,587250.0,582690.0,639580.0,685372.0,707965.0,663307.0,770745.0,958476.0,918720.0,925247.0,951461.0
A,CP_MNAC,P6,NO,60564.0,69041.0,74136.0,86419.0,103570.0,133452.0,153523.0,163557.0,183253.0,210594.0,232447.0,192285.0,198266.0,210589.0,258176.0,290406.0,304892.0,297560.0,313877.0,329683.0,352689.0,415883.0,456947.0,427707.0,486152.0,688357.0,704786.0,632992.0,644316.0,735100.0,867554.0,990898.0,1015854.0,1215864.0,976538.0,1052663.0,1178578.0,1240874.0,1242417.0,1267988.0,1220682.0,1129406.0,1230227.0,1379026.0,1332623.0,1128226.0,1872153.0,3179965.0,2461728.0,2496349.0,2503520.0
A,CP_MNAC,P6,PL,,,,,,,,,,,,,,,,,,,,,79161.0,95316.0,121936.0,157535.0,162507.0,203501.0,212482.0,233212.0,282529.0,319278.0,342939.0,404212.0,457587.0,486085.0,509044.0,575106.0,661829.0,714158.0,749562.0,790459.0,853420.0,931234.0,1032215.0,1121740.0,1217425.0,1238965.0,1518076.0,1933458.0,1976804.0,1906354.0,1945080.0
A,CP_MNAC,P6,PT,,,,,,,,,,,,,,,,,,,,,23832.7,25048.9,27787.1,30434.7,31673.3,36218.8,37253.0,38594.2,39974.7,42122.6,42942.7,50472.4,54740.6,55989.5,47877.7,54007.7,60673.7,63578.7,67526.0,69595.2,72990.7,75214.1,83956.9,89538.0,93631.5,74896.8,89949.7,120714.1,127486.1,132778.3,133927.9
A,CP_MNAC,P6,RO,,,,,,,,,,,,,,,,,,,,,1950.6,3012.9,7190.3,8517.5,14697.7,17459.6,25950.5,36565.0,46468.5,62992.4,70382.2,84906.5,105191.8,141195.6,138157.9,171006.2,206921.7,221825.6,254203.4,277439.8,294633.1,319025.6,360527.4,398223.9,427481.4,393243.8,482641.7,602481.5,624283.2,626322.5,677124.7
A,CP_MNAC,P6,RS,,,,,,,,,,,,,,,,,,,,,3078.1,13142.0,20531.8,36547.8,24288.2,38146.4,179438.4,221586.9,299700.9,383674.8,521796.5,647646.1,688747.0,827382.7,804262.8,1048658.4,1192304.4,1365927.0,1642525.5,1750818.5,1949566.9,2182747.6,2384472.1,2573677.7,2775714.0,2657565.3,3441917.3,4531151.6,4856428.7,5223484.2,5644588.9
A,CP_MNAC,P6,SE,,,,,,,,,,,,,,,,,,,506509.0,596662.0,711306.0,707291.0,803487.0,864216.0,910619.0,1041685.0,1074540.0,1071614.0,1089643.0,1207231.0,1326914.0,1483878.0,1580684.0,1662496.0,1444640.0,1593814.0,1682510.0,1669824.0,1626105.0,1722559.0,1849404.0,1886161.0,2009287.0,2194979.0,2424758.0,2220062.0,2572582.0,3159015.0,3390786.0,3483237.0,3497140.0
A,CP_MNAC,P6,SI,,,,,,,,,,,,,,,,,,,,,4798.6,5603.7,6580.9,7291.5,7598.0,9452.0,10943.2,12320.9,13063.7,15210.6,17413.2,20414.9,23814.6,25149.8,20768.3,23375.6,26035.5,26427.5,27016.2,28569.1,29896.0,31385.0,35755.1,38901.6,40623.4,36583.2,43551.1,53648.6,53442.2,54553.0,55430.0
A,CP_MNAC,P6,SK,,,,,,,,,,,,,,,,,,,,,10678.5,10878.7,13154.6,12189.1,13277.7,16861.5,19644.6,21281.9,25870.5,31896.2,36515.5,45800.7,52678.3,54985.5,43619.0,52975.3,60622.3,67024.9,69327.4,69243.0,72896.4,75346.3,79822.3,85696.0,86836.3,79510.7,92478.7,108934.4,113029.9,111305.9,116370.6
A,CP_MNAC,P6,TR,,,,,,,,,,,,,,,,,,,,,1971.6,3986.2,8589.5,14864.8,20241.3,34241.2,67644.3,91688.9,109796.2,139475.4,151063.1,181282.9,198091.9,241419.5,240788.3,253908.1,332150.0,396968.8,447005.2,532445.7,595124.6,621524.1,836400.0,1207714.2,1453992.0,1477727.9,2605817.0,5845467.6,8645861.1,12291905.8,15660551.4
A,CP_MNAC,P6,UA,,,,,,,,,,,,,,,,,,,,,,,,,,106200.0,106958.0,117347.0,145731.0,209867.0,218280.0,244193.0,310131.0,428627.0,406554.0,507869.0,647608.0,670319.0,629401.0,771129.0,1045928.0,1175953.0,1434713.0,1610511.0,1639866.0,1639060.0,2217860.0,1857010.0,1875744.0,2273580.0,
A,CP_MNAC,P6,UK,,,,,,,,,,,,,,,,,,,,,217260.0,237251.0,243306.0,240834.0,248866.0,276134.0,286801.0,287720.0,300545.0,313481.0,349105.0,401162.0,392109.0,429839.0,408751.0,453703.0,509890.0,513317.0,531790.0,525324.0,523366.0,563248.0,622868.0,661601.0,689274.0,,,,,,
A,CP_MNAC,P6,XK,,,,,,,,,,,,,,,,,,,,,,,,,,,,,,,,,,608.1,694.2,873.5,1136.8,1176.4,1166.6,1252.8,1274.0,1438.5,1737.2,1938.3,2068.4,1469.1,2658.7,3436.0,3837.2,4321.1,4847.4
A,CP_MNAC,P6_S21,AT,,,,,,,,,,,,,,,,,,,,,,,,,,,,,,,,,,111876.8,88929.4,109575.5,119526.1,124409.5,124837.0,126449.7,129224.0,133531.9,147014.9,155519.4,158966.1,139825.6,172590.7,212779.3,198232.3,197688.4,198359.5
A,CP_MNAC,P6_S21,BA,,,,,,,,,,,,,,,,,,,,,,,,,,,,,,,,,,,,,,,,,8345.3,8704.9,9983.2,11043.9,10904.3,9399.5,12855.6,16765.2,16105.2,15769.5,
A,CP_MNAC,P6_S21,BE,,,,,,,,,,,,,,,,,,,,,83847.9,86880.6,96216.2,98867.3,103519.3,123013.0,124964.3,127972.1,128389.6,139271.7,152534.0,165624.4,178157.8,189299.4,157309.1,174901.0,189642.7,191570.0,191849.3,196886.4,199112.6,208594.8,228142.1,240285.0,250498.6,231409.5,281333.7,321394.7,302706.0,304119.8,310434.1
A,CP_MNAC,P6_S21,BG,,,,,,,,,,,,,,,,,,,,,,,,,,,,,,,,,,,,,,,,15978.9,17245.7,18753.7,20601.0,22889.4,24146.1,22242.2,27792.3,37659.4,35858.6,36436.9,36301.9
A,CP_MNAC,P6_S21,CY,,,,,,,,,,,,,,,,,,,,,,,,,,,,,,,,,,3543.7,3184.4,3455.7,3703.8,3421.0,3528.5,3944.0,4038.8,4194.5,4879.9,5314.5,6908.9,6953.1,9206.7,12226.7,11741.4,13029.5,13730.1
A,CP_MNAC,P6_S21,CZ,,,,,,,,,,,,,,,,,,,,,,,,,,,,,,,,,,2038350.0,1818929.0,2067306.0,2267271.0,2341463.0,2384844.0,2732400.0,2839912.0,2874707.0,3053573.0,3135168.0,3208807.0,2991757.0,3397501.0,3967446.0,4033800.0,4153645.0,4263919.0
A,CP_MNAC,P6_S21,DE,,,,,,,,,,,,,,,,,,,,,,,,,,,,,,,,,,566495.0,461536.0,519502.0,568543.0,559637.0,558767.0,585137.0,613585.0,635015.0,676062.0,714774.0,740293.0,655843.0,763956.0,900672.0,896788.0,891531.0,930263.0
A,CP_MNAC,P6_S21,DK,,,,,,,,,,,,,,,,,,,,,,,,,,,,,,,408055.7,455410.8,474183.6,506927.8,412372.0,452166.8,482898.4,480244.5,503551.9,510393.2,525604.8,534250.6,562063.0,576949.9,603814.2,567137.6,661538.0,856681.0,877438.4,881328.2,922528.9
A,CP_MNAC,P6_S21,EE,,,,,,,,,,,,,,,,,,,,,,,,,,,,,,,,,,7972.8,6318.7,8013.4,10084.3,10341.0,11812.0,12114.3,12231.6,12456.1,13461.5,14318.3,14920.9,12882.4,17161.3,22389.1,21733.8,21404.9,23549.8
A,CP_MNAC,P6_S21,EL,,,,,,,,,,,,,,,,,,,,,,,,,,,,,,,,,,23995.7,19677.7,20595.1,21963.7,21016.2,22620.2,24692.9,24988.1,25284.9,27250.0,30673.1,32639.2,24878.7,34528.3,48685.7,48687.4,47777.0,48749.9
A,CP_MNAC,P6_S21,ES,,,,,,,,,,,,,,,,,,,,,,,,,,,,,,,,,,168438.0,147913.0,165979.0,182904.0,179343.0,185618.0,191551.0,201715.0,212229.0,232314.0,240981.0,247785.0,204102.0,254523.0,329109.0,340905.0,353943.0,369400.0
A,CP_MNAC,P6_S21,FI,,,,,,,,,,,,,,,,,,,,,,,,,,,,,,,,,,41535.0,30151.0,32518.0,36077.0,36281.0,37521.0,36043.0,36944.0,38387.0,43765.0,46302.0,50724.0,43406.0,51791.0,65610.0,63868.0,62932.0,64386.0
A,CP_MNAC,P6_S21,FR,,,,,,,,,,,,,,,,,,,,,,,,,,,,,,,,,,306779.9,257513.3,284411.6,313693.3,315710.0,326595.7,330047.6,342196.1,348769.1,362691.3,385034.6,395073.7,340246.8,405263.0,506222.0,507132.9,502434.0,516473.0
A,CP_MNAC,P6_S21,HR,,,,,,,,,,,,,,,,,,,,,,,,,,,,,,,,,,12330.7,10582.6,11509.1,11216.8,11336.4,11954.2,12942.1,14486.1,15477.3,16673.2,17859.7,19138.6,14862.9,20812.8,28568.2,29090.4,29333.0,30652.5
A,CP_MNAC,P6_S21,HU,,,,,,,,,,,,,,,,,,,,,,,,,,,,,,,,,,15722013.0,14378148.0,15925698.0,17877717.0,18240920.0,18579011.0,21275240.0,21833238.0,23159168.0,25276813.0,27351053.0,29402859.0,29030360.0,32964778.0,44489196.0,46090239.0,45258018.0,46995121.0
A,CP_MNAC,P6_S21,IE,,,,,,,,,,,,,,,,,,,,,,,,,,,,,,,,,,70981.9,73322.1,76210.9,75588.9,77962.7,78726.8,86533.6,108625.1,108547.2,111463.2,135497.0,142761.5,164079.8,204605.8,252704.9,242673.6,264843.4,271838.9
A,CP_MNAC,P6_S21,IT,,,,,,,,,,,,,,,,,,,,,,,,,,,,,,,,,,235411.5,184292.8,207128.0,222395.3,218429.8,214395.7,223203.5,232433.9,239694.9,259861.2,275579.5,281129.3,246822.0,302783.9,367757.6,380083.4,373082.2,395237.0
A,CP_MNAC,P6_S21,LT,,,,,,,,,,,,,,,,,,,,,,,,,,,,,,5109.8,6661.0,7797.0,8856.6,10556.5,8425.3,10206.6,13214.1,14485.9,14896.2,15137.3,16136.9,16352.6,19186.7,21495.0,23828.9,23328.9,29302.1,39854.6,38668.8,40908.5,43507.4
A,CP_MNAC,P6_S21,LU,,,,,,,,,,,,,,,,,,,,,11921.7,12845.2,14584.5,16555.6,18879.4,23867.3,24553.7,24945.4,25703.0,29776.9,33149.9,39497.9,43456.1,44313.1,39808.8,43471.5,46903.3,51761.4,55528.0,59493.1,63874.9,67615.2,68820.5,73811.2,79711.2,81835.4,97823.7,107900.8,114071.0,106193.3,109728.3
A,CP_MNAC,P6_S21,LV,,,,,,,,,,,,,,,,,,,,,,,,,,1167.1,1406.4,1599.8,1835.5,2434.6,3494.1,4105.8,5300.8,5890.0,4804.9,5825.0,7227.9,8011.2,8268.7,9086.5,9434.0,9746.4,10498.6,11604.7,12110.7,11947.9,14449.6,18659.6,17546.3,17900.8,18773.7
A,CP_MNAC,P6_S21,ME,,,,,,,,,,,,,,,,,,,,,,,,,,,,,,,,438.4,561.0,502.3,359.8,443.9,515.1,388.9,372.9,391.7,421.0,442.6,488.8,647.9,680.0,401.0,624.9,1079.0,1208.8,1101.1,1054.7
A,CP_MNAC,P6_S21,MT,,,,,,,,,,,,,,,,,,,,,1557.8,1485.4,1529.5,1645.1,1841.4,2231.4,2007.4,2234.2,2155.8,2210.9,2288.8,2879.1,3158.7,3423.3,3063.0,3696.7,4107.6,4530.3,4779.7,5215.0,6650.5,7442.6,8734.4,10243.4,11099.8,11972.2,12399.4,13556.9,15936.9,17271.4,18906.4
A,CP_MNAC,P6_S21,NL,,,,,,,,,,,,,,,,,,,,,128502.0,134057.0,148732.0,156158.0,167630.0,196565.0,200289.0,193490.0,194277.0,216499.0,233758.0,259119.0,277479.0,296412.0,250400.0,279624.0,313346.0,325001.0,331259.0,339531.0,351076.0,353341.0,390561.0,426899.0,436123.0,394212.0,473238.0,601647.0,570047.0,561843.0,581862.0
A,CP_MNAC,P6_S21,PL,,,,,,,,,,,,,,,,,,,,,,,,,,,,,,,,,,349644.0,371376.0,415449.0,469915.0,492596.0,510884.0,553996.0,608166.0,661967.0,731828.0,802713.0,867021.0,887994.0,1105474.0,1445461.0,1421694.0,1366705.0,1399341.0
A,CP_MNAC,P6_S21,PT,,,,,,,,,,,,,,,,,,,,,,,,,,,,,,,,,,36281.2,31202.2,35376.2,39374.5,39235.5,41214.1,42653.1,45397.5,48037.1,52950.9,58021.7,60804.5,51017.9,61493.5,78793.1,82130.7,85835.5,87344.6
A,CP_MNAC,P6_S21,RO,,,,,,,,,,,,,,,,,,,,,,,,,,,,,,,,,74399.8,99448.7,101198.8,121148.7,145555.1,156001.4,179346.6,198932.0,218725.5,240449.2,275238.7,308796.6,332151.2,287579.7,347650.0,424229.0,441069.8,446754.0,481137.6
A,CP_MNAC,P6_S21,RS,,,,,,,,,,,,,,,,,,,,,,,,,,,,,,,,,373445.6,434543.8,422240.6,573579.9,675046.8,798897.8,962255.0,1048761.4,1163669.4,1319450.1,1428826.9,1559142.5,1701022.9,1622903.8,2074419.6,2695045.3,2854499.4,3018126.8,3234720.1
A,CP_MNAC,P6_S21,SE,,,,,,,,,,,,,,,,,,,,,,,,,,,,,,,,,,,,,,,829039.1,877186.4,927536.3,968405.4,1031035.4,1121629.1,1204187.6,1099176.1,1305792.3,1613743.2,1779497.5,1824911.9,1814198.6
A,CP_MNAC,P6_S21,SI,,,,,,,,,,,,,,,,,,,,,,,,,,,,,,,,,,17364.0,15423.1,17451.3,19540.0,19429.6,19879.8,21377.0,22429.3,23451.3,27003.3,29700.1,31017.8,27608.0,33098.2,40832.3,40114.5,40543.4,41466.9
A,CP_MNAC,P6_S21,SK,,,,,,,,,,,,,,,,,,,,,8913.9,9067.6,11053.0,10701.5,11722.5,14889.3,17384.7,18644.2,21805.8,26862.7,30849.8,38172.9,43295.3,44496.1,35570.2,42974.7,49321.8,53615.7,54279.1,54663.8,58127.6,60017.4,64083.8,68805.0,69932.6,64047.1,76055.7,90459.7,90263.9,91085.7,90030.0
A,CP_MNAC,P6_S21,TR,,,,,,,,,,,,,,,,,,,,,,,,,,,,,,,,,,,104074.4,109270.1,143782.6,170335.6,190823.4,232335.1,265668.2,292452.6,380566.8,579833.7,681186.1,600129.2,1058613.3,2329614.6,3464236.6,5014438.1,6551194.6
A,CP_MNAC,P6_S21,UK,,,,,,,,,,,,,,,,,,,,,115470.0,126070.0,129274.0,131147.0,135819.0,148803.0,156410.0,158032.0,159478.0,163110.0,180428.0,219292.0,198614.0,215188.0,197739.0,217734.0,243450.0,234129.0,237575.0,234655.0,225570.0,245620.0,277996.0,298255.0,291200.0,,,,,,
A,CP_MNAC,P6_S2111,AT,,,,,,,,,,,,,,,,,,,,,,,,,,,,,,,,,,83230.1,72040.7,87418.3,96086.1,101521.3,101964.3,102985.0,105286.7,109077.1,120635.7,127909.3,129773.1,115044.5,143441.5,176479.7,161355.2,162183.3,160775.6
A,CP_MNAC,P6_S2111,BA,,,,,,,,,,,,,,,,,,,,,,,,,,,,,,,,,,,,,,,,,7437.4,7733.0,8818.3,9734.9,9678.7,8436.8,11506.7,15024.3,14454.5,14009.3,
A,CP_MNAC,P6_S2111,BE,,,,,,,,,,,,,,,,,,,,,,,,,94669.5,112482.5,114214.0,117008.4,117397.8,127366.5,139525.4,151550.1,162953.8,171213.3,142678.4,158329.0,170911.3,172293.1,171803.1,175547.3,176326.4,184188.6,201524.3,212977.4,220151.4,201944.1,247628.5,280643.1,260774.1,262769.8,267049.0
A,CP_MNAC,P6_S2111,BG,,,,,,,,,,,,,,,,,,,,,,,,,,,,,,,,,,,,,,,,11884.9,12723.2,13694.5,15151.4,16982.6,17831.2,16301.9,20385.6,27441.8,26261.7,26710.0,26216.4
A,CP_MNAC,P6_S2111,CY,,,,,,,,,,,,,,,,,,,,,,,,,,,,,,,,,,2356.7,2173.4,2317.7,2556.8,2384.0,3007.5,2886.0,3282.8,3392.5,4031.9,4322.5,5811.9,6167.1,7600.7,9851.7,9350.4,10382.5,10937.7
A,CP_MNAC,P6_S2111,CZ,,,,,,,,,,,,,,,,,,,,,,,,,,,,,,,,,,1680579.0,1547297.0,1741348.0,1894011.0,1944369.0,1969366.0,2229235.0,2325114.0,2352575.0,2499448.0,2560429.0,2618806.0,2446735.0,2766874.0,3236877.0,3278763.0,3350429.0,3440370.0
A,CP_MNAC,P6_S2111,DE,,,,,,,,,,,,,,,,,,,,,,,,,,,,,,,,,,436394.0,360816.0,400993.0,432783.0,425827.0,422177.0,433904.0,451941.0,466231.0,496259.0,521603.0,539637.0,473866.0,554286.0,655597.0,658788.0,651076.0,676534.0
A,CP_MNAC,P6_S2111,DK,,,,,,,,,,,,,,,,,,,,,,,,,,,,,,,289327.2,315762.1,322815.3,347905.4,283091.3,306037.8,325887.6,319726.1,344678.4,353407.7,364477.4,370002.8,387857.4,398485.5,417718.9,405152.4,469496.6,614459.4,638522.2,642093.3,662914.9
A,CP_MNAC,P6_S2111,EE,,,,,,,,,,,,,,,,,,,,,,,,,,,,,,,,,,4001.3,3393.1,4053.9,4971.2,4997.2,5645.3,7192.6,7992.6,8031.1,9249.4,10117.2,10849.2,9477.1,12942.8,16973.7,16769.7,16648.7,18233.1
A,CP_MNAC,P6_S2111,EL,,,,,,,,,,,,,,,,,,,,,,,,,,,,,,,,,,19047.6,15766.7,16542.0,17675.4,16628.4,17683.7,19412.2,20070.9,20062.8,21677.0,24189.3,25887.2,19632.7,27111.5,36664.8,37597.3,36773.0,36775.4
A,CP_MNAC,P6_S2111,ES,,,,,,,,,,,,,,,,,,,,,,,,,,,,,,,,,,154599.0,136243.0,151974.0,165373.0,162134.0,167068.0,172320.0,180227.0,190063.0,207433.0,215870.0,221123.0,183583.0,228930.0,296282.0,304816.0,315616.0,328330.0
A,CP_MNAC,P6_S2111,FI,,,,,,,,,,,,,,,,,,,,,,,,,,,,,,,,,,27838.0,19584.0,20935.0,22484.0,23353.0,23838.0,22939.0,24038.0,24371.0,28503.0,29251.0,33367.0,28103.0,33360.0,41632.0,41440.0,41363.0,42107.0
A,CP_MNAC,P6_S2111,FR,,,,,,,,,,,,,,,,,,,,,,,,,,,,,,,,,,274132.0,231419.6,254925.6,280858.1,283061.0,291269.6,293841.2,303321.1,310089.9,321171.4,339887.4,349176.6,298227.3,352978.9,436389.5,445500.6,440149.2,451402.8
A,CP_MNAC,P6_S2111,HR,,,,,,,,,,,,,,,,,,,,,,,,,,,,,,,,,,11201.0,9613.7,10416.2,9687.2,9922.4,10401.8,11172.5,12498.9,13249.3,13999.3,15089.9,15965.8,12004.4,16575.6,22334.5,23801.8,23750.4,24985.8
A,CP_MNAC,P6_S2111,HU,,,,,,,,,,,,,,,,,,,,,,,,,,,,,,,,,,12484840.0,11586066.0,12691168.0,14054818.0,14382281.0,14618182.0,16870870.0,17195032.0,18189701.0,19855777.0,21356161.0,22980199.0,22876157.0,25939604.0,35181364.0,36465556.0,35232861.0,36617404.0
A,CP_MNAC,P6_S2111,IE,,,,,,,,,,,,,,,,,,,,,,,,,,,,,,,,,,62208.5,62864.6,64949.4,65362.5,69291.3,69444.4,76714.4,94538.5,93411.1,95405.7,117839.3,123204.4,143106.6,178608.7,222345.9,211600.5,230230.5,234003.5
A,CP_MNAC,P6_S2111,IT,,,,,,,,,,,,,,,,,,,,,,,,,,,,,,,,,,198977.9,156227.3,175130.0,188098.7,185185.1,180564.5,187540.5,194145.5,200865.1,216367.2,230794.1,235222.5,205591.0,251258.0,306545.1,316877.4,309815.6,318569.3
A,CP_MNAC,P6_S2111,LT,,,,,,,,,,,,,,,,,,,,,,,,,,,,,,3901.9,5032.1,5776.9,6607.7,7743.5,6199.3,7431.2,10017.9,11065.6,10900.4,10670.9,11270.8,11314.6,13571.4,15266.7,17437.3,17298.9,21161.7,29377.3,28723.7,30251.0,32020.3
A,CP_MNAC,P6_S2111,LU,,,,,,,,,,,,,,,,,,,,,11290.7,12190.0,13791.5,15559.7,17874.5,22596.0,23206.3,23460.1,24105.5,27962.5,31064.6,36852.1,40319.6,41207.4,37146.2,40375.3,43513.4,47775.3,51133.9,54743.5,58571.9,62046.7,63017.2,67512.8,72883.2,74710.6,89421.7,99062.8,104983.0,98051.1,101315.1
A,CP_MNAC,P6_S2111,LV,,,,,,,,,,,,,,,,,,,,,,,,,,821.5,984.4,1120.3,1254.6,1662.4,2496.2,3192.9,4067.1,4567.1,3740.4,4439.9,5424.5,5934.1,6062.3,6822.4,7084.0,7273.9,7697.4,8491.6,9052.0,8912.5,10978.9,14431.9,13446.2,13663.0,14455.1
A,CP_MNAC,P6_S2111,ME,,,,,,,,,,,,,,,,,,,,,,,,,,,,,,,,318.9,384.3,395.7,259.8,299.1,297.5,228.5,274.7,257.5,301.8,283.6,311.5,399.6,414.3,262.0,439.5,787.3,907.4,793.0,786.2
A,CP_MNAC,P6_S2111,MT,,,,,,,,,,,,,,,,,,,,,1434.7,1366.9,1406.0,1514.1,1695.5,2064.6,1851.3,2060.8,1987.8,2033.2,2097.5,2636.8,2889.1,3114.5,2777.4,3358.3,3732.9,4120.0,4327.3,4702.3,5962.1,6672.0,7806.9,9170.2,9873.6,10840.6,11191.8,12172.6,14424.6,15586.1,17175.4
A,CP_MNAC,P6_S2111,NL,,,,,,,,,,,,,,,,,,,,,119810.0,124889.0,137214.0,143647.0,153044.0,179070.0,183693.0,177193.0,179596.0,194487.0,208527.0,238595.0,240916.0,256408.0,219054.0,247398.0,277382.0,285725.0,285652.0,290862.0,297628.0,297882.0,333129.0,365440.0,372928.0,335124.0,401152.0,516494.0,487558.0,479413.0,495175.0
A,CP_MNAC,P6_S2111,PL,,,,,,,,,,,,,,,,,,,,,,,,,,,,,,,,,,276765.0,298863.0,330093.0,371944.0,387920.0,401272.0,434285.0,474008.0,514495.0,570997.0,627515.0,679309.0,699116.0,874367.0,1126367.0,1141142.0,1088930.0,1110737.0
A,CP_MNAC,P6_S2111,PT,,,,,,,,,,,,,,,,,,,,,,,,,,,,,,,,,,34108.1,29142.5,32896.6,36550.1,36103.5,38133.5,39446.1,42199.6,44564.2,48935.4,53965.3,56502.4,47207.1,56991.3,72881.9,75780.4,79064.1,80188.9
A,CP_MNAC,P6_S2111,RO,,,,,,,,,,,,,,,,,,,,,,,,,,,,,,,,,54915.8,73895.5,76521.9,90263.9,106862.6,113821.5,132863.6,147391.0,161697.7,178174.7,205413.1,228590.3,243757.4,226969.4,269106.6,321299.0,343740.6,347429.1,373867.1
A,CP_MNAC,P6_S2111,RS,,,,,,,,,,,,,,,,,,,,,,,,,,,,,,,,,297349.8,347302.2,341711.3,454871.0,534343.9,629374.2,759717.5,839146.4,923520.3,1029364.2,1071519.4,1136665.9,1240982.0,1147317.8,1450614.5,1893800.6,1952994.9,2130973.4,2315429.8
A,CP_MNAC,P6_S2111,SE,,,,,,,,,,,,,,,,,,,,,,,,,,,,,,,,,,,,,,,657891.5,694088.8,729429.7,761018.6,811057.6,881000.6,942952.7,846627.7,994447.2,1228852.5,1378655.7,1422405.6,1394392.4
A,CP_MNAC,P6_S2111,SI,,,,,,,,,,,,,,,,,,,,,,,,,,,,,,,,,,13017.6,13019.4,14559.6,16279.8,16208.4,16549.7,17796.1,18674.1,19468.2,22531.0,24792.3,25917.3,22858.1,27380.7,33843.2,32999.0,32995.5,33575.6
A,CP_MNAC,P6_S2111,SK,,,,,,,,,,,,,,,,,,,,,4007.1,4488.6,6201.9,6711.1,7698.9,9715.9,11415.2,12500.1,15281.1,18142.6,19876.8,24232.3,27469.4,27183.1,21592.7,25511.3,28480.3,30560.1,31077.1,32242.6,34908.3,36876.8,39241.3,42664.8,43450.8,39839.5,45267.4,52285.5,52431.1,52035.8,51567.3
A,CP_MNAC,P6_S2111,TR,,,,,,,,,,,,,,,,,,,,,,,,,,,,,,,,,,,75977.0,79534.0,104441.3,123519.3,139422.1,167607.8,188656.5,204748.0,272906.1,415992.3,489244.4,480168.5,852693.2,1852732.5,2771980.7,3979782.6,5228551.7
A,CP_MNAC,P6_S2111,UK,,,,,,,,,,,,,,,,,,,,,104302.0,113874.0,116772.0,118618.0,123524.0,135061.0,142081.0,143191.0,144274.0,146950.0,162381.0,195447.0,177650.0,191966.0,176243.0,192636.0,215624.0,208023.0,209674.0,206189.0,198847.0,216201.0,246443.0,263926.0,257535.0,,,,,,
A,CP_MNAC,P6_S2112,AT,,,,,,,,,,,,,,,,,,,,,,,,,,,,,,,,,,28646.7,16888.7,22157.3,23439.9,22888.2,22872.7,23464.8,23937.3,24454.9,26379.2,27610.2,29193.0,24781.1,29149.2,36299.6,36877.1,35505.1,37583.9
A,CP_MNAC,P6_S2112,BA,,,,,,,,,,,,,,,,,,,,,,,,,,,,,,,,,,,,,,,,,908.0,971.9,1164.9,1309.0,1225.7,962.7,1348.9,1740.9,1650.7,1760.2,
A,CP_MNAC,P6_S2112,BE,,,,,,,,,,,,,,,,,,,,,,,,,8849.8,10530.5,10750.3,10963.7,10991.8,11905.2,13008.6,14074.3,15204.0,18086.1,14630.7,16572.0,18731.4,19276.9,20046.2,21339.1,22786.2,24406.2,26617.8,27307.6,30347.2,29465.4,33705.2,40751.6,41931.9,41350.0,43385.1
A,CP_MNAC,P6_S2112,BG,,,,,,,,,,,,,,,,,,,,,,,,,,,,,,,,,,,,,,,,4094.1,4522.4,5059.3,5449.6,5906.8,6314.9,5940.3,7406.8,10217.6,9596.8,9726.9,10085.5
A,CP_MNAC,P6_S2112,CY,,,,,,,,,,,,,,,,,,,,,,,,,,,,,,,,,,1187.0,1011.0,1138.0,1147.0,1037.0,521.0,1058.0,756.0,802.0,848.0,992.0,1097.0,786.0,1606.0,2375.0,2391.0,2647.0,2792.4
A,CP_MNAC,P6_S2112,CZ,,,,,,,,,,,,,,,,,,,,,,,,,,,,,,,,,,357771.0,271632.0,325958.0,373260.0,397094.0,415478.0,503165.0,514798.0,522132.0,554125.0,574739.0,590001.0,545022.0,630627.0,730569.0,755037.0,803216.0,823549.0
A,CP_MNAC,P6_S2112,DE,,,,,,,,,,,,,,,,,,,,,,,,,,,,,,,,,,130101.0,100720.0,118509.0,135760.0,133810.0,136590.0,151233.0,161644.0,168784.0,179803.0,193171.0,200656.0,181977.0,209670.0,245075.0,238000.0,240455.0,253729.0
A,CP_MNAC,P6_S2112,DK,,,,,,,,,,,,,,,,,,,,,,,,,,,,,,,118728.5,139648.7,151368.3,159022.4,129280.7,146129.0,157010.9,160518.4,158873.5,156985.5,161127.4,164247.9,174205.7,178464.4,186095.3,161985.1,192041.4,242221.6,238916.1,239234.9,259614.0
A,CP_MNAC,P6_S2112,EE,,,,,,,,,,,,,,,,,,,,,,,,,,,,,,,,,,3971.5,2925.7,3959.5,5113.1,5343.8,6166.7,4921.7,4239.0,4425.0,4212.1,4201.1,4071.7,3405.2,4218.5,5415.4,4964.1,4756.2,5316.7
A,CP_MNAC,P6_S2112,EL,,,,,,,,,,,,,,,,,,,,,,,,,,,,,,,,,,4948.1,3911.0,4053.1,4288.3,4387.8,4936.5,5280.7,4917.2,5222.1,5573.0,6483.9,6752.0,5245.9,7416.8,12020.9,11090.0,11003.9,11974.4
A,CP_MNAC,P6_S2112,ES,,,,,,,,,,,,,,,,,,,,,,,,,,,,,,,,,,13839.0,11670.0,14005.0,17531.0,17209.0,18550.0,19231.0,21488.0,22166.0,24881.0,25111.0,26662.0,20519.0,25593.0,32827.0,36089.0,38327.0,41070.0
A,CP_MNAC,P6_S2112,FI,,,,,,,,,,,,,,,,,,,,,,,,,,,,,,,,,,13697.0,10567.0,11583.0,13593.0,12928.0,13682.0,13104.0,12906.0,14017.0,15262.0,17051.0,17357.0,15303.0,18431.0,23978.0,22427.0,21569.0,22279.0
A,CP_MNAC,P6_S2112,FR,,,,,,,,,,,,,,,,,,,,,,,,,,,,,,,,,,32647.9,26093.7,29486.0,32835.2,32649.0,35326.1,36206.4,38875.0,38679.2,41519.9,45147.2,45897.1,42019.5,52284.1,69832.5,61632.3,62284.8,65070.2
A,CP_MNAC,P6_S2112,HR,,,,,,,,,,,,,,,,,,,,,,,,,,,,,,,,,,1129.7,968.9,1093.0,1529.5,1414.0,1552.4,1769.5,1987.2,2228.0,2674.0,2769.8,3172.7,2858.5,4237.2,6233.7,5288.6,5582.6,5666.7
A,CP_MNAC,P6_S2112,HU,,,,,,,,,,,,,,,,,,,,,,,,,,,,,,,,,,3237173.0,2792082.0,3234530.0,3822899.0,3858639.0,3960829.0,4404370.0,4638206.0,4969467.0,5421036.0,5994892.0,6422660.0,6154203.0,7025174.0,9307832.0,9624683.0,10025157.0,10377717.0
A,CP_MNAC,P6_S2112,IE,,,,,,,,,,,,,,,,,,,,,,,,,,,,,,,,,,8773.4,10457.6,11261.6,10226.4,8671.4,9282.3,9819.3,14086.6,15136.1,16057.5,17657.6,19557.2,20973.2,25997.0,30359.1,31073.1,34612.9,37835.4
A,CP_MNAC,P6_S2112,IT,,,,,,,,,,,,,,,,,,,,,,,,,,,,,,,,,,36433.6,28065.6,31998.0,34296.6,33244.6,33831.2,35663.0,38288.4,38829.8,43494.1,44785.3,45906.8,41231.0,51525.9,61212.5,63206.1,63266.6,76667.7
A,CP_MNAC,P6_S2112,LT,,,,,,,,,,,,,,,,,,,,,,,,,,,,,,1207.9,1628.9,2020.1,2248.8,2812.9,2226.0,2775.3,3196.2,3420.3,3995.8,4466.4,4866.1,5038.0,5615.3,6228.2,6391.6,6030.0,8140.4,10477.3,9945.1,10657.5,11487.1
A,CP_MNAC,P6_S2112,LU,,,,,,,,,,,,,,,,,,,,,631.0,655.2,792.9,995.9,1004.8,1271.3,1347.4,1485.4,1597.5,1814.4,2085.4,2645.8,3136.5,3105.7,2662.6,3096.2,3389.9,3986.1,4394.1,4749.5,5302.9,5568.6,5803.3,6298.4,6828.0,7124.8,8402.0,8838.1,9088.1,8142.2,8413.2
A,CP_MNAC,P6_S2112,LV,,,,,,,,,,,,,,,,,,,,,,,,,,345.6,422.0,479.6,581.0,772.2,997.9,912.9,1233.7,1322.9,1064.6,1385.1,1803.4,2077.1,2206.4,2264.1,2350.0,2472.5,2801.1,3113.1,3058.7,3035.4,3470.7,4227.7,4100.0,4237.8,4318.6
A,CP_MNAC,P6_S2112,ME,,,,,,,,,,,,,,,,,,,,,,,,,,,,,,,,119.4,176.7,106.6,100.0,144.8,217.6,160.4,98.2,134.1,119.3,159.0,177.2,248.3,265.7,139.1,185.5,291.7,301.5,308.1,268.5
A,CP_MNAC,P6_S2112,MT,,,,,,,,,,,,,,,,,,,,,123.1,118.6,123.5,130.9,145.9,166.8,156.1,173.4,168.0,177.7,191.3,242.3,269.6,308.8,285.6,338.4,374.7,410.3,452.4,512.7,688.4,770.6,927.5,1073.3,1226.2,1131.6,1207.6,1384.3,1512.3,1685.4,1731.0
A,CP_MNAC,P6_S2112,NL,,,,,,,,,,,,,,,,,,,,,8692.0,9168.0,11518.0,12511.0,14586.0,17495.0,16596.0,16297.0,14681.0,22012.0,25231.0,20524.0,36563.0,40004.0,31346.0,32226.0,35964.0,39276.0,45607.0,48669.0,53448.0,55459.0,57432.0,61459.0,63195.0,59088.0,72086.0,85153.0,82489.0,82430.0,86687.0
A,CP_MNAC,P6_S2112,PL,,,,,,,,,,,,,,,,,,,,,,,,,,,,,,,,,,72879.0,72513.0,85356.0,97971.0,104676.0,109612.0,119711.0,134158.0,147472.0,160831.0,175198.0,187712.0,188878.0,231107.0,319094.0,280552.0,277775.0,288604.0
A,CP_MNAC,P6_S2112,PT,,,,,,,,,,,,,,,,,,,,,,,,,,,,,,,,,,2173.1,2059.7,2479.6,2824.3,3132.0,3080.6,3207.1,3197.9,3472.8,4015.5,4056.3,4302.0,3810.8,4502.2,5911.2,6350.3,6771.4,7155.8
A,CP_MNAC,P6_S2112,RO,,,,,,,,,,,,,,,,,,,,,,,,,,,,,,,,,19484.0,25553.2,24676.9,30884.8,38692.5,42179.9,46483.0,51541.0,57027.8,62274.5,69825.6,80206.3,88393.8,60610.3,78543.4,102930.0,97329.2,99324.9,107270.5
A,CP_MNAC,P6_S2112,RS,,,,,,,,,,,,,,,,,,,,,,,,,,,,,,,,,76095.8,87241.6,80529.3,118708.9,140702.9,169523.6,202537.5,209615.0,240149.1,290085.9,357307.5,422476.6,460041.0,475586.0,623805.1,801244.7,901504.5,887153.4,919290.3
A,CP_MNAC,P6_S2112,SE,,,,,,,,,,,,,,,,,,,,,,,,,,,,,,,,,,,,,,,171147.6,183097.6,198106.6,207386.8,219977.8,240628.5,261234.9,252548.4,311345.1,384890.7,400841.8,402506.4,419806.2
A,CP_MNAC,P6_S2112,SI,,,,,,,,,,,,,,,,,,,,,,,,,,,,,,,,,,4346.4,2403.8,2891.7,3260.2,3221.3,3330.1,3580.9,3755.2,3983.1,4472.3,4907.8,5100.5,4749.9,5717.6,6989.1,7115.5,7547.9,7891.3
A,CP_MNAC,P6_S2112,SK,,,,,,,,,,,,,,,,,,,,,4906.7,4578.9,4851.1,3990.4,4023.6,5173.4,5969.6,6144.1,6524.8,8720.1,10973.1,13940.6,15825.9,17312.9,13977.6,17463.4,20841.6,23055.6,23202.1,22421.2,23219.2,23140.6,24842.5,26140.2,26481.9,24207.6,30788.3,38174.2,37832.9,39049.9,38462.7
A,CP_MNAC,P6_S2112,TR,,,,,,,,,,,,,,,,,,,,,,,,,,,,,,,,,,,28097.5,29736.0,39341.3,46816.3,51401.3,64727.3,77011.7,87704.6,107660.7,163841.4,191941.7,119960.7,205920.1,476882.1,692256.0,1034655.5,1322642.8
A,CP_MNAC,P6_S2112,UK,,,,,,,,,,,,,,,,,,,,,11168.0,12196.0,12502.0,12529.0,12295.0,13742.0,14329.0,14841.0,15204.0,16160.0,18047.0,23845.0,20964.0,23222.0,21496.0,25098.0,27826.0,26106.0,27901.0,28466.0,26723.0,29419.0,31553.0,34329.0,33665.0,,,,,,
A,CP_MNAC,P6_S212,BE,,,,,,,,,,,,,,,,,,,,,1255.7,1257.7,1277.6,1196.9,1069.5,1184.4,1381.3,1638.0,1165.7,1544.3,1753.7,2153.9,2462.5,2414.6,2490.1,2371.7,2553.3,2741.3,2886.3,2763.4,3019.5,3496.5,3685.6,3902.5,4329.5,4161.0,3417.0,3788.7,3612.3,4129.1,
A,CP_MNAC,P6_S212,CY,,,,,,,,,,,,,,,,,,,,,,,,,,,,,,,,,,23.3,24.1,23.8,19.1,19.5,26.5,21.0,21.9,19.5,27.3,39.0,30.7,31.8,16.7,23.9,38.3,39.5,42.1
A,CP_MNAC,P6_S212,EE,,,,,,,,,,,,,,,,,,,,,,,,,,,,,,,,,,8.8,5.1,5.8,8.5,7.6,7.9,0.4,5.6,6.6,10.6,16.1,5.8,13.0,21.0,20.3,17.9,17.8,20.4
A,CP_MNAC,P6_S212,IE,,,,,,,,,,,,,,,,,,,,,4.9,5.5,6.5,8.2,9.7,12.4,17.1,14.0,12.3,16.4,22.2,23.3,25.8,23.8,20.7,21.4,22.7,22.5,24.4,27.1,33.2,31.2,37.7,31.7,33.8,26.1,51.3,64.5,0.2,58.0,0.2
A,CP_MNAC,P6_S212,IT,,,,,,,,,,,,,,,,,,,,,,,,,,,,,,,,,,731.0,615.0,713.0,632.0,567.0,514.0,498.0,614.0,561.0,490.7,484.7,479.3,410.0,582.3,986.9,836.6,896.1,936.9
A,CP_MNAC,P6_S212,LT,,,,,,,,,,,,,,,,,,,,,,,,,,,,,,4.8,11.4,13.1,15.6,21.4,14.9,13.1,15.1,17.0,18.6,22.7,30.1,23.2,20.9,23.7,26.6,25.7,31.2,51.0,46.8,36.2,43.5
A,CP_MNAC,P6_S212,LU,,,,,,,,,,,,,,,,,,,,,319.8,384.1,390.8,394.4,311.8,354.0,375.7,388.1,431.3,452.3,450.1,519.0,667.9,674.3,666.8,621.6,636.4,655.6,615.4,671.1,702.1,787.2,816.0,901.4,926.5,1094.6,1297.1,1405.6,1422.7,1208.7,1248.9
A,CP_MNAC,P6_S212,LV,,,,,,,,,,,,,,,,,,,,,,,,,,0.2,1.0,0.3,0.3,3.7,7.4,8.0,10.5,10.0,5.8,6.6,8.1,8.5,7.4,10.3,11.4,12.1,10.6,11.6,10.5,9.7,18.0,23.2,15.0,16.7,19.8
A,CP_MNAC,P6_S212,ME,,,,,,,,,,,,,,,,,,,,,,,,,,,,,,,,0.0,0.0,0.0,0.0,0.0,0.0,0.0,0.0,0.0,0.0,0.0,0.0,0.0,0.0,0.0,0.2,0.0,0.0,0.0,0.0
A,CP_MNAC,P6_S212,NL,,,,,,,,,,,,,,,,,,,,,82.0,88.0,102.0,109.0,122.0,136.0,142.0,147.0,148.0,154.0,163.0,173.0,185.0,200.0,194.0,206.0,223.0,235.0,251.0,283.0,335.0,320.0,352.0,394.0,425.0,403.0,421.0,506.0,537.0,573.0,587.0
A,CP_MNAC,P6_S212,RO,,,,,,,,,,,,,,,,,,,,,,,,,,,,,,,,,0.2,0.0,0.0,0.8,0.0,0.0,6.6,5.6,2.1,1.1,5.8,9.2,13.6,9.2,8.6,22.7,18.0,22.2,21.4
A,CP_MNAC,P6_S212,SE,,,,,,,,,,,,,,,,,,,789.7,836.8,873.3,888.3,1031.8,1148.1,1085.9,1218.2,993.0,879.0,1374.0,1456.3,2395.1,1974.2,2874.4,2706.2,2521.9,3345.0,2653.5,2627.5,2939.0,3162.7,3582.6,1347.5,3082.7,2958.6,3230.8,2709.7,4804.4,5664.8,4401.1,4864.1,4221.4
A,CP_MNAC,P6_S212,SI,,,,,,,,,,,,,,,,,,,,,,,,,,,,,,,,,,0.9,0.7,0.7,0.4,1.2,0.5,0.4,0.4,1.3,1.6,3.6,4.7,7.4,0.1,0.5,1.9,4.1,7.9
A,CP_MNAC,P6_S212,UK,,,,,,,,,,,,,,,,,,,,,159.0,172.0,139.0,146.0,160.0,180.0,421.0,439.0,412.0,448.0,508.0,460.0,69.0,56.0,7.0,65.0,127.0,143.0,11.0,35.0,34.0,49.0,137.0,49.0,24.0,,,,,,
A,CP_MNAC,P6_S22,AT,,,,,,,,,,,,,,,,,,,,,,,,,,,,,,,,,,44548.1,41287.8,42107.5,47784.2,47579.3,48252.6,51336.7,53434.9,53773.7,52521.9,57950.7,62217.4,56658.4,54711.9,63264.1,81239.3,77411.1,82159.2
A,CP_MNAC,P6_S22,BA,,,,,,,,,,,,,,,,,,,,,,,,,,,,,,,,,,,,,,,,,1813.0,2162.9,2841.1,3206.4,3423.9,2613.4,3907.5,5271.5,5825.6,6109.1,
A,CP_MNAC,P6_S22,BE,,,,,,,,,,,,,,,,,,,,,42686.3,44246.8,48971.5,50417.5,52921.9,62981.4,64331.1,65578.5,65741.2,71192.1,77770.6,84108.1,90902.0,95192.6,81223.4,100539.5,114381.4,118967.9,119548.0,124636.4,124499.0,132542.7,141856.4,143312.8,147284.5,135866.7,172212.9,208600.9,195719.4,187588.7,172345.9
A,CP_MNAC,P6_S22,BG,,,,,,,,,,,,,,,,,,,,,,,,,,,,,,,,,,,,,,,,11793.4,11966.7,12379.4,14569.7,14024.9,15202.2,12690.8,16333.6,22577.7,22751.7,22620.4,22564.0
A,CP_MNAC,P6_S22,CY,,,,,,,,,,,,,,,,,,,,,,,,,,,,,,,,,,5976.6,5914.7,6340.0,6911.2,7355.7,7529.7,7586.2,8525.2,9207.2,10118.1,10934.7,10819.3,10866.9,14099.8,18802.0,19526.7,20704.6,21798.2
A,CP_MNAC,P6_S22,CZ,,,,,,,,,,,,,,,,,,,,,,,,,,,,,,,,,,506697.0,488236.0,549741.0,609742.0,751643.0,766111.0,829141.0,882123.0,908103.0,969971.0,1005052.0,1038531.0,957568.0,1052623.0,1137326.0,1205642.0,1395084.0,1464206.0
A,CP_MNAC,P6_S22,DE,,,,,,,,,,,,,,,,,,,,,,,,,,,,,,,,,,493786.0,422689.0,513404.0,575370.0,635252.0,635990.0,659198.0,701039.0,695328.0,730609.0,744582.0,757400.0,694072.0,801769.0,919623.0,916134.0,902137.0,877135.0
A,CP_MNAC,P6_S22,DK,,,,,,,,,,,,,,,,,,,,,,,,,,,,,,,345246.0,398742.8,421748.8,469795.1,400487.8,464991.3,516854.3,562401.7,559472.6,575451.4,607540.8,595189.4,649786.1,701496.0,754193.6,713346.6,850179.8,1146589.9,1054997.5,1196813.9,1224996.2
A,CP_MNAC,P6_S22,EE,,,,,,,,,,,,,,,,,,,,,,,,,,,,,,,,,,3060.3,2282.5,3049.7,4358.9,5104.6,4180.5,4298.3,3743.9,4291.4,4606.8,4955.5,5584.4,6105.0,7880.6,9348.8,8095.4,8747.7,9065.2
A,CP_MNAC,P6_S22,EL,,,,,,,,,,,,,,,,,,,,,,,,,,,,,,,,,,30399.7,24210.7,27988.5,29530.9,32831.0,31396.7,32557.0,31454.8,29106.9,34441.1,39100.2,40619.1,27813.2,39782.2,53228.0,49812.5,51916.5,49254.9
A,CP_MNAC,P6_S22,ES,,,,,,,,,,,,,,,,,,,,,,,,,,,,,,,,,,115764.0,98718.0,112224.0,131167.0,144911.0,150339.0,153581.0,160279.0,164830.0,176029.0,181798.0,186946.0,140094.0,162537.0,216719.0,225498.0,236850.0,248730.0
A,CP_MNAC,P6_S22,FI,,,,,,,,,,,,,,,,,,,,,,,,,,,,,,,,,,45690.0,35425.0,39755.0,40944.0,41736.0,40317.0,39724.0,38266.0,37833.0,41997.0,44487.0,46158.0,42200.0,47520.0,57570.0,52892.0,52718.0,54370.0
A,CP_MNAC,P6_S22,FR,,,,,,,,,,,,,,,,,,,,,,,,,,,,,,,,,,274281.3,243500.5,271026.0,295439.5,318203.6,322047.2,332049.0,355505.0,354214.0,377792.7,390303.3,404868.0,321788.5,379473.3,465566.9,466787.5,487112.9,478327.6
A,CP_MNAC,P6_S22,HR,,,,,,,,,,,,,,,,,,,,,,,,,,,,,,,,,,4417.4,3759.3,4284.9,5974.6,5999.6,5831.3,6089.6,6396.6,6698.0,7654.0,7784.5,8584.2,6084.4,8234.5,11669.7,12536.0,13740.8,13949.7
A,CP_MNAC,P6_S22,HU,,,,,,,,,,,,,,,,,,,,,,,,,,,,,,,,,,5847747.0,5301442.0,6360166.0,6680494.0,6654922.0,7332319.0,7292967.0,8755642.0,8109525.0,8452233.0,8971567.0,9460440.0,9082615.0,11156585.0,14740969.0,15127994.0,16838364.0,16226441.0
A,CP_MNAC,P6_S22,IE,,,,,,,,,,,,,,,,,,,,,,,,,,,,,,,,,,86959.9,85274.0,96608.8,101705.3,105409.1,122009.0,144345.5,236323.4,247898.9,284775.6,286669.7,334571.4,369622.4,407063.1,473728.3,473719.5,545493.7,622743.7
A,CP_MNAC,P6_S22,IT,,,,,,,,,,,,,,,,,,,,,,,,,,,,,,,,,,204164.3,168601.2,196042.0,217849.6,238539.9,242434.1,245022.0,252313.6,251282.5,265927.0,272205.9,277227.1,232903.2,271555.2,333548.7,334079.8,338946.2,332464.8
A,CP_MNAC,P6_S22,LT,,,,,,,,,,,,,,,,,,,,,,,,,,,,,,3776.2,4905.2,5922.4,6125.2,8262.7,5504.4,7718.9,9610.1,11649.8,12668.9,11300.2,9549.1,9932.7,11930.0,12749.4,13996.1,13080.1,15831.9,18683.1,17762.7,17501.9,17371.3
A,CP_MNAC,P6_S22,LU,,,,,,,,,,,,,,,,,,,,,4000.3,4471.9,5579.0,6597.2,7819.7,10070.4,10358.9,9160.1,9139.4,10741.0,13429.6,17827.5,20375.8,20300.3,17957.0,25521.9,28220.2,27897.0,31066.5,35172.5,39989.3,39797.6,43298.4,44901.1,49225.9,50024.9,59662.7,62679.1,64431.4,58870.4,60830.1
A,CP_MNAC,P6_S22,LV,,,,,,,,,,,,,,,,,,,,,,,,,,1359.5,1432.7,1471.8,1614.8,1883.4,2376.6,2730.4,3386.0,3739.0,3215.8,3808.3,4586.9,5460.0,5470.6,5401.9,5428.9,5424.9,6188.8,6376.8,6379.5,6363.9,7119.6,9309.8,8562.0,8467.7,8149.1
A,CP_MNAC,P6_S22,ME,,,,,,,,,,,,,,,,,,,,,,,,,,,,,,,,441.7,595.4,724.1,668.0,701.8,859.1,949.1,1017.2,996.5,1123.6,1162.8,1276.1,1351.6,1491.1,687.1,1498.0,1973.1,2271.1,2243.2,2218.7
A,CP_MNAC,P6_S22,MT,,,,,,,,,,,,,,,,,,,,,1045.0,989.6,1016.6,1087.7,1225.6,1487.7,1340.8,1479.0,1436.8,1469.4,1527.0,1919.2,2091.0,2281.4,2032.1,2453.3,2745.2,3008.9,3160.2,3458.7,4463.5,4852.2,5885.5,6629.0,7072.9,6692.3,7415.8,9517.4,9120.2,10141.3,10367.4
A,CP_MNAC,P6_S22,NL,,,,,,,,,,,,,,,,,,,,,61900.0,65520.0,75895.0,79471.0,85699.0,103884.0,105763.0,108778.0,110747.0,116244.0,129012.0,141199.0,150430.0,156929.0,137798.0,165909.0,179813.0,198791.0,203665.0,212751.0,236174.0,229349.0,249019.0,258473.0,271842.0,269095.0,297507.0,356829.0,348673.0,363404.0,369599.0
A,CP_MNAC,P6_S22,PL,,,,,,,,,,,,,,,,,,,,,,,,,,,,,,,,,,136441.0,137668.0,159657.0,191914.0,221562.0,238678.0,236463.0,245254.0,269267.0,300387.0,319027.0,350404.0,350971.0,412602.0,487997.0,555110.0,539649.0,545739.0
A,CP_MNAC,P6_S22,PT,,,,,,,,,,,,,,,,,,,,,,,,,,,,,,,,,,19708.2,16675.5,18631.5,21299.2,24343.2,26311.9,26942.1,27593.2,27177.1,31006.0,31516.3,32827.1,23878.9,28456.2,41920.9,45355.4,46942.7,46583.3
A,CP_MNAC,P6_S22,RO,,,,,,,,,,,,,,,,,,,,,,,,,,,,,,,,,30792.0,41746.9,36959.1,49857.5,61366.6,65824.2,74856.8,78507.8,75907.6,78576.4,85288.7,89427.3,95330.2,105664.1,134991.7,178252.5,183213.4,179568.5,195987.1
A,CP_MNAC,P6_S22,RS,,,,,,,,,,,,,,,,,,,,,,,,,,,,,,,,,315301.3,392838.9,382022.1,475078.5,517257.6,567029.2,680270.5,702057.1,785897.5,863297.6,955645.2,1014535.2,1074691.1,1034661.5,1367497.7,1836106.3,2001929.3,2205357.4,2409868.8
A,CP_MNAC,P6_S22,SE,,,,,,,,,,,,,,,,,,,,,,,,,,,,,,,,,,,,,,,797065.9,845372.6,921867.7,917755.6,978251.6,1073349.9,1220570.4,1120885.9,1266789.7,1545271.8,1611288.5,1658325.1,1682941.4
A,CP_MNAC,P6_S22,SI,,,,,,,,,,,,,,,,,,,,,,,,,,,,,,,,,,7785.7,5345.1,5924.3,6495.6,6997.8,7136.3,7192.1,7466.7,7933.6,8751.8,9201.5,9605.6,8975.2,10452.9,12816.4,13327.7,14009.5,13963.1
A,CP_MNAC,P6_S22,SK,,,,,,,,,,,,,,,,,,,,,1764.7,1811.1,2101.6,1487.6,1555.2,1972.2,2259.8,2637.7,4064.7,5033.5,5665.6,7627.9,9383.0,10489.4,8048.8,10000.6,11300.4,13409.3,15048.2,14579.2,14768.8,15328.9,15738.5,16891.0,16903.6,15463.6,16423.0,18474.7,22766.0,20220.3,26340.6
A,CP_MNAC,P6_S22,TR,,,,,,,,,,,,,,,,,,,,,,,,,,,,,,,,,,,136713.9,144638.1,188367.4,226633.2,256181.8,300110.6,329456.5,329071.5,455833.2,627880.4,772805.9,877598.6,1547203.6,3515853.0,5181624.4,7277467.7,9109356.8
A,CP_MNAC,P6_S22,UK,,,,,,,,,,,,,,,,,,,,,101790.0,111181.0,114032.0,109687.0,113047.0,127331.0,130391.0,129688.0,141067.0,150371.0,168677.0,181870.0,193495.0,214651.0,211012.0,235969.0,266440.0,279188.0,294215.0,290669.0,297796.0,317628.0,344872.0,363346.0,398074.0,,,,,,
A,CP_MNAC,P7,AL,,,,,,,,,,,,,,,,,,,,,75049.9,111258.3,116720.2,141125.2,151572.8,217213.6,254440.1,290469.7,312933.2,330688.4,384867.2,428141.8,530598.3,563565.3,570299.7,602020.6,676025.7,634054.3,633949.8,658512.0,638748.8,674866.0,722979.9,740394.8,760932.3,612382.1,829872.7,1021147.9,1038713.3,1086936.9,
A,CP_MNAC,P7,AT,,,,,,,,,,,,,,,,,,,,,61324.7,65412.4,71412.3,75742.9,79304.2,89745.1,94647.4,94387.1,96957.9,106451.8,115385.8,126538.1,136799.0,143428.7,120560.3,141323.4,158653.7,163092.0,164114.7,167171.4,170089.3,173956.4,188165.3,201871.5,207000.1,183637.0,223748.2,279301.2,270772.0,262595.1,268292.9
A,CP_MNAC,P7,BA,,,,,,,,,,,,,,,,,,,,,,,,,,7502.4,8109.8,8333.7,8834.1,9483.1,10597.1,10745.0,12728.3,15136.7,12086.3,13005.3,14637.1,14630.8,14510.9,15475.0,15383.6,15839.3,17911.8,19159.3,19494.2,16644.8,21105.8,28236.7,27806.2,29057.1,
A,CP_MNAC,P7,BE,,,,,,,,,,,,,,,,,,,,,118430.0,124330.2,136483.1,140818.3,146855.2,178650.1,179654.9,178310.0,179065.6,195937.0,217789.7,236588.4,254850.6,282125.5,231390.9,270013.6,304867.9,311644.9,310413.9,320626.1,320757.7,340372.4,370066.2,389624.4,395532.7,360581.4,444089.5,543109.7,500597.3,494100.8,495706.7
A,CP_MNAC,P7,BG,,,,,,,,,,,,,,,,,,,,,149.5,417.4,3589.6,4749.1,6059.6,5971.6,7002.7,7250.2,8354.2,10976.9,13746.9,17561.2,23107.2,26895.8,18885.8,20401.6,24319.2,26884.5,27388.1,28265.7,28829.4,28736.3,32888.7,35418.6,37304.0,33370.3,42353.0,59278.1,54724.9,56423.8,60069.4
A,CP_MNAC,P7,CH,,,,,,,,,,,,,,,,,,,,,152205.0,160069.8,181593.7,187765.9,194684.1,221707.8,224168.4,210879.1,210222.7,224734.1,255303.1,278720.6,309231.9,333434.9,315569.0,348852.3,380031.7,382407.2,408132.1,370059.0,360989.9,390355.8,398759.8,411126.7,416204.8,410884.2,446078.3,502240.5,495662.7,505134.6,599554.1
A,CP_MNAC,P7,CY,,,,,,,,,,,,,,,,,,,,,5192.6,5636.8,5909.8,5998.7,6255.7,7155.0,7265.7,7273.0,7224.5,7900.1,8333.8,9019.3,10159.5,11946.4,10097.6,11397.8,11351.5,11125.2,10757.4,11345.1,12069.1,13031.7,15067.1,15944.2,17491.5,18127.4,22102.7,29967.8,30606.6,32469.3,34044.8
A,CP_MNAC,P7,CZ,,,,,,,,,,,,,,,,,,,,,690823.0,785927.0,874945.0,913639.0,974165.0,1192079.0,1293585.0,1246746.0,1362188.0,1737631.0,1954431.0,2194547.0,2457683.0,2457689.0,2153199.0,2494981.0,2723420.0,2898330.0,2915049.0,3286299.0,3442613.0,3411366.0,3628980.0,3807411.0,3888406.0,3556408.0,4215351.0,5047854.0,4863076.0,5045058.0,5227508.0
A,CP_MNAC,P7,DE,,,,,,,,,,,,,,,,,383091.0,386341.0,349190.0,376611.0,401353.0,416982.0,465807.0,495371.0,529475.0,628568.0,636679.0,603467.0,619510.0,664323.0,720969.0,819800.0,870635.0,910502.0,765265.0,899385.0,1010571.0,1025826.0,1029231.0,1049181.0,1085745.0,1098208.0,1174984.0,1257828.0,1299349.0,1166817.0,1377184.0,1721715.0,1645332.0,1630146.0,1702054.0
A,CP_MNAC,P7,DK,,,,,,,,,,,,,,,,,,,,,330665.4,341681.7,382871.4,404570.7,414031.8,506040.1,526859.2,547925.5,532220.1,576487.0,668209.4,787774.1,848043.0,913898.0,733250.2,793993.0,885988.1,932867.1,942458.7,958000.0,1001217.2,1002610.7,1070046.3,1162841.8,1219565.2,1149256.0,1356142.0,1733886.8,1681427.7,1778459.3,1810257.7
A,CP_MNAC,P7,EA,,,,,,,,,,,,,,,,,,,,,1448731.7,1511136.1,1655866.6,1777215.3,1915277.3,2300911.9,2403283.2,2361334.0,2390171.2,2588807.5,2830284.6,3168000.8,3434706.9,3588508.0,3028962.6,3495251.0,3859545.0,3904348.8,3913024.9,4047510.0,4309895.5,4381649.1,4744594.3,5042218.2,5304164.5,4748548.8,5589310.9,7105823.7,6852530.9,6821097.6,7062570.5
A,CP_MNAC,P7,EA12,,,,,,,,,,,,,,,,,,,,,1471185.2,1536403.6,1684120.0,1809656.4,1953985.2,2349291.3,2403283.2,2361334.0,2390171.2,2588807.5,2830284.6,3168000.8,3410426.2,3544733.9,2949471.5,3401159.1,3741927.2,3782070.3,3788411.8,3905602.4,4133240.5,4198898.3,4542747.2,4822061.6,5074269.6,4534359.1,5326101.3,6765257.1,6486617.4,6445459.1,6667525.3
A,CP_MNAC,P7,EA19,,,,,,,,,,,,,,,,,,,,,1501355.1,1571705.7,1725467.7,1852468.8,1995397.9,2398600.9,2458007.1,2419935.1,2453092.0,2664178.5,2919451.9,3277415.0,3540786.1,3689881.8,3059628.8,3533782.4,3896132.8,3945038.4,3954842.1,4073244.6,4309895.5,4381649.1,4744594.3,5042218.2,5304164.5,4748548.8,5589310.9,7105823.7,6809207.5,6774046.3,7013280.4
A,CP_MNAC,P7,EA20,,,,,,,,,,,,,,,,,,,,,1507574.3,1578752.6,1734797.0,1860690.9,2003414.0,2407938.2,2468979.9,2432955.0,2467327.6,2679417.7,2936060.7,3296089.2,3561130.2,3712268.3,3076872.9,3550862.2,3914313.8,3963121.7,3973411.2,4092196.5,4330465.5,4403304.1,4768857.1,5068721.9,5332552.0,4773029.1,5619990.2,7150377.5,6852530.9,6821097.6,7062570.5
A,CP_MNAC,P7,EA21,,,,,,,,,,,,,,,,,,,,,1510902.4,1582420.8,1738509.6,1865408.0,2009473.6,2413934.7,2476010.1,2440229.9,2475711.0,2690408.8,2949807.8,3313650.4,3584237.4,3739164.1,3095758.8,3571263.8,3938633.0,3990006.3,4000799.3,4120462.3,4359294.8,4432040.4,4801745.8,5104140.5,5369856.0,4806399.5,5662343.1,7209655.6,6907255.7,6877521.4,7122639.9
A,CP_MNAC,P7,EE,,,,,,,,,,,,,,,,,,,,,2094.3,2638.5,3689.0,4243.8,4014.6,4003.4,4555.9,5113.0,5737.6,6736.6,7997.4,9956.4,11708.8,11682.0,7899.8,10116.7,13473.3,15148.9,15550.5,15755.7,15227.2,16035.8,17101.5,18661.5,19455.8,19289.2,25431.9,32038.2,29462.3,30032.5,32213.5
A,CP_MNAC,P7,EL,,,,,,,,,,,,,,,,,,,,,19965.2,22657.0,25650.3,31487.2,37005.1,47794.5,49683.7,47146.7,50524.1,55190.6,57191.3,64996.4,75153.1,81935.2,64785.7,65274.3,63047.5,62143.1,58114.2,59720.9,58019.3,56657.6,64039.2,73342.9,75979.5,65077.9,88138.5,121907.9,109270.0,112839.8,109250.4
A,CP_MNAC,P7,ES,,,,,,,,,,,,,,,,,,,,,105696.0,113556.0,132395.0,147670.0,168496.0,204196.0,211248.0,213961.0,223308.0,250202.0,276196.0,310542.0,341622.0,336848.0,255922.0,289381.0,311239.0,303064.0,296550.0,313554.0,329214.0,332529.0,365832.0,389560.0,397309.0,327078.0,404834.0,533753.0,508954.0,524445.0,553611.0
A,CP_MNAC,P7,EU27_2020,,,,,,,,,,,,,,,,,,,,,1685198.8,1776333.9,1960465.1,2110136.8,2266138.7,2734327.2,2805716.1,2782166.4,2825092.8,3085124.0,3403109.3,3849533.7,4198353.9,4415400.3,3624502.6,4204495.0,4644725.8,4714451.9,4724342.0,4880957.1,5155493.6,5245275.6,5697264.7,6069851.2,6374942.2,5733382.9,6791300.4,8640684.6,8302203.0,8307027.0,8615654.3
A,CP_MNAC,P7,FI,,,,,,10812.0,11538.0,12285.0,13712.0,14495.0,15912.0,15257.0,16577.0,18607.0,21345.0,21553.0,19308.0,20939.0,22956.0,25766.0,27898.0,30015.0,33734.0,35574.0,36343.0,44840.0,44130.0,44790.0,46640.0,51350.0,59791.0,67273.0,73017.0,80201.0,61871.0,69705.0,78565.0,81144.0,79842.0,77858.0,76048.0,78497.0,84877.0,92749.0,95278.0,85029.0,99176.0,128484.0,116698.0,114669.0,115228.0
A,CP_MNAC,P7,FR,43239.5,56576.2,64045.3,68477.4,82538.6,103995.4,122620.8,143412.9,151409.6,171342.7,183408.7,170589.5,181569.8,200131.2,229529.8,235913.1,244064.4,241314.8,225938.5,246331.5,263905.0,274203.0,298856.7,325387.0,341304.6,412997.4,420197.7,416708.0,413071.9,444578.0,487369.7,534264.8,567682.0,596616.5,509477.6,574092.5,640641.1,653702.2,662142.4,677509.6,700292.1,710712.7,758179.9,798097.7,815748.0,702012.7,815144.1,1044267.2,1022356.9,999144.0,1006917.5
A,CP_MNAC,P7,HR,,,,,,,,,,,,,,,,,,,,,5578.8,6363.0,8614.7,7792.0,8059.5,9469.2,10896.4,12809.9,14300.3,15162.7,16314.0,18154.2,19812.5,21463.7,16798.9,16523.6,17950.5,18052.6,18677.8,19203.2,20786.2,21651.5,24034.8,26094.6,27948.5,24493.0,30654.5,44556.2,43323.4,47051.4,49290.1
A,CP_MNAC,P7,HU,,,,,,,,,,,,,,,,,,,,,2287520.0,2949032.0,4147438.0,5693549.0,6796292.0,9402300.0,10189418.0,10499808.0,11550009.0,13507629.0,14781169.0,18344841.0,20012806.0,21582106.0,18779679.0,21005532.0,22953551.0,23160829.0,23996196.0,26698403.0,27937375.0,28272606.0,31188161.0,34540086.0,37805806.0,37308203.0,44323969.0,62758303.0,58092048.0,58454307.0,59320563.0
A,CP_MNAC,P7,IE,,,,,,,,,,,,,,,,,,,,,34269.7,38471.1,45210.9,59075.1,68118.4,87409.3,97202.9,99645.5,95630.7,103306.5,116912.0,131266.7,142993.7,141784.7,135675.6,145099.1,145237.6,152838.0,164610.6,192740.3,264156.4,304989.2,323191.6,323355.9,459886.1,454137.1,424384.6,511602.9,541117.4,575092.8,637995.1
A,CP_MNAC,P7,IS,,,,,,,,,,,,,,,,,,,,,145391.3,174354.3,188236.6,229988.6,240221.2,276793.5,303211.2,289697.0,311915.8,368972.9,446778.8,577687.2,580173.0,673804.3,661533.4,703597.8,824238.7,901866.9,890620.3,935366.7,1016997.6,1025765.0,1089369.3,1226840.9,1197136.5,1029956.5,1294860.7,1827087.1,1891976.3,2001857.4,2099881.4
A,CP_MNAC,P7,IT,,,,,,,,,,,,,,,,,,,,,207650.3,200535.8,223263.7,239499.0,251717.6,307620.3,318024.1,319342.4,318640.7,340140.4,368926.7,419143.0,447317.3,451554.1,362195.2,432694.4,462557.0,439238.4,419205.2,422580.2,437301.9,437012.7,478743.1,505972.3,500526.0,421070.6,536729.2,737635.7,680824.3,666280.6,684103.1
A,CP_MNAC,P7,LT,,,,,,,,,,,,,,,,,,,,,3720.1,4987.6,6463.4,6589.5,5399.8,5979.4,7027.4,8059.9,8660.3,10172.5,13081.8,16187.4,18783.7,22609.8,14403.2,18486.9,23665.2,25931.8,27056.9,25734.6,26055.4,26002.5,30146.9,33391.2,35233.8,31848.6,42610.0,59948.9,53550.8,54096.0,57820.1
A,CP_MNAC,P7,LU,,,,,,,,,,,,,,,,,,,,,12963.5,14057.5,16632.3,19739.8,22599.7,28679.1,29745.9,28594.5,29408.6,34248.0,39441.9,47209.1,51911.3,52300.0,45145.6,55531.5,61709.5,65404.3,70769.8,78021.7,86246.8,88437.1,93678.8,99106.7,109900.8,110386.9,132850.1,145688.5,152067.3,137660.0,142665.8
A,CP_MNAC,P7,LV,,,,,,,,,,,,,,,,,,,,,1595.5,2314.1,2630.0,3086.5,2812.4,3073.7,3613.5,3923.0,4648.5,6017.0,7823.8,10386.7,13012.0,12734.6,8397.7,10011.0,12986.9,14642.2,14732.9,15148.9,15145.1,15042.4,16800.3,18120.8,18554.7,17892.3,22593.9,29734.0,27557.8,27011.9,28892.7
A,CP_MNAC,P7,ME,,,,,,,,,,,,,,,,,,,,,,,,,,,,,,,,1680.0,2305.7,2880.5,1948.8,1939.5,2082.4,2109.4,2065.5,2074.2,2219.5,2494.0,2773.1,3112.1,3217.9,2553.6,3081.9,4405.4,4777.0,5060.5,5369.1
A,CP_MNAC,P7,MK,,,,,,,,,,,,,,,,,,,,,,,,,,117394.3,106710.5,116962.9,116648.0,140859.5,157410.6,183359.1,231103.4,283558.7,225436.0,254031.1,306676.9,311947.4,308465.9,342301.5,363099.3,389719.9,426440.9,481384.1,527604.0,471640.3,592875.3,761911.6,725910.9,719648.8,766142.9
A,CP_MNAC,P7,MT,,,,,,,,,,,,,,,,,,,,,2798.7,2791.8,2753.7,2965.9,3243.6,4092.5,3536.4,3600.3,3766.9,3959.4,4283.7,5017.6,5430.2,5879.6,5188.8,6080.3,6652.1,7360.9,7297.1,7549.9,10064.4,10885.3,12087.1,14328.2,15842.0,16144.3,16896.6,20913.1,21214.6,22962.9,24553.8
A,CP_MNAC,P7,NL,,,,,,,,,,,,,,,,,,,,,165758.0,175642.0,197876.0,208202.0,227011.0,267806.0,270944.0,264753.0,268084.0,288975.0,313454.0,346885.0,380442.0,394338.0,337192.0,390921.0,436786.0,459562.0,467765.0,477303.0,533708.0,504526.0,559140.0,602285.0,625277.0,579621.0,683862.0,871221.0,814319.0,801439.0,819141.0
A,CP_MNAC,P7,NO,70761.0,85687.0,94509.0,86332.0,98184.0,115448.0,128398.0,144240.0,149563.0,167773.0,193647.0,213957.0,214650.0,217289.0,236563.0,246321.0,246295.0,246104.0,262471.0,278690.0,297139.0,326217.0,367645.0,407071.0,395508.0,434724.0,443297.0,425248.0,434938.0,495217.0,541815.0,605560.0,685486.0,750782.0,675206.0,732471.0,784892.0,814635.0,872811.0,935070.0,1003426.0,1038474.0,1080170.0,1141407.0,1238921.0,1152507.0,1224128.0,1563410.0,1644313.0,1786978.0,1858337.0
A,CP_MNAC,P7,PL,,,,,,,,,,,,,,,,,,,,,71706.0,101423.0,142207.0,186930.0,202492.0,252091.0,242041.0,262136.0,305786.0,346060.0,355460.0,429809.0,502823.0,553666.0,522257.0,610303.0,697601.0,726878.0,731267.0,783493.0,816001.0,876245.0,975921.0,1078301.0,1133088.0,1106437.0,1432863.0,1881249.0,1780849.0,1760210.0,1833285.0
A,CP_MNAC,P7,PT,,,,,,,,,,,,,,,,,,,,,29508.3,31760.0,35970.2,40643.2,44052.7,50400.6,51125.6,50228.8,49329.7,54105.3,56857.5,63494.3,68003.2,73100.2,59990.6,67738.4,68051.8,64411.5,65653.0,69336.3,71662.0,73000.2,81850.1,88268.1,92483.5,78910.6,95961.1,126570.9,124309.2,127046.9,131114.0
A,CP_MNAC,P7,RO,,,,,,,,,,,,,,,,,,,,,2333.5,3908.7,8927.1,11407.0,17261.1,21781.1,35009.2,45220.4,61349.9,85353.5,99900.6,126521.9,165144.0,210640.6,172271.1,207063.5,240970.4,253989.6,259931.6,280260.7,300491.6,326997.1,381711.6,431797.8,472375.0,440250.4,550036.1,698343.3,702009.4,732030.6,779120.7
A,CP_MNAC,P7,RS,,,,,,,,,,,,,,,,,,,,,4899.6,21006.7,31929.2,45972.2,34628.2,59541.4,310998.3,405448.0,492299.2,749278.6,839068.5,1041055.2,1219236.2,1461096.4,1210846.0,1445689.5,1654672.7,1890780.1,1981010.1,2086676.9,2253242.1,2407506.0,2705268.8,3008524.9,3323096.7,3125284.7,3945739.2,5309763.1,5239376.8,5667760.6,6091195.9
A,CP_MNAC,P7,SE,,,,,,,,,,,,,,,,,,,457314.0,531822.0,597035.0,594783.0,671011.0,736603.0,785830.0,920796.0,943544.0,935246.0,945281.0,1017834.0,1136788.0,1269817.0,1385231.0,1485446.0,1279765.0,1428222.0,1518109.0,1507098.0,1480287.0,1599904.0,1711905.0,1779717.0,1928482.0,2124602.0,2232631.0,2014527.0,2363552.0,3071049.0,3220494.0,3289777.0,3357724.0
A,CP_MNAC,P7,SI,,,,,,,,,,,,,,,,,,,,,5035.3,5755.2,6738.3,7551.2,8343.8,10145.4,11163.3,12087.5,13145.0,15610.4,17599.5,20430.0,24280.7,25948.1,20251.1,22988.0,25581.8,25193.4,25304.5,26022.3,26774.1,27929.9,31892.4,35026.5,36448.3,32379.3,40631.5,52519.3,49140.1,50388.6,51649.4
A,CP_MNAC,P7,SK,,,,,,,,,,,,,,,,,,,,,10798.2,13776.1,15673.1,15117.4,14629.8,17598.2,22186.8,23668.2,26054.7,32601.6,38247.5,47170.8,52568.1,56394.7,43953.5,53625.7,60559.2,63450.0,65703.6,66085.8,71319.6,73823.2,78751.7,84684.3,86868.8,78508.5,92943.1,115445.5,111058.0,111626.0,116580.1
A,CP_MNAC,P7,TR,,,,,,,,,,,,,,,,,,,,,1901.1,4094.5,8542.6,14194.1,20246.7,38549.1,56122.8,82878.8,109696.0,146986.3,165208.8,210018.0,230699.9,270873.6,235958.1,298168.0,426475.1,450968.9,525071.1,587554.5,626041.8,663755.9,932731.6,1183711.5,1300743.3,1627343.6,2568769.2,6399627.7,9148685.0,12052186.9,15808735.2
A,CP_MNAC,P7,UA,,,,,,,,,,,,,,,,,,,,,,,,,,97643.0,104061.0,107413.0,138808.0,183366.0,214567.0,259696.0,351192.0,504446.0,421882.0,551402.0,733526.0,791844.0,764730.0,826764.0,1097854.0,1341115.0,1666806.0,1921302.0,1959945.0,1702946.0,2289881.0,2721793.0,3261563.0,3832450.0,
A,CP_MNAC,P7,UK,,,,,,,,,,,,,,,,,,,,,214943.0,235726.0,239049.0,247580.0,263773.0,295688.0,312715.0,319641.0,328657.0,347275.0,383055.0,432404.0,423706.0,464527.0,433622.0,484826.0,525727.0,534507.0,556796.0,554257.0,551638.0,599361.0,652757.0,687088.0,716744.0,,,,,,
A,CP_MNAC,P7,XK,,,,,,,,,,,,,,,,,,,,,,,,,,,,,,,,,,2106.3,2113.1,2439.1,2788.2,2726.9,2642.2,2851.5,2926.3,3090.6,3374.1,3820.2,3982.6,3650.8,5190.9,6350.3,6806.2,7456.5,8189.7
A,CP_MNAC,P7_S21,AT,,,,,,,,,,,,,,,,,,,,,,,,,,,,,,,,,,103802.4,86644.3,102178.6,114391.4,116189.1,120390.9,122505.1,123549.9,128162.3,138786.9,144500.1,148380.0,131188.7,156773.4,189106.5,184565.1,182167.6,185735.7
A,CP_MNAC,P7_S21,BA,,,,,,,,,,,,,,,,,,,,,,,,,,,,,,,,,,,,,,,,,10057.3,10493.6,11570.3,12188.9,12692.3,10803.4,13398.8,17251.3,17386.8,18130.6,
A,CP_MNAC,P7_S21,BE,,,,,,,,,,,,,,,,,,,,,70356.8,73826.0,81011.1,83756.8,87508.0,106352.8,107126.5,106491.0,106855.8,116702.7,129470.3,140542.7,151538.5,178670.3,155981.0,181491.6,203322.7,210252.6,207412.0,214727.2,211475.7,226421.1,252033.4,263168.6,269758.6,247275.7,310536.0,358313.9,342997.7,345785.6,350822.6
A,CP_MNAC,P7_S21,BG,,,,,,,,,,,,,,,,,,,,,,,,,,,,,,,,,,,,,,,,16639.7,17574.0,18018.7,20127.7,21587.4,22382.7,20070.1,25519.2,32693.7,32787.8,33089.3,34701.6
A,CP_MNAC,P7_S21,CY,,,,,,,,,,,,,,,,,,,,,,,,,,,,,,,,,,6224.8,5320.9,5596.8,5363.6,5300.7,5095.5,5260.5,5351.6,6163.3,7014.4,7305.4,7686.8,7275.7,9896.7,12963.6,13427.3,14822.3,15546.4
A,CP_MNAC,P7_S21,CZ,,,,,,,,,,,,,,,,,,,,,,,,,,,,,,,,,,1613308.0,1408344.0,1606046.0,1766742.0,1856770.0,1900736.0,2199032.0,2211038.0,2257143.0,2381549.0,2504774.0,2564956.0,2322635.0,2695749.0,3108656.0,3137427.0,3243814.0,3341536.0
A,CP_MNAC,P7_S21,DE,,,,,,,,,,,,,,,,,,,,,,,,,,,,,,,,,,472129.0,398984.0,452489.0,507135.0,514925.0,529117.0,546495.0,555185.0,570952.0,607775.0,671123.0,695021.0,619397.0,731293.0,883550.0,878694.0,867810.0,911696.0
A,CP_MNAC,P7_S21,DK,,,,,,,,,,,,,,,,,,,,,,,,,,,,,,,392831.4,460710.2,500307.1,522665.9,408239.9,441015.3,485399.5,511465.2,520034.4,524670.8,549698.2,558439.5,590654.8,637081.0,667524.4,647025.1,759035.0,942615.5,930436.0,947066.2,1005604.0
A,CP_MNAC,P7_S21,EE,,,,,,,,,,,,,,,,,,,,,,,,,,,,,,,,,,9661.0,6580.8,8408.7,11269.4,12411.3,12784.8,12788.0,12286.4,13063.3,14240.5,15252.9,15515.5,15203.0,19438.7,25217.3,23876.6,23976.4,25354.0
A,CP_MNAC,P7_S21,EL,,,,,,,,,,,,,,,,,,,,,,,,,,,,,,,,,,40924.0,34117.4,32037.9,29816.7,27066.3,25363.5,27349.5,25982.0,26932.0,29414.0,32747.9,34624.9,32478.8,39714.0,48178.1,49811.2,52079.4,55516.3
A,CP_MNAC,P7_S21,ES,,,,,,,,,,,,,,,,,,,,,,,,,,,,,,,,,,172404.0,135506.0,146808.0,155867.0,145968.0,145426.0,159055.0,172768.0,179150.0,193098.0,203334.0,207305.0,174933.0,211012.0,253191.0,261454.0,269288.0,288186.0
A,CP_MNAC,P7_S21,FI,,,,,,,,,,,,,,,,,,,,,,,,,,,,,,,,,,45681.0,37242.0,41395.0,45718.0,48859.0,45079.0,44411.0,45724.0,48153.0,51579.0,55744.0,57181.0,52423.0,60405.0,75643.0,71679.0,70713.0,71223.0
A,CP_MNAC,P7_S21,FR,,,,,,,,,,,,,,,,,,,,,,,,,,,,,,,,,,325278.9,276162.7,308387.3,337276.0,346083.2,352537.7,359470.1,373386.7,382925.3,406034.4,425695.3,430149.4,378758.0,439605.5,531270.8,533892.6,513373.0,519595.6
A,CP_MNAC,P7_S21,HR,,,,,,,,,,,,,,,,,,,,,,,,,,,,,,,,,,13135.8,10229.1,10071.2,10692.6,10939.6,13325.8,14186.1,15725.7,16336.2,18192.1,19467.4,21404.3,18910.5,22924.3,31082.9,33186.9,35886.4,37004.7
A,CP_MNAC,P7_S21,HU,,,,,,,,,,,,,,,,,,,,,,,,,,,,,,,,,,14198366.0,12575667.0,13955788.0,15510710.0,15938381.0,16917425.0,19624412.0,20449399.0,21358307.0,23188718.0,25369016.0,26786184.0,26709201.0,31905509.0,43439606.0,40798967.0,41242060.0,42324570.0
A,CP_MNAC,P7_S21,IE,,,,,,,,,,,,,,,,,,,,,,,,,,,,,,,,,,50490.1,51186.0,55058.4,53493.2,53731.1,56129.4,60579.9,70660.1,77513.8,84728.2,92905.0,102195.5,77867.5,92984.3,125699.1,130581.0,138080.5,149167.3
A,CP_MNAC,P7_S21,IT,,,,,,,,,,,,,,,,,,,,,,,,,,,,,,,,,,233565.3,196221.9,228142.3,239970.9,225401.8,221881.3,228433.2,242973.6,249630.7,272419.9,284292.8,285791.0,250247.8,316327.6,394084.6,392222.2,390275.4,420414.3
A,CP_MNAC,P7_S21,LT,,,,,,,,,,,,,,,,,,,,,,,,,,,,,,6031.9,7293.0,9535.4,12128.8,12390.0,8095.2,9988.7,12805.8,14160.9,15198.3,15025.8,16188.3,17114.6,19566.3,21413.2,22722.4,21973.6,28735.3,38261.0,37984.0,38185.2,40840.6
A,CP_MNAC,P7_S21,LU,,,,,,,,,,,,,,,,,,,,,10048.7,10819.4,12232.0,14357.4,15519.0,19923.4,21024.9,20468.6,21538.0,24588.7,27093.3,30940.7,33534.7,35511.8,30838.5,35192.7,37884.3,42635.9,45011.7,49051.6,53387.2,56080.5,58685.2,62431.4,68391.5,66412.1,78887.9,91487.4,96027.0,84805.7,87889.4
A,CP_MNAC,P7_S21,LV,,,,,,,,,,,,,,,,,,,,,,,,,,2028.7,2482.6,2734.5,3186.1,4145.7,5518.5,7559.2,9623.2,9148.1,5809.8,6871.6,9107.2,10461.7,10768.1,11333.5,11085.3,11071.6,12192.6,13072.9,13716.1,13449.4,16703.6,22988.0,21935.7,21628.1,23335.6
A,CP_MNAC,P7_S21,ME,,,,,,,,,,,,,,,,,,,,,,,,,,,,,,,,759.6,1004.7,1194.4,717.6,714.7,803.9,810.1,805.5,928.0,932.9,1162.3,1275.9,1465.9,1518.8,1138.5,1405.1,1990.9,2213.1,2317.1,2307.3
A,CP_MNAC,P7_S21,MT,,,,,,,,,,,,,,,,,,,,,1528.9,1521.9,1499.4,1613.2,1762.8,2237.2,1919.8,1956.0,2047.3,2147.1,2314.1,2715.1,2923.6,3155.6,2774.0,3261.3,3547.5,3947.6,3843.0,4045.3,5141.0,5850.2,6086.3,7557.8,8328.4,7894.1,8501.6,10390.8,11042.6,11999.6,12817.1
A,CP_MNAC,P7_S21,NL,,,,,,,,,,,,,,,,,,,,,95193.0,101810.0,112546.0,116092.0,122532.0,133973.0,134552.0,135755.0,137119.0,147517.0,155268.0,171206.0,194103.0,198907.0,171415.0,185880.0,206121.0,213044.0,222467.0,223137.0,247313.0,241531.0,272033.0,296931.0,316004.0,289714.0,337342.0,411069.0,409008.0,409108.0,423424.0
A,CP_MNAC,P7_S21,PL,,,,,,,,,,,,,,,,,,,,,,,,,,,,,,,,,,386038.0,365680.0,423785.0,477688.0,486058.0,497809.0,534739.0,563833.0,616463.0,676060.0,733928.0,765588.0,754750.0,959147.0,1219178.0,1214284.0,1204843.0,1256720.0
A,CP_MNAC,P7_S21,PT,,,,,,,,,,,,,,,,,,,,,,,,,,,,,,,,,,51320.2,43508.5,47705.9,46903.3,43305.4,44357.5,48593.9,51151.9,53334.9,59103.8,63555.6,66137.0,57833.4,69527.4,87431.9,90504.6,92501.6,97691.2
A,CP_MNAC,P7_S21,RO,,,,,,,,,,,,,,,,,,,,,,,,,,,,,,,,,114793.4,144552.2,123568.1,149536.6,175264.1,187296.2,198521.9,213032.8,231660.6,252921.3,294639.3,330626.1,363452.6,325243.5,403666.9,506647.5,524031.9,541958.3,574568.2
A,CP_MNAC,P7_S21,RS,,,,,,,,,,,,,,,,,,,,,,,,,,,,,,,,,702851.7,839783.5,720354.5,825321.4,954736.5,1174584.5,1176668.3,1197189.4,1292719.3,1428109.8,1601418.4,1714760.5,1852916.4,1744082.2,2114027.0,2778185.8,2843748.5,3059596.4,3264480.8
A,CP_MNAC,P7_S21,SE,,,,,,,,,,,,,,,,,,,,,,,,,,,,,,,,,,,,,,,903829.7,963957.9,1036722.0,1099027.2,1207946.4,1325937.1,1390433.0,1279372.0,1481488.5,1865531.9,1989510.2,2040172.3,2079400.3
A,CP_MNAC,P7_S21,SI,,,,,,,,,,,,,,,,,,,,,,,,,,,,,,,,,,19448.7,15986.0,17913.4,19859.8,19595.2,19462.5,20046.7,21037.9,22009.5,24994.4,27229.7,28142.7,24863.7,31249.8,39187.8,37994.8,38877.0,39795.8
A,CP_MNAC,P7_S21,SK,,,,,,,,,,,,,,,,,,,,,7227.8,8969.3,10710.6,10956.8,10593.5,11867.7,15362.4,16645.5,18811.8,21810.8,23437.2,27315.9,29597.0,30491.8,22844.8,26562.6,30046.7,30756.6,33844.0,34873.5,38675.9,40793.0,43902.3,47536.0,51111.6,44928.3,51248.7,57409.8,61080.9,61893.5,57156.9
A,CP_MNAC,P7_S21,TR,,,,,,,,,,,,,,,,,,,,,,,,,,,,,,,,,,,89888.1,113660.8,162451.7,172313.8,199549.0,224460.7,249281.3,273092.8,359756.1,448120.2,477169.8,562380.8,824797.3,1717541.6,2825672.4,4022955.2,5272066.5
A,CP_MNAC,P7_S21,UK,,,,,,,,,,,,,,,,,,,,,120071.0,131692.0,133543.0,139320.0,147886.0,158207.0,173937.0,186584.0,190752.0,197515.0,215876.0,246429.0,231780.0,245659.0,226591.0,248253.0,266260.0,271922.0,286333.0,292906.0,293845.0,318821.0,347016.0,366301.0,370858.0,,,,,,
A,CP_MNAC,P7_S2111,AT,,,,,,,,,,,,,,,,,,,,,,,,,,,,,,,,,,85263.5,74124.8,86269.9,96129.1,97365.5,99392.8,100772.1,101706.9,104969.8,113321.5,118090.7,120687.1,105858.9,125644.3,150845.6,148860.5,146870.3,150627.4
A,CP_MNAC,P7_S2111,BA,,,,,,,,,,,,,,,,,,,,,,,,,,,,,,,,,,,,,,,,,8453.7,8838.9,9602.5,10246.8,10639.6,8913.5,11211.0,14479.4,14548.3,14915.6,
A,CP_MNAC,P7_S2111,BE,,,,,,,,,,,,,,,,,,,,,,,,,83770.2,101862.3,102658.3,101967.6,102292.6,111678.0,123863.0,134393.5,144999.8,166812.0,144396.1,166609.0,185894.7,192575.6,190004.5,196139.0,191496.3,205326.2,228588.2,239397.0,242857.6,222500.7,281449.2,325494.5,306680.9,310780.6,314724.9
A,CP_MNAC,P7_S2111,BG,,,,,,,,,,,,,,,,,,,,,,,,,,,,,,,,,,,,,,,,12005.0,12616.9,12809.4,14293.2,15461.9,15825.1,13903.4,17772.0,22963.0,23009.2,22907.8,23980.1
A,CP_MNAC,P7_S2111,CY,,,,,,,,,,,,,,,,,,,,,,,,,,,,,,,,,,5658.2,4867.0,5080.2,4846.5,4796.7,4656.5,4801.3,4788.2,5651.8,6313.4,6397.4,6708.4,6331.5,8504.3,11062.2,11536.8,12793.3,13418.3
A,CP_MNAC,P7_S2111,CZ,,,,,,,,,,,,,,,,,,,,,,,,,,,,,,,,,,1309821.0,1170643.0,1301389.0,1422830.0,1505492.0,1515278.0,1748567.0,1740740.0,1781978.0,1875908.0,1929280.0,1975695.0,1792289.0,2077803.0,2381193.0,2383228.0,2480146.0,2568310.0
A,CP_MNAC,P7_S2111,DE,,,,,,,,,,,,,,,,,,,,,,,,,,,,,,,,,,361618.0,304149.0,343730.0,384090.0,391956.0,401208.0,407262.0,406092.0,412700.0,439491.0,481645.0,498852.0,433196.0,516750.0,631791.0,615102.0,610531.0,641607.0
A,CP_MNAC,P7_S2111,DK,,,,,,,,,,,,,,,,,,,,,,,,,,,,,,,289796.6,339587.1,366976.2,382071.4,298554.7,316127.1,348258.8,369423.2,376655.4,377701.2,398432.6,401591.7,423552.8,462097.5,484223.6,466601.1,545821.2,673047.0,669619.3,686496.5,728184.3
A,CP_MNAC,P7_S2111,EE,,,,,,,,,,,,,,,,,,,,,,,,,,,,,,,,,,5032.4,3259.3,4117.9,5253.1,6028.8,6131.4,7819.2,8668.9,9239.8,10090.0,10799.4,11002.5,11752.0,15124.4,19723.4,18301.5,18197.6,19368.7
A,CP_MNAC,P7_S2111,EL,,,,,,,,,,,,,,,,,,,,,,,,,,,,,,,,,,35677.9,29783.1,27688.6,25375.5,22696.7,21048.9,22638.6,21232.1,21670.1,23607.1,26356.5,28128.5,26683.9,31960.3,37990.3,40443.9,42363.0,45247.9
A,CP_MNAC,P7_S2111,ES,,,,,,,,,,,,,,,,,,,,,,,,,,,,,,,,,,156731.0,121087.0,130304.0,138987.0,131007.0,129544.0,140860.0,152145.0,157041.0,169713.0,178733.0,181502.0,152225.0,184929.0,220319.0,227169.0,234826.0,251836.0
A,CP_MNAC,P7_S2111,FI,,,,,,,,,,,,,,,,,,,,,,,,,,,,,,,,,,30213.0,24170.0,26354.0,28794.0,30637.0,28277.0,28044.0,29548.0,31493.0,33336.0,36002.0,36981.0,33858.0,38442.0,47676.0,46248.0,45748.0,45473.0
A,CP_MNAC,P7_S2111,FR,,,,,,,,,,,,,,,,,,,,,,,,,,,,,,,,,,293954.5,248596.8,274504.1,301617.5,311689.0,316629.3,322071.3,334042.7,341612.1,361631.4,378431.3,380298.0,334155.7,388232.4,473075.4,470342.3,450127.9,455568.7
A,CP_MNAC,P7_S2111,HR,,,,,,,,,,,,,,,,,,,,,,,,,,,,,,,,,,10639.9,8305.6,8171.1,8911.2,9131.9,10845.6,11616.8,12683.6,13174.1,14473.9,15374.9,16862.1,14834.0,17926.3,24312.6,26392.7,28309.6,29341.1
A,CP_MNAC,P7_S2111,HU,,,,,,,,,,,,,,,,,,,,,,,,,,,,,,,,,,11653160.0,10394839.0,11290799.0,12566768.0,13113915.0,13645304.0,15753847.0,16383429.0,17176745.0,18629832.0,20198934.0,21309019.0,21166754.0,25582716.0,34572333.0,32175252.0,32501229.0,33287582.0
A,CP_MNAC,P7_S2111,IE,,,,,,,,,,,,,,,,,,,,,,,,,,,,,,,,,,44433.1,43534.9,46700.8,47229.5,51279.4,53040.3,57345.7,66536.4,73251.7,80092.4,87320.9,95587.8,70713.3,84737.6,115364.6,119022.9,124594.3,134189.9
A,CP_MNAC,P7_S2111,IT,,,,,,,,,,,,,,,,,,,,,,,,,,,,,,,,,,204413.5,170467.7,198279.5,208682.6,196366.9,192772.6,196817.7,208512.9,213354.6,232668.0,241774.7,242388.0,211970.1,268121.3,335347.6,329122.4,329812.2,348369.3
A,CP_MNAC,P7_S2111,LT,,,,,,,,,,,,,,,,,,,,,,,,,,,,,,4388.7,5186.5,6747.7,8437.6,8458.6,5579.3,6982.4,8972.6,9607.0,10386.3,10266.1,11140.2,11617.4,13343.9,14474.1,15399.9,14838.0,19839.0,25314.1,26151.3,25641.4,28037.9
A,CP_MNAC,P7_S2111,LU,,,,,,,,,,,,,,,,,,,,,9804.0,10548.9,11892.3,13908.7,14981.7,19248.9,20187.3,19842.4,20903.6,23824.2,26216.2,29839.3,32212.5,33834.9,29637.2,33740.6,36214.4,40587.9,42721.1,46448.3,50174.1,52523.3,54534.3,57929.2,63692.7,61414.6,72504.6,85072.3,89321.0,78942.4,81813.0
A,CP_MNAC,P7_S2111,LV,,,,,,,,,,,,,,,,,,,,,,,,,,1567.7,1947.3,2145.2,2475.0,3199.8,4277.1,5816.9,7510.4,7117.4,4506.2,5386.8,7140.7,8216.3,8371.3,8701.1,8474.5,8412.6,9482.0,10123.8,10606.9,10244.0,12919.9,18145.7,16886.2,16790.6,18124.8
A,CP_MNAC,P7_S2111,ME,,,,,,,,,,,,,,,,,,,,,,,,,,,,,,,,577.8,822.8,1003.5,604.1,618.1,679.8,688.9,664.4,679.8,669.5,861.0,918.4,1047.3,1077.4,796.6,1035.2,1698.1,1877.0,1982.3,1951.3
A,CP_MNAC,P7_S2111,MT,,,,,,,,,,,,,,,,,,,,,1423.2,1412.5,1390.4,1493.3,1632.9,2082.2,1776.5,1808.2,1893.1,1982.2,2129.1,2500.3,2680.2,2881.2,2522.8,2973.7,3228.1,3584.4,3467.9,3635.0,4594.7,5200.5,5345.7,6607.7,7374.4,6818.7,6842.7,8901.3,9440.1,10016.2,10781.1
A,CP_MNAC,P7_S2111,NL,,,,,,,,,,,,,,,,,,,,,88941.0,94918.0,103435.0,107170.0,112936.0,119906.0,122002.0,125492.0,128136.0,135316.0,141664.0,155810.0,171006.0,173575.0,146753.0,158869.0,175048.0,178761.0,185301.0,188589.0,212681.0,207574.0,231128.0,250664.0,265929.0,246206.0,286660.0,348057.0,347657.0,347567.0,358974.0
A,CP_MNAC,P7_S2111,PL,,,,,,,,,,,,,,,,,,,,,,,,,,,,,,,,,,329366.0,312465.0,359492.0,403176.0,408904.0,418690.0,449573.0,474633.0,518315.0,569040.0,616843.0,642909.0,636460.0,809883.0,1021342.0,1007541.0,988213.0,1033692.0
A,CP_MNAC,P7_S2111,PT,,,,,,,,,,,,,,,,,,,,,,,,,,,,,,,,,,48838.7,41328.8,45237.3,44391.2,40853.7,41902.8,45816.1,48193.0,50143.6,55654.7,59717.6,61950.8,53847.2,64676.8,81578.1,84148.4,86257.7,90886.7
A,CP_MNAC,P7_S2111,RO,,,,,,,,,,,,,,,,,,,,,,,,,,,,,,,,,84690.5,104208.4,86633.0,104450.5,121789.5,130078.9,140316.9,148963.8,164527.3,180576.2,208201.7,233086.2,248655.9,235465.6,291180.1,353282.7,381961.6,392364.1,413028.2
A,CP_MNAC,P7_S2111,RS,,,,,,,,,,,,,,,,,,,,,,,,,,,,,,,,,517916.6,607476.0,533903.9,575225.5,653123.4,789535.8,811205.5,827779.4,913080.6,1019761.5,1127754.1,1217954.2,1300650.7,1231227.6,1491335.7,1885376.2,2005003.6,2162590.2,2265648.8
A,CP_MNAC,P7_S2111,SE,,,,,,,,,,,,,,,,,,,,,,,,,,,,,,,,,,,,,,,705903.9,755699.8,808295.3,857418.4,944500.8,1032592.2,1090401.3,1008672.1,1167768.5,1475659.3,1573876.3,1606875.3,1641886.2
A,CP_MNAC,P7_S2111,SI,,,,,,,,,,,,,,,,,,,,,,,,,,,,,,,,,,15928.8,13902.3,15455.2,17050.4,16827.6,16581.9,16967.7,17741.0,18604.1,21097.5,22926.8,23641.2,20675.6,26063.7,32470.5,31632.1,32554.0,33071.4
A,CP_MNAC,P7_S2111,SK,,,,,,,,,,,,,,,,,,,,,3479.3,4781.2,6369.9,7180.8,7178.7,8102.5,10384.2,11233.8,12757.0,14380.8,14922.7,16978.4,18225.0,18849.9,13483.6,15802.8,17823.8,18627.4,19191.3,19658.9,21868.2,23850.1,25692.8,27758.3,27467.0,26415.9,30985.9,32214.9,33423.4,33932.7,31242.7
A,CP_MNAC,P7_S2111,TR,,,,,,,,,,,,,,,,,,,,,,,,,,,,,,,,,,,67417.1,85320.4,122102.3,129628.0,150427.3,169129.3,188157.1,205174.6,266464.2,328981.9,351294.4,453670.5,665830.7,1388348.3,2290572.8,3252541.0,4227285.6
A,CP_MNAC,P7_S2111,UK,,,,,,,,,,,,,,,,,,,,,110728.0,121437.0,123146.0,128547.0,136555.0,145464.0,159944.0,171895.0,174596.0,179523.0,193491.0,217911.0,206885.0,216784.0,198925.0,215540.0,228440.0,233151.0,248502.0,255468.0,256419.0,278918.0,301447.0,315569.0,317797.0,,,,,,
A,CP_MNAC,P7_S2112,AT,,,,,,,,,,,,,,,,,,,,,,,,,,,,,,,,,,18538.8,12519.5,15908.7,18262.2,18823.6,20998.1,21733.0,21843.0,23192.5,25465.4,26409.3,27692.8,25329.8,31129.1,38260.9,35704.6,35297.3,35108.4
A,CP_MNAC,P7_S2112,BA,,,,,,,,,,,,,,,,,,,,,,,,,,,,,,,,,,,,,,,,,1603.6,1654.7,1967.8,1942.2,2052.7,1890.0,2187.8,2771.9,2838.5,3215.0,
A,CP_MNAC,P7_S2112,BE,,,,,,,,,,,,,,,,,,,,,,,,,3737.8,4490.5,4468.2,4523.4,4563.2,5024.7,5607.3,6149.2,6538.7,11858.3,11584.9,14882.6,17428.0,17677.0,17407.5,18588.2,19979.4,21094.9,23445.2,23771.6,26901.0,24775.0,29086.8,32819.4,36316.8,35005.0,36097.6
A,CP_MNAC,P7_S2112,BG,,,,,,,,,,,,,,,,,,,,,,,,,,,,,,,,,,,,,,,,4634.7,4957.1,5209.3,5834.5,6125.4,6557.7,6166.7,7747.2,9730.7,9778.6,10181.5,10721.5
A,CP_MNAC,P7_S2112,CY,,,,,,,,,,,,,,,,,,,,,,,,,,,,,,,,,,566.6,453.8,516.6,517.1,504.0,438.9,459.2,563.4,511.5,700.9,908.0,978.3,944.2,1392.4,1901.3,1890.5,2029.0,2128.1
A,CP_MNAC,P7_S2112,CZ,,,,,,,,,,,,,,,,,,,,,,,,,,,,,,,,,,303487.0,237701.0,304657.0,343912.0,351278.0,385458.0,450465.0,470298.0,475165.0,505641.0,575494.0,589261.0,530346.0,617946.0,727463.0,754199.0,763668.0,773226.0
A,CP_MNAC,P7_S2112,DE,,,,,,,,,,,,,,,,,,,,,,,,,,,,,,,,,,110511.0,94835.0,108759.0,123045.0,122969.0,127909.0,139233.0,149093.0,158252.0,168284.0,189478.0,196169.0,186201.0,214543.0,251759.0,263592.0,257279.0,270089.0
A,CP_MNAC,P7_S2112,DK,,,,,,,,,,,,,,,,,,,,,,,,,,,,,,,103034.8,121123.1,133330.9,140594.5,109685.2,124888.1,137140.7,142042.0,143379.0,146969.6,151265.6,156847.7,167102.0,174983.5,183300.8,180424.0,213213.9,269568.5,260816.7,260569.8,277419.7
A,CP_MNAC,P7_S2112,EE,,,,,,,,,,,,,,,,,,,,,,,,,,,,,,,,,,4628.6,3321.5,4290.8,6016.2,6382.4,6653.4,4968.7,3617.5,3823.5,4150.6,4453.5,4513.0,3451.0,4314.3,5493.9,5575.0,5778.8,5985.3
A,CP_MNAC,P7_S2112,EL,,,,,,,,,,,,,,,,,,,,,,,,,,,,,,,,,,5246.2,4334.4,4349.3,4441.2,4369.6,4314.6,4710.9,4749.8,5261.9,5806.9,6391.4,6496.4,5794.9,7753.7,10187.8,9367.3,9716.4,10268.4
A,CP_MNAC,P7_S2112,ES,,,,,,,,,,,,,,,,,,,,,,,,,,,,,,,,,,15673.0,14419.0,16504.0,16880.0,14961.0,15882.0,18195.0,20623.0,22109.0,23385.0,24601.0,25803.0,22708.0,26083.0,32872.0,34285.0,34462.0,36350.0
A,CP_MNAC,P7_S2112,FI,,,,,,,,,,,,,,,,,,,,,,,,,,,,,,,,,,15468.0,13073.0,15041.0,16924.0,18222.0,16802.0,16368.0,16175.0,16660.0,18243.0,19742.0,20200.0,18565.0,21962.0,27967.0,25430.0,24966.0,25750.0
A,CP_MNAC,P7_S2112,FR,,,,,,,,,,,,,,,,,,,,,,,,,,,,,,,,,,31324.4,27565.9,33883.2,35658.5,34394.2,35908.4,37398.8,39344.0,41313.2,44403.0,47264.0,49851.4,44602.3,51373.1,58195.4,63550.3,63245.1,64026.9
A,CP_MNAC,P7_S2112,HR,,,,,,,,,,,,,,,,,,,,,,,,,,,,,,,,,,2495.9,1923.5,1900.1,1781.4,1807.7,2480.2,2569.3,3042.0,3162.1,3718.3,4092.5,4542.2,4076.5,4998.1,6770.3,6794.2,7576.8,7663.5
A,CP_MNAC,P7_S2112,HU,,,,,,,,,,,,,,,,,,,,,,,,,,,,,,,,,,2545206.0,2180828.0,2664989.0,2943942.0,2824466.0,3272121.0,3870565.0,4065970.0,4181562.0,4558886.0,5170082.0,5477165.0,5542447.0,6322793.0,8867273.0,8623715.0,8740831.0,9036988.0
A,CP_MNAC,P7_S2112,IE,,,,,,,,,,,,,,,,,,,,,,,,,,,,,,,,,,6057.0,7651.1,8357.6,6263.7,2451.7,3089.1,3234.2,4123.7,4262.1,4635.8,5584.1,6607.7,7154.2,8246.7,10334.6,11558.1,13486.3,14977.4
A,CP_MNAC,P7_S2112,IT,,,,,,,,,,,,,,,,,,,,,,,,,,,,,,,,,,29151.9,25754.3,29862.8,31288.3,29034.8,29108.7,31615.5,34460.7,36276.1,39752.0,42518.1,43403.0,38277.7,48206.3,58737.0,63099.9,60463.2,72045.0
A,CP_MNAC,P7_S2112,LT,,,,,,,,,,,,,,,,,,,,,,,,,,,,,,1643.3,2106.4,2787.6,3691.2,3931.3,2515.9,3006.3,3833.2,4553.8,4812.0,4759.7,5048.1,5497.2,6222.4,6939.2,7322.4,7135.7,8896.3,12946.9,11832.8,12543.8,12802.8
A,CP_MNAC,P7_S2112,LU,,,,,,,,,,,,,,,,,,,,,244.8,270.4,339.6,448.7,537.3,674.5,837.6,626.2,634.4,764.5,877.1,1101.3,1322.2,1676.9,1201.4,1452.1,1670.0,2048.0,2290.6,2603.2,3213.1,3557.2,4151.0,4502.2,4698.9,4997.6,6383.3,6415.0,6706.0,5863.3,6076.5
A,CP_MNAC,P7_S2112,LV,,,,,,,,,,,,,,,,,,,,,,,,,,461.0,535.3,589.3,711.1,945.9,1241.4,1742.3,2112.8,2030.7,1303.6,1484.7,1966.5,2245.5,2396.7,2632.4,2610.8,2659.0,2710.6,2949.1,3109.3,3205.4,3783.7,4842.3,5049.5,4837.5,5210.8
A,CP_MNAC,P7_S2112,ME,,,,,,,,,,,,,,,,,,,,,,,,,,,,,,,,181.8,182.0,190.8,113.5,96.6,124.2,121.2,141.2,248.2,263.3,301.2,357.5,418.6,441.4,341.8,369.9,292.8,336.1,334.8,356.0
A,CP_MNAC,P7_S2112,MT,,,,,,,,,,,,,,,,,,,,,105.7,109.4,109.0,120.0,129.8,155.0,143.3,147.8,154.2,165.0,185.0,214.8,243.4,274.4,251.2,287.6,319.4,363.2,375.1,410.4,546.3,649.6,740.6,950.0,954.1,1075.5,1658.9,1489.4,1602.5,1983.4,2036.0
A,CP_MNAC,P7_S2112,NL,,,,,,,,,,,,,,,,,,,,,6252.0,6892.0,9111.0,8922.0,9596.0,14067.0,12550.0,10263.0,8983.0,12201.0,13604.0,15396.0,23097.0,25332.0,24662.0,27011.0,31073.0,34283.0,37166.0,34548.0,34632.0,33957.0,40905.0,46267.0,50075.0,43508.0,50682.0,63012.0,61351.0,61541.0,64450.0
A,CP_MNAC,P7_S2112,PL,,,,,,,,,,,,,,,,,,,,,,,,,,,,,,,,,,56672.0,53215.0,64293.0,74512.0,77154.0,79119.0,85166.0,89200.0,98148.0,107020.0,117085.0,122679.0,118290.0,149264.0,197836.0,206743.0,216630.0,223028.0
A,CP_MNAC,P7_S2112,PT,,,,,,,,,,,,,,,,,,,,,,,,,,,,,,,,,,2481.5,2179.8,2468.7,2512.1,2451.7,2454.8,2777.8,2958.9,3191.3,3449.1,3838.0,4186.1,3986.2,4850.6,5853.8,6356.2,6243.9,6804.4
A,CP_MNAC,P7_S2112,RO,,,,,,,,,,,,,,,,,,,,,,,,,,,,,,,,,30102.9,40343.8,36935.1,45086.1,53474.6,57217.3,58205.0,64069.0,67133.3,72345.1,86437.6,97539.9,114796.7,89777.9,112486.8,153364.8,142070.3,149594.2,161540.0
A,CP_MNAC,P7_S2112,RS,,,,,,,,,,,,,,,,,,,,,,,,,,,,,,,,,184935.1,232307.5,186450.6,250095.9,301613.1,385048.7,365462.8,369410.0,379638.7,408348.3,473664.3,496806.3,552265.7,512854.6,622691.2,892809.6,838745.0,897006.2,998832.0
A,CP_MNAC,P7_S2112,SE,,,,,,,,,,,,,,,,,,,,,,,,,,,,,,,,,,,,,,,197925.8,208258.1,228426.6,241608.8,263445.6,293344.9,300031.6,270699.9,313720.0,389872.6,415633.9,433297.0,437514.1
A,CP_MNAC,P7_S2112,SI,,,,,,,,,,,,,,,,,,,,,,,,,,,,,,,,,,3519.9,2083.7,2458.1,2809.3,2767.6,2880.5,3079.0,3296.9,3405.4,3896.9,4302.9,4501.5,4188.1,5186.1,6717.3,6362.8,6323.1,6724.4
A,CP_MNAC,P7_S2112,SK,,,,,,,,,,,,,,,,,,,,,3748.6,4188.1,4340.7,3776.0,3414.8,3765.2,4978.3,5411.7,6054.8,7430.0,8514.6,10337.6,11372.1,11641.9,9361.2,10759.8,12222.8,12129.2,14652.7,15214.6,16807.8,16942.9,18209.5,19777.7,23644.6,18512.5,20262.8,25194.9,27657.5,27960.8,25914.2
A,CP_MNAC,P7_S2112,TR,,,,,,,,,,,,,,,,,,,,,,,,,,,,,,,,,,,22471.0,28340.4,40349.4,42685.8,49121.7,55331.4,61124.1,67918.2,93291.9,119138.4,125875.4,108710.3,158966.5,329193.3,535099.5,770414.2,1044780.9
A,CP_MNAC,P7_S2112,UK,,,,,,,,,,,,,,,,,,,,,9343.0,10255.0,10397.0,10773.0,11331.0,12743.0,13993.0,14689.0,16156.0,17992.0,22385.0,28518.0,24895.0,28875.0,27666.0,32713.0,37820.0,38771.0,37831.0,37438.0,37426.0,39903.0,45569.0,50732.0,53061.0,,,,,,
A,CP_MNAC,P7_S212,BE,,,,,,,,,,,,,,,,,,,,,11.8,49.6,5.7,4.3,78.0,51.7,65.8,71.4,27.7,81.7,23.2,26.8,90.2,135.4,131.8,149.6,162.0,110.9,184.1,210.3,248.0,268.0,259.0,248.0,265.0,241.0,240.0,354.4,352.6,385.3,
A,CP_MNAC,P7_S212,CY,,,,,,,,,,,,,,,,,,,,,,,,,,,,,,,,,,-2.9,-0.1,4.8,-2.1,-2.1,-11.3,-6.3,-15.4,-15.7,-9.3,-8.2,3.6,8.1,4.9,12.4,-5.0,-11.0,-11.5
A,CP_MNAC,P7_S212,EE,,,,,,,,,,,,,,,,,,,,,,,,,,,,,,,,,,0.0,0.7,0.0,0.2,5.6,3.9,4.2,7.1,5.8,8.9,5.9,2.1,6.1,6.4,4.4,6.7,9.3,9.7
A,CP_MNAC,P7_S212,FI,,,,,,,,,,,,,,,,,,,,,,,,,,,,,,,,,,,,,,,21.0,27.0,14.0,3.0,30.0,24.0,52.0,45.0,28.0,15.0,0.0,17.0,47.0
A,CP_MNAC,P7_S212,IE,,,,,,,,,,,,,,,,,,,,,1.5,1.5,2.1,2.7,3.1,4.0,0.0,6.7,6.7,1.7,0.0,0.0,0.9,4.5,1.1,1.0,22.3,17.1,0.0,1.6,4.5,0.1,4.7,0.0,1.3,0.3,0.7,0.0,0.0,0.0,0.0
A,CP_MNAC,P7_S212,IT,,,,,,,,,,,,,,,,,,,,,,,,,,,,,,,,,,2.0,2.0,5.0,1.0,5.0,192.0,260.0,127.0,77.0,59.3,92.2,84.8,78.5,81.7,70.9,105.9,116.4,123.8
A,CP_MNAC,P7_S212,LT,,,,,,,,,,,,,,,,,,,,,,,,,,,,,,12.2,18.5,21.4,33.0,27.9,57.9,54.7,53.4,78.4,71.9,71.0,42.5,52.4,48.1,53.2,41.7,40.3,33.9,35.8,25.0,29.0,24.7
A,CP_MNAC,P7_S212,LU,,,,,,,,,,,,,,,,,,,,,3.9,2.1,7.5,4.1,25.5,37.0,32.5,13.5,2.7,3.8,3.5,3.6,4.0,5.6,6.5,6.2,13.8,9.0,9.5,11.0,15.2,22.0,17.4,18.4,15.1,16.7,16.4,15.9,8.5,6.0,6.2
A,CP_MNAC,P7_S212,LV,,,,,,,,,,,,,,,,,,,,,,,,,,0.0,0.0,0.0,0.0,0.0,0.0,0.0,0.0,0.0,1.6,1.2,1.2,1.2,2.1,23.7,23.6,20.1,19.9,19.8,19.1,15.0,12.9,13.0,7.1,1.8,5.7
A,CP_MNAC,P7_S212,ME,,,,,,,,,,,,,,,,,,,,,,,,,,,,,,,,0.0,0.0,0.0,0.0,0.0,0.0,0.0,0.0,0.0,0.0,0.0,0.0,0.0,0.1,0.2,0.1,0.4,0.0,0.0,0.0
A,CP_MNAC,P7_S212,NL,,,,,,,,,,,,,,,,,,,,,4.0,4.0,4.0,4.0,4.0,4.0,4.0,4.0,4.0,4.0,4.0,4.0,4.0,4.0,4.0,4.0,4.0,4.0,4.0,4.0,4.0,4.0,4.0,4.0,4.0,4.0,4.0,4.0,4.0,4.0,4.0
A,CP_MNAC,P7_S212,RO,,,,,,,,,,,,,,,,,,,,,,,,,,,,,,,,,0.0,0.9,4.7,88.0,128.0,218.1,297.8,135.4,106.3,63.3,96.8,460.8,331.3,383.1,343.0,63.9,27.1,135.2,756.8
A,CP_MNAC,P7_S212,SE,,,,,,,,,,,,,,,,,,,0.0,0.0,0.0,0.0,0.0,0.0,0.0,0.0,0.0,0.0,0.0,0.0,0.0,0.0,0.0,0.0,19.6,12.1,3.8,0.0,30.2,16.2,15.3,11.4,31.0,22.6,29.0,94.3,71.9,71.7,238.8,70.0,116.5
A,CP_MNAC,P7_S212,SI,,,,,,,,,,,,,,,,,,,,,,,,,,,,,,,,,,3.9,12.5,10.3,10.4,9.3,10.9,16.6,17.5,20.7,22.4,19.1,12.4,9.2,9.9,4.1,1.0,3.1,-1.8
A,CP_MNAC,P7_S212,UK,,,,,,,,,,,,,,,,,,,,,0.0,0.0,0.0,0.0,0.0,0.0,0.0,0.0,0.0,0.0,0.0,0.0,0.0,1.0,4.0,2.0,122.0,157.0,4.0,9.0,0.0,5.0,2.0,30.0,0.0,,,,,,
A,CP_MNAC,P7_S22,AT,,,,,,,,,,,,,,,,,,,,,,,,,,,,,,,,,,39626.4,33916.0,39144.8,44262.4,46902.9,43723.7,44666.2,46539.4,45794.1,49378.4,57371.4,58620.1,52448.2,66974.8,90194.7,86206.9,80427.5,82557.2
A,CP_MNAC,P7_S22,BA,,,,,,,,,,,,,,,,,,,,,,,,,,,,,,,,,,,,,,,,,5326.3,5345.7,6341.5,6970.3,6801.9,5841.4,7707.0,10985.3,10419.4,10926.5,
A,CP_MNAC,P7_S22,BE,,,,,,,,,,,,,,,,,,,,,48073.2,50504.2,55472.0,57061.5,59347.2,72297.3,72528.4,71819.0,72209.8,79234.3,88319.5,96045.6,103312.1,103455.2,75409.9,88522.0,101545.2,101392.3,103001.9,105898.9,109282.0,113951.3,118032.8,126455.8,125774.1,113305.7,133553.5,184795.8,157599.6,148315.1,144884.1
A,CP_MNAC,P7_S22,BG,,,,,,,,,,,,,,,,,,,,,,,,,,,,,,,,,,,,,,,,11626.0,11255.4,10717.6,12760.9,13831.2,14921.3,13300.3,16833.8,26584.4,21937.1,23334.5,25367.7
A,CP_MNAC,P7_S22,CY,,,,,,,,,,,,,,,,,,,,,,,,,,,,,,,,,,5721.6,4776.7,5801.0,5987.9,5824.5,5661.9,6084.5,6717.5,6868.4,8052.8,8638.8,9804.8,10851.8,12205.9,17004.2,17179.3,17647.0,18498.4
A,CP_MNAC,P7_S22,CZ,,,,,,,,,,,,,,,,,,,,,,,,,,,,,,,,,,844381.0,744855.0,888935.0,956678.0,1041560.0,1014313.0,1087267.0,1231575.0,1154223.0,1247431.0,1302637.0,1323450.0,1233773.0,1519602.0,1939198.0,1725649.0,1801244.0,1885972.0
A,CP_MNAC,P7_S22,DE,,,,,,,,,,,,,,,,,,,,,,,,,,,,,,,,,,438373.0,366281.0,446896.0,503436.0,510901.0,500114.0,502686.0,530560.0,527256.0,567209.0,586705.0,604328.0,547420.0,645891.0,838165.0,766638.0,762336.0,790358.0
A,CP_MNAC,P7_S22,DK,,,,,,,,,,,,,,,,,,,,,,,,,,,,,,,275378.0,327063.9,347735.9,391232.2,325010.3,352977.7,400588.5,421401.9,422424.3,433329.2,451519.0,444171.3,479391.5,525760.8,552040.9,502230.9,597106.9,791271.2,750991.8,831393.0,804653.7
A,CP_MNAC,P7_S22,EE,,,,,,,,,,,,,,,,,,,,,,,,,,,,,,,,,,2021.0,1319.0,1708.0,2203.9,2737.7,2765.7,2967.7,2940.8,2972.5,2861.0,3408.6,3940.3,4086.3,5993.2,6820.9,5585.8,6056.2,6859.5
A,CP_MNAC,P7_S22,EL,,,,,,,,,,,,,,,,,,,,,,,,,,,,,,,,,,41011.1,30668.2,33236.4,33230.8,35076.8,32750.7,32371.4,32037.3,29725.6,34625.2,40595.0,41354.6,32599.1,48424.5,73729.8,59458.8,60760.4,53734.1
A,CP_MNAC,P7_S22,ES,,,,,,,,,,,,,,,,,,,,,,,,,,,,,,,,,,164444.0,120416.0,142573.0,155372.0,157096.0,151124.0,154499.0,156446.0,153379.0,172734.0,186226.0,190004.0,152145.0,193822.0,280562.0,247500.0,255157.0,265425.0
A,CP_MNAC,P7_S22,FI,,,,,,,,,,,,,,,,,,,,,,,,,,,,,,,,,,34520.0,24629.0,28310.0,32847.0,32285.0,34763.0,33447.0,30324.0,30344.0,33298.0,37005.0,38097.0,32606.0,38771.0,52841.0,45019.0,43956.0,44005.0
A,CP_MNAC,P7_S22,FR,,,,,,,,,,,,,,,,,,,,,,,,,,,,,,,,,,271337.6,233314.9,265705.2,303365.1,307619.0,309604.7,318039.5,326905.4,327787.4,352145.5,372402.4,385598.6,323254.7,375538.6,512996.4,488464.3,485771.0,487321.9
A,CP_MNAC,P7_S22,HR,,,,,,,,,,,,,,,,,,,,,,,,,,,,,,,,,,8327.9,6569.9,6452.4,7257.9,7113.0,5352.0,5017.1,5060.5,5315.3,5842.7,6627.2,6544.2,5582.5,7730.1,13473.3,10136.5,11164.9,12285.4
A,CP_MNAC,P7_S22,HU,,,,,,,,,,,,,,,,,,,,,,,,,,,,,,,,,,7383740.0,6204012.0,7049744.0,7442841.0,7222448.0,7078771.0,7073991.0,7487976.0,6914299.0,7999443.0,9171070.0,11019622.0,10599002.0,12418460.0,19318697.0,17293081.0,17212247.0,16995993.0
A,CP_MNAC,P7_S22,IE,,,,,,,,,,,,,,,,,,,,,,,,,,,,,,,,,,91294.6,84489.6,90040.7,91744.4,99106.9,108481.2,132160.3,193496.3,227475.4,238463.5,230451.0,357690.6,376269.6,331400.4,385903.8,410536.5,437012.3,488827.9
A,CP_MNAC,P7_S22,IT,,,,,,,,,,,,,,,,,,,,,,,,,,,,,,,,,,217988.7,165973.4,204552.0,222586.1,213836.6,197323.9,194147.0,194328.4,187382.1,206323.2,221679.6,214734.9,170822.8,220401.6,343551.0,288602.1,276005.0,263688.9
A,CP_MNAC,P7_S22,LT,,,,,,,,,,,,,,,,,,,,,,,,,,,,,,4140.6,5788.8,6652.0,6654.9,10219.9,6308.0,8498.2,10859.4,11771.0,11858.6,10708.9,9867.1,8887.9,10580.5,11978.0,12511.4,9875.0,13874.7,21687.9,15566.7,15910.8,16979.5
A,CP_MNAC,P7_S22,LU,,,,,,,,,,,,,,,,,,,,,2914.8,3238.1,4400.4,5382.4,7080.7,8755.6,8721.0,8125.9,7870.6,9659.3,12348.6,16268.5,18376.6,16788.2,14307.1,20338.8,23825.2,22768.4,25758.1,28970.1,32859.6,32356.6,34993.5,36675.3,41509.2,43974.7,53962.2,54201.2,56040.3,52854.4,54776.3
A,CP_MNAC,P7_S22,LV,,,,,,,,,,,,,,,,,,,,,,,,,,1045.0,1130.9,1188.5,1462.4,1871.3,2305.4,2827.5,3388.8,3586.6,2587.9,3139.5,3879.7,4180.4,3964.8,3815.4,4059.9,3970.8,4607.7,5047.8,4838.6,4442.9,5890.3,6746.0,5622.1,5383.8,5557.2
A,CP_MNAC,P7_S22,ME,,,,,,,,,,,,,,,,,,,,,,,,,,,,,,,,920.5,1301.0,1686.2,1231.2,1224.8,1278.5,1299.4,1260.0,1146.2,1286.6,1331.8,1497.1,1646.2,1699.0,1415.1,1676.8,2414.5,2563.8,2743.3,3061.8
A,CP_MNAC,P7_S22,MT,,,,,,,,,,,,,,,,,,,,,1269.8,1270.0,1254.4,1352.7,1480.8,1855.3,1616.6,1644.2,1719.7,1812.3,1969.6,2302.6,2506.7,2724.0,2414.8,2819.0,3104.6,3413.3,3454.1,3504.6,4923.4,5035.2,6000.7,6770.5,7513.6,8250.2,8395.0,10522.3,10172.1,10963.2,11736.7
A,CP_MNAC,P7_S22,NL,,,,,,,,,,,,,,,,,,,,,70565.0,73832.0,85330.0,92110.0,104479.0,133833.0,136392.0,128998.0,130965.0,141458.0,158186.0,175679.0,186339.0,195431.0,165777.0,205041.0,230665.0,246518.0,245298.0,254166.0,286395.0,262995.0,287107.0,305354.0,309273.0,289907.0,346520.0,460152.0,405311.0,392331.0,395717.0
A,CP_MNAC,P7_S22,PL,,,,,,,,,,,,,,,,,,,,,,,,,,,,,,,,,,167628.0,156577.0,186518.0,219913.0,240820.0,233458.0,248754.0,252168.0,259782.0,299861.0,344373.0,367500.0,351687.0,473716.0,662071.0,566565.0,555367.0,576565.0
A,CP_MNAC,P7_S22,PT,,,,,,,,,,,,,,,,,,,,,,,,,,,,,,,,,,21780.0,16482.1,20032.4,21148.5,21106.0,21295.5,20742.4,20510.1,19665.3,22746.3,24712.5,26346.5,21077.2,26433.7,39139.0,33804.6,34545.3,33422.8
A,CP_MNAC,P7_S22,RO,,,,,,,,,,,,,,,,,,,,,,,,,,,,,,,,,50350.6,66088.4,48703.0,57526.9,65706.3,66693.4,61409.7,67227.9,68831.0,74075.8,87072.3,101171.7,108922.4,115006.9,146369.2,191695.8,177977.5,190072.3,204552.5
A,CP_MNAC,P7_S22,RS,,,,,,,,,,,,,,,,,,,,,,,,,,,,,,,,,516384.5,621312.9,490491.5,620368.1,699936.2,716195.6,804341.8,889487.5,960522.8,979396.3,1103850.4,1293764.4,1470180.3,1381202.5,1831712.2,2531577.3,2395628.2,2608164.2,2826715.2
A,CP_MNAC,P7_S22,SE,,,,,,,,,,,,,,,,,,,,,,,,,,,,,,,,,,,,,,,576457.3,635946.1,675183.0,680689.8,720535.6,798664.9,842198.0,735155.0,882063.5,1205517.1,1230983.8,1249604.7,1278323.7
A,CP_MNAC,P7_S22,SI,,,,,,,,,,,,,,,,,,,,,,,,,,,,,,,,,,6499.4,4265.1,5074.7,5722.0,5598.2,5842.0,5975.6,5736.2,5920.4,6898.0,7796.8,8305.6,7515.6,9381.7,13331.5,11145.2,11511.6,11853.5
A,CP_MNAC,P7_S22,SK,,,,,,,,,,,,,,,,,,,,,3570.4,4806.8,4962.4,4160.6,4036.3,5730.4,6824.4,7022.7,7242.9,10790.8,14810.3,19854.9,22971.1,25902.9,21108.8,27063.1,30512.6,32693.4,31859.6,31212.2,32643.7,33030.2,34849.4,37148.3,35757.2,33580.2,41694.4,58035.7,49977.1,49732.5,59423.3
A,CP_MNAC,P7_S22,TR,,,,,,,,,,,,,,,,,,,,,,,,,,,,,,,,,,,146070.1,184507.2,264023.3,278655.1,325522.2,363093.8,376760.5,390663.1,572975.5,735591.2,823573.5,1064962.8,1743971.9,4682086.1,6323012.7,8029231.7,10536668.7
A,CP_MNAC,P7_S22,UK,,,,,,,,,,,,,,,,,,,,,94872.0,104034.0,105506.0,108260.0,115887.0,137481.0,138778.0,133057.0,137905.0,149760.0,167179.0,185975.0,191926.0,218868.0,207031.0,236573.0,259467.0,262585.0,270463.0,261351.0,257793.0,280540.0,305741.0,320787.0,345886.0,,,,,,
A,PYP_MEUR,P6,AL,,,,,,,,,,,,,,,,,,,,,,314.5,239.4,268.5,452.9,706.0,878.0,968.9,1079.8,1217.4,1595.2,1742.4,2129.2,2104.1,2331.6,2606.1,2685.2,2718.2,2818.0,2778.6,2749.1,3010.7,3509.1,3812.1,4150.5,3111.9,4587.0,5554.4,7295.7,8357.8,
A,PYP_MEUR,P6,AT,,,,,,,,,,,,,,,,,,,,,59204.9,64686.2,71096.9,75020.0,79600.9,91080.3,97933.8,102610.2,103301.1,112292.6,121152.2,132889.5,146476.7,152501.3,133949.6,147316.2,160685.9,169715.7,173076.9,178031.9,183167.3,188125.7,196482.7,209814.7,222084.2,197983.8,215165.9,248773.0,274306.6,273066.0,275911.8
A,PYP_MEUR,P6,BA,,,,,,,,,,,,,,,,,,,,,,,,,,,1399.0,1356.5,1546.4,1821.3,2133.3,2606.4,3026.2,3160.2,3391.8,3611.8,4030.0,4301.2,4678.2,4812.4,5219.6,5680.4,6213.5,7034.2,7322.8,6238.6,7701.2,9581.2,11126.6,11032.2,
A,PYP_MEUR,P6,BE,,,,,,,,,,,,,,,,,,,,,,138990.1,147376.5,150474.1,155442.0,175835.1,186701.6,195823.0,196677.4,206154.0,222062.6,243433.5,263308.2,273923.4,252325.9,263422.8,288718.4,301990.4,311408.7,327962.8,333321.9,343496.0,359955.6,375714.8,394862.3,374083.8,421088.8,467384.8,492095.8,489953.3,488624.1
A,PYP_MEUR,P6,BG,,,,,,,,,,,,,,,,,,,,,,6101.5,5104.5,4123.1,4637.0,4534.4,5293.6,6039.4,6261.0,8055.4,9424.0,11007.6,15403.1,17417.8,17256.0,17540.9,21590.3,24881.8,27955.2,27981.9,29571.7,31728.3,32921.1,35780.3,38389.4,35567.4,38976.5,49449.9,60237.2,59650.3,57799.5
A,PYP_MEUR,P6,CH,,,,,,,,,,,,,,,,,,,,,,111244.6,126372.0,123900.6,129073.3,146904.9,155510.4,157124.5,157108.0,167984.3,177981.5,194561.6,223634.7,232333.9,225778.8,263354.4,308881.6,348173.3,416881.4,368859.3,375829.7,426175.9,414872.1,426245.1,416373.3,412887.4,478978.6,532005.7,595403.0,613907.9,668969.5
A,PYP_MEUR,P6,CY,,,,,,,,,,,,,,,,,,,,,,5396.6,5538.2,6160.5,6440.5,7163.0,7692.3,7637.2,7321.8,7672.0,8174.4,8568.6,9156.8,9315.9,9077.2,9674.9,10482.9,10553.9,10897.7,11753.9,12559.2,13471.1,14873.5,16080.8,17666.9,18018.3,22659.1,29713.0,30523.4,33169.1,35335.3
A,PYP_MEUR,P6,CZ,,,,,,,,,,,,,,,,,,,,,,18963.9,21775.4,24207.9,26458.3,29979.3,35277.1,37323.7,42782.5,53724.2,65091.3,77935.2,89736.5,95751.9,91996.5,100069.5,112989.8,122008.3,123309.3,131867.5,136987.5,142088.5,149866.6,158187.3,163548.3,151368.5,161455.9,182498.5,212677.3,221603.0,229508.4
A,PYP_MEUR,P6,DE,,,,,,,,,,,,,,,,,,356456.4,337825.5,380191.7,409871.4,450600.3,493468.1,520174.0,541656.1,613932.0,666794.0,697823.0,704905.0,778633.0,829162.0,935993.0,1026388.0,1049044.0,906503.0,1009024.0,1114501.0,1173516.0,1200547.0,1246631.0,1304952.0,1340752.0,1381750.0,1442619.0,1489522.0,1355628.0,1487313.0,1626689.0,1794605.0,1775440.0,1785689.0
A,PYP_MEUR,P6,DK,,,,,,,,,,,,,,,,,,,,,49844.5,54198.4,57273.2,60207.1,65440.3,73987.7,82517.1,87490.1,85696.2,87327.5,95974.5,111535.9,118677.3,124903.2,118991.6,112467.8,132323.9,135874.2,142017.4,146840.3,150365.1,157485.7,158990.8,168459.4,179106.4,170322.1,185070.6,216655.8,290228.5,277794.9,287089.7
A,PYP_MEUR,P6,EA,,,,,,,,,,,,,,,,,,,,,,1626776.4,1814266.4,1939476.1,2026684.7,2289693.8,2508224.8,2575448.1,2577794.7,2754846.1,2916627.5,3224377.7,3537755.1,3627874.2,3311391.4,3541283.4,3895302.3,4117291.8,4292956.7,4479913.1,4776187.1,4937728.9,5142761.6,5417460.8,5686014.5,5232412.7,5755606.0,6538611.5,7331887.4,7417194.5,7640007.5
A,PYP_MEUR,P6,EA12,,,,,,,,,,,,,,,,,,,,,,1642161.1,1834066.4,1960457.1,2052068.2,2321756.7,2508224.8,2575448.1,2577794.7,2754846.1,2916627.5,3224377.7,3514506.9,3588172.7,3231984.5,3451214.8,3781115.1,3991793.4,4160665.3,4328445.5,4590655.6,4744819.1,4937128.1,5193429.7,5446952.3,5001111.1,5497810.1,6244089.5,6965186.8,7033952.6,7243148.9
A,PYP_MEUR,P6,EA19,,,,,,,,,,,,,,,,,,,,,,1671873.6,1868786.0,1998934.0,2090389.8,2362623.9,2557843.4,2629973.1,2636953.0,2822468.8,2996028.1,3320066.5,3626146.6,3712286.4,3344812.2,3577254.8,3926579.0,4155463.4,4334659.4,4506975.8,4776187.1,4937728.9,5142761.6,5417460.8,5686014.5,5232412.7,5755606.0,6538611.5,7292231.6,7374916.6,7596527.5
A,PYP_MEUR,P6,EA20,,,,,,,,,,,,,,,,,,,,,,1677459.0,1874987.1,2005526.0,2097169.4,2370243.0,2566947.6,2640071.6,2647960.2,2834306.1,3008955.4,3334541.0,3642153.7,3728572.1,3359871.4,3593126.6,3943275.6,4172613.5,4352477.0,4525944.1,4796893.3,4959851.1,5166481.6,5442903.9,5713843.2,5254039.5,5783397.7,6575534.6,7331887.4,7417194.5,7640007.5
A,PYP_MEUR,P6,EA21,,,,,,,,,,,,,,,,,,,,,,1683560.5,1880091.6,2009649.1,2101806.4,2374777.5,2572241.1,2646111.0,2654221.2,2842361.5,3018379.4,3345548.6,3657556.8,3745989.9,3377127.4,3610667.6,3964866.0,4197495.3,4380432.1,4553926.0,4826465.0,4991579.4,5199402.7,5478684.2,5752232.6,5289606.9,5822374.1,6624984.6,7392124.6,7476844.9,7697807.0
A,PYP_MEUR,P6,EE,,,,,,,,,,,,,,,,,,,,,1914.2,2019.9,2897.6,3626.8,3749.1,3515.0,4044.3,4400.4,4994.8,5862.9,7161.8,8129.8,9667.6,10359.2,8792.4,10684.3,13737.4,15140.2,15878.1,16414.8,16165.4,16746.4,17556.8,18591.5,20244.1,19661.1,23465.8,26410.3,28836.6,29381.5,31647.4
A,PYP_MEUR,P6,EL,,,,,,,,,,,,,,,,,,,,,,15384.7,19800.0,20981.0,25383.6,32062.9,33483.7,31650.0,32300.4,38160.5,39815.5,43107.4,48574.2,52120.4,45002.6,45897.2,48851.8,52544.8,54792.5,58489.0,60246.1,56220.0,58963.6,67387.4,73150.7,57494.5,65533.9,78912.3,104113.5,99453.7,101339.6
A,PYP_MEUR,P6,ES,,,,,,,,,,,,,,,,,,,,,,112993.4,133574.6,144741.4,156186.7,173450.0,192437.0,198211.0,206136.0,214415.0,222366.0,242317.0,272488.0,276840.0,253522.0,268775.0,301032.0,317040.0,338163.0,351095.0,360151.0,381514.0,398202.0,415126.0,432354.0,347355.0,390276.0,476380.0,557672.0,584271.0,611878.0
A,PYP_MEUR,P6,EU27_2020,,,,,,,,,,,,,,,,,,,,,,1886985.9,2112405.7,2264515.2,2371527.6,2681152.2,2913621.3,3002420.9,3030534.7,3247721.5,3471996.2,3877849.3,4255709.0,4389513.7,3979104.2,4222397.6,4675337.1,4945676.5,5166294.0,5374095.2,5678823.7,5896704.7,6130325.9,6479420.3,6811286.0,6301777.9,6927277.5,7893605.5,8925955.1,9005114.7,9280331.1
A,PYP_MEUR,P6,FI,,,,,,10405.5,12617.4,14497.8,16286.5,17545.7,19965.2,21177.6,19836.8,20571.6,22431.9,25244.4,22722.6,24249.5,25870.5,27054.8,32260.5,38825.8,43129.8,46078.4,49908.3,55412.0,58393.0,59801.0,57524.0,61585.0,65565.0,72834.0,81167.0,87398.0,69681.0,69627.0,73738.0,77203.0,78924.0,76443.0,75952.0,78359.0,83101.0,87232.0,97005.0,88646.0,90728.0,103713.0,121503.0,118813.0,119597.0
A,PYP_MEUR,P6,FR,49946.6,61998.3,72739.5,80557.9,89404.7,99073.3,115305.8,124510.3,138502.5,155921.8,169803.9,175432.3,171607.7,180035.7,201445.4,218018.9,231917.2,241715.6,241812.5,264664.5,288866.8,300578.7,342845.2,369940.0,382853.8,427666.4,451170.1,459634.1,447262.4,463780.6,486902.3,522760.7,549228.2,562520.2,520281.9,543817.2,591692.1,625215.4,650409.1,666437.5,692058.9,712436.9,733959.9,768380.1,791452.9,667375.6,737015.6,856019.7,995792.6,998515.0,1002219.8
A,PYP_MEUR,P6,HR,,,,,,,,,,,,,,,,,,,,,,5585.3,6201.1,6592.0,6779.6,7619.2,9104.2,10098.5,11007.1,11837.2,12927.3,14474.5,16007.1,16285.6,15059.1,15871.9,16696.6,17150.1,17817.6,18968.3,20706.2,22122.2,23720.0,25443.1,27828.7,21626.8,27791.7,36923.1,39655.9,42277.9,43480.0
A,PYP_MEUR,P6,HU,,,,,,,,,,,,,,,,,,,,,,15194.8,18919.3,23097.9,25694.0,32019.6,37255.2,41125.3,44267.1,50115.7,56294.0,68005.4,78896.5,85001.4,76570.0,78006.2,86087.1,86410.0,89580.9,95313.5,99354.1,102425.6,106906.0,114532.5,120119.0,112128.0,117448.1,136278.0,154118.4,159511.4,155385.8
A,PYP_MEUR,P6,IE,,,,,,,,,,,,,,,,,,,,,,43707.6,52568.4,69233.5,78651.0,97225.0,116753.6,123787.4,120920.9,125358.7,132642.1,143636.9,159157.2,153245.5,165283.8,168083.1,178192.3,175836.4,202749.2,229830.0,321907.1,363251.8,395718.9,415434.3,468713.7,542043.7,603838.4,685227.1,697918.0,777770.5,853300.3
A,PYP_MEUR,P6,IS,,,,,,,,,,,,,,,,,,,,,,2058.5,2188.1,2405.8,2638.2,2841.1,3352.5,3511.2,3550.2,3573.4,3875.5,3933.0,5249.5,5379.3,4808.3,4623.5,5534.0,6153.3,6693.8,6699.8,7513.4,9196.6,9491.2,10368.0,10030.4,6949.8,7406.3,10451.6,13467.6,12611.9,13147.9
A,PYP_MEUR,P6,IT,,,,,,,,,,,,,,,,,,,,,,224977.8,257132.9,271508.7,270193.3,305472.2,326654.4,324981.6,325490.1,344992.5,359995.1,397522.8,431702.9,427347.5,361192.9,393659.8,423057.7,448314.7,458102.1,468435.6,486887.4,496081.1,517330.8,536985.3,554501.5,481809.1,547297.0,631038.0,700014.2,710957.1,720850.3
A,PYP_MEUR,P6,LT,,,,,,,,,,,,,,,,,,,,,,2397.2,3434.6,4167.8,3186.4,3807.6,5973.9,7242.2,7835.0,8253.1,10649.0,13047.5,14157.5,16722.3,16245.5,16211.7,20533.1,25300.1,28035.6,27062.7,27077.9,26951.7,29842.0,33245.1,37683.0,37850.7,42447.4,50417.3,56590.1,57897.8,60879.8
A,PYP_MEUR,P6,LU,,,,,,,,,,,,,,,,,,,,,,17689.9,20171.2,23325.3,25754.6,31240.6,36115.5,34878.3,35054.9,38059.1,42939.3,52598.8,60265.1,63622.8,59933.2,63632.7,72020.9,76339.6,84689.8,92237.1,99530.8,109378.1,107169.2,116074.5,125880.4,131389.6,146815.7,159801.8,171523.4,156762.1,166986.0
A,PYP_MEUR,P6,LV,,,,,,,,,,,,,,,,,,,,,1258.2,1696.0,2143.3,2391.0,2352.6,2823.7,3450.9,3737.9,3868.4,4310.4,5642.3,6368.0,7861.7,8930.3,8382.9,9075.4,10743.6,12871.4,13667.1,14667.9,14931.1,15441.4,16150.7,17415.5,17879.0,18435.2,19976.8,24032.4,26005.5,26136.4,26388.0
A,PYP_MEUR,P6,ME,,,,,,,,,,,,,,,,,,,,,,,,,,,,,,,,,1143.9,1175.6,1071.2,1084.8,1319.1,1327.5,1370.8,1370.2,1473.4,1575.7,1634.1,1886.9,2115.7,1146.5,1949.2,2533.4,3327.9,3342.4,3188.8
A,PYP_MEUR,P6,MK,,,,,,,,,,,,,,,,,,,,,,,,,,,1157.6,1151.0,1119.0,1421.5,1657.6,1964.1,2353.2,2563.2,2520.6,2745.4,3284.8,3624.5,3651.3,4119.4,4426.8,4823.2,5300.7,6244.5,7062.5,6260.1,7164.3,8566.1,9351.0,9494.2,10258.3
A,PYP_MEUR,P6,MT,,,,,,,,,,,,,,,,,,,,,,,,,,,3468.2,3860.5,3680.7,3636.8,3754.1,4692.1,5134.7,5574.9,5021.1,5995.0,6707.2,7368.7,7717.4,8423.6,10758.9,12010.7,14261.0,16548.4,18086.0,18860.9,19510.2,22119.8,24265.2,26633.2,28659.8
A,PYP_MEUR,P6,NL,,,,,,,,,,,,,,,,,,,,,,208019.2,225345.1,238625.7,255086.2,284041.0,304814.0,307692.0,307728.0,330022.0,351713.0,388981.0,422080.0,435065.0,413939.0,425771.0,470866.0,511480.0,539598.0,562468.0,598513.0,598779.0,623059.0,671058.0,704267.0,680843.0,708803.0,804773.0,929801.0,917287.0,947737.0
A,PYP_MEUR,P6,NO,,10539.7,11595.5,13486.0,13230.1,15605.7,19788.4,24143.9,27745.6,30391.6,35218.8,36494.1,26672.8,27117.3,30402.7,36704.7,38798.9,39820.6,38152.9,40910.2,41489.6,46854.3,54652.8,57733.0,52009.4,60782.9,88734.0,87058.7,84021.7,81438.0,88318.7,107701.1,124332.2,128340.2,141610.2,112403.0,130980.7,154453.8,163407.0,165317.0,157801.4,136480.5,123469.7,130106.3,146937.8,131987.4,111332.0,193155.5,317701.2,227965.6,229317.5
A,PYP_MEUR,P6,PL,,,,,,,,,,,,,,,,,,,,,,27797.2,31249.7,37492.7,39212.1,47516.2,52322.2,60656.3,68970.8,67245.2,77625.7,98257.5,114311.7,129392.9,130049.5,132436.2,155117.5,166910.9,179295.5,188390.7,201395.2,222241.3,232834.2,258859.5,277276.1,280233.2,313166.1,357158.3,427929.4,443933.7,462580.7
A,PYP_MEUR,P6,PT,,,,,,,,,,,,,,,,,,,,,,25888.9,27552.6,30258.2,31387.6,34334.7,37015.2,38614.2,40631.5,41367.6,42241.0,48346.0,53687.3,54546.7,50356.5,52292.8,57778.2,62541.9,68161.5,70398.2,73931.5,76410.0,81524.0,87565.6,93132.7,76365.6,83926.8,105378.7,125829.6,131600.5,133269.1
A,PYP_MEUR,P6,RO,,,,,,,,,,,,,,,,,,,,,,7773.5,8540.0,8726.6,9154.3,7321.7,10013.8,11711.0,12668.6,14125.1,16980.9,21725.8,29114.3,35875.8,36162.0,37675.2,45515.1,49330.0,60058.7,62435.4,65295.9,77107.8,76563.0,83063.1,90151.5,81562.3,91548.5,107195.3,120527.9,123052.9,130845.7
A,PYP_MEUR,P6,RS,,,,,,,,,,,,,,,,,,,,,,3055.7,3150.6,4101.8,2014.3,2356.3,3855.1,3601.3,4675.1,5058.2,6257.3,6733.6,7923.3,9694.9,8987.7,10003.7,10749.7,12029.1,14252.4,15137.6,16274.8,17905.6,19123.1,21428.8,23338.8,22472.5,27219.8,34260.5,39629.1,43568.8,47125.8
A,PYP_MEUR,P6,SE,,,,,,,,,,,,,,,,,,,,63081.2,72435.3,79497.5,94556.5,101133.9,103762.3,115550.0,123994.8,118003.4,121928.4,132822.4,141650.4,154840.9,167415.8,172598.7,148207.2,151075.0,178437.7,187648.0,191600.1,195321.7,198960.7,203776.4,205762.7,217634.2,228852.1,216557.0,236214.1,268892.0,304807.3,303116.3,316660.3
A,PYP_MEUR,P6,SI,,,,,,,,,,,,,,,,,,,,,,7645.3,8726.9,9395.2,9585.3,10541.6,11750.4,12966.9,13478.8,15133.2,16978.3,19878.3,23248.2,24810.8,20991.8,22912.2,24939.5,26229.9,27166.3,28591.3,30120.5,31818.4,34859.4,37956.0,40644.6,37157.9,41749.3,46790.1,52622.6,54690.7,54718.3
A,PYP_MEUR,P6,SK,,,,,,,,,,,,,,,,,,,,,7794.5,8088.1,9593.7,10160.5,10225.6,9806.8,13238.6,14679.8,17978.8,22754.3,27040.6,35004.6,42413.2,48400.5,44316.8,51486.5,58320.3,66205.7,70631.9,71616.0,73918.5,76470.1,78090.1,84193.7,86858.5,81317.5,87987.4,95039.2,108201.5,113055.3,115739.0
A,PYP_MEUR,P6,UA,,,,,,,,,,,,,,,,,,,,,,,,,,,20698.0,23884.0,25762.7,29636.3,27848.8,32312.3,39642.6,47354.3,43377.7,37241.8,49406.3,55175.2,59997.7,50845.6,42695.7,42451.4,43166.1,47092.8,53795.9,53410.5,48486.3,39841.8,51340.3,52328.0,
A,PYP_MEUR,P6,UK,,,,,,,,,,,,,,,,,,,,,,,,,366003.9,411537.2,462978.3,466177.8,468202.9,454547.0,498374.7,575487.0,576603.6,575219.9,494530.8,485503.0,567097.6,591281.1,638458.7,627655.8,669912.7,740812.0,724493.6,732022.3,767693.4,,,,,,
A,PYP_MEUR,P6,XK,,,,,,,,,,,,,,,,,,,,,,,,,,,,,,,,,,,727.3,884.9,1120.0,1159.9,1159.0,1240.3,1275.9,1406.2,1726.5,1894.7,2084.7,1466.6,2596.8,3160.7,3684.6,4199.2,4653.9
A,PYP_MEUR,P6_S21,AT,,,,,,,,,,,,,,,,,,,,,,,,,,,,,,,,,,,,,,122763.4,124834.6,134142.8,129579.1,134105.0,144765.4,152857.8,159615.3,140885.5,160583.0,178527.6,200818.4,198755.8,195538.8
A,PYP_MEUR,P6_S21,BE,,,,,,,,,,,,,,,,,,,,,,92153.2,97679.6,99647.8,102852.6,116379.3,123271.5,129535.3,130179.3,136526.1,146918.9,161360.7,174428.5,182328.8,166674.0,167206.3,180004.0,186281.4,191268.8,200493.2,205448.4,210219.6,220901.8,234436.5,249139.6,236296.1,259039.4,279536.7,300139.6,304166.4,313789.9
A,PYP_MEUR,P6_S21,BG,,,,,,,,,,,,,,,,,,,,,,,,,,,,,,,,,,,,,,,,17025.2,18639.9,20233.6,20574.5,23538.6,25129.9,22666.9,24564.3,30974.9,36853.9,36803.0,35634.2
A,PYP_MEUR,P6_S21,CY,,,,,,,,,,,,,,,,,,,,,,,,,,,,,,,,,,3471.1,3177.7,3418.4,3662.8,3356.1,3478.0,4017.0,4039.4,4220.7,4839.6,5257.7,6892.8,7033.6,8954.2,11709.1,11460.0,12819.8,13662.9
A,PYP_MEUR,P6_S21,CZ,,,,,,,,,,,,,,,,,,,,,,,,,,,,,,,,,,,,,89049.9,92339.4,93362.7,101252.3,104750.8,108193.7,113617.9,119743.8,123706.1,114883.5,122477.3,140653.8,164132.2,166204.4,171161.5
A,PYP_MEUR,P6_S21,DE,,,,,,,,,,,,,,,,,,,,,,,,,,,,,,,,,,,,,,550313.0,561329.0,587913.0,613152.0,640714.0,663609.0,704952.0,738969.0,663473.0,726520.0,789699.0,888399.0,889400.0,919090.0
A,PYP_MEUR,P6_S21,DK,,,,,,,,,,,,,,,,,,,,,,,,,,,,,,,52059.6,59256.5,62679.0,64741.9,60027.9,55896.2,63443.3,62633.5,67424.4,69075.6,69888.5,74100.3,73900.9,76155.0,79923.8,75600.8,82022.8,94928.9,130450.0,118163.2,123265.2
A,PYP_MEUR,P6_S21,EE,,,,,,,,,,,,,,,,,,,,,,,,,,,,,,,,,,7488.0,6460.1,7738.7,9592.1,10217.0,11440.9,12085.0,12318.4,12625.0,13072.0,13957.1,14683.4,13342.6,16032.0,18581.0,21052.4,20882.2,22861.9
A,PYP_MEUR,P6_S21,EL,,,,,,,,,,,,,,,,,,,,,,,,,,,,,,,,,,,,,,20908.0,22732.9,25049.3,25878.7,25862.0,26255.3,30119.0,32517.4,26770.5,32252.9,39271.0,49868.4,46846.5,50558.0
A,PYP_MEUR,P6_S21,ES,,,,,,,,,,,,,,,,,,,,,,,,,,,,,,,,,,,,,,175207.0,186906.0,194971.0,200715.0,214830.0,226348.0,236517.0,246480.0,206145.0,237512.0,285727.0,335982.0,350386.0,365920.0
A,PYP_MEUR,P6_S21,FI,,,,,,,,,,,,,,,,,,,,,,,,,,,,,,,,,,41617.0,32038.0,31327.0,34539.0,35902.0,38044.0,36364.0,37309.0,39464.0,42407.0,44488.0,50789.0,44947.0,47315.0,55241.0,66462.0,64653.0,64842.0
A,PYP_MEUR,P6_S21,FR,,,,,,,,,,,,,,,,,,,,,,,,,,,,,,,,,,296425.6,269365.1,278162.6,303270.4,311660.3,327429.1,333318.7,341104.5,354183.2,358481.2,380370.2,392345.9,344542.7,378796.9,432968.9,521775.5,512713.9,511288.6
A,PYP_MEUR,P6_S21,HR,,,,,,,,,,,,,,,,,,,,,,,,,,,,,,,,,,,,,,11216.2,11951.8,12883.8,14348.7,15366.2,16227.5,17665.9,19234.6,15315.5,19894.5,26269.9,27558.8,28581.1,29569.4
A,PYP_MEUR,P6_S21,HU,,,,,,,,,,,,,,,,,,,,,,,,,,,,,,,,,,62189.2,55760.5,56074.3,62473.5,63551.0,64046.6,70947.0,71164.2,75834.1,80147.9,85961.7,90832.6,85194.1,87810.1,103026.4,115285.8,116876.3,116850.9
A,PYP_MEUR,P6_S21,IE,,,,,,,,,,,,,,,,,,,,,,,,,,,,,,,,,,,,,,74770.6,79519.3,86120.9,101372.0,110624.5,111201.5,133332.5,140147.9,166693.5,201896.7,238285.6,236352.2,254086.3,259417.5
A,PYP_MEUR,P6_S21,IT,,,,,,,,,,,,,,,,,,,,,,,,,,,,,,,,,,,188735.0,201445.0,212894.0,215356.7,214801.6,223603.2,234329.6,242045.6,254183.9,269201.3,279845.2,247734.4,286702.3,331382.7,375619.4,373807.6,390527.6
A,PYP_MEUR,P6_S21,LT,,,,,,,,,,,,,,,,,,,,,,,,,,,,,,,6137.3,7420.4,8378.0,9383.8,9839.2,9227.9,11859.7,14018.5,15157.1,15502.2,17025.7,16779.6,18399.5,20872.0,23731.0,24236.2,27560.9,34285.3,38687.7,40537.4,43497.9
A,PYP_MEUR,P6_S21,LU,,,,,,,,,,,,,,,,,,,,,,13162.9,14617.7,16655.4,18289.8,22065.4,25289.6,25438.8,25799.5,27988.0,30646.6,36409.4,41096.6,43485.4,41309.0,40071.5,44928.5,49695.6,54508.6,58158.4,61557.1,68724.1,65872.1,72126.6,77948.9,81674.4,91026.6,100612.4,109754.3,101103.7,107697.6
A,PYP_MEUR,P6_S21,LV,,,,,,,,,,,,,,,,,,,,,,,,,,1309.9,1729.2,1952.2,2081.3,2409.2,3377.1,3851.4,4749.4,5404.5,5147.1,5336.0,6599.5,7686.4,8207.2,9154.0,9490.8,9946.5,10162.1,11227.8,12000.3,12028.2,13465.2,15969.7,17603.9,17713.1,18455.1
A,PYP_MEUR,P6_S21,ME,,,,,,,,,,,,,,,,,,,,,,,,,,,,,,,,,557.0,485.2,386.5,414.9,493.7,386.0,367.5,388.1,403.5,437.6,452.1,614.9,663.4,423.1,574.9,897.4,1155.5,1100.3,1028.0
A,PYP_MEUR,P6_S21,MT,,,,,,,,,,,,,,,,,,,,,,,,,,,2079.2,2322.6,2208.3,2184.7,2251.6,2815.2,3089.1,3344.6,3018.1,3602.8,4019.6,4426.9,4645.4,5063.0,6439.1,7269.2,8519.2,10047.2,11045.2,12081.2,12208.4,13025.7,15435.7,16780.6,18509.6
A,PYP_MEUR,P6_S21,NL,,,,,,,,,,,,,,,,,,,,,,139725.5,149218.0,158414.9,169065.0,185701.0,199522.0,197477.0,196262.0,214813.0,226406.0,251507.0,273571.0,284180.0,268080.0,266749.0,298373.0,316968.0,334580.0,346464.0,358714.0,363889.0,380015.0,418005.0,434014.0,406000.0,432865.0,501721.0,579137.0,560001.0,580358.0
A,PYP_MEUR,P6_S21,PL,,,,,,,,,,,,,,,,,,,,,,,,,,,,,,,,,,93070.5,94855.8,95650.9,110183.7,115101.2,122144.2,131993.6,143530.6,157974.2,165023.1,185259.8,197478.1,200876.8,228056.9,267244.6,307643.2,318301.0,332784.2
A,PYP_MEUR,P6_S21,PT,,,,,,,,,,,,,,,,,,,,,,,,,,,,,,,,,,,32108.4,34409.3,37362.4,38826.6,41421.9,43098.2,45886.5,48546.8,51565.4,56923.3,60387.6,51676.5,57285.3,69544.6,80886.5,85907.9,87020.1
A,PYP_MEUR,P6_S21,RO,,,,,,,,,,,,,,,,,,,,,,,,,,,,,,,,,20591.9,25268.5,26488.2,26690.8,32016.7,34691.9,42372.9,44767.9,48473.4,58116.1,58450.8,64410.0,70047.3,59646.6,65943.0,75480.1,85155.6,87773.3,92973.7
A,PYP_MEUR,P6_S21,RS,,,,,,,,,,,,,,,,,,,,,,,,,,,,,,,,,,,,,,6866.2,8343.8,9065.2,9615.4,10752.3,11402.7,13044.7,14408.9,13958.6,16236.8,20415.9,23466.3,25251.6,26968.9
A,PYP_MEUR,P6_S21,SE,,,,,,,,,,,,,,,,,,,,,,,,,,,,,,,,,,,,,,,97760.4,99453.1,99846.2,104692.8,105440.9,111022.9,113614.7,107417.4,119617.7,136808.2,159903.6,158968.5,164441.7
A,PYP_MEUR,P6_S21,SI,,,,,,,,,,,,,,,,,,,,,,,,,,,,,,,,,,17133.3,15585.1,17107.7,18720.3,19280.5,19985.2,21392.6,22597.2,23775.5,26327.4,28979.5,31030.1,28035.9,31732.5,35611.2,39491.4,40651.0,40932.5
A,PYP_MEUR,P6_S21,SK,,,,,,,,,,,,,,,,,,,,,6505.9,6733.6,8044.6,8902.7,9028.6,8667.8,11719.8,12861.5,15167.1,19163.0,22861.4,29174.5,34859.7,39156.9,36132.8,41733.9,47446.1,52951.1,55306.7,56539.6,58776.0,60885.6,62698.9,67698.6,69926.5,65500.5,72351.3,78944.7,86350.5,92519.8,89541.2
A,PYP_MEUR,P6_S21,UK,,,,,,,,,,,,,,,,,,,,,,,,,201009.7,222474.7,254182.3,256857.5,246335.3,235491.8,257573.7,316052.9,291716.7,283727.4,242108.3,231105.3,267097.6,271152.7,286775.9,282470.6,299053.5,323335.7,320107.9,327147.0,326761.3,,,,,,
A,PYP_MEUR,P6_S2111,AT,,,,,,,,,,,,,,,,,,,,,,,,,,,,,,,,,,,,,,100271.2,101927.8,101415.5,105560.3,107725.3,118788.6,125718.6,130272.8,115907.6,132786.4,146119.2,164984.4,163367.9,158290.3
A,PYP_MEUR,P6_S2111,BE,,,,,,,,,,,,,,,,,,,,,,,,,94061.7,106436.2,112671.3,118453.0,119058.3,124879.8,134353.6,147629.1,159560.8,164922.4,151259.9,151361.8,162148.2,167505.1,171340.9,178865.6,182293.1,185703.8,194887.6,207605.2,219012.6,206304.6,227332.4,242889.9,259539.4,263116.1,270443.8
A,PYP_MEUR,P6_S2111,BG,,,,,,,,,,,,,,,,,,,,,,,,,,,,,,,,,,,,,,,,11874.1,12643.6,13705.0,13958.4,15940.8,16874.7,16191.7,17435.8,22786.0,26990.7,26978.0,25730.2
A,PYP_MEUR,P6_S2111,CY,,,,,,,,,,,,,,,,,,,,,,,,,,,,,,,,,,2308.0,2169.4,2291.6,2526.5,2339.3,2964.1,2938.1,3284.0,3411.9,3999.5,4276.5,5799.3,6242.1,7396.2,9437.9,9127.3,10213.7,10882.1
A,PYP_MEUR,P6_S2111,CZ,,,,,,,,,,,,,,,,,,,,,,,,,,,,,,,,,,,,,74455.7,76562.9,76991.3,82648.3,86036.7,88509.3,93035.7,97703.6,100889.9,93918.6,99401.3,114724.4,133097.0,133911.3,137983.2
A,PYP_MEUR,P6_S2111,DE,,,,,,,,,,,,,,,,,,,,,,,,,,,,,,,,,,,,,,418503.0,424267.0,436082.0,451821.0,469985.0,486862.0,514134.0,539328.0,479695.0,527365.0,575478.0,651640.0,649029.0,667494.0
A,PYP_MEUR,P6_S2111,DK,,,,,,,,,,,,,,,,,,,,,,,,,,,,,,,36922.7,41072.4,42674.2,44435.9,41167.6,37845.3,42765.8,41699.0,46164.2,47833.4,48466.7,51288.9,50997.2,52594.5,55304.3,54001.4,58126.8,67990.8,95103.4,86055.1,88588.0
A,PYP_MEUR,P6_S2111,EE,,,,,,,,,,,,,,,,,,,,,,,,,,,,,,,,,,3752.7,3464.5,3928.5,4722.2,4914.1,6799.1,7102.4,8028.4,8170.6,8835.3,9590.7,10587.4,9813.3,12084.8,14090.3,16242.1,16239.4,17697.4
A,PYP_MEUR,P6_S2111,EL,,,,,,,,,,,,,,,,,,,,,,,,,,,,,,,,,,,,,,16542.8,17771.8,19692.4,20786.3,20520.7,20885.7,23752.3,25790.6,21125.6,25324.9,29574.6,38509.3,36056.9,38202.9
A,PYP_MEUR,P6_S2111,ES,,,,,,,,,,,,,,,,,,,,,,,,,,,,,,,,,,,,,,158380.0,168243.0,175417.0,179331.0,192411.0,202084.0,211863.0,219966.0,185418.0,213612.0,257097.0,300445.0,312470.0,325255.0
A,PYP_MEUR,P6_S2111,FI,,,,,,,,,,,,,,,,,,,,,,,,,,,,,,,,,,27893.0,20809.0,20168.0,21525.0,23109.0,24171.0,23143.0,24276.0,25055.0,27619.0,28105.0,33410.0,29101.0,30477.0,35052.0,43124.0,42494.0,42405.0
A,PYP_MEUR,P6_S2111,FR,,,,,,,,,,,,,,,,,,,,,,,,,,,,,,,,,,264686.1,241934.0,249216.9,271439.1,279397.6,291971.9,296532.2,302130.9,314152.0,317463.3,336058.4,346442.3,301623.0,331683.2,377997.1,463926.5,447931.8,447007.6
A,PYP_MEUR,P6_S2111,HR,,,,,,,,,,,,,,,,,,,,,,,,,,,,,,,,,,,,,,9817.2,10401.8,11122.1,12379.1,13146.8,13632.2,14902.7,16025.3,12266.3,15741.8,20559.5,22519.7,23150.1,24050.6
A,PYP_MEUR,P6_S2111,HU,,,,,,,,,,,,,,,,,,,,,,,,,,,,,,,,,,49621.6,44527.7,45000.0,49559.0,50224.2,50341.3,56184.6,55698.4,59373.6,63282.1,67281.0,70829.8,66737.6,69978.8,82950.8,91194.8,90921.8,91039.1
A,PYP_MEUR,P6_S2111,IE,,,,,,,,,,,,,,,,,,,,,,,,,,,,,,,,,,,,,,66450.0,70141.2,76350.2,88226.3,95199.8,95170.6,115954.7,120941.5,145389.3,176253.8,209659.6,206078.0,220880.1,223316.2
A,PYP_MEUR,P6_S2111,IT,,,,,,,,,,,,,,,,,,,,,,,,,,,,,,,,,,,159545.0,170478.5,180192.6,182340.5,181094.7,187806.3,195581.9,202986.4,211668.6,225638.8,233687.8,206204.9,238628.8,275864.7,312163.1,310582.8,314911.6
A,PYP_MEUR,P6_S2111,LT,,,,,,,,,,,,,,,,,,,,,,,,,,,,,,,4641.3,5498.6,6252.3,6881.4,7249.0,6719.0,8990.2,10708.2,11088.6,10925.4,11881.1,11602.7,13020.8,14831.5,17357.0,17961.2,19907.4,25214.5,28677.1,29964.5,31996.1
A,PYP_MEUR,P6_S2111,LU,,,,,,,,,,,,,,,,,,,,,,12491.2,13823.0,15651.7,17317.6,20887.0,23901.5,23920.0,24186.6,26277.1,28724.0,33970.6,38126.9,40433.5,38538.7,37224.2,41680.1,45881.2,50212.4,53520.1,56478.8,63045.6,60323.8,65967.3,71266.1,74556.0,83188.9,92399.8,101003.5,93279.8,99363.4
A,PYP_MEUR,P6_S2111,LV,,,,,,,,,,,,,,,,,,,,,,,,,,921.9,1208.7,1366.5,1431.6,1647.6,2420.7,3014.0,3645.9,4190.6,4007.1,4069.8,4956.1,5692.6,6016.5,6875.7,7127.5,7423.1,7454.1,8217.0,9025.3,8972.9,10285.8,12303.0,13644.4,13505.7,14205.1
A,PYP_MEUR,P6_S2111,ME,,,,,,,,,,,,,,,,,,,,,,,,,,,,,,,,,382.5,383.8,286.3,277.8,285.2,227.3,270.9,253.9,289.3,278.9,288.7,377.0,403.1,275.9,403.9,653.5,868.4,792.9,766.1
A,PYP_MEUR,P6_S2111,MT,,,,,,,,,,,,,,,,,,,,,,,,,,,1917.7,2142.5,2036.1,2009.3,2063.6,2578.3,2825.1,3043.9,2736.9,3273.4,3653.2,4026.3,4207.1,4566.5,5775.0,6517.3,7615.4,8994.3,9827.4,10940.1,11018.8,11695.7,13970.0,15143.0,16814.7
A,PYP_MEUR,P6_S2111,NL,,,,,,,,,,,,,,,,,,,,,,130168.0,137667.7,145805.5,154430.9,169135.0,183008.0,181003.0,181528.0,193031.0,201954.0,231539.0,237498.0,245742.0,234888.0,235929.0,263993.0,278581.0,288552.0,296854.0,304107.0,306790.0,324120.0,357825.0,371135.0,345232.0,366800.0,430382.0,495517.0,477920.0,493926.0
A,PYP_MEUR,P6_S2111,PL,,,,,,,,,,,,,,,,,,,,,,,,,,,,,,,,,,73670.5,76322.4,76008.6,87209.3,90642.4,95938.5,103468.7,111866.7,122782.0,128756.2,144827.1,154724.4,158134.1,180389.6,208250.9,246852.2,253607.4,264149.5
A,PYP_MEUR,P6_S2111,PT,,,,,,,,,,,,,,,,,,,,,,,,,,,,,,,,,,,29935.4,32079.0,34742.2,35735.3,38280.5,39876.8,42665.0,44944.1,47694.9,52861.7,56117.4,47796.4,52912.7,64156.1,74729.0,79209.9,79976.8
A,PYP_MEUR,P6_S2111,RO,,,,,,,,,,,,,,,,,,,,,,,,,,,,,,,,,15199.3,18775.8,20029.2,19886.4,23505.8,25311.8,31390.6,33169.1,35835.1,43064.4,43622.3,47680.3,51405.9,47075.5,51044.7,57166.5,66364.6,68259.0,72245.0
A,PYP_MEUR,P6_S2111,RS,,,,,,,,,,,,,,,,,,,,,,,,,,,,,,,,,,,,,,5383.6,6559.8,7231.0,7621.0,8360.5,8581.7,9501.0,10466.3,9740.0,11448.8,14311.4,15988.9,17766.7,19292.9
A,PYP_MEUR,P6_S2111,SE,,,,,,,,,,,,,,,,,,,,,,,,,,,,,,,,,,,,,,,77578.1,78696.8,78511.3,82269.5,82945.0,87214.1,88971.0,82708.4,91151.5,104289.3,123894.3,123864.1,126325.0
A,PYP_MEUR,P6_S2111,SI,,,,,,,,,,,,,,,,,,,,,,,,,,,,,,,,,,12837.5,13149.8,14273.6,15600.6,16080.7,16632.0,17806.1,18809.7,19731.6,21968.6,24193.5,25922.1,23204.8,26259.1,29547.0,32469.8,33070.6,33131.2
A,PYP_MEUR,P6_S2111,SK,,,,,,,,,,,,,,,,,,,,,2925.7,3336.5,4512.8,5582.4,5931.2,5658.7,7696.4,8608.7,10626.7,12943.1,14730.8,18521.2,22116.8,23909.4,21930.0,24778.5,27400.9,30175.1,31663.0,33342.7,35053.0,37143.1,38394.7,41974.1,43448.1,40743.2,43108.4,45626.8,50115.5,52854.9,51291.5
A,PYP_MEUR,P6_S2111,UK,,,,,,,,,,,,,,,,,,,,,,,,,182829.0,201923.4,230955.9,232765.7,222839.2,212151.9,231817.1,281753.4,260908.3,253026.3,215863.8,204448.1,236547.6,240935.4,253118.3,248260.8,263731.2,284591.6,283769.0,289474.9,289006.6,,,,,,
A,PYP_MEUR,P6_S2112,AT,,,,,,,,,,,,,,,,,,,,,,,,,,,,,,,,,,,,,,22492.2,22906.8,32727.3,24018.7,26379.7,25976.8,27139.1,29342.5,24977.9,27796.7,32408.4,35833.9,35387.9,37248.5
A,PYP_MEUR,P6_S2112,BE,,,,,,,,,,,,,,,,,,,,,,,,,8790.9,9943.1,10600.2,11082.3,11121.0,11646.3,12565.3,13731.6,14867.7,17406.4,15414.1,15844.5,17855.9,18776.3,19927.9,21627.7,23155.3,24515.8,26014.1,26831.3,30127.0,29991.5,31706.9,36646.8,40600.3,41050.3,43346.1
A,PYP_MEUR,P6_S2112,BG,,,,,,,,,,,,,,,,,,,,,,,,,,,,,,,,,,,,,,,,5151.1,5996.2,6528.6,6616.2,7597.8,8255.3,6475.2,7128.5,8188.9,9863.2,9825.0,9904.0
A,PYP_MEUR,P6_S2112,CY,,,,,,,,,,,,,,,,,,,,,,,,,,,,,,,,,,1163.0,1008.3,1126.9,1136.3,1016.8,514.0,1079.0,755.4,808.8,840.1,981.2,1093.5,791.5,1558.0,2271.3,2332.7,2606.0,2780.8
A,PYP_MEUR,P6_S2112,CZ,,,,,,,,,,,,,,,,,,,,,,,,,,,,,,,,,,,,,14594.2,15776.5,16371.5,18604.0,18714.1,19684.4,20582.2,22040.2,22816.2,20964.9,23076.1,25929.4,31035.2,32293.1,33178.3
A,PYP_MEUR,P6_S2112,DE,,,,,,,,,,,,,,,,,,,,,,,,,,,,,,,,,,,,,,131810.0,137062.0,151831.0,161331.0,170729.0,176747.0,190818.0,199641.0,183778.0,199155.0,214221.0,236759.0,240371.0,251596.0
A,PYP_MEUR,P6_S2112,DK,,,,,,,,,,,,,,,,,,,,,,,,,,,,,,,15136.8,18184.2,20004.8,20306.0,18860.3,18051.0,20677.5,20934.5,21260.2,21242.2,21421.8,22811.4,22903.6,23560.5,24619.5,21599.4,23896.0,26938.1,35346.6,32108.0,34677.2
A,PYP_MEUR,P6_S2112,EE,,,,,,,,,,,,,,,,,,,,,,,,,,,,,,,,,,3735.2,2995.6,3810.2,4869.9,5302.9,4641.8,4982.6,4290.1,4454.4,4236.6,4366.4,4096.0,3529.3,3947.2,4490.7,4810.2,4642.8,5164.5
A,PYP_MEUR,P6_S2112,EL,,,,,,,,,,,,,,,,,,,,,,,,,,,,,,,,,,,,,,4365.3,4961.1,5356.9,5092.4,5341.3,5369.6,6366.7,6726.8,5644.8,6928.1,9696.3,11359.1,10789.6,12355.1
A,PYP_MEUR,P6_S2112,ES,,,,,,,,,,,,,,,,,,,,,,,,,,,,,,,,,,,,,,16827.0,18663.0,19554.0,21384.0,22419.0,24264.0,24654.0,26514.0,20727.0,23900.0,28630.0,35537.0,37916.0,40665.0
A,PYP_MEUR,P6_S2112,FI,,,,,,,,,,,,,,,,,,,,,,,,,,,,,,,,,,13724.0,11229.0,11159.0,13014.0,12793.0,13873.0,13221.0,13033.0,14410.0,14788.0,16383.0,17379.0,15847.0,16838.0,20189.0,23338.0,22159.0,22437.0
A,PYP_MEUR,P6_S2112,FR,,,,,,,,,,,,,,,,,,,,,,,,,,,,,,,,,,31739.5,27431.1,28945.7,31831.3,32262.7,35457.2,36786.5,38973.6,40031.2,41017.9,44311.8,45903.6,42919.7,47113.7,54971.8,57849.0,64782.1,64281.0
A,PYP_MEUR,P6_S2112,HR,,,,,,,,,,,,,,,,,,,,,,,,,,,,,,,,,,,,,,1399.0,1550.0,1761.6,1969.6,2219.4,2595.3,2763.2,3209.3,3049.2,4152.8,5710.4,5039.1,5430.9,5518.8
A,PYP_MEUR,P6_S2112,HU,,,,,,,,,,,,,,,,,,,,,,,,,,,,,,,,,,12567.6,11232.7,11074.3,12914.5,13326.8,13705.3,14762.4,15465.8,16460.5,16865.8,18680.7,20002.8,18456.6,17831.3,20075.6,24091.0,25954.5,25811.8
A,PYP_MEUR,P6_S2112,IE,,,,,,,,,,,,,,,,,,,,,,,,,,,,,,,,,,,,,,8320.6,9378.1,9770.7,13145.7,15424.7,16030.9,17377.7,19206.4,21304.3,25642.9,28626.0,30274.2,33206.2,36101.3
A,PYP_MEUR,P6_S2112,IT,,,,,,,,,,,,,,,,,,,,,,,,,,,,,,,,,,,29190.0,30966.5,32701.4,33016.2,33706.9,35796.9,38747.7,39059.1,42515.3,43562.5,46157.4,41529.5,48073.5,55518.0,63456.3,63224.8,75616.0
A,PYP_MEUR,P6_S2112,LT,,,,,,,,,,,,,,,,,,,,,,,,,,,,,,,1496.0,1921.8,2125.7,2502.4,2590.1,2508.9,2869.4,3310.3,4068.5,4576.9,5144.6,5176.9,5378.7,6040.6,6374.0,6275.0,7653.5,9070.8,10010.6,10573.0,11501.7
A,PYP_MEUR,P6_S2112,LU,,,,,,,,,,,,,,,,,,,,,,671.8,794.7,1003.7,972.2,1178.3,1388.1,1518.9,1612.9,1710.9,1922.6,2438.8,2969.7,3051.9,2770.3,2847.3,3248.3,3814.4,4296.2,4638.3,5078.2,5678.4,5548.3,6159.3,6682.8,7118.5,7837.7,8212.6,8750.8,7823.9,8334.2
A,PYP_MEUR,P6_S2112,LV,,,,,,,,,,,,,,,,,,,,,,,,,,388.0,520.5,585.7,649.7,761.6,956.4,837.4,1103.5,1213.9,1140.0,1266.3,1643.5,1993.8,2190.7,2278.3,2363.3,2523.4,2708.1,3010.8,2975.1,3055.4,3179.5,3666.8,3959.5,4207.4,4250.0
A,PYP_MEUR,P6_S2112,ME,,,,,,,,,,,,,,,,,,,,,,,,,,,,,,,,,174.5,101.4,100.2,137.1,208.5,158.7,96.6,134.2,114.2,158.7,163.4,237.8,260.3,147.2,171.0,244.0,287.1,307.4,262.0
A,PYP_MEUR,P6_S2112,MT,,,,,,,,,,,,,,,,,,,,,,,,,,,161.5,180.1,172.1,175.4,188.0,236.9,264.0,300.7,281.2,329.3,366.5,400.6,438.2,496.5,664.1,751.9,903.9,1052.9,1217.9,1141.1,1189.5,1330.1,1465.7,1637.7,1694.9
A,PYP_MEUR,P6_S2112,NL,,,,,,,,,,,,,,,,,,,,,,9557.5,11550.3,12609.4,14634.1,16566.0,16514.0,16474.0,14734.0,21782.0,24452.0,19968.0,36073.0,38438.0,33192.0,30820.0,34380.0,38387.0,46028.0,49610.0,54607.0,57099.0,55895.0,60180.0,62879.0,60768.0,66065.0,71339.0,83620.0,82081.0,86432.0
A,PYP_MEUR,P6_S2112,PL,,,,,,,,,,,,,,,,,,,,,,,,,,,,,,,,,,19400.1,18533.4,19642.3,22974.4,24458.8,26205.7,28524.8,31663.8,35192.3,36267.0,40432.7,42753.7,42742.7,47667.3,58993.7,60791.1,64693.5,68634.6
A,PYP_MEUR,P6_S2112,PT,,,,,,,,,,,,,,,,,,,,,,,,,,,,,,,,,,,2173.0,2330.3,2620.2,3091.4,3141.4,3221.4,3221.5,3602.7,3870.5,4061.6,4270.2,3880.1,4372.6,5388.5,6157.5,6698.1,7043.4
A,PYP_MEUR,P6_S2112,RO,,,,,,,,,,,,,,,,,,,,,,,,,,,,,,,,,5392.6,6492.7,6459.1,6804.4,8510.9,9380.1,10982.2,11598.9,12638.4,15051.6,14828.5,16729.8,18641.4,12571.1,14898.3,18313.6,18791.0,19514.3,20728.6
A,PYP_MEUR,P6_S2112,RS,,,,,,,,,,,,,,,,,,,,,,,,,,,,,,,,,,,,,,1482.7,1784.0,1834.3,1994.4,2391.8,2821.0,3543.8,3942.6,4218.7,4788.1,6104.5,7477.4,7484.9,7676.0
A,PYP_MEUR,P6_S2112,SE,,,,,,,,,,,,,,,,,,,,,,,,,,,,,,,,,,,,,,,20182.4,20756.3,21334.9,22423.4,22495.9,23808.8,24643.7,24709.0,28466.1,32518.9,36009.3,35104.4,38116.7
A,PYP_MEUR,P6_S2112,SI,,,,,,,,,,,,,,,,,,,,,,,,,,,,,,,,,,4295.8,2435.3,2834.1,3119.8,3199.8,3353.1,3586.5,3787.5,4043.9,4358.8,4786.0,5108.0,4831.1,5473.4,6064.2,7021.6,7580.4,7801.2
A,PYP_MEUR,P6_S2112,SK,,,,,,,,,,,,,,,,,,,,,3580.2,3397.1,3531.8,3320.3,3097.4,3009.0,4023.4,4252.8,4540.4,6219.8,8130.7,10653.3,12742.9,15247.5,14202.7,16955.5,20045.1,22776.0,23643.7,23196.9,23723.0,23742.5,24304.3,25724.6,26478.4,24757.3,29242.9,33317.9,36235.0,39665.0,38249.7
A,PYP_MEUR,P6_S2112,UK,,,,,,,,,,,,,,,,,,,,,,,,,18180.7,20551.4,23226.4,24091.9,23496.0,23339.9,25756.6,34299.5,30808.4,30701.1,26244.5,26657.2,30550.0,30217.3,33657.7,34209.8,35322.3,38744.1,36338.9,37672.1,37754.7,,,,,,
A,PYP_MEUR,P6_S212,BE,,,,,,,,,,,,,,,,,,,,,,1305.0,1296.9,1209.0,1063.4,1096.8,1356.7,1633.7,1154.3,1476.5,1747.7,2136.7,2375.4,2302.7,2536.4,2280.6,2496.3,2682.1,2829.0,2761.3,3026.9,3488.8,3629.0,3831.3,4239.4,4181.5,3295.9,3539.9,3468.3,4037.9,
A,PYP_MEUR,P6_S212,CY,,,,,,,,,,,,,,,,,,,,,,,,,,,,,,,,,,22.7,23.8,23.4,18.7,19.1,26.0,21.5,21.9,19.6,27.1,38.4,30.6,32.2,16.2,22.9,37.5,39.0,42.1
A,PYP_MEUR,P6_S212,EE,,,,,,,,,,,,,,,,,,,,,,,,,,,,,,,,,,8.2,5.2,5.7,8.0,7.6,7.1,9.6,9.0,10.1,10.3,15.9,8.9,13.3,20.9,18.3,16.7,16.9,19.7
A,PYP_MEUR,P6_S212,IE,,,,,,,,,,,,,,,,,,,,,,5.3,6.4,8.4,9.5,11.7,17.2,14.1,12.6,16.4,21.8,22.9,25.8,23.1,21.6,20.8,22.8,21.6,24.7,26.9,31.0,31.7,37.7,31.2,33.2,26.4,50.6,60.8,0.2,54.7,0.2
A,PYP_MEUR,P6_S212,IT,,,,,,,,,,,,,,,,,,,,,,,,,,,,,,,,,,,602.0,710.3,618.0,550.9,513.2,511.1,615.4,565.1,486.0,477.3,475.5,408.8,549.8,935.3,810.6,874.5,922.9
A,PYP_MEUR,P6_S212,LT,,,,,,,,,,,,,,,,,,,,,,,,,,,,,,,11.2,12.3,14.6,20.0,15.4,12.8,14.5,16.6,18.6,22.8,30.3,23.3,20.4,23.4,26.2,26.1,29.4,41.5,44.4,35.5,42.9
A,PYP_MEUR,P6_S212,LU,,,,,,,,,,,,,,,,,,,,,,387.4,388.2,397.5,297.7,320.6,390.0,402.3,437.6,424.0,410.0,472.1,629.5,673.5,693.8,569.1,612.6,624.8,597.2,651.5,664.9,807.9,777.4,880.8,900.8,1092.3,1207.6,1312.7,1360.0,1144.9,1219.6
A,PYP_MEUR,P6_S212,LV,,,,,,,,,,,,,,,,,,,,,,,,,,0.2,1.2,0.4,0.4,3.8,7.3,7.6,9.6,8.7,5.7,6.7,7.7,8.3,7.5,10.3,11.4,11.8,10.3,11.3,10.3,9.7,17.1,19.9,14.8,16.4,19.1
A,PYP_MEUR,P6_S212,ME,,,,,,,,,,,,,,,,,,,,,,,,,,,,,,,,,0.0,0.0,0.0,0.0,0.0,0.0,0.0,0.0,0.0,0.0,0.0,0.0,0.0,0.1,0.2,0.0,0.0,0.0,0.0
A,PYP_MEUR,P6_S212,NL,,,,,,,,,,,,,,,,,,,,,,91.3,102.0,107.7,119.1,130.0,140.0,144.0,147.0,151.0,161.0,170.0,184.0,195.0,193.0,203.0,222.0,234.0,251.0,282.0,333.0,320.0,349.0,385.0,418.0,393.0,412.0,471.0,510.0,551.0,576.0
A,PYP_MEUR,P6_S212,RO,,,,,,,,,,,,,,,,,,,,,,,,,,,,,,,,,0.1,0.0,0.0,0.2,0.0,0.0,1.6,1.3,0.5,0.3,1.2,1.9,2.9,1.9,1.6,4.0,3.5,4.4,4.1
A,PYP_MEUR,P6_S212,SE,,,,,,,,,,,,,,,,,,,,88.9,90.5,95.8,120.2,132.1,120.9,131.5,113.9,95.4,152.7,156.7,256.0,205.2,304.4,281.1,260.0,313.6,275.1,290.8,340.1,359.9,381.1,144.3,322.7,300.6,306.3,256.4,455.1,508.5,397.6,416.0,374.8
A,PYP_MEUR,P6_S212,SI,,,,,,,,,,,,,,,,,,,,,,,,,,,,,,,,,,0.9,0.7,0.7,0.3,1.1,0.5,0.4,0.4,1.3,1.5,3.6,4.7,7.5,0.1,0.5,1.8,3.9,7.6
A,PYP_MEUR,P6_S22,AT,,,,,,,,,,,,,,,,,,,,,,,,,,,,,,,,,,,,,,46952.3,48242.3,43889.1,53588.2,54020.7,51717.3,56957.0,62468.9,57098.3,54582.9,70245.3,73488.2,74310.2,80373.0
A,PYP_MEUR,P6_S22,BE,,,,,,,,,,,,,,,,,,,,,,46836.9,49696.9,50826.4,52589.4,59455.8,63430.0,66287.6,66498.0,69627.9,75143.7,82072.8,88879.6,91594.6,85651.8,96216.4,108714.4,115709.0,120139.8,127469.6,127873.5,133276.4,139053.8,141278.4,145722.7,137787.7,162049.5,187848.2,191955.9,185787.0,174834.4
A,PYP_MEUR,P6_S22,BG,,,,,,,,,,,,,,,,,,,,,,,,,,,,,,,,,,,,,,,,10956.7,10931.8,11494.7,12346.6,12241.7,13259.4,12900.5,14412.1,18475.0,23383.3,22847.3,22165.2
A,PYP_MEUR,P6_S22,CY,,,,,,,,,,,,,,,,,,,,,,,,,,,,,,,,,,5844.8,5899.5,6256.5,6820.1,7197.8,7419.6,7736.9,8519.8,9250.4,10033.9,10823.1,10774.2,10984.7,13704.9,18003.8,19063.4,20349.4,21672.4
A,PYP_MEUR,P6_S22,CZ,,,,,,,,,,,,,,,,,,,,,,,,,,,,,,,,,,,,,23939.9,29668.8,29946.6,30615.2,32236.7,33894.8,36248.7,38443.5,39842.2,36485.0,38978.6,41844.7,48545.1,55398.6,58346.9
A,PYP_MEUR,P6_S22,DE,,,,,,,,,,,,,,,,,,,,,,,,,,,,,,,,,,,,,,623203.0,639218.0,658718.0,691800.0,700038.0,718141.0,737667.0,750553.0,692155.0,760793.0,836990.0,906206.0,886040.0,866599.0
A,PYP_MEUR,P6_S22,DK,,,,,,,,,,,,,,,,,,,,,,,,,,,,,,,43914.9,52279.3,55998.3,60161.3,58963.7,56571.6,68880.6,73240.7,74593.0,77764.7,80476.7,83385.4,85089.9,92304.4,99182.6,94721.2,103047.8,121726.9,159778.5,159631.8,163824.5
A,PYP_MEUR,P6_S22,EE,,,,,,,,,,,,,,,,,,,,,,,,,,,,,,,,,,2871.2,2332.4,2945.5,4145.3,4923.2,4437.2,4329.8,3847.0,4121.4,4484.8,4634.4,5560.7,6318.5,7433.8,7829.2,7784.2,8499.3,8785.5
A,PYP_MEUR,P6_S22,EL,,,,,,,,,,,,,,,,,,,,,,,,,,,,,,,,,,,,,,31636.7,32059.6,33439.7,34367.3,30358.0,32708.3,37268.4,40633.4,30724.0,33280.9,39641.4,54245.0,52607.3,50781.6
A,PYP_MEUR,P6_S22,ES,,,,,,,,,,,,,,,,,,,,,,,,,,,,,,,,,,,,,,141833.0,151257.0,156124.0,159436.0,166684.0,171854.0,178609.0,185874.0,141210.0,152764.0,190653.0,221690.0,233885.0,245958.0
A,PYP_MEUR,P6_S22,FI,,,,,,,,,,,,,,,,,,,,,,,,,,,,,,,,,,45781.0,37643.0,38300.0,39199.0,41301.0,40880.0,40079.0,38643.0,38895.0,40694.0,42744.0,46216.0,43699.0,43413.0,48472.0,55041.0,54160.0,54755.0
A,PYP_MEUR,P6_S22,FR,,,,,,,,,,,,,,,,,,,,,,,,,,,,,,,,,,266094.6,250916.8,265654.6,288421.7,313555.1,322980.0,333118.8,350954.4,358253.7,375478.7,388009.9,399107.0,322832.9,358218.7,423050.8,474017.1,485801.1,490931.2
A,PYP_MEUR,P6_S22,HR,,,,,,,,,,,,,,,,,,,,,,,,,,,,,,,,,,,,,,5933.9,5865.8,6084.6,6357.5,6756.0,7492.5,7777.2,8594.1,6311.3,7897.1,10653.2,12097.0,13696.8,13910.7
A,PYP_MEUR,P6_S22,HU,,,,,,,,,,,,,,,,,,,,,,,,,,,,,,,,,,22812.2,20809.5,21931.9,23613.6,22859.0,25534.3,24366.5,28190.0,26591.5,26758.2,28570.7,29286.4,26933.9,29638.0,33251.6,38832.6,42635.1,38534.9
A,PYP_MEUR,P6_S22,IE,,,,,,,,,,,,,,,,,,,,,,,,,,,,,,,,,,,,,,101065.8,123229.9,143709.0,220535.1,252627.3,284517.5,282102.0,328565.9,375350.3,401941.8,446941.4,461565.8,523684.2,593882.8
A,PYP_MEUR,P6_S22,IT,,,,,,,,,,,,,,,,,,,,,,,,,,,,,,,,,,,172457.9,192214.8,210163.6,232958.0,243300.5,244832.4,252557.8,254035.5,263146.9,267784.0,274656.3,234074.7,260594.7,299655.3,324394.8,337149.5,330322.7
A,PYP_MEUR,P6_S22,LT,,,,,,,,,,,,,,,,,,,,,,,,,,,,,,,4511.7,5627.0,5779.5,7338.5,6406.3,6983.8,8673.4,11281.7,12878.5,11560.4,10052.2,10172.1,11442.5,12373.1,13952.0,13614.5,14886.5,16132.0,17902.4,17360.4,17381.9
A,PYP_MEUR,P6_S22,LU,,,,,,,,,,,,,,,,,,,,,,4527.0,5553.5,6669.9,7464.8,9175.2,10826.0,9439.4,9255.4,10071.0,12292.7,16189.4,19168.5,20137.4,18624.2,23561.2,27092.5,26644.0,30181.2,34078.7,37973.7,40654.0,41297.1,43947.9,47931.4,49715.2,55789.1,59189.4,61769.1,55658.3,59288.3
A,PYP_MEUR,P6_S22,LV,,,,,,,,,,,,,,,,,,,,,,,,,,1513.8,1721.6,1785.7,1787.1,1901.2,2265.2,2516.6,3112.3,3525.8,3235.8,3739.4,4144.1,5185.0,5459.9,5513.9,5440.3,5495.0,5988.6,6187.7,5878.7,6407.0,6511.5,8062.7,8401.6,8423.3,7932.9
A,PYP_MEUR,P6_S22,ME,,,,,,,,,,,,,,,,,,,,,,,,,,,,,,,,,586.9,690.3,684.7,669.9,825.4,941.5,1003.3,982.1,1069.9,1138.0,1182.0,1272.0,1452.3,723.4,1374.3,1636.0,2172.4,2242.1,2160.8
A,PYP_MEUR,P6_S22,MT,,,,,,,,,,,,,,,,,,,,,,,,,,,1389.0,1537.9,1472.4,1452.2,1502.5,1876.9,2045.6,2230.2,2003.1,2392.3,2687.6,2941.8,3072.0,3360.6,4319.8,4741.5,5741.8,6501.2,7040.8,6779.7,7301.8,9094.0,8829.5,9852.5,10150.3
A,PYP_MEUR,P6_S22,NL,,,,,,,,,,,,,,,,,,,,,,68293.7,76127.1,80210.7,86021.2,98340.0,105292.0,110215.0,111466.0,115209.0,125307.0,137474.0,148509.0,150885.0,145859.0,159022.0,172493.0,194512.0,205018.0,216004.0,239799.0,234890.0,243044.0,253053.0,270253.0,274843.0,275938.0,303052.0,350664.0,357286.0,367379.0
A,PYP_MEUR,P6_S22,PL,,,,,,,,,,,,,,,,,,,,,,,,,,,,,,,,,,36322.4,35193.8,36785.3,44933.8,51809.7,57151.3,56397.1,57864.6,64267.1,67811.0,73599.7,79798.0,79356.4,85109.2,89913.7,120286.2,125632.8,129796.6
A,PYP_MEUR,P6_S22,PT,,,,,,,,,,,,,,,,,,,,,,,,,,,,,,,,,,,18248.1,17883.5,20415.8,23715.2,26739.7,27300.0,28045.0,27863.2,29958.5,30642.3,32745.1,24689.0,26641.5,35834.1,44943.1,45692.6,46249.0
A,PYP_MEUR,P6_S22,RO,,,,,,,,,,,,,,,,,,,,,,,,,,,,,,,,,8522.4,10607.3,9673.8,10984.3,13498.4,14638.1,17685.8,17667.5,16822.5,18991.7,18112.2,18653.1,20104.2,21915.7,25605.5,31715.2,35372.3,35279.6,37872.0
A,PYP_MEUR,P6_S22,RS,,,,,,,,,,,,,,,,,,,,,,,,,,,,,,,,,,,,,,5162.9,5908.6,6072.3,6659.4,7153.3,7720.4,8384.1,8929.9,8513.9,10983.0,13844.6,16162.8,18317.3,20156.8
A,PYP_MEUR,P6_S22,SE,,,,,,,,,,,,,,,,,,,,,,,,,,,,,,,,,,,,,,,93839.6,95868.6,99114.5,99083.6,100321.7,106611.3,115237.4,109139.6,116596.5,132083.9,144903.7,144147.8,152218.7
A,PYP_MEUR,P6_S22,SI,,,,,,,,,,,,,,,,,,,,,,,,,,,,,,,,,,7677.5,5406.7,5804.5,6219.2,6949.4,7181.1,7198.7,7523.3,8042.9,8531.9,8976.5,9614.5,9122.0,10016.8,11179.0,13131.2,14039.7,13785.9
A,PYP_MEUR,P6_S22,SK,,,,,,,,,,,,,,,,,,,,,1288.6,1354.5,1549.1,1257.8,1197.0,1139.0,1518.8,1818.3,2811.8,3591.3,4179.2,5830.1,7553.5,9243.5,8184.0,9752.6,10874.2,13254.5,15325.2,15076.4,15142.5,15584.5,15391.2,16495.1,16932.1,15817.1,15636.1,16094.5,21851.0,20535.4,26197.7
A,PYP_MEUR,P6_S22,UK,,,,,,,,,,,,,,,,,,,,,,,,,164994.2,189062.5,208796.0,209320.3,221867.6,219055.2,240801.0,259434.0,284887.0,291492.5,252422.5,254397.6,300000.0,320128.4,351682.8,345185.2,370859.2,417476.3,404385.7,404875.3,440932.1,,,,,,
A,PYP_MEUR,P7,AL,,,,,,,,,,,,,,,,,,,,,,905.0,765.8,791.2,965.8,1542.3,1887.7,2175.0,2307.1,2462.7,3009.7,3368.8,4234.0,4506.7,4615.9,4293.7,4622.1,4483.5,4530.9,4734.7,4578.8,4844.0,5238.4,5482.3,5950.1,4961.7,6553.7,7557.2,8598.2,10118.5,
A,PYP_MEUR,P7,AT,,,,,,,,,,,,,,,,,,,,,61515.9,66683.1,71869.8,75175.8,78285.2,87382.3,94405.0,94922.7,97697.7,104690.4,112258.8,122141.1,133668.5,138104.4,126361.8,135000.6,149737.1,160118.7,164345.8,169034.3,173254.2,176429.8,183103.7,197770.2,206619.3,187182.1,209603.3,239256.4,267158.5,263782.0,267108.2
A,PYP_MEUR,P7,BA,,,,,,,,,,,,,,,,,,,,,,,,,,,4102.6,4264.0,4526.8,4812.0,5354.4,5401.9,6459.5,7167.2,6629.2,6332.8,6843.4,7529.9,7476.4,7981.4,8053.2,8431.4,8718.2,9519.6,9924.8,8629.1,10263.3,11463.3,14256.1,14886.7,
A,PYP_MEUR,P7,BE,,,,,,,,,,,,,,,,,,,,,,130805.6,138092.8,142702.8,144562.2,165969.2,177300.5,181552.0,180912.3,190358.7,208529.1,228988.1,249788.4,264547.7,252195.7,253667.9,285445.8,302961.4,311529.7,327242.1,334094.8,345691.2,358628.6,378719.0,395413.4,368935.9,406849.2,459536.3,501642.8,494149.0,493148.0
A,PYP_MEUR,P7,BG,,,,,,,,,,,,,,,,,,,,,,3283.3,3651.7,3629.5,5494.1,5474.5,6749.7,7472.4,8377.1,10583.6,12568.1,15935.0,21532.9,24231.2,21111.0,18828.8,22363.4,25627.3,28050.2,28807.7,29602.9,30278.8,30834.6,34731.9,37321.6,35732.8,36938.6,48851.3,56045.1,56875.7,59741.6
A,PYP_MEUR,P7,CH,,,,,,,,,,,,,,,,,,,,,,102728.0,113922.2,117108.1,121114.3,132022.6,144651.8,145086.2,144216.0,145033.7,160113.4,170141.6,187462.0,196374.3,204599.4,225664.1,276515.3,301589.7,354839.8,309577.0,319174.1,355726.5,356121.4,360677.1,357184.3,363794.7,403438.4,438163.4,500075.6,513084.2,581708.5
A,PYP_MEUR,P7,CY,,,,,,,,,,,,,,,,,,,,,,5438.9,5631.7,6000.0,6236.4,6918.0,7318.3,7310.5,7362.2,7775.1,8026.2,8938.0,10049.0,11530.7,10115.7,11187.8,11102.4,10939.0,10618.4,11587.7,12259.7,13295.8,14892.2,15718.6,17461.7,18062.6,21678.6,28720.3,30310.9,32122.6,33800.8
A,PYP_MEUR,P7,CZ,,,,,,,,,,,,,,,,,,,,,,22253.6,24142.8,25704.3,26658.4,30202.8,37287.7,39864.0,44305.1,53717.4,61287.9,73160.0,87401.9,91327.1,87608.1,93517.7,105304.9,113674.5,115318.4,123445.1,127178.0,129440.9,133798.6,145445.8,150370.8,138683.2,152828.0,174184.3,203013.2,203684.1,210901.1
A,PYP_MEUR,P7,DE,,,,,,,,,,,,,,,,,,375692.7,343458.8,380927.0,407559.4,435495.4,466511.1,507097.2,535136.4,585500.0,633136.0,616859.0,633202.0,662127.0,704060.0,797689.0,868626.0,885205.0,818813.0,860742.0,959453.0,1006392.0,1044096.0,1064890.0,1105093.0,1126376.0,1143605.0,1233980.0,1301509.0,1193542.0,1275654.0,1481331.0,1697640.0,1636146.0,1688677.0
A,PYP_MEUR,P7,DK,,,,,,,,,,,,,,,,,,,,,43497.8,46536.6,50719.4,55040.0,55322.1,63317.2,69519.7,75204.3,72978.8,76748.0,86714.7,102172.5,111745.2,118989.9,107643.4,99768.2,115208.3,122304.6,127150.6,131510.8,133729.1,139988.1,140486.1,152057.5,160782.9,156888.7,168902.1,193251.5,238848.8,235015.8,237600.0
A,PYP_MEUR,P7,EA,,,,,,,,,,,,,,,,,,,,,,1504885.3,1658596.5,1826224.1,1916253.1,2144635.1,2403210.6,2409709.5,2424231.2,2545273.9,2742043.4,3058739.9,3395681.0,3452813.5,3236467.8,3316745.4,3649175.8,3808354.3,3963655.6,4110798.1,4396940.2,4490594.3,4612484.8,4928782.8,5291828.4,4873357.2,5173905.0,6051216.4,7008465.7,6842409.6,7068226.6
A,PYP_MEUR,P7,EA12,,,,,,,,,,,,,,,,,,,,,,1529653.3,1686644.4,1859362.2,1953978.6,2190719.2,2403210.6,2409709.5,2424231.2,2545273.9,2742043.4,3058739.9,3371761.9,3410268.6,3155906.6,3226242.6,3537099.2,3688776.8,3838067.4,3965903.9,4216290.8,4304337.8,4416332.4,4714120.5,5061922.2,4654111.8,4927384.5,5761548.2,6643517.6,6464316.6,6676100.8
A,PYP_MEUR,P7,EA19,,,,,,,,,,,,,,,,,,,,,,1563074.2,1725936.0,1902785.7,1996291.2,2234302.7,2456852.1,2468004.1,2487143.3,2618576.8,2826870.9,3162141.0,3494392.5,3545042.0,3269507.5,3352577.4,3682460.1,3846840.0,4005833.3,4137365.0,4396940.2,4490594.3,4612484.8,4928782.8,5291828.4,4873357.2,5173905.0,6051216.4,6965775.9,6795453.4,7019866.2
A,PYP_MEUR,P7,EA20,,,,,,,,,,,,,,,,,,,,,,1569919.5,1735030.5,1911110.9,2004251.9,2242889.6,2467304.0,2480966.9,2501679.3,2633564.7,2842906.5,3180117.7,3514200.3,3566167.2,3287332.7,3369302.4,3699973.0,3864591.4,4024510.7,4156571.4,4417649.8,4512503.5,4635986.3,4954844.8,5320099.3,4898247.5,5202613.3,6090112.9,7008465.7,6842409.6,7068226.6
A,PYP_MEUR,P7,EA21,,,,,,,,,,,,,,,,,,,,,,1573202.9,1738682.2,1914740.4,2009746.0,2248364.1,2474053.8,2488439.3,2510056.4,2644148.3,2855474.5,3196052.8,3535733.1,3590398.4,3308443.7,3388131.3,3722336.4,3890218.7,4052560.9,4185379.1,4447252.7,4542782.3,4666821.0,4989576.7,5357420.9,4933980.3,5239551.9,6138964.2,7064510.8,6899285.3,7127968.2
A,PYP_MEUR,P7,EE,,,,,,,,,,,,,,,,,,,,,2128.8,2358.6,3497.8,4150.7,3974.8,3799.8,4498.5,5161.2,5829.0,6663.4,7861.5,9653.1,11248.9,10987.7,8106.6,9579.0,12867.2,14778.6,15519.5,15956.8,15418.8,16149.7,16600.3,18210.7,19346.8,19619.1,23829.8,26717.6,29695.0,29572.5,31548.1
A,PYP_MEUR,P7,EL,,,,,,,,,,,,,,,,,,,,,,24768.1,28048.0,33138.2,37725.5,46084.0,49066.2,46732.0,50150.7,54057.8,55269.0,62787.2,73394.0,77579.2,65848.2,62022.2,58889.0,59584.7,59900.1,62087.6,64604.5,59255.3,60708.0,69323.2,75411.1,70436.4,76384.1,97785.3,121966.4,114486.8,111385.1
A,PYP_MEUR,P7,ES,,,,,,,,,,,,,,,,,,,,,,115775.0,132690.6,151441.5,167079.5,184626.0,211656.0,219017.0,226866.0,244899.0,267617.0,298881.0,336127.0,322805.0,275197.0,271785.0,287669.0,292986.0,302219.0,316723.0,329520.0,337924.0,354795.0,380057.0,394695.0,337123.0,376078.0,436134.0,533579.0,523956.0,557156.0
A,PYP_MEUR,P7,EU27_2020,,,,,,,,,,,,,,,,,,,,,,1761508.4,1957879.6,2163249.5,2264943.4,2540418.1,2799770.0,2830238.6,2871490.4,3034750.9,3287305.8,3711736.1,4141822.8,4239359.0,3893092.1,3974531.5,4396921.8,4598345.3,4791837.1,4966462.4,5251745.6,5387683.0,5537488.8,5941020.7,6359115.2,5890668.3,6287433.6,7356615.6,8502313.8,8328894.8,8611634.5
A,PYP_MEUR,P7,FI,,,,,,10080.4,11858.7,14629.3,16155.2,16627.7,19403.8,20864.8,19818.9,21574.1,24391.1,26770.2,22879.3,23110.8,21730.9,22994.4,26772.6,31159.0,34258.4,36997.0,36870.9,41744.0,45460.0,46024.0,46630.0,50429.0,57092.0,63731.0,72239.0,78833.0,66569.0,65768.0,74034.0,79449.0,81248.0,79124.0,79521.0,80351.0,81901.0,89827.0,94952.0,89447.0,90977.0,108358.0,119700.0,115795.0,116637.0
A,PYP_MEUR,P7,FR,48684.4,63037.1,70649.6,78135.2,84793.4,97764.3,114868.2,137979.7,142300.2,151254.8,171320.8,188947.4,177870.0,186987.8,201697.2,224955.7,230832.8,233601.3,223327.6,243001.7,262747.9,271395.3,298551.7,332509.7,345006.6,391636.1,422481.4,430024.4,419529.0,437875.2,472366.4,515488.9,563506.9,574860.2,543342.1,553303.7,607791.1,642761.4,671652.5,690378.6,716936.6,726907.2,742366.2,782142.8,813549.8,715917.4,760024.6,888886.6,1041478.1,1009988.0,1027856.6
A,PYP_MEUR,P7,HR,,,,,,,,,,,,,,,,,,,,,,6845.3,9094.5,8325.2,7960.7,8586.9,10452.0,12962.8,14536.0,14987.9,16035.6,17976.7,19807.8,21125.2,17825.2,16725.0,17512.9,17751.5,18677.4,19206.4,20709.5,21909.2,23501.6,26062.0,28270.9,24890.4,28708.4,38896.5,42689.8,46956.1,48360.4
A,PYP_MEUR,P7,HU,,,,,,,,,,,,,,,,,,,,,,14870.6,18876.7,24020.9,26788.0,33111.5,38256.0,43154.4,47316.0,53785.3,57953.0,68579.7,79159.6,84299.5,73622.8,73549.1,79353.9,79620.8,83396.7,89631.7,91388.4,93226.3,98423.0,107915.2,117180.4,112029.9,114403.9,137035.0,154966.8,150008.7,149665.0
A,PYP_MEUR,P7,IE,,,,,,,,,,,,,,,,,,,,,,37345.4,44541.3,60863.5,66639.6,82890.9,98861.1,102392.1,97236.6,97451.5,116450.3,127786.9,143541.8,139009.9,139370.7,136446.8,148933.1,143763.6,165908.1,188290.6,255761.9,310357.8,317831.6,316605.3,453884.2,460757.7,412288.3,487915.2,523006.2,555652.6,608323.5
A,PYP_MEUR,P7,IS,,,,,,,,,,,,,,,,,,,,,,1967.4,2201.2,2853.6,2982.4,3355.3,3433.2,3373.7,3706.3,4126.1,5412.5,6271.9,6433.6,5275.9,3716.4,3919.6,4641.2,5324.7,5611.3,6034.6,6824.0,7982.9,8630.5,9090.3,8717.7,6956.8,8012.5,10574.6,12596.3,13215.5,14366.2
A,PYP_MEUR,P7,IT,,,,,,,,,,,,,,,,,,,,,,186427.4,219033.5,244637.1,249315.1,279148.4,314926.4,320022.9,321719.8,332980.0,352067.2,398773.8,441574.2,428908.8,391115.2,405596.3,433355.1,424809.5,427399.4,434352.5,449302.3,454470.5,462431.0,492928.3,500278.4,438057.5,488236.9,605864.0,723808.1,673833.2,690528.3
A,PYP_MEUR,P7,LT,,,,,,,,,,,,,,,,,,,,,,3176.8,4377.9,5235.5,4337.6,4651.9,6688.8,8136.7,8816.4,10258.3,12172.2,14952.8,17910.9,20816.1,16131.3,16824.5,21115.3,24888.6,27438.8,26567.0,28180.0,27109.2,28914.0,31937.6,35426.9,33705.7,37955.4,48147.8,56789.0,54859.1,58664.8
A,PYP_MEUR,P7,LU,,,,,,,,,,,,,,,,,,,,,,14624.6,16741.9,19431.4,22184.0,26414.1,30637.9,29303.0,29636.4,32083.4,36353.5,43974.4,48419.4,53043.3,47554.6,51580.3,59277.5,62795.8,69478.6,76598.5,82474.9,89482.8,89103.5,96917.8,106486.6,111493.6,125172.1,136045.8,147002.5,131383.9,140136.0
A,PYP_MEUR,P7,LV,,,,,,,,,,,,,,,,,,,,,1294.4,2060.9,2430.1,3273.1,3114.5,3246.5,4464.4,4656.6,5304.7,6151.2,7436.2,9617.1,12311.9,11596.1,8801.8,9428.5,12169.0,13597.0,14739.0,15202.9,15302.4,15779.7,16330.6,17863.6,18488.2,18346.4,20601.2,24833.6,28234.4,27069.8,28556.5
A,PYP_MEUR,P7,ME,,,,,,,,,,,,,,,,,,,,,,,,,,,,,,,,,2416.0,2706.4,2080.7,1878.7,1951.0,2059.1,2098.8,2102.9,2171.2,2617.7,2704.3,3029.2,3196.5,2521.8,2963.3,3799.5,4766.2,5051.3,5187.5
A,PYP_MEUR,P7,MK,,,,,,,,,,,,,,,,,,,,,,,,,,,1745.9,1901.1,1804.7,2310.8,2518.5,2809.4,3445.5,3970.8,4061.1,4060.4,4458.9,5394.9,5179.6,5717.4,6107.1,6549.1,6658.5,7668.9,8615.0,7646.4,8778.7,10927.2,11103.8,11632.3,12479.3
A,PYP_MEUR,P7,MT,,,,,,,,,,,,,,,,,,,,,,,,,,,3685.1,3783.4,3898.3,3914.0,4210.1,4910.4,5345.3,5740.4,5118.7,5966.3,6482.7,7192.5,7173.6,7452.1,9969.0,10739.9,11882.7,14068.2,15840.7,16382.9,16663.6,20077.3,20509.8,22320.2,23970.0
A,PYP_MEUR,P7,NL,,,,,,,,,,,,,,,,,,,,,,183220.9,200496.7,213696.9,227126.6,252775.0,274466.0,271818.0,270497.0,285382.0,304728.0,337281.0,373832.0,377845.0,363333.0,365663.0,409044.0,449422.0,472834.0,486249.0,550820.0,521691.0,542961.0,589984.0,626429.0,599401.0,617506.0,713637.0,837091.0,815041.0,820800.0
A,PYP_MEUR,P7,NO,,12393.1,14345.4,13189.4,13009.9,14532.1,17076.8,21223.7,22141.3,24284.0,28498.8,33302.0,27484.0,26904.1,28821.1,31852.2,31103.6,31234.8,32119.6,33278.4,35124.9,39012.0,44753.8,50076.9,47321.5,48919.2,54667.1,55281.8,57057.9,59244.1,63783.8,73613.7,82452.7,89338.4,82062.6,83611.1,95135.2,104076.7,114660.4,114307.1,114132.0,114035.3,113819.3,117461.5,125466.9,113309.8,109359.1,136934.1,152903.3,151146.9,152323.6
A,PYP_MEUR,P7,PL,,,,,,,,,,,,,,,,,,,,,,28824.5,35914.7,45389.6,48268.1,55296.6,59610.8,67700.0,74297.7,75197.3,81465.5,104346.0,127703.5,145292.7,137647.8,138431.9,160996.1,167758.1,176757.5,190246.8,197735.1,210108.7,220578.9,246554.1,261184.6,257168.4,289647.1,335209.2,395460.6,409597.5,431791.1
A,PYP_MEUR,P7,PT,,,,,,,,,,,,,,,,,,,,,,31930.3,35921.0,41632.6,44110.5,46488.8,50974.6,51034.5,50123.4,52990.4,55267.6,61167.6,67063.1,69520.5,66154.1,64687.1,63552.4,63708.0,67462.2,71003.2,74931.2,75401.5,78862.7,85869.6,92732.6,81729.8,88597.8,106771.7,129506.0,130150.6,132559.3
A,PYP_MEUR,P7,RO,,,,,,,,,,,,,,,,,,,,,,9557.5,11011.2,12281.7,10935.2,9699.4,13502.1,14899.7,17128.3,20412.5,25229.6,34950.9,50703.4,55058.6,45296.9,45943.6,53923.1,55720.0,61989.7,64021.0,68435.0,78809.1,81171.7,90949.4,100955.5,94362.6,104246.7,122101.4,139469.0,147659.7,154153.7
A,PYP_MEUR,P7,RS,,,,,,,,,,,,,,,,,,,,,,3603.5,4429.6,4487.9,2866.5,3679.7,6676.5,6623.3,7775.5,9872.5,9705.1,11865.0,14415.7,16800.3,13982.6,13242.8,15256.9,16468.8,17913.0,18395.8,19006.8,19851.7,21566.2,24772.2,27942.2,27076.0,31278.6,38948.5,44570.6,48258.5,52290.2
A,PYP_MEUR,P7,SE,,,,,,,,,,,,,,,,,,,,56585.3,62242.6,66263.0,78532.4,86072.7,87225.5,100426.3,107539.8,100977.0,105408.0,110742.2,119180.5,132474.3,149376.0,153992.6,132829.4,135189.8,159799.0,169048.6,174663.2,182228.1,186027.1,193327.5,196209.6,208522.0,211220.1,197555.2,217853.8,255773.9,287183.1,287440.4,300245.5
A,PYP_MEUR,P7,SI,,,,,,,,,,,,,,,,,,,,,,7977.7,8967.4,9819.5,10550.0,10962.3,12193.4,12963.0,13647.0,15352.1,16794.5,19785.8,23919.1,25273.8,21177.5,21659.1,24143.6,24769.7,25639.6,26308.1,27394.4,28548.4,30910.5,34152.6,36661.8,33125.2,38137.0,44391.9,50138.6,51246.4,51454.3
A,PYP_MEUR,P7,SK,,,,,,,,,,,,,,,,,,,,,7944.4,9753.0,11696.6,12159.1,11080.1,10610.4,14792.9,16283.1,18054.5,23188.9,28326.7,35543.9,41845.4,48828.6,44149.4,51689.7,57480.7,61897.8,66637.1,68386.4,72125.0,74633.9,76622.2,82711.0,86680.0,80003.5,87655.0,96779.7,106580.6,113946.4,115770.3
A,PYP_MEUR,P7,UA,,,,,,,,,,,,,,,,,,,,,,,,,,,19512.7,22194.6,24975.6,26829.3,29779.8,36115.4,49850.1,59605.1,39672.5,42540.7,60280.6,68750.4,74402.0,56113.1,43927.4,49604.8,53493.3,57005.5,63247.5,63467.6,62921.0,58617.0,87153.2,92835.0,
A,PYP_MEUR,P7,UK,,,,,,,,,,,,,,,,,,,,,,,,,392317.0,438109.1,515014.4,529363.1,517796.5,504485.6,547066.3,618030.1,614460.3,604562.1,536646.7,525255.3,574393.8,617591.1,679460.3,677582.8,724770.5,789993.7,750757.8,764836.3,797856.9,,,,,,
A,PYP_MEUR,P7,XK,,,,,,,,,,,,,,,,,,,,,,,,,,,,,,,,,,,2164.2,2362.3,2812.1,2732.5,2669.3,2778.1,2769.6,3150.3,3259.3,3741.9,3992.3,3742.5,4798.3,5473.2,6648.6,7395.8,8113.8
A,PYP_MEUR,P7_S21,AT,,,,,,,,,,,,,,,,,,,,,,,,,,,,,,,,,,,,,,114593.5,120560.6,127932.9,125820.5,129968.4,135069.7,141577.9,148081.4,133687.4,146837.1,164511.6,182364.3,181875.5,184937.2
A,PYP_MEUR,P7_S21,BE,,,,,,,,,,,,,,,,,,,,,,77626.6,81990.9,84788.8,86263.1,98861.5,105772.3,108229.9,107898.1,113401.5,124072.1,136106.6,148382.3,167547.0,170195.4,170442.6,190344.3,204389.2,208851.4,220947.7,213695.1,231033.2,244456.3,256022.0,270336.2,254315.5,284187.3,301714.4,342943.9,346676.5,350103.1
A,PYP_MEUR,P7_S21,BG,,,,,,,,,,,,,,,,,,,,,,,,,,,,,,,,,,,,,,,,16958.9,18045.4,18985.9,18870.7,21168.8,22393.3,21490.9,22256.8,26943.1,33578.8,33350.4,34514.4
A,PYP_MEUR,P7_S21,CY,,,,,,,,,,,,,,,,,,,,,,,,,,,,,,,,,,6006.8,5330.2,5492.3,5246.3,5211.4,5029.2,5372.7,5436.9,6287.5,6933.0,7200.6,7671.6,7251.7,9707.5,12422.7,13292.1,14667.2,15436.5
A,PYP_MEUR,P7_S21,CZ,,,,,,,,,,,,,,,,,,,,,,,,,,,,,,,,,,,,,68357.8,73303.2,74583.6,82105.5,81148.9,85244.0,87581.6,95548.7,99143.9,90151.7,98308.5,109106.9,128924.0,130728.0,133941.3
A,PYP_MEUR,P7_S21,DE,,,,,,,,,,,,,,,,,,,,,,,,,,,,,,,,,,,,,,505812.0,533176.0,551996.0,559146.0,580771.0,592428.0,658493.0,696053.0,633242.0,677630.0,758766.0,897656.0,870529.0,899589.0
A,PYP_MEUR,P7_S21,DK,,,,,,,,,,,,,,,,,,,,,,,,,,,,,,,51051.2,59838.6,65850.2,67629.9,60008.0,55543.7,62768.2,67031.6,70358.7,71977.9,73838.1,77806.5,77563.1,83376.1,88315.5,88800.5,94483.9,104998.5,132130.2,125504.6,132275.1
A,PYP_MEUR,P7_S21,EE,,,,,,,,,,,,,,,,,,,,,,,,,,,,,,,,,,9090.9,6756.3,7959.3,10759.5,12111.5,12794.6,13138.7,12671.4,13311.6,13658.1,14811.5,15623.8,15470.0,18195.5,20922.1,24132.8,23641.5,24848.5
A,PYP_MEUR,P7_S21,EL,,,,,,,,,,,,,,,,,,,,,,,,,,,,,,,,,,,,,,26808.5,25436.7,27663.7,26372.8,27176.5,29029.9,32434.5,34326.6,33223.5,38522.1,43762.1,50195.8,52262.5,55511.4
A,PYP_MEUR,P7_S21,ES,,,,,,,,,,,,,,,,,,,,,,,,,,,,,,,,,,,,,,141098.0,148178.0,160585.0,172901.0,182057.0,187297.0,198398.0,205907.0,180259.0,196094.0,207380.0,273804.0,268837.0,289263.0
A,PYP_MEUR,P7_S21,FI,,,,,,,,,,,,,,,,,,,,,,,,,,,,,,,,,,44902.0,40070.0,39057.0,43081.0,47838.0,45873.0,45134.0,47812.0,49290.0,49771.0,53988.0,56986.0,55147.0,55411.0,63794.0,73523.0,71408.0,72094.0
A,PYP_MEUR,P7_S21,FR,,,,,,,,,,,,,,,,,,,,,,,,,,,,,,,,,,316469.7,289224.5,299612.8,323889.2,341910.4,356424.4,363989.3,378988.7,390216.9,398494.2,419010.6,427927.0,384163.0,410080.9,463179.7,536742.0,519682.1,521110.1
A,PYP_MEUR,P7_S21,HR,,,,,,,,,,,,,,,,,,,,,,,,,,,,,,,,,,,,,,10758.0,13336.6,14194.8,15674.5,16577.9,17855.1,19432.6,21726.9,19159.6,21529.7,27181.6,32588.4,35642.9,36332.2
A,PYP_MEUR,P7_S21,HU,,,,,,,,,,,,,,,,,,,,,,,,,,,,,,,,,,56206.5,48543.3,49433.8,53903.1,55149.2,58303.4,65427.9,66594.5,69904.6,73488.2,79257.8,82839.3,79149.4,82681.9,98086.0,105833.5,104562.6,105832.3
A,PYP_MEUR,P7_S21,IE,,,,,,,,,,,,,,,,,,,,,,,,,,,,,,,,,,,,,,50537.2,56571.0,59180.1,68407.8,78890.7,83310.0,90981.6,100974.3,79095.5,90366.5,119772.6,126231.3,133426.0,142208.4
A,PYP_MEUR,P7_S21,IT,,,,,,,,,,,,,,,,,,,,,,,,,,,,,,,,,,,204470.7,221483.6,231214.4,223694.4,223369.0,232082.7,244284.3,252569.4,266302.2,279193.5,283969.0,252660.0,298386.0,356324.4,390107.3,390360.3,423984.9
A,PYP_MEUR,P7_S21,LT,,,,,,,,,,,,,,,,,,,,,,,,,,,,,,,6775.9,8805.2,11560.4,11413.9,9076.3,9077.5,11412.0,13596.5,15419.0,15520.3,17539.4,17859.3,18763.6,20481.1,22861.2,23277.1,25629.5,30755.9,40230.8,38714.2,41430.7
A,PYP_MEUR,P7_S21,LU,,,,,,,,,,,,,,,,,,,,,,11308.4,12344.7,14141.8,15315.0,18464.4,21529.5,20804.6,21641.5,23025.3,25168.9,29120.5,31452.3,35503.9,32345.8,32833.8,36370.6,41138.4,44505.2,48527.7,51759.1,56683.6,55932.4,60960.9,66688.2,67248.3,74189.5,84288.5,93237.7,81907.2,87363.4
A,PYP_MEUR,P7_S21,LV,,,,,,,,,,,,,,,,,,,,,,,,,,2145.2,3061.6,3239.5,3657.1,4239.6,5280.7,7067.2,9156.5,8476.7,6126.8,6464.3,8700.0,9717.6,10686.0,11334.6,11151.7,11520.1,11915.7,12939.6,13489.3,13805.6,15289.4,19169.8,22482.7,21730.2,23072.1
A,PYP_MEUR,P7_S21,ME,,,,,,,,,,,,,,,,,,,,,,,,,,,,,,,,,1054.2,1120.5,766.5,691.9,752.8,790.7,818.4,941.2,910.2,1221.7,1243.9,1426.5,1508.7,1123.6,1350.3,1718.8,2206.9,2312.3,2229.4
A,PYP_MEUR,P7_S21,MT,,,,,,,,,,,,,,,,,,,,,,,,,,,2001.4,2056.1,2119.0,2122.7,2274.6,2657.1,2878.7,3082.9,2736.5,3200.3,3457.4,3857.0,3778.3,3993.6,5097.1,5774.7,5985.5,7421.4,8331.8,8026.4,8384.4,9987.1,10672.9,11663.0,12511.6
A,PYP_MEUR,P7_S21,NL,,,,,,,,,,,,,,,,,,,,,,106208.7,114050.0,119025.8,122522.9,126546.0,136274.0,139332.0,138319.0,145668.0,151007.0,166457.0,190745.0,190640.0,184644.0,173960.0,193078.0,208407.0,224827.0,227362.0,255522.0,249813.0,264110.0,290888.0,316316.0,299816.0,304610.0,338658.0,419864.0,413461.0,421667.0
A,PYP_MEUR,P7_S21,PL,,,,,,,,,,,,,,,,,,,,,,,,,,,,,,,,,,101298.7,96368.8,96129.7,110291.9,112182.2,120328.1,129848.0,136632.2,147840.2,152806.0,167837.7,176478.2,175428.6,194215.4,217381.3,269731.8,280372.7,295999.1
A,PYP_MEUR,P7_S21,PT,,,,,,,,,,,,,,,,,,,,,,,,,,,,,,,,,,,46422.9,46688.2,44955.8,43452.8,45147.1,49248.3,51534.7,54246.7,57758.9,62741.1,66106.4,58687.1,65468.9,77370.7,90671.8,94552.4,98244.3
A,PYP_MEUR,P7_S21,RO,,,,,,,,,,,,,,,,,,,,,,,,,,,,,,,,,35244.5,37784.0,32491.0,33179.4,39219.7,41088.9,47327.7,48645.7,52759.3,60950.0,62672.4,69639.7,77676.8,69712.2,76505.8,88584.4,104110.0,109319.7,113681.8
A,PYP_MEUR,P7_S21,RS,,,,,,,,,,,,,,,,,,,,,,,,,,,,,,,,,,,,,,10170.9,10560.6,10328.6,10822.0,11795.9,12829.0,14203.0,15639.9,15152.6,16658.3,19761.5,23804.8,26174.1,27455.4
A,PYP_MEUR,P7_S21,SE,,,,,,,,,,,,,,,,,,,,,,,,,,,,,,,,,,,,,,,106784.3,109830.4,112861.6,119532.4,122780.9,129989.9,131673.3,125820.0,136234.2,154563.1,177709.2,178576.4,186318.6
A,PYP_MEUR,P7_S21,SI,,,,,,,,,,,,,,,,,,,,,,,,,,,,,,,,,,18949.9,16743.4,16865.3,18734.9,19266.6,19723.2,20267.3,21532.3,22506.1,24219.9,26548.3,28310.7,25443.2,29324.7,33119.3,38773.4,39547.3,39648.7
A,PYP_MEUR,P7_S21,SK,,,,,,,,,,,,,,,,,,,,,5317.7,6349.8,7993.4,8813.0,8026.4,7154.7,10241.3,11452.0,13036.0,15506.7,17349.0,20582.1,23564.9,26385.0,22947.7,25616.5,28515.0,29990.6,34321.0,36089.1,39157.3,41462.6,42720.5,46509.8,51031.0,45798.3,48422.6,48108.8,58541.3,62941.8,56755.5
A,PYP_MEUR,P7_S21,UK,,,,,,,,,,,,,,,,,,,,,,,,,222371.9,238368.7,285600.8,307171.9,295517.1,287762.8,315465.8,356425.9,334155.8,324810.8,276113.9,272652.5,296652.1,316972.4,347684.6,355454.2,383497.5,420872.4,400731.0,409138.0,414971.0,,,,,,
A,PYP_MEUR,P7_S2111,AT,,,,,,,,,,,,,,,,,,,,,,,,,,,,,,,,,,,,,,96000.0,99554.5,100538.0,103601.1,104742.3,110268.0,115695.2,120454.0,107892.9,118054.4,131985.3,146536.7,146638.6,149778.8
A,PYP_MEUR,P7_S2111,BE,,,,,,,,,,,,,,,,,,,,,,,,,82542.6,94670.2,101347.2,103688.3,103307.9,108512.4,118663.8,130124.4,142026.9,156425.2,157603.2,156445.1,173979.7,187074.6,191419.5,201544.1,193490.7,210068.0,221829.4,232890.8,243885.3,229524.3,256462.0,272364.7,307602.5,311953.2,314393.0
A,PYP_MEUR,P7_S2111,BG,,,,,,,,,,,,,,,,,,,,,,,,,,,,,,,,,,,,,,,,12235.3,12955.3,13497.0,13400.6,15162.2,15832.6,14887.6,15500.0,18923.9,23564.3,23089.2,23851.8
A,PYP_MEUR,P7_S2111,CY,,,,,,,,,,,,,,,,,,,,,,,,,,,,,,,,,,5460.6,4875.5,4985.4,4740.4,4715.8,4595.9,4903.7,4864.5,5765.6,6240.2,6305.8,6695.5,6310.5,8341.7,10600.7,11421.8,12659.3,13323.5
A,PYP_MEUR,P7_S2111,CZ,,,,,,,,,,,,,,,,,,,,,,,,,,,,,,,,,,,,,55061.9,59416.6,59586.5,65228.1,64008.7,67352.1,69068.3,73472.2,76337.7,69916.2,75455.2,83708.0,98167.1,100691.5,103081.0
A,PYP_MEUR,P7_S2111,DE,,,,,,,,,,,,,,,,,,,,,,,,,,,,,,,,,,,,,,384266.0,403944.0,411467.0,411266.0,420961.0,426954.0,470389.0,500955.0,445411.0,473051.0,537635.0,636878.0,613051.0,632431.0
A,PYP_MEUR,P7_S2111,DK,,,,,,,,,,,,,,,,,,,,,,,,,,,,,,,37660.4,44105.2,48302.2,49444.5,43888.6,39822.6,45043.3,48416.1,50961.9,51819.8,53513.7,55954.7,55620.9,60473.7,64047.2,64020.2,67940.3,74954.7,95095.0,90946.7,95751.3
A,PYP_MEUR,P7_S2111,EE,,,,,,,,,,,,,,,,,,,,,,,,,,,,,,,,,,4733.6,3343.4,3899.7,5020.8,5873.5,7843.5,8141.2,8959.2,9420.7,9680.3,10514.2,11086.7,11953.6,14175.5,16361.0,18484.0,17937.2,18979.0
A,PYP_MEUR,P7_S2111,EL,,,,,,,,,,,,,,,,,,,,,,,,,,,,,,,,,,,,,,22480.5,21109.7,22898.6,21551.5,21866.8,23298.8,26104.3,27886.1,27295.8,31001.1,34508.1,40756.1,42511.9,45205.4
A,PYP_MEUR,P7_S2111,ES,,,,,,,,,,,,,,,,,,,,,,,,,,,,,,,,,,,,,,126641.0,131995.0,142222.0,152275.0,159589.0,164610.0,174402.0,180270.0,156836.0,171883.0,180646.0,237737.0,234340.0,252684.0
A,PYP_MEUR,P7_S2111,FI,,,,,,,,,,,,,,,,,,,,,,,,,,,,,,,,,,29698.0,26005.0,24866.0,27133.0,29997.0,28775.0,28500.0,30898.0,32237.0,32167.0,34868.0,36855.0,35617.0,35264.0,40208.0,47438.0,46197.0,46029.0
A,PYP_MEUR,P7_S2111,FR,,,,,,,,,,,,,,,,,,,,,,,,,,,,,,,,,,285368.3,260665.4,266033.3,288925.2,307648.2,320077.9,326039.1,339468.4,348501.5,354489.4,372083.0,378526.2,339351.2,360408.3,409205.9,475337.3,456379.7,457190.4
A,PYP_MEUR,P7_S2111,HR,,,,,,,,,,,,,,,,,,,,,,,,,,,,,,,,,,,,,,8980.4,10853.3,11622.6,12641.1,13373.3,14185.1,15330.1,17088.3,14990.6,16690.5,21222.6,25804.9,28013.5,28846.8
A,PYP_MEUR,P7_S2111,HU,,,,,,,,,,,,,,,,,,,,,,,,,,,,,,,,,,46384.4,39630.9,40283.5,43867.8,45322.5,46872.2,52346.3,52981.1,55963.7,59318.0,63172.3,65913.2,62367.3,67821.3,80188.8,83456.6,82399.6,83222.3
A,PYP_MEUR,P7_S2111,IE,,,,,,,,,,,,,,,,,,,,,,,,,,,,,,,,,,,,,,48230.2,53457.4,56022.9,64415.1,74553.6,78750.1,85513.3,94445.1,71829.6,82349.0,109910.2,115057.5,120392.1,127927.9
A,PYP_MEUR,P7_S2111,IT,,,,,,,,,,,,,,,,,,,,,,,,,,,,,,,,,,,177052.3,192961.2,200727.1,194884.5,194658.3,199907.8,209055.1,216079.3,226866.2,237319.3,240581.3,214098.0,252029.7,302319.6,330063.4,330231.7,351303.5
A,PYP_MEUR,P7_S2111,LT,,,,,,,,,,,,,,,,,,,,,,,,,,,,,,,4819.1,6231.0,8041.4,7791.1,6255.4,6343.5,7996.3,9223.6,10537.5,10608.0,12075.8,12129.4,12794.6,13843.9,15491.5,15712.6,17700.0,20377.1,27658.3,25981.3,28430.5
A,PYP_MEUR,P7_S2111,LU,,,,,,,,,,,,,,,,,,,,,,11029.6,12000.8,13699.4,14789.4,17842.9,20670.9,20165.2,21007.4,22303.7,24354.9,28095.5,30221.3,33831.5,31081.2,31491.4,34772.6,39169.9,42263.8,45982.7,48679.7,53084.4,51995.3,56543.6,62098.0,62199.2,68182.6,78307.8,86761.6,76259.4,81339.4
A,PYP_MEUR,P7_S2111,LV,,,,,,,,,,,,,,,,,,,,,,,,,,1659.1,2400.2,2541.0,2840.9,3272.3,4092.0,5435.9,7141.9,6588.5,4746.0,5067.7,6821.1,7631.2,8307.4,8699.3,8525.8,8745.8,9266.4,10018.4,10430.0,10511.0,11732.8,14833.8,17549.8,16849.9,17904.3
A,PYP_MEUR,P7_S2111,ME,,,,,,,,,,,,,,,,,,,,,,,,,,,,,,,,,863.5,941.7,645.0,598.7,636.8,672.1,675.7,689.6,652.4,904.6,895.4,1019.1,1070.3,785.9,995.2,1466.4,1872.0,1977.9,1885.4
A,PYP_MEUR,P7_S2111,MT,,,,,,,,,,,,,,,,,,,,,,,,,,,1852.6,1901.4,1959.9,1959.9,2093.1,2447.0,2640.0,2816.9,2489.0,2918.8,3146.7,3502.5,3410.1,3590.0,4559.6,5136.3,5258.7,6489.8,7384.6,6949.3,6751.4,8546.7,9119.4,9735.9,10524.0
A,PYP_MEUR,P7_S2111,NL,,,,,,,,,,,,,,,,,,,,,,99020.9,104818.0,109845.3,112899.6,113262.0,123578.0,128898.0,129352.0,133653.0,137776.0,151490.0,168053.0,166283.0,158259.0,148622.0,163938.0,174847.0,187268.0,192140.0,219672.0,214684.0,224371.0,245564.0,266275.0,254747.0,258841.0,286978.0,356692.0,351191.0,357429.0
A,PYP_MEUR,P7_S2111,PL,,,,,,,,,,,,,,,,,,,,,,,,,,,,,,,,,,86427.6,82338.2,81545.0,93087.1,94373.9,101204.6,109166.9,115016.6,124300.1,128619.8,141062.5,148198.5,147930.9,163970.7,182150.6,223735.5,229967.2,243474.2
A,PYP_MEUR,P7_S2111,PT,,,,,,,,,,,,,,,,,,,,,,,,,,,,,,,,,,,44018.8,44272.1,42539.9,40999.8,42571.1,46491.5,48579.1,50996.3,54469.8,59016.9,61970.6,54648.2,60745.7,71968.2,84287.1,88094.7,91411.8
A,PYP_MEUR,P7_S2111,RO,,,,,,,,,,,,,,,,,,,,,,,,,,,,,,,,,26002.2,27238.7,22779.3,23175.6,27253.4,28536.6,33428.5,33971.3,37467.1,43491.5,44300.6,49094.9,53142.5,50469.3,55186.5,61769.5,75884.8,79144.7,81720.1
A,PYP_MEUR,P7_S2111,RS,,,,,,,,,,,,,,,,,,,,,,,,,,,,,,,,,,,,,,6865.5,7185.6,7100.9,7568.3,8361.8,9123.8,10164.5,10961.2,10578.2,12009.2,14032.5,16623.8,18382.7,19182.8
A,PYP_MEUR,P7_S2111,SE,,,,,,,,,,,,,,,,,,,,,,,,,,,,,,,,,,,,,,,83401.8,86108.1,88011.4,93268.1,95990.5,101223.6,103259.3,99149.1,107444.7,122336.1,140573.9,140615.5,147050.0
A,PYP_MEUR,P7_S2111,SI,,,,,,,,,,,,,,,,,,,,,,,,,,,,,,,,,,15521.9,14556.5,14554.0,16085.9,16544.4,16802.0,17152.8,18157.2,19023.1,20443.9,22352.7,23781.2,21154.9,24459.5,27458.4,32261.9,33105.2,32939.1
A,PYP_MEUR,P7_S2111,SK,,,,,,,,,,,,,,,,,,,,,2559.7,3384.5,4753.9,5775.7,5438.2,4884.3,6923.3,7728.9,8839.9,10223.7,11045.1,12792.8,14511.3,16304.3,13544.0,15235.3,16911.8,18158.7,19461.2,20345.3,22120.3,24344.0,25007.9,27139.0,27429.1,26933.5,29312.9,27013.7,32010.0,34509.4,31020.1
A,PYP_MEUR,P7_S2111,UK,,,,,,,,,,,,,,,,,,,,,,,,,205311.7,219165.4,262538.6,282930.5,270483.3,261555.8,282698.3,315121.4,298291.1,286635.3,242368.3,236744.3,254555.6,271766.8,301721.6,310007.5,334677.2,368217.5,348081.7,352449.6,355665.7,,,,,,
A,PYP_MEUR,P7_S2112,AT,,,,,,,,,,,,,,,,,,,,,,,,,,,,,,,,,,,,,,18593.5,21006.1,27394.9,22219.4,25226.1,24801.7,25882.7,27627.4,25794.5,28782.8,32526.4,35827.6,35236.9,35158.4
A,PYP_MEUR,P7_S2112,BE,,,,,,,,,,,,,,,,,,,,,,,,,3720.5,4191.3,4425.1,4541.6,4590.2,4889.1,5408.3,5982.2,6355.4,11121.8,12592.2,13997.5,16364.6,17314.7,17431.9,19403.7,20204.4,20965.2,22626.9,23131.2,26450.8,24791.2,27725.3,29349.7,35341.4,34723.3,35710.1
A,PYP_MEUR,P7_S2112,BG,,,,,,,,,,,,,,,,,,,,,,,,,,,,,,,,,,,,,,,,4723.6,5090.1,5488.9,5470.1,6006.7,6560.8,6603.3,6756.8,8019.1,10014.5,10261.2,10662.6
A,PYP_MEUR,P7_S2112,CY,,,,,,,,,,,,,,,,,,,,,,,,,,,,,,,,,,546.2,454.7,506.9,505.9,495.6,433.2,469.1,572.4,521.9,692.8,894.7,976.1,941.2,1365.8,1822.0,1870.3,2007.9,2113.0
A,PYP_MEUR,P7_S2112,CZ,,,,,,,,,,,,,,,,,,,,,,,,,,,,,,,,,,,,,13295.9,13886.6,14997.1,16877.4,17140.2,17891.9,18513.3,22076.5,22806.2,20235.6,22853.3,25398.9,30756.8,30036.5,30860.3
A,PYP_MEUR,P7_S2112,DE,,,,,,,,,,,,,,,,,,,,,,,,,,,,,,,,,,,,,,121546.0,129232.0,140529.0,147880.0,159810.0,165474.0,188104.0,195098.0,187831.0,204579.0,221131.0,260778.0,257478.0,267158.0
A,PYP_MEUR,P7_S2112,DK,,,,,,,,,,,,,,,,,,,,,,,,,,,,,,,13390.8,15733.4,17548.0,18185.4,16119.5,15721.1,17724.8,18615.5,19396.8,20158.1,20324.3,21851.8,21942.2,22902.4,24268.3,24780.4,26543.6,30043.8,37035.1,34557.9,36523.8
A,PYP_MEUR,P7_S2112,EE,,,,,,,,,,,,,,,,,,,,,,,,,,,,,,,,,,4357.2,3412.8,4059.7,5738.8,6238.0,4951.1,4997.5,3712.2,3890.8,3977.8,4297.4,4537.1,3516.4,4020.0,4561.1,5648.8,5704.4,5869.5
A,PYP_MEUR,P7_S2112,EL,,,,,,,,,,,,,,,,,,,,,,,,,,,,,,,,,,,,,,4328.0,4327.1,4765.1,4821.3,5309.6,5731.1,6330.2,6440.4,5927.7,7521.0,9254.0,9439.7,9750.6,10306.0
A,PYP_MEUR,P7_S2112,ES,,,,,,,,,,,,,,,,,,,,,,,,,,,,,,,,,,,,,,14457.0,16183.0,18363.0,20626.0,22468.0,22687.0,23996.0,25637.0,23423.0,24211.0,26734.0,36067.0,34497.0,36579.0
A,PYP_MEUR,P7_S2112,FI,,,,,,,,,,,,,,,,,,,,,,,,,,,,,,,,,,15204.0,14065.0,14192.0,15948.0,17842.0,17097.0,16634.0,16914.0,17054.0,17603.0,19120.0,20131.0,19530.0,20147.0,23586.0,26085.0,25211.0,26065.0
A,PYP_MEUR,P7_S2112,FR,,,,,,,,,,,,,,,,,,,,,,,,,,,,,,,,,,31101.4,28559.1,33579.5,34964.0,34262.2,36346.5,37950.2,39520.3,41715.4,44004.8,46927.6,49400.8,44811.8,49672.6,53973.8,61404.7,63302.4,63919.7
A,PYP_MEUR,P7_S2112,HR,,,,,,,,,,,,,,,,,,,,,,,,,,,,,,,,,,,,,,1777.6,2483.4,2572.2,3033.5,3204.5,3670.0,4102.5,4638.6,4169.0,4839.2,5959.1,6783.5,7629.4,7485.3
A,PYP_MEUR,P7_S2112,HU,,,,,,,,,,,,,,,,,,,,,,,,,,,,,,,,,,9822.1,8912.4,9150.4,10035.4,9826.6,11431.3,13081.6,13613.5,13940.9,14170.2,16085.6,16926.1,16782.1,14860.6,17897.2,22377.0,22163.0,22610.0
A,PYP_MEUR,P7_S2112,IE,,,,,,,,,,,,,,,,,,,,,,,,,,,,,,,,,,,,,,2307.0,3113.6,3157.1,3992.7,4337.1,4559.9,5468.3,6529.2,7265.9,8017.5,9862.4,11173.8,13033.9,14280.5
A,PYP_MEUR,P7_S2112,IT,,,,,,,,,,,,,,,,,,,,,,,,,,,,,,,,,,,27418.4,28522.5,30487.4,28809.9,28710.7,32174.9,35229.3,36490.1,39435.9,41874.1,43387.7,38562.0,46356.3,54004.8,60043.9,60128.6,72681.3
A,PYP_MEUR,P7_S2112,LT,,,,,,,,,,,,,,,,,,,,,,,,,,,,,,,1956.8,2574.2,3519.0,3622.8,2820.9,2734.0,3415.7,4372.9,4881.5,4912.4,5463.6,5729.8,5969.0,6637.2,7369.6,7564.5,7929.4,10378.8,12572.5,12732.9,13000.2
A,PYP_MEUR,P7_S2112,LU,,,,,,,,,,,,,,,,,,,,,,278.8,343.9,442.4,525.6,621.6,858.6,639.4,634.1,721.5,814.0,1025.0,1231.0,1672.4,1264.6,1342.3,1598.0,1968.5,2241.4,2545.1,3079.4,3599.2,3937.1,4417.3,4590.2,5049.1,6006.9,5980.7,6476.0,5647.8,6024.0
A,PYP_MEUR,P7_S2112,LV,,,,,,,,,,,,,,,,,,,,,,,,,,486.1,661.4,698.5,816.2,967.3,1188.7,1631.3,2014.6,1888.3,1380.8,1396.6,1878.9,2086.4,2378.5,2635.3,2625.8,2774.4,2649.3,2921.1,3059.3,3294.7,3556.6,4336.0,4932.9,4880.3,5167.8
A,PYP_MEUR,P7_S2112,ME,,,,,,,,,,,,,,,,,,,,,,,,,,,,,,,,,190.7,178.8,121.5,93.3,116.1,118.6,142.7,251.6,257.8,317.2,348.5,407.4,438.4,337.7,355.1,252.4,334.9,334.4,344.0
A,PYP_MEUR,P7_S2112,MT,,,,,,,,,,,,,,,,,,,,,,,,,,,148.7,154.7,159.1,162.8,181.6,210.0,238.7,266.0,247.5,281.5,310.7,354.5,368.2,403.6,537.4,638.4,726.8,931.7,947.2,1077.0,1633.0,1440.4,1553.5,1927.1,1987.5
A,PYP_MEUR,P7_S2112,NL,,,,,,,,,,,,,,,,,,,,,,7187.8,9232.0,9180.4,9623.3,13284.0,12696.0,10434.0,8967.0,12015.0,13231.0,14967.0,22692.0,24357.0,26385.0,25338.0,29140.0,33560.0,37559.0,35222.0,35850.0,35129.0,39739.0,45324.0,50041.0,45069.0,45769.0,51680.0,63172.0,62270.0,64238.0
A,PYP_MEUR,P7_S2112,PL,,,,,,,,,,,,,,,,,,,,,,,,,,,,,,,,,,14871.2,14030.6,14584.8,17204.8,17808.3,19123.5,20681.1,21615.6,23540.1,24186.1,26775.2,28279.7,27497.7,30244.7,35230.7,45996.2,50405.5,52525.0
A,PYP_MEUR,P7_S2112,PT,,,,,,,,,,,,,,,,,,,,,,,,,,,,,,,,,,,2404.1,2416.1,2415.9,2452.9,2576.0,2756.8,2955.6,3250.4,3289.1,3724.2,4135.8,4038.9,4723.2,5402.5,6384.7,6457.8,6832.5
A,PYP_MEUR,P7_S2112,RO,,,,,,,,,,,,,,,,,,,,,,,,,,,,,,,,,9242.4,10545.3,9711.7,10003.8,11966.3,12552.3,13899.2,14674.4,15292.2,17458.5,18371.8,20544.8,24534.3,19242.9,21319.3,26815.0,28225.3,30175.0,31961.7
A,PYP_MEUR,P7_S2112,RS,,,,,,,,,,,,,,,,,,,,,,,,,,,,,,,,,,,,,,3305.3,3375.0,3227.7,3253.7,3434.1,3705.1,4038.4,4678.6,4574.5,4649.1,5729.1,7181.0,7791.4,8272.5
A,PYP_MEUR,P7_S2112,SE,,,,,,,,,,,,,,,,,,,,,,,,,,,,,,,,,,,,,,,23382.5,23722.3,24850.2,26264.3,26790.4,28766.3,28414.1,26670.9,28789.5,32227.1,37135.3,37960.9,39268.6
A,PYP_MEUR,P7_S2112,SI,,,,,,,,,,,,,,,,,,,,,,,,,,,,,,,,,,3428.1,2186.9,2311.3,2649.0,2722.1,2921.2,3114.5,3375.1,3483.0,3775.9,4195.6,4529.5,4288.3,4865.2,5661.0,6511.4,6442.0,6709.7
A,PYP_MEUR,P7_S2112,SK,,,,,,,,,,,,,,,,,,,,,2757.9,2965.3,3239.6,3037.3,2588.2,2270.3,3318.1,3723.1,4196.2,5283.0,6303.8,7789.2,9053.7,10080.7,9403.7,10381.3,11603.2,11831.9,14859.8,15743.9,17037.1,17118.6,17712.6,19370.8,23602.0,18864.7,19109.7,21095.1,26531.3,28432.4,25735.5
A,PYP_MEUR,P7_S2112,UK,,,,,,,,,,,,,,,,,,,,,,,,,17060.2,19203.3,23062.3,24241.4,25033.8,26207.0,32767.5,41304.5,35864.6,38175.5,33745.7,35908.1,42096.4,45205.6,45963.0,45446.6,48820.3,52654.9,52649.2,56688.4,59305.3,,,,,,
A,PYP_MEUR,P7_S212,BE,,,,,,,,,,,,,,,,,,,,,,51.5,5.9,4.3,79.0,48.6,65.5,70.1,27.7,79.7,22.6,26.3,86.6,127.3,137.2,143.9,159.3,108.3,182.8,210.2,245.6,263.9,254.3,244.3,261.9,240.1,229.8,327.0,325.4,355.6,
A,PYP_MEUR,P7_S212,CY,,,,,,,,,,,,,,,,,,,,,,,,,,,,,,,,,,0.0,-0.1,4.7,-2.0,-2.1,-11.1,-6.4,-15.7,-16.0,-9.2,-8.1,3.6,8.0,4.8,12.0,-4.9,-10.9,-11.5
A,PYP_MEUR,P7_S212,EE,,,,,,,,,,,,,,,,,,,,,,,,,,,,,,,,,,0.0,0.7,0.0,0.2,5.4,9.4,13.1,13.8,14.0,8.3,5.6,4.5,6.4,6.4,4.0,6.4,8.9,9.4
A,PYP_MEUR,P7_S212,FI,,,,,,,,,,,,,,,,,,,,,,,,,,,,,,,,,,,,,,,21.0,23.0,46.0,3.0,30.0,24.0,49.0,44.0,28.0,13.0,0.0,17.0,51.0
A,PYP_MEUR,P7_S212,IT,,,,,,,,,,,,,,,,,,,,,,,,,,,,,,,,,,,2.0,4.9,1.0,4.8,187.9,256.2,123.1,77.4,58.8,90.9,83.2,77.9,80.2,68.0,100.5,111.4,127.8
A,PYP_MEUR,P7_S212,LT,,,,,,,,,,,,,,,,,,,,,,,,,,,,,,,18.5,20.6,31.8,26.6,61.8,52.9,51.4,76.8,71.8,71.3,42.7,52.7,46.6,51.3,40.3,40.6,32.0,30.5,24.3,28.1,24.4
A,PYP_MEUR,P7_S212,LU,,,,,,,,,,,,,,,,,,,,,,2.1,7.5,4.0,24.7,33.3,34.6,14.3,2.8,3.6,3.1,3.3,3.7,5.9,6.9,5.6,13.2,8.6,9.1,10.6,14.1,22.4,16.4,18.1,14.4,16.8,15.4,15.3,8.1,5.6,5.9
A,PYP_MEUR,P7_S212,LV,,,,,,,,,,,,,,,,,,,,,,,,,,0.0,0.0,0.0,0.0,0.0,0.0,0.0,0.0,0.0,1.5,1.2,1.1,1.1,2.1,23.7,23.9,21.0,19.2,19.4,19.0,14.8,11.8,11.6,6.9,1.7,5.6
A,PYP_MEUR,P7_S212,ME,,,,,,,,,,,,,,,,,,,,,,,,,,,,,,,,,0.0,0.0,0.0,0.0,0.0,0.0,0.0,0.0,0.0,0.0,0.0,0.0,0.1,0.2,0.1,0.4,0.0,0.0,0.0
A,PYP_MEUR,P7_S212,NL,,,,,,,,,,,,,,,,,,,,,,4.2,4.1,4.0,4.0,4.0,4.0,4.0,4.0,4.0,4.0,4.0,4.0,4.0,4.0,4.0,4.0,4.0,4.0,4.0,4.0,4.0,4.0,4.0,4.0,4.0,4.0,4.0,4.0,4.0,4.0
A,PYP_MEUR,P7_S212,RO,,,,,,,,,,,,,,,,,,,,,,,,,,,,,,,,,0.0,0.3,1.2,19.5,28.7,47.8,71.0,31.0,24.2,15.3,20.6,97.0,70.8,82.1,65.0,11.2,5.4,27.3,149.7
A,PYP_MEUR,P7_S212,SE,,,,,,,,,,,,,,,,,,,,0.0,0.0,0.0,0.0,0.0,0.0,0.0,0.0,0.0,0.0,0.0,0.0,0.0,0.0,0.0,2.0,1.2,0.4,0.0,3.5,1.8,1.6,1.2,3.2,2.3,2.7,8.9,6.8,6.5,20.9,6.0,10.2
A,PYP_MEUR,P7_S212,SI,,,,,,,,,,,,,,,,,,,,,,,,,,,,,,,,,,3.8,12.1,10.2,10.1,9.1,10.8,16.4,17.5,20.5,22.1,18.9,12.2,9.2,9.7,4.0,1.0,3.0,-1.7
A,PYP_MEUR,P7_S22,AT,,,,,,,,,,,,,,,,,,,,,,,,,,,,,,,,,,,,,,45525.2,43785.1,41101.4,47433.7,46461.4,48034.0,56192.3,58537.9,53494.7,62766.2,74744.7,84794.2,81906.5,82171.0
A,PYP_MEUR,P7_S22,BE,,,,,,,,,,,,,,,,,,,,,,53179.0,56102.0,57914.0,58299.1,67107.6,71528.2,73322.1,73014.3,76957.2,84457.1,92881.5,101406.0,97000.6,82000.2,83225.4,95101.5,98572.1,102678.3,106294.3,120399.7,114658.0,114172.3,122697.0,125077.3,114620.4,122661.9,157821.8,158698.9,147472.5,143045.0
A,PYP_MEUR,P7_S22,BG,,,,,,,,,,,,,,,,,,,,,,,,,,,,,,,,,,,,,,,,11848.8,11557.6,11292.9,11964.0,13563.0,14928.3,14241.9,14681.8,21908.3,22466.3,23525.3,25227.2
A,PYP_MEUR,P7_S22,CY,,,,,,,,,,,,,,,,,,,,,,,,,,,,,,,,,,5523.9,4785.5,5695.4,5856.1,5727.6,5589.2,6215.0,6822.8,7008.3,7959.2,8518.0,9790.1,10810.9,11971.1,16297.7,17018.8,17455.4,18364.3
A,PYP_MEUR,P7_S22,CZ,,,,,,,,,,,,,,,,,,,,,,,,,,,,,,,,,,,,,36947.1,40371.3,40734.8,41339.6,46029.1,44196.9,46217.0,49897.0,51227.0,48531.5,54519.5,65077.4,74089.3,72956.1,76959.8
A,PYP_MEUR,P7_S22,DE,,,,,,,,,,,,,,,,,,,,,,,,,,,,,,,,,,,,,,500580.0,510920.0,512894.0,545947.0,545605.0,551177.0,575487.0,605456.0,560300.0,598024.0,722565.0,799984.0,765617.0,789088.0
A,PYP_MEUR,P7_S22,DK,,,,,,,,,,,,,,,,,,,,,,,,,,,,,,,35663.5,42333.9,45895.1,51359.9,47635.4,44224.5,52440.2,55272.9,56791.9,59532.9,59891.0,62181.6,62923.0,68681.4,72467.4,68088.2,74418.2,88253.0,106718.6,109511.2,105324.9
A,PYP_MEUR,P7_S22,EE,,,,,,,,,,,,,,,,,,,,,,,,,,,,,,,,,,1896.9,1350.4,1619.7,2107.7,2667.1,2724.9,2818.2,2747.4,2838.1,2942.2,3399.2,3723.1,4149.1,5634.3,5795.5,5562.2,5930.9,6699.6
A,PYP_MEUR,P7_S22,EL,,,,,,,,,,,,,,,,,,,,,,,,,,,,,,,,,,,,,,32776.2,34463.3,34423.9,38231.7,32078.8,31678.0,36888.8,41084.5,37212.9,37862.1,54023.2,71770.6,62224.3,55873.7
A,PYP_MEUR,P7_S22,ES,,,,,,,,,,,,,,,,,,,,,,,,,,,,,,,,,,,,,,151888.0,154041.0,156138.0,156619.0,155867.0,167498.0,181659.0,188788.0,156864.0,179984.0,228754.0,259775.0,255119.0,267893.0
A,PYP_MEUR,P7_S22,FI,,,,,,,,,,,,,,,,,,,,,,,,,,,,,,,,,,33931.0,26499.0,26711.0,30953.0,31611.0,35375.0,33990.0,31709.0,31061.0,32130.0,35839.0,37966.0,34300.0,35566.0,44564.0,46177.0,44387.0,44543.0
A,PYP_MEUR,P7_S22,FR,,,,,,,,,,,,,,,,,,,,,,,,,,,,,,,,,,258390.5,254117.6,253690.9,283901.9,300851.0,315228.1,326389.3,337947.9,336690.3,343872.0,363132.2,385622.8,331754.4,349943.7,425706.9,504736.1,490305.9,506746.5
A,PYP_MEUR,P7_S22,HR,,,,,,,,,,,,,,,,,,,,,,,,,,,,,,,,,,,,,,6993.5,5340.8,5011.6,5035.0,5331.3,5646.5,6629.4,6544.0,5730.8,7178.7,11714.8,10101.4,11313.2,12028.3
A,PYP_MEUR,P7_S22,HU,,,,,,,,,,,,,,,,,,,,,,,,,,,,,,,,,,28093.0,25079.6,24115.2,25450.7,24471.6,25093.3,24203.8,24793.9,23321.7,24934.8,28657.3,34341.1,32880.5,31722.0,38949.0,49133.3,45446.1,43832.7
A,PYP_MEUR,P7_S22,IE,,,,,,,,,,,,,,,,,,,,,,,,,,,,,,,,,,,,,,93226.4,109337.0,129110.5,187354.1,231467.1,234521.6,225623.7,352910.0,381662.1,321921.7,368142.7,396775.0,422226.7,466115.0
A,PYP_MEUR,P7_S22,IT,,,,,,,,,,,,,,,,,,,,,,,,,,,,,,,,,,,186644.5,184112.7,202140.7,201115.1,204030.4,202269.8,205018.0,201901.1,196128.8,213734.9,216309.4,185397.5,189850.9,249539.6,333700.7,283472.9,266543.4
A,PYP_MEUR,P7_S22,LT,,,,,,,,,,,,,,,,,,,,,,,,,,,,,,,5396.2,6147.6,6350.6,9402.2,7055.0,7747.0,9703.2,11292.1,12019.9,11046.6,10640.6,9249.9,10150.4,11456.5,12565.7,10428.6,12325.9,17392.0,16558.2,16144.9,17234.1
A,PYP_MEUR,P7_S22,LU,,,,,,,,,,,,,,,,,,,,,,3316.1,4397.1,5289.5,6869.0,7949.7,9108.4,8498.4,7994.9,9058.2,11184.6,14854.0,16967.1,17539.4,15208.7,18746.5,22906.9,21657.4,24973.4,28070.8,30715.8,32799.2,33171.1,35956.9,39798.4,44245.3,50982.6,51757.4,53764.9,49476.7,52772.6
A,PYP_MEUR,P7_S22,LV,,,,,,,,,,,,,,,,,,,,,,,,,,1101.3,1402.8,1417.2,1647.6,1911.5,2155.6,2549.9,3155.4,3119.4,2675.0,2964.2,3469.1,3879.4,4053.0,3868.3,4150.7,4259.6,4414.8,4924.0,4998.8,4540.7,5311.8,5663.8,5751.8,5339.5,5484.5
A,PYP_MEUR,P7_S22,ME,,,,,,,,,,,,,,,,,,,,,,,,,,,,,,,,,1361.8,1585.8,1314.2,1186.7,1198.2,1268.4,1280.4,1161.7,1261.0,1395.9,1460.4,1602.7,1687.9,1398.2,1613.0,2080.7,2559.4,2739.0,2958.1
A,PYP_MEUR,P7_S22,MT,,,,,,,,,,,,,,,,,,,,,,,,,,,1683.7,1727.3,1779.3,1791.3,1935.5,2253.3,2466.6,2657.4,2382.1,2765.9,3025.3,3335.5,3395.3,3458.5,4871.9,4965.2,5897.2,6646.8,7509.0,8356.5,8279.2,10090.2,9836.9,10657.2,11458.4
A,PYP_MEUR,P7_S22,NL,,,,,,,,,,,,,,,,,,,,,,77012.3,86446.7,94671.2,104603.7,126229.0,138192.0,132486.0,132178.0,139714.0,153721.0,170824.0,183087.0,187205.0,178689.0,191703.0,215966.0,241015.0,248007.0,258887.0,295298.0,271878.0,278851.0,299096.0,310113.0,299585.0,312896.0,374979.0,417227.0,401580.0,399133.0
A,PYP_MEUR,P7_S22,PL,,,,,,,,,,,,,,,,,,,,,,,,,,,,,,,,,,43994.0,41279.0,42302.2,50704.2,55575.9,56429.4,60398.8,61102.9,62268.6,67773.0,78716.5,84706.3,81739.8,95431.7,117827.9,125728.9,129224.8,135792.0
A,PYP_MEUR,P7_S22,PT,,,,,,,,,,,,,,,,,,,,,,,,,,,,,,,,,,,19731.2,17998.9,18596.6,20255.3,22315.0,21754.9,23396.5,21154.7,21103.8,23128.4,26626.2,23042.7,23128.8,29400.9,38834.2,35598.1,34315.0
A,PYP_MEUR,P7_S22,RO,,,,,,,,,,,,,,,,,,,,,,,,,,,,,,,,,15458.9,17274.6,12806.0,12764.2,14703.4,14631.1,14662.1,15375.3,15675.8,17859.1,18499.3,21309.8,23278.8,24650.4,27740.9,33517.0,35359.0,38340.0,40471.9
A,PYP_MEUR,P7_S22,RS,,,,,,,,,,,,,,,,,,,,,,,,,,,,,,,,,,,,,,6298.0,7352.4,8067.3,8184.8,8055.9,8737.3,10569.2,12302.3,11923.4,14620.4,19187.0,20765.8,22084.4,24834.9
A,PYP_MEUR,P7_S22,SE,,,,,,,,,,,,,,,,,,,,,,,,,,,,,,,,,,,,,,,67878.9,72397.7,73165.6,73795.1,73428.7,78532.1,79546.8,71735.2,81619.6,101210.8,109474.0,108864.0,113927.0
A,PYP_MEUR,P7_S22,SI,,,,,,,,,,,,,,,,,,,,,,,,,,,,,,,,,,6323.9,4434.1,4793.7,5408.8,5503.1,5916.4,6040.8,5862.1,6042.3,6690.7,7604.3,8351.1,7682.0,8812.3,11272.5,11365.2,11699.1,11805.6
A,PYP_MEUR,P7_S22,SK,,,,,,,,,,,,,,,,,,,,,2626.8,3403.2,3703.2,3346.1,3053.7,3455.7,4551.6,4831.1,5018.5,7682.2,10977.8,14961.8,18280.4,22443.6,21201.7,26073.1,28965.7,31907.2,32316.1,32297.3,32967.7,33171.2,33901.6,36201.2,35649.0,34205.2,39232.4,48670.9,48039.3,51004.6,59014.7
A,PYP_MEUR,P7_S22,UK,,,,,,,,,,,,,,,,,,,,,,,,,169945.2,199740.4,229413.6,222191.1,222279.5,216722.8,231600.5,261604.3,280304.5,279751.3,260532.7,252602.9,277741.8,300618.7,331775.7,322128.7,341273.0,369121.3,350026.8,355698.3,382885.9,,,,,,
A,PYP_MNAC,P6,AL,,,,,,,,,,,,,,,,,,,,,,38190.4,31753.3,45216.4,76389.6,103756.9,116400.1,124472.9,142926.4,167406.6,203659.9,216388.2,262062.4,260125.2,286320.2,344157.2,369994.5,381439.0,391810.5,389723.3,384790.1,420715.1,482012.7,511399.7,529563.6,382793.0,567736.1,680194.7,868043.0,909323.7,
A,PYP_MNAC,P6,AT,,,,,,,,,,,,,,,,,,,,,58255.1,61969.5,69413.4,75367.5,80145.8,91080.3,97933.8,102610.2,103301.1,112292.6,121152.2,132889.5,146476.7,152501.3,133949.6,147316.2,160685.9,169715.7,173076.9,178031.9,183167.3,188125.7,196482.7,209814.7,222084.2,197983.8,215165.9,248773.0,274306.6,273066.0,275911.8
A,PYP_MNAC,P6,BA,,,,,,,,,,,,,,,,,,,,,,,,,,,2736.2,2653.1,3024.5,3562.2,4172.4,5097.6,5918.8,6180.8,6633.8,7064.1,7882.1,8412.5,9149.7,9412.1,10208.7,11110.0,12152.5,13757.7,14322.2,12201.6,15062.2,18739.2,21761.8,21577.1,
A,PYP_MNAC,P6,BE,,,,,,,,,,,,,,,,,,,,,,132829.5,143572.1,151195.2,156524.0,175835.1,186701.6,195823.0,196677.4,206154.0,222062.6,243433.5,263308.2,273923.4,252325.9,263422.8,288718.4,301990.4,311408.7,327962.8,333321.9,343496.0,359955.6,375714.8,394862.3,374083.8,421088.8,467384.8,492095.8,489953.3,488624.1
A,PYP_MNAC,P6,BG,,,,,,,,,,,,,,,,,,,,,,274.1,580.8,3986.4,4668.5,4534.4,5271.6,6015.8,6239.8,8027.3,9411.8,11007.4,15403.1,17417.8,17256.0,17540.9,21590.3,24881.8,27955.2,27981.9,29571.7,31728.3,32921.1,35780.3,38389.4,35567.4,38976.5,49449.9,60237.2,59650.3,57799.5
A,PYP_MNAC,P6,CH,,,,,,,,,,,,,,,,,,,,,,171950.8,198138.6,203692.6,209356.9,235091.9,242269.6,237336.6,230477.5,255537.8,274767.9,301239.7,351755.0,381654.9,358401.3,397665.2,426349.2,429158.5,502467.2,454102.7,456482.7,455113.3,452293.5,473856.7,480911.1,459296.0,512746.5,575151.4,598201.4,596595.7,637260.3
A,PYP_MNAC,P6,CY,,,,,,,,,,,,,,,,,,,,,,5455.1,5601.0,6130.6,6375.2,7084.2,7543.1,7514.7,7197.0,7656.5,8126.6,8445.0,9008.3,9273.8,9077.2,9674.9,10482.9,10553.9,10897.7,11753.9,12559.2,13471.1,14873.5,16080.8,17666.9,18018.3,22659.1,29713.0,30523.4,33169.1,35335.3
A,PYP_MNAC,P6,CZ,,,,,,,,,,,,,,,,,,,,,,657973.0,750315.0,869789.0,953794.0,1105755.0,1255830.0,1271544.0,1317873.0,1710901.0,2075827.0,2321065.0,2543313.0,2658646.0,2294944.0,2645338.0,2856834.0,3000183.0,3101105.0,3425918.0,3772089.0,3876033.0,4051493.0,4164440.0,4194522.0,3885629.0,4271317.0,4679261.0,5224630.0,5319359.0,5765250.0
A,PYP_MNAC,P6,DE,,,,,,,,,,,,,,,,,,373758.0,348963.0,376412.0,403311.0,431690.0,481789.0,522447.0,545339.0,613932.0,666794.0,697823.0,704905.0,778633.0,829162.0,935993.0,1026388.0,1049044.0,906503.0,1009024.0,1114501.0,1173516.0,1200547.0,1246631.0,1304952.0,1340752.0,1381750.0,1442619.0,1489522.0,1355628.0,1487313.0,1626689.0,1794605.0,1775440.0,1785689.0
A,PYP_MNAC,P6,DK,,,,,,,,,,,,,,,,,,,,,375991.7,397165.6,421490.4,450566.1,490756.5,550135.6,615066.0,651984.7,636765.7,648904.2,714040.6,831142.9,885225.9,930604.0,887201.3,837457.9,985455.8,1012344.3,1057135.1,1095120.3,1120941.9,1174638.7,1183718.1,1253101.8,1334915.7,1271641.6,1379553.5,1611268.8,2159183.7,2069822.3,2141373.5
A,PYP_MNAC,P6,EA,,,,,,,,,,,,,,,,,,,,,,1626776.4,1814266.4,1939476.1,2026684.7,2289693.8,2508224.8,2575448.1,2577794.7,2754846.1,2916627.5,3224377.7,3537755.1,3627874.2,3311391.4,3541283.4,3895302.3,4117291.8,4292956.7,4479913.1,4776187.1,4937728.9,5142761.6,5417460.8,5686014.5,5232412.7,5755606.0,6538611.5,7331887.4,7417194.5,7640007.5
A,PYP_MNAC,P6,EA12,,,,,,,,,,,,,,,,,,,,,,1642161.1,1834066.4,1960457.1,2052068.2,2321756.7,2508224.8,2575448.1,2577794.7,2754846.1,2916627.5,3224377.7,3514506.9,3588172.7,3231984.5,3451214.8,3781115.1,3991793.4,4160665.3,4328445.5,4590655.6,4744819.1,4937128.1,5193429.7,5446952.3,5001111.1,5497810.1,6244089.5,6965186.8,7033952.6,7243148.9
A,PYP_MNAC,P6,EA19,,,,,,,,,,,,,,,,,,,,,,1671873.6,1868786.0,1998934.0,2090389.8,2362623.9,2557843.4,2629973.1,2636953.0,2822468.8,2996028.1,3320066.5,3626146.6,3712286.4,3344812.2,3577254.8,3926579.0,4155463.4,4334659.4,4506975.8,4776187.1,4937728.9,5142761.6,5417460.8,5686014.5,5232412.7,5755606.0,6538611.5,7292231.6,7374916.6,7596527.5
A,PYP_MNAC,P6,EA20,,,,,,,,,,,,,,,,,,,,,,1677459.0,1874987.1,2005526.0,2097169.4,2370243.0,2566947.6,2640071.6,2647960.2,2834306.1,3008955.4,3334541.0,3642153.7,3728572.1,3359871.4,3593126.6,3943275.6,4172613.5,4352477.0,4525944.1,4796893.3,4959851.1,5166481.6,5442903.9,5713843.2,5254039.5,5783397.7,6575534.6,7331887.4,7417194.5,7640007.5
A,PYP_MNAC,P6,EA21,,,,,,,,,,,,,,,,,,,,,,1683560.5,1880091.6,2009649.1,2101806.4,2374777.5,2572241.1,2646111.0,2654221.2,2842361.5,3018379.4,3345548.6,3657556.8,3745989.9,3377127.4,3610667.6,3964866.0,4197495.3,4380432.1,4553926.0,4826465.0,4991579.4,5199402.7,5478684.2,5752232.6,5289606.9,5822374.1,6624984.6,7392124.6,7476844.9,7697807.0
A,PYP_MNAC,P6,EE,,,,,,,,,,,,,,,,,,,,,1883.2,1934.4,2828.5,3642.2,3773.5,3515.0,4044.3,4400.4,4994.8,5862.9,7161.8,8129.8,9667.6,10359.2,8792.4,10684.3,13737.4,15140.2,15878.1,16414.8,16165.4,16746.4,17556.8,18591.5,20244.1,19661.1,23465.8,26410.3,28836.6,29381.5,31647.4
A,PYP_MNAC,P6,EL,,,,,,,,,,,,,,,,,,,,,,13679.8,17754.4,19047.9,24637.2,30652.4,33078.8,31650.0,32300.4,38160.5,39815.5,43107.4,48574.2,52120.4,45002.6,45897.2,48851.8,52544.8,54792.5,58489.0,60246.1,56220.0,58963.6,67387.4,73150.7,57494.5,65533.9,78912.3,104113.5,99453.7,101339.6
A,PYP_MNAC,P6,ES,,,,,,,,,,,,,,,,,,,,,,110694.0,129048.0,144307.0,156936.0,173450.0,192437.0,198211.0,206136.0,214415.0,222366.0,242317.0,272488.0,276840.0,253522.0,268775.0,301032.0,317040.0,338163.0,351095.0,360151.0,381514.0,398202.0,415126.0,432354.0,347355.0,390276.0,476380.0,557672.0,584271.0,611878.0
A,PYP_MNAC,P6,EU27_2020,,,,,,,,,,,,,,,,,,,,,,1886985.9,2112405.7,2264515.2,2371527.6,2681152.2,2913621.3,3002420.9,3030534.7,3247721.5,3471996.2,3877849.3,4255709.0,4389513.7,3979104.2,4222397.6,4675337.1,4945676.5,5166294.0,5374095.2,5678823.7,5896704.7,6130325.9,6479420.3,6811286.0,6301777.9,6927277.5,7893605.5,8925955.1,9005114.7,9280331.1
A,PYP_MNAC,P6,FI,,,,,,9314.0,10976.0,11687.0,12894.0,14602.0,15863.0,16720.0,16614.0,17525.0,18651.0,20053.0,18554.0,20401.0,25267.0,30470.0,33590.0,37277.0,42277.0,45574.0,50217.0,55412.0,58393.0,59801.0,57524.0,61585.0,65565.0,72834.0,81167.0,87398.0,69681.0,69627.0,73738.0,77203.0,78924.0,76443.0,75952.0,78359.0,83101.0,87232.0,97005.0,88646.0,90728.0,103713.0,121503.0,118813.0,119597.0
A,PYP_MNAC,P6,FR,43610.6,50275.2,59269.6,68848.1,78232.0,88051.2,103166.0,114646.7,135791.5,160942.3,177882.7,181729.4,177891.5,190178.0,216090.2,233450.8,244452.3,256962.1,252459.5,267654.7,289881.6,298997.1,339365.7,372930.7,385295.9,427666.4,451170.1,459634.1,447262.4,463780.6,486902.3,522760.7,549228.2,562520.2,520281.9,543817.2,591692.1,625215.4,650409.1,666437.5,692058.9,712436.9,733959.9,768380.1,791452.9,667375.6,737015.6,856019.7,995792.6,998515.0,1002219.8
A,PYP_MNAC,P6,HR,,,,,,,,,,,,,,,,,,,,,,5010.2,5599.3,6087.1,6424.9,7660.4,9232.9,10028.1,10829.6,11891.1,12862.5,14217.7,15561.4,15860.0,14438.4,15462.2,16152.8,16932.7,17787.3,19079.3,20980.7,22354.7,23716.2,25204.0,27399.1,21292.4,27806.0,36893.2,39658.0,42277.9,43480.0
A,PYP_MNAC,P6,HU,,,,,,,,,,,,,,,,,,,,,,2500305.0,3665808.0,4888676.0,6181207.0,8093600.0,9687848.0,10552344.0,10755128.0,12710332.0,14166937.0,16868729.0,20849177.0,21365106.0,19258116.0,21867474.0,23715270.0,24140354.0,25911274.0,28295711.0,30671619.0,31751936.0,33294820.0,35412292.0,38304759.0,36475249.0,41253640.0,48858387.0,60305008.0,60909435.0,61424003.0
A,PYP_MNAC,P6,IE,,,,,,,,,,,,,,,,,,,,,,45259.4,52961.2,65713.0,78519.4,97225.0,116753.6,123787.4,120920.9,125358.7,132642.1,143636.9,159157.2,153245.5,165283.8,168083.1,178192.3,175836.4,202749.2,229830.0,321907.1,363251.8,395718.9,415434.3,468713.7,542043.7,603838.4,685227.1,697918.0,777770.5,853300.3
A,PYP_MNAC,P6,IS,,,,,,,,,,,,,,,,,,,,,,174338.4,185248.3,193520.8,210266.8,219277.7,243328.0,306945.7,305957.4,309632.2,337709.8,307679.3,460693.4,471389.0,691581.7,798334.8,895899.5,993258.4,1075891.8,1087905.5,1163522.0,1345468.1,1267925.3,1249760.6,1282788.8,954069.8,1144941.5,1569308.8,1915637.6,1880818.1,1963109.3
A,PYP_MNAC,P6,IT,,,,,,,,,,,,,,,,,,,,,,247504.1,260145.8,270531.8,271222.4,305472.2,326654.4,324981.6,325490.1,344992.5,359995.1,397522.8,431702.9,427347.5,361192.9,393659.8,423057.7,448314.7,458102.1,468435.6,486887.4,496081.1,517330.8,536985.3,554501.5,481809.1,547297.0,631038.0,700014.2,710957.1,720850.3
A,PYP_MNAC,P6,LT,,,,,,,,,,,,,,,,,,,,,,3632.5,5052.2,5475.5,4138.4,4702.2,6393.3,7513.8,7850.0,8253.0,10649.2,13047.5,14157.5,16722.3,16245.5,16211.7,20533.1,25300.1,28035.6,27062.7,27077.9,26951.7,29842.0,33245.1,37683.0,37850.7,42447.4,50417.3,56590.1,57897.8,60879.8
A,PYP_MNAC,P6,LU,,,,,,,,,,,,,,,,,,,,,,16905.8,19650.5,23437.1,25933.8,31240.6,36115.5,34878.3,35054.9,38059.1,42939.3,52598.8,60265.1,63622.8,59933.2,63632.7,72020.9,76339.6,84689.8,92237.1,99530.8,109378.1,107169.2,116074.5,125880.4,131389.6,146815.7,159801.8,171523.4,156762.1,166986.0
A,PYP_MNAC,P6,LV,,,,,,,,,,,,,,,,,,,,,1188.9,1664.0,2133.6,2243.3,2210.1,2513.5,2745.7,2978.9,3198.0,3929.5,5340.4,6308.1,7787.9,8896.0,8381.7,9112.8,10833.8,12935.4,13560.0,14640.7,14931.1,15441.4,16150.7,17415.5,17879.0,18435.2,19976.8,24032.4,26005.5,26136.4,26388.0
A,PYP_MNAC,P6,ME,,,,,,,,,,,,,,,,,,,,,,,,,,,,,,,,,1143.9,1175.6,1071.2,1084.8,1319.1,1327.5,1370.8,1370.2,1473.4,1575.7,1634.1,1886.9,2115.7,1146.5,1949.2,2533.4,3327.9,3342.4,3188.8
A,PYP_MNAC,P6,MK,,,,,,,,,,,,,,,,,,,,,,,,,,,70293.5,70112.9,68237.6,87084.3,101669.7,120390.5,143991.6,156828.1,154423.9,168228.1,202078.8,223014.8,224669.0,253695.0,272798.9,297162.8,326499.1,384506.3,434424.8,385033.1,441860.0,527981.3,576237.3,584448.9,631053.7
A,PYP_MNAC,P6,MT,,,,,,,,,,,,,,,,,,,,,,,,,,,3264.6,3624.0,3505.8,3609.7,3742.7,4698.6,5134.7,5574.9,5021.1,5995.0,6707.2,7368.7,7717.4,8423.6,10758.9,12010.7,14261.0,16548.4,18086.0,18860.9,19510.2,22119.8,24265.2,26633.2,28659.8
A,PYP_MNAC,P6,NL,,,,,,,,,,,,,,,,,,,,,,198127.0,218803.0,239394.0,256933.0,284041.0,304814.0,307692.0,307728.0,330022.0,351713.0,388981.0,422080.0,435065.0,413939.0,425771.0,470866.0,511480.0,539598.0,562468.0,598513.0,598779.0,623059.0,671058.0,704267.0,680843.0,708803.0,804773.0,929801.0,917287.0,947737.0
A,PYP_MNAC,P6,NO,60696.0,68212.0,70708.0,81937.0,88266.0,108257.0,135857.0,154207.0,175155.0,197275.0,225999.0,237613.0,194111.0,210566.0,234116.0,279095.0,308393.0,319242.0,306818.0,339943.0,347442.0,388221.0,447967.0,462938.0,440306.0,505130.0,719890.0,700683.0,630885.0,651773.0,739201.0,862600.0,1000526.0,1028839.0,1164560.0,981031.0,1048409.0,1203720.0,1221484.0,1290580.0,1318336.0,1221446.0,1147108.0,1213501.0,1410236.0,1300221.0,1193791.0,1963097.0,3209608.0,2604461.0,2666733.0
A,PYP_MNAC,P6,PL,,,,,,,,,,,,,,,,,,,,,,88131.0,106946.0,139304.0,153574.0,200870.0,209718.0,222736.0,266048.0,295852.0,351396.0,395290.0,445347.0,489584.0,456747.0,573131.0,619648.0,687773.0,750298.0,790770.0,842698.0,929880.0,1015902.0,1101965.0,1181612.0,1204330.0,1391397.0,1630499.0,2005320.0,2016347.0,1991780.0
A,PYP_MNAC,P6,PT,,,,,,,,,,,,,,,,,,,,,,25323.6,26903.9,29972.5,31577.5,34334.7,37015.2,38614.2,40631.5,41367.6,42241.0,48346.0,53687.3,54546.7,50356.5,52292.8,57778.2,62541.9,68161.5,70398.2,73931.5,76410.0,81524.0,87565.6,93132.7,76365.6,83926.8,105378.7,125829.6,131600.5,133269.1
A,PYP_MNAC,P6,RO,,,,,,,,,,,,,,,,,,,,,,2069.3,3349.4,7075.5,9140.6,11967.4,19949.4,30453.3,39614.8,53041.0,68789.8,78667.1,102651.3,119656.4,133170.3,159738.9,191718.8,209115.0,267819.7,275902.1,290155.4,342774.9,343798.6,379498.8,419564.9,387037.7,442939.2,527561.8,594359.2,608705.8,650904.8
A,PYP_MNAC,P6,RS,,,,,,,,,,,,,,,,,,,,,,6872.3,19855.0,26589.7,21122.8,27651.1,58744.2,214142.6,283752.6,329374.8,454866.6,558824.4,666430.9,775240.2,731962.0,939868.5,1107684.6,1226374.1,1612343.9,1712618.7,1909133.9,2161788.9,2354393.8,2600102.9,2760317.8,2648440.3,3200439.9,4028121.2,4654784.8,5108500.7,5517727.5
A,PYP_MNAC,P6,SE,,,,,,,,,,,,,,,,,,,,575395.0,663732.0,741863.0,805120.0,874930.0,925134.0,1017707.0,1047161.0,1092133.0,1116998.0,1211898.0,1292461.0,1437264.0,1549333.0,1596555.0,1425042.0,1604281.0,1701814.0,1694424.0,1667706.0,1689826.0,1810244.0,1906023.0,1948346.0,2096927.0,2347634.0,2293144.0,2476658.0,2728313.0,3239980.0,3479411.0,3620219.0
A,PYP_MNAC,P6,SI,,,,,,,,,,,,,,,,,,,,,,4941.2,6255.6,7095.7,7437.7,8554.8,10130.9,11794.9,12710.3,14767.5,16939.2,19872.4,23243.9,24810.8,20991.8,22912.2,24939.5,26229.9,27166.3,28591.3,30120.5,31818.4,34859.4,37956.0,40644.6,37157.9,41749.3,46790.1,52622.6,54690.7,54718.3
A,PYP_MNAC,P6,SK,,,,,,,,,,,,,,,,,,,,,9862.3,10434.3,12395.2,12854.3,13421.2,14363.2,18721.0,21099.3,25479.3,31336.8,35923.1,44849.7,52420.3,54263.0,45987.9,51486.5,58320.3,66205.7,70631.9,71616.0,73918.5,76470.1,78090.1,84193.7,86858.5,81317.5,87987.4,95039.2,108201.5,113055.3,115739.0
A,PYP_MNAC,P6,UA,,,,,,,,,,,,,,,,,,,,,,,,,,,103972.0,114851.0,129807.0,178839.0,184297.0,205710.0,251414.0,327827.0,334449.0,405646.0,521424.0,611047.0,616283.0,539763.0,669608.0,1026918.0,1222100.0,1415285.0,1728075.0,1544589.0,1498662.0,1285341.0,1746538.0,2068984.0,
A,PYP_MNAC,P6,UK,,,,,,,,,,,,,,,,,,,,,,,,,247576.0,271096.0,282176.0,289902.0,294420.0,314542.0,338227.0,393518.0,393088.0,393646.0,393785.0,432554.0,486479.0,513161.0,517707.0,533043.0,540030.0,537711.0,593708.0,641742.0,679186.0,,,,,,
A,PYP_MNAC,P6,XK,,,,,,,,,,,,,,,,,,,,,,,,,,,,,,,,,,,727.3,884.9,1120.0,1159.9,1159.0,1240.3,1275.9,1406.2,1726.5,1894.7,2084.7,1466.6,2596.8,3160.7,3684.6,4199.2,4653.9
A,PYP_MNAC,P6_S21,AT,,,,,,,,,,,,,,,,,,,,,,,,,,,,,,,,,,,,,,122763.4,124834.6,134142.8,129579.1,134105.0,144765.4,152857.8,159615.3,140885.5,160583.0,178527.6,200818.4,198755.8,195538.8
A,PYP_MNAC,P6_S21,BE,,,,,,,,,,,,,,,,,,,,,,88068.6,95158.1,100125.3,103568.5,116379.3,123271.5,129535.3,130179.3,136526.1,146918.9,161360.7,174428.5,182328.8,166674.0,167206.3,180004.0,186281.4,191268.8,200493.2,205448.4,210219.6,220901.8,234436.5,249139.6,236296.1,259039.4,279536.7,300139.6,304166.4,313789.9
A,PYP_MNAC,P6_S21,BG,,,,,,,,,,,,,,,,,,,,,,,,,,,,,,,,,,,,,,,,17025.2,18639.9,20233.6,20574.5,23538.6,25129.9,22666.9,24564.3,30974.9,36853.9,36803.0,35634.2
A,PYP_MNAC,P6_S21,CY,,,,,,,,,,,,,,,,,,,,,,,,,,,,,,,,,,3455.4,3177.7,3418.4,3662.8,3356.1,3478.0,4017.0,4039.4,4220.7,4839.6,5257.7,6892.8,7033.6,8954.2,11709.1,11460.0,12819.8,13662.9
A,PYP_MNAC,P6_S21,CZ,,,,,,,,,,,,,,,,,,,,,,,,,,,,,,,,,,,,,2251538.0,2270627.0,2347979.0,2630535.0,2884418.0,2951417.0,3071546.0,3152376.0,3172690.0,2949059.0,3240138.0,3606364.0,4032072.0,3989571.0,4299576.0
A,PYP_MNAC,P6_S21,DE,,,,,,,,,,,,,,,,,,,,,,,,,,,,,,,,,,,,,,550313.0,561329.0,587913.0,613152.0,640714.0,663609.0,704952.0,738969.0,663473.0,726520.0,789699.0,888399.0,889400.0,919090.0
A,PYP_MNAC,P6_S21,DK,,,,,,,,,,,,,,,,,,,,,,,,,,,,,,,387318.0,441567.9,467528.8,482366.1,447567.9,416214.5,472481.2,466657.2,501887.0,515159.3,521004.4,552692.0,550206.7,566486.6,595688.2,564443.4,611414.5,705985.9,970495.7,880421.9,919422.7
A,PYP_MNAC,P6_S21,EE,,,,,,,,,,,,,,,,,,,,,,,,,,,,,,,,,,7488.0,6460.1,7738.7,9592.1,10217.0,11440.9,12085.0,12318.4,12625.0,13072.0,13957.1,14683.4,13342.6,16032.0,18581.0,21052.4,20882.2,22861.9
A,PYP_MNAC,P6_S21,EL,,,,,,,,,,,,,,,,,,,,,,,,,,,,,,,,,,,,,,20908.0,22732.9,25049.3,25878.7,25862.0,26255.3,30119.0,32517.4,26770.5,32252.9,39271.0,49868.4,46846.5,50558.0
A,PYP_MNAC,P6_S21,ES,,,,,,,,,,,,,,,,,,,,,,,,,,,,,,,,,,,,,,175207.0,186906.0,194971.0,200715.0,214830.0,226348.0,236517.0,246480.0,206145.0,237512.0,285727.0,335982.0,350386.0,365920.0
A,PYP_MNAC,P6_S21,FI,,,,,,,,,,,,,,,,,,,,,,,,,,,,,,,,,,41617.0,32038.0,31327.0,34539.0,35902.0,38044.0,36364.0,37309.0,39464.0,42407.0,44488.0,50789.0,44947.0,47315.0,55241.0,66462.0,64653.0,64842.0
A,PYP_MNAC,P6_S21,FR,,,,,,,,,,,,,,,,,,,,,,,,,,,,,,,,,,296425.6,269365.1,278162.6,303270.4,311660.3,327429.1,333318.7,341104.5,354183.2,358481.2,380370.2,392345.9,344542.7,378796.9,432968.9,521775.5,512713.9,511288.6
A,PYP_MNAC,P6_S21,HR,,,,,,,,,,,,,,,,,,,,,,,,,,,,,,,,,,,,,,11074.0,11931.5,12959.2,14538.9,15527.7,16224.9,17499.9,18937.7,15078.7,19904.8,26248.7,27560.3,28581.1,29569.4
A,PYP_MNAC,P6_S21,HU,,,,,,,,,,,,,,,,,,,,,,,,,,,,,,,,,,15631256.0,14024311.0,15719315.0,17210194.0,17754240.0,18525473.0,21062030.0,21969098.0,23508577.0,24961260.0,26578503.0,28965605.0,27713651.0,30843299.0,36937013.0,45110200.0,44629219.0,46191168.0
A,PYP_MNAC,P6_S21,IE,,,,,,,,,,,,,,,,,,,,,,,,,,,,,,,,,,,,,,74770.6,79519.3,86120.9,101372.0,110624.5,111201.5,133332.5,140147.9,166693.5,201896.7,238285.6,236352.2,254086.3,259417.5
A,PYP_MNAC,P6_S21,IT,,,,,,,,,,,,,,,,,,,,,,,,,,,,,,,,,,,188735.0,201445.0,212894.0,215356.7,214801.6,223603.2,234329.6,242045.6,254183.9,269201.3,279845.2,247734.4,286702.3,331382.7,375619.4,373807.6,390527.6
A,PYP_MNAC,P6_S21,LT,,,,,,,,,,,,,,,,,,,,,,,,,,,,,,,6137.4,7420.4,8378.0,9383.8,9839.2,9227.9,11859.7,14018.5,15157.1,15502.2,17025.7,16779.6,18399.5,20872.0,23731.0,24236.2,27560.9,34285.3,38687.7,40537.4,43497.9
A,PYP_MNAC,P6_S21,LU,,,,,,,,,,,,,,,,,,,,,,12579.5,14240.4,16735.2,18417.1,22065.4,25289.6,25438.8,25799.5,27988.0,30646.6,36409.4,41096.6,43485.4,41309.0,40071.5,44928.5,49695.6,54508.6,58158.4,61557.1,68724.1,65872.1,72126.6,77948.9,81674.4,91026.6,100612.4,109754.3,101103.7,107697.6
A,PYP_MNAC,P6_S21,LV,,,,,,,,,,,,,,,,,,,,,,,,,,1166.0,1375.9,1555.8,1720.6,2196.3,3196.4,3815.2,4704.8,5383.7,5146.3,5358.0,6654.9,7724.6,8142.9,9137.0,9490.8,9946.5,10162.1,11227.8,12000.3,12028.2,13465.2,15969.7,17603.9,17713.1,18455.1
A,PYP_MNAC,P6_S21,ME,,,,,,,,,,,,,,,,,,,,,,,,,,,,,,,,,557.0,485.2,386.5,414.9,493.7,386.0,367.5,388.1,403.5,437.6,452.1,614.9,663.4,423.1,574.9,897.4,1155.5,1100.3,1028.0
A,PYP_MNAC,P6_S21,MT,,,,,,,,,,,,,,,,,,,,,,,,,,,1957.1,2180.3,2103.3,2168.4,2244.8,2819.1,3089.1,3344.6,3018.1,3602.8,4019.6,4426.9,4645.4,5063.0,6439.1,7269.2,8519.2,10047.2,11045.2,12081.2,12208.4,13025.7,15435.7,16780.6,18509.6
A,PYP_MNAC,P6_S21,NL,,,,,,,,,,,,,,,,,,,,,,133081.0,144886.0,158925.0,170289.0,185701.0,199522.0,197477.0,196262.0,214813.0,226406.0,251507.0,273571.0,284180.0,268080.0,266749.0,298373.0,316968.0,334580.0,346464.0,358714.0,363889.0,380015.0,418005.0,434014.0,406000.0,432865.0,501721.0,579137.0,560001.0,580358.0
A,PYP_MNAC,P6_S21,PL,,,,,,,,,,,,,,,,,,,,,,,,,,,,,,,,,,352151.0,333143.0,413939.0,440151.0,474286.0,511137.0,554043.0,600575.0,660980.0,720029.0,788651.0,841553.0,863288.0,1013257.0,1220025.0,1441647.0,1445723.0,1432902.0
A,PYP_MNAC,P6_S21,PT,,,,,,,,,,,,,,,,,,,,,,,,,,,,,,,,,,,32108.4,34409.3,37362.4,38826.6,41421.9,43098.2,45886.5,48546.8,51565.4,56923.3,60387.6,51676.5,57285.3,69544.6,80886.5,85907.9,87020.1
A,PYP_MNAC,P6_S21,RO,,,,,,,,,,,,,,,,,,,,,,,,,,,,,,,,,72603.0,84277.9,97545.6,113166.4,134860.9,147062.5,188953.3,197829.5,215401.4,258349.1,262467.4,294276.5,326000.1,283041.1,319052.1,371475.3,419927.8,434188.1,462506.8
A,PYP_MNAC,P6_S21,RS,,,,,,,,,,,,,,,,,,,,,,,,,,,,,,,,,,,,,,700015.5,943917.3,1025612.7,1127942.7,1298152.6,1403873.4,1582803.2,1704159.8,1645060.2,1909087.7,2400370.3,2756319.5,2960778.1,3157661.5
A,PYP_MNAC,P6_S21,SE,,,,,,,,,,,,,,,,,,,,,,,,,,,,,,,,,,,,,,,850916.5,860418.5,908450.7,979244.4,998409.5,1069716.7,1165494.1,1137453.7,1254167.3,1388124.1,1699711.3,1824767.7,1879979.2
A,PYP_MNAC,P6_S21,SI,,,,,,,,,,,,,,,,,,,,,,,,,,,,,,,,,,17133.3,15585.1,17107.7,18720.3,19280.5,19985.2,21392.6,22597.2,23775.5,26327.4,28979.5,31030.1,28035.9,31732.5,35611.2,39491.4,40651.0,40932.5
A,PYP_MNAC,P6_S21,SK,,,,,,,,,,,,,,,,,,,,,8231.8,8686.8,10393.7,11262.9,11850.1,12695.0,16573.2,18485.8,21494.5,26390.9,30371.1,37379.9,43084.5,43899.8,37495.3,41733.9,47446.1,52951.1,55306.7,56539.6,58776.0,60885.6,62698.9,67698.6,69926.5,65500.5,72351.3,78944.7,86350.5,92519.8,89541.2
A,PYP_MNAC,P6_S21,UK,,,,,,,,,,,,,,,,,,,,,,,,,135969.0,146553.0,154919.0,159732.0,154903.0,162958.0,174805.0,216117.0,198872.0,194166.0,192786.0,205901.0,229127.0,235328.0,232538.0,239891.0,241073.0,234690.0,262322.0,286800.0,289089.0,,,,,,
A,PYP_MNAC,P6_S2111,AT,,,,,,,,,,,,,,,,,,,,,,,,,,,,,,,,,,,,,,100271.2,101927.8,101415.5,105560.3,107725.3,118788.6,125718.6,130272.8,115907.6,132786.4,146119.2,164984.4,163367.9,158290.3
A,PYP_MNAC,P6_S2111,BE,,,,,,,,,,,,,,,,,,,,,,,,,94716.4,106436.2,112671.3,118453.0,119058.3,124879.8,134353.6,147629.1,159560.8,164922.4,151259.9,151361.8,162148.2,167505.1,171340.9,178865.6,182293.1,185703.8,194887.6,207605.2,219012.6,206304.6,227332.4,242889.9,259539.4,263116.1,270443.8
A,PYP_MNAC,P6_S2111,BG,,,,,,,,,,,,,,,,,,,,,,,,,,,,,,,,,,,,,,,,11874.1,12643.6,13705.0,13958.4,15940.8,16874.7,16191.7,17435.8,22786.0,26990.7,26978.0,25730.2
A,PYP_MNAC,P6_S2111,CY,,,,,,,,,,,,,,,,,,,,,,,,,,,,,,,,,,2297.6,2169.4,2291.6,2526.5,2339.3,2964.1,2938.1,3284.0,3411.9,3999.5,4276.5,5799.3,6242.1,7396.2,9437.9,9127.3,10213.7,10882.1
A,PYP_MNAC,P6_S2111,CZ,,,,,,,,,,,,,,,,,,,,,,,,,,,,,,,,,,,,,1882537.0,1882682.0,1936253.0,2147202.0,2369107.0,2414445.0,2515126.0,2572146.0,2587523.0,2410891.0,2629661.0,2941533.0,3269661.0,3214408.0,3466137.0
A,PYP_MNAC,P6_S2111,DE,,,,,,,,,,,,,,,,,,,,,,,,,,,,,,,,,,,,,,418503.0,424267.0,436082.0,451821.0,469985.0,486862.0,514134.0,539328.0,479695.0,527365.0,575478.0,651640.0,649029.0,667494.0
A,PYP_MNAC,P6_S2111,DK,,,,,,,,,,,,,,,,,,,,,,,,,,,,,,,274701.4,306063.2,318311.0,331074.4,306945.5,281803.4,318490.0,310682.3,343632.2,356736.8,361309.6,382548.8,379684.6,391229.8,412194.0,403180.0,433288.9,505647.6,707531.4,641188.0,660768.9
A,PYP_MNAC,P6_S2111,EE,,,,,,,,,,,,,,,,,,,,,,,,,,,,,,,,,,3752.7,3464.5,3928.5,4722.2,4914.1,6799.1,7102.4,8028.4,8170.6,8835.3,9590.7,10587.4,9813.3,12084.8,14090.3,16242.1,16239.4,17697.4
A,PYP_MNAC,P6_S2111,EL,,,,,,,,,,,,,,,,,,,,,,,,,,,,,,,,,,,,,,16542.8,17771.8,19692.4,20786.3,20520.7,20885.7,23752.3,25790.6,21125.6,25324.9,29574.6,38509.3,36056.9,38202.9
A,PYP_MNAC,P6_S2111,ES,,,,,,,,,,,,,,,,,,,,,,,,,,,,,,,,,,,,,,158380.0,168243.0,175417.0,179331.0,192411.0,202084.0,211863.0,219966.0,185418.0,213612.0,257097.0,300445.0,312470.0,325255.0
A,PYP_MNAC,P6_S2111,FI,,,,,,,,,,,,,,,,,,,,,,,,,,,,,,,,,,27893.0,20809.0,20168.0,21525.0,23109.0,24171.0,23143.0,24276.0,25055.0,27619.0,28105.0,33410.0,29101.0,30477.0,35052.0,43124.0,42494.0,42405.0
A,PYP_MNAC,P6_S2111,FR,,,,,,,,,,,,,,,,,,,,,,,,,,,,,,,,,,264686.1,241934.0,249216.9,271439.1,279397.6,291971.9,296532.2,302130.9,314152.0,317463.3,336058.4,346442.3,301623.0,331683.2,377997.1,463926.5,447931.8,447007.6
A,PYP_MNAC,P6_S2111,HR,,,,,,,,,,,,,,,,,,,,,,,,,,,,,,,,,,,,,,9692.8,10384.1,11187.2,12543.2,13285.0,13630.0,14762.7,15777.9,12076.6,15749.9,20542.9,22520.9,23150.1,24050.6
A,PYP_MNAC,P6_S2111,HU,,,,,,,,,,,,,,,,,,,,,,,,,,,,,,,,,,12472388.0,11199170.0,12614863.0,13652510.0,14031127.0,14561216.0,16679529.0,17194639.0,18405808.0,19708570.0,20802607.0,22586906.0,21709733.0,24580044.0,29739518.0,35683624.0,34718494.0,35987756.0
A,PYP_MNAC,P6_S2111,IE,,,,,,,,,,,,,,,,,,,,,,,,,,,,,,,,,,,,,,66450.0,70141.2,76350.2,88226.3,95199.8,95170.6,115954.7,120941.5,145389.3,176253.8,209659.6,206078.0,220880.1,223316.2
A,PYP_MNAC,P6_S2111,IT,,,,,,,,,,,,,,,,,,,,,,,,,,,,,,,,,,,159545.0,170478.5,180192.6,182340.5,181094.7,187806.3,195581.9,202986.4,211668.6,225638.8,233687.8,206204.9,238628.8,275864.7,312163.1,310582.8,314911.6
A,PYP_MNAC,P6_S2111,LT,,,,,,,,,,,,,,,,,,,,,,,,,,,,,,,4641.4,5498.6,6252.3,6881.4,7249.0,6719.0,8990.2,10708.2,11088.6,10925.4,11881.1,11602.7,13020.8,14831.5,17357.0,17961.2,19907.4,25214.5,28677.1,29964.5,31996.1
A,PYP_MNAC,P6_S2111,LU,,,,,,,,,,,,,,,,,,,,,,11937.5,13466.2,15726.7,17438.2,20887.0,23901.5,23920.0,24186.6,26277.1,28724.0,33970.6,38126.9,40433.5,38538.7,37224.2,41680.1,45881.2,50212.4,53520.1,56478.8,63045.6,60323.8,65967.3,71266.1,74556.0,83188.9,92399.8,101003.5,93279.8,99363.4
A,PYP_MNAC,P6_S2111,LV,,,,,,,,,,,,,,,,,,,,,,,,,,820.6,961.8,1089.0,1183.5,1502.0,2291.1,2985.7,3611.6,4174.5,4006.5,4086.5,4997.6,5720.9,5969.4,6863.0,7127.5,7423.1,7454.1,8217.0,9025.3,8972.9,10285.8,12303.0,13644.4,13505.7,14205.1
A,PYP_MNAC,P6_S2111,ME,,,,,,,,,,,,,,,,,,,,,,,,,,,,,,,,,382.5,383.8,286.3,277.8,285.2,227.3,270.9,253.9,289.3,278.9,288.7,377.0,403.1,275.9,403.9,653.5,868.4,792.9,766.1
A,PYP_MNAC,P6_S2111,MT,,,,,,,,,,,,,,,,,,,,,,,,,,,1805.1,2011.2,1939.4,1994.3,2057.3,2581.9,2825.1,3043.9,2736.9,3273.4,3653.2,4026.3,4207.1,4566.5,5775.0,6517.3,7615.4,8994.3,9827.4,10940.1,11018.8,11695.7,13970.0,15143.0,16814.7
A,PYP_MNAC,P6_S2111,NL,,,,,,,,,,,,,,,,,,,,,,123978.0,133671.0,146275.0,155549.0,169135.0,183008.0,181003.0,181528.0,193031.0,201954.0,231539.0,237498.0,245742.0,234888.0,235929.0,263993.0,278581.0,288552.0,296854.0,304107.0,306790.0,324120.0,357825.0,371135.0,345232.0,366800.0,430382.0,495517.0,477920.0,493926.0
A,PYP_MNAC,P6_S2111,PL,,,,,,,,,,,,,,,,,,,,,,,,,,,,,,,,,,278747.0,268052.0,328935.0,348375.0,373501.0,401474.0,434310.0,468084.0,513732.0,561789.0,616529.0,659358.0,679597.0,801471.0,950707.0,1156774.0,1151885.0,1137375.0
A,PYP_MNAC,P6_S2111,PT,,,,,,,,,,,,,,,,,,,,,,,,,,,,,,,,,,,29935.4,32079.0,34742.2,35735.3,38280.5,39876.8,42665.0,44944.1,47694.9,52861.7,56117.4,47796.4,52912.7,64156.1,74729.0,79209.9,79976.8
A,PYP_MNAC,P6_S2111,RO,,,,,,,,,,,,,,,,,,,,,,,,,,,,,,,,,53589.6,62622.8,73759.4,84316.5,99011.2,107299.4,139980.3,146574.1,159240.3,191438.6,195881.7,217841.6,239243.2,223387.4,246969.6,281344.9,327263.9,337656.9,359390.1
A,PYP_MNAC,P6_S2111,RS,,,,,,,,,,,,,,,,,,,,,,,,,,,,,,,,,,,,,,548855.4,742092.3,818089.4,893989.5,1009388.2,1056555.8,1152814.7,1237861.4,1147878.1,1346117.7,1682643.0,1878036.6,2083165.4,2258912.3
A,PYP_MNAC,P6_S2111,SE,,,,,,,,,,,,,,,,,,,,,,,,,,,,,,,,,,,,,,,675247.3,680845.0,714335.4,769507.6,785398.3,840316.7,912691.7,875807.5,955705.4,1058171.1,1316946.7,1421811.5,1444210.3
A,PYP_MNAC,P6_S2111,SI,,,,,,,,,,,,,,,,,,,,,,,,,,,,,,,,,,12837.5,13149.8,14273.6,15600.6,16080.7,16632.0,17806.1,18809.7,19731.6,21968.6,24193.5,25922.1,23204.8,26259.1,29547.0,32469.8,33070.6,33131.2
A,PYP_MNAC,P6_S2111,SK,,,,,,,,,,,,,,,,,,,,,3701.9,4304.3,5830.6,7062.4,7784.7,8287.9,10883.6,12373.3,15059.9,17825.1,19569.6,23730.3,27335.0,26805.5,22757.0,24778.5,27400.9,30175.1,31663.0,33342.7,35053.0,37143.1,38394.7,41974.1,43448.1,40743.2,43108.4,45626.8,50115.5,52854.9,51291.5
A,PYP_MNAC,P6_S2111,UK,,,,,,,,,,,,,,,,,,,,,,,,,123671.0,133015.0,140763.0,144750.0,140128.0,146807.0,157325.0,192663.0,177869.0,173156.0,171888.0,182151.0,202920.0,209103.0,205246.0,210838.0,212599.0,206568.0,232543.0,253774.0,255687.0,,,,,,
A,PYP_MNAC,P6_S2112,AT,,,,,,,,,,,,,,,,,,,,,,,,,,,,,,,,,,,,,,22492.2,22906.8,32727.3,24018.7,26379.7,25976.8,27139.1,29342.5,24977.9,27796.7,32408.4,35833.9,35387.9,37248.5
A,PYP_MNAC,P6_S2112,BE,,,,,,,,,,,,,,,,,,,,,,,,,8852.1,9943.1,10600.2,11082.3,11121.0,11646.3,12565.3,13731.6,14867.7,17406.4,15414.1,15844.5,17855.9,18776.3,19927.9,21627.7,23155.3,24515.8,26014.1,26831.3,30127.0,29991.5,31706.9,36646.8,40600.3,41050.3,43346.1
A,PYP_MNAC,P6_S2112,BG,,,,,,,,,,,,,,,,,,,,,,,,,,,,,,,,,,,,,,,,5151.1,5996.2,6528.6,6616.2,7597.8,8255.3,6475.2,7128.5,8188.9,9863.2,9825.0,9904.0
A,PYP_MNAC,P6_S2112,CY,,,,,,,,,,,,,,,,,,,,,,,,,,,,,,,,,,1157.8,1008.3,1126.9,1136.3,1016.8,514.0,1079.0,755.4,808.8,840.1,981.2,1093.5,791.5,1558.0,2271.3,2332.7,2606.0,2780.8
A,PYP_MNAC,P6_S2112,CZ,,,,,,,,,,,,,,,,,,,,,,,,,,,,,,,,,,,,,369001.0,387945.0,411726.0,483333.0,515311.0,536972.0,556420.0,580230.0,585167.0,538168.0,610477.0,664831.0,762411.0,775163.0,833439.0
A,PYP_MNAC,P6_S2112,DE,,,,,,,,,,,,,,,,,,,,,,,,,,,,,,,,,,,,,,131810.0,137062.0,151831.0,161331.0,170729.0,176747.0,190818.0,199641.0,183778.0,199155.0,214221.0,236759.0,240371.0,251596.0
A,PYP_MNAC,P6_S2112,DK,,,,,,,,,,,,,,,,,,,,,,,,,,,,,,,112616.6,135504.7,149217.8,151291.7,140622.3,134411.1,153991.2,155974.8,158254.8,158422.4,159694.9,170143.2,170522.1,175256.8,183494.2,161263.4,178125.6,200338.3,262964.3,239233.9,258653.8
A,PYP_MNAC,P6_S2112,EE,,,,,,,,,,,,,,,,,,,,,,,,,,,,,,,,,,3735.2,2995.6,3810.2,4869.9,5302.9,4641.8,4982.6,4290.1,4454.4,4236.6,4366.4,4096.0,3529.3,3947.2,4490.7,4810.2,4642.8,5164.5
A,PYP_MNAC,P6_S2112,EL,,,,,,,,,,,,,,,,,,,,,,,,,,,,,,,,,,,,,,4365.3,4961.1,5356.9,5092.4,5341.3,5369.6,6366.7,6726.8,5644.8,6928.1,9696.3,11359.1,10789.6,12355.1
A,PYP_MNAC,P6_S2112,ES,,,,,,,,,,,,,,,,,,,,,,,,,,,,,,,,,,,,,,16827.0,18663.0,19554.0,21384.0,22419.0,24264.0,24654.0,26514.0,20727.0,23900.0,28630.0,35537.0,37916.0,40665.0
A,PYP_MNAC,P6_S2112,FI,,,,,,,,,,,,,,,,,,,,,,,,,,,,,,,,,,13724.0,11229.0,11159.0,13014.0,12793.0,13873.0,13221.0,13033.0,14410.0,14788.0,16383.0,17379.0,15847.0,16838.0,20189.0,23338.0,22159.0,22437.0
A,PYP_MNAC,P6_S2112,FR,,,,,,,,,,,,,,,,,,,,,,,,,,,,,,,,,,31739.5,27431.1,28945.7,31831.3,32262.7,35457.2,36786.5,38973.6,40031.2,41017.9,44311.8,45903.6,42919.7,47113.7,54971.8,57849.0,64782.1,64281.0
A,PYP_MNAC,P6_S2112,HR,,,,,,,,,,,,,,,,,,,,,,,,,,,,,,,,,,,,,,1381.2,1547.4,1771.9,1995.7,2242.7,2594.9,2737.2,3159.8,3002.1,4154.9,5705.8,5039.4,5430.9,5518.8
A,PYP_MNAC,P6_S2112,HU,,,,,,,,,,,,,,,,,,,,,,,,,,,,,,,,,,3158868.0,2825141.0,3104452.0,3557684.0,3723113.0,3964257.0,4382501.0,4774459.0,5102769.0,5252690.0,5775896.0,6378699.0,6003918.0,6263255.0,7197495.0,9426576.0,9910725.0,10203412.0
A,PYP_MNAC,P6_S2112,IE,,,,,,,,,,,,,,,,,,,,,,,,,,,,,,,,,,,,,,8320.6,9378.1,9770.7,13145.7,15424.7,16030.9,17377.7,19206.4,21304.3,25642.9,28626.0,30274.2,33206.2,36101.3
A,PYP_MNAC,P6_S2112,IT,,,,,,,,,,,,,,,,,,,,,,,,,,,,,,,,,,,29190.0,30966.5,32701.4,33016.2,33706.9,35796.9,38747.7,39059.1,42515.3,43562.5,46157.4,41529.5,48073.5,55518.0,63456.3,63224.8,75616.0
A,PYP_MNAC,P6_S2112,LT,,,,,,,,,,,,,,,,,,,,,,,,,,,,,,,1496.1,1921.8,2125.7,2502.4,2590.1,2508.9,2869.4,3310.3,4068.5,4576.9,5144.6,5176.9,5378.7,6040.6,6374.0,6275.0,7653.5,9070.8,10010.6,10573.0,11501.7
A,PYP_MNAC,P6_S2112,LU,,,,,,,,,,,,,,,,,,,,,,642.0,774.2,1008.5,978.9,1178.3,1388.1,1518.9,1612.9,1710.9,1922.6,2438.8,2969.7,3051.9,2770.3,2847.3,3248.3,3814.4,4296.2,4638.3,5078.2,5678.4,5548.3,6159.3,6682.8,7118.5,7837.7,8212.6,8750.8,7823.9,8334.2
A,PYP_MNAC,P6_S2112,LV,,,,,,,,,,,,,,,,,,,,,,,,,,345.4,414.1,466.7,537.1,694.3,905.3,829.5,1093.2,1209.2,1139.8,1271.5,1657.3,2003.7,2173.5,2274.0,2363.3,2523.4,2708.1,3010.8,2975.1,3055.4,3179.5,3666.8,3959.5,4207.4,4250.0
A,PYP_MNAC,P6_S2112,ME,,,,,,,,,,,,,,,,,,,,,,,,,,,,,,,,,174.5,101.4,100.2,137.1,208.5,158.7,96.6,134.2,114.2,158.7,163.4,237.8,260.3,147.2,171.0,244.0,287.1,307.4,262.0
A,PYP_MNAC,P6_S2112,MT,,,,,,,,,,,,,,,,,,,,,,,,,,,152.0,169.1,164.0,174.1,187.5,237.2,264.0,300.7,281.2,329.3,366.5,400.6,438.2,496.5,664.1,751.9,903.9,1052.9,1217.9,1141.1,1189.5,1330.1,1465.7,1637.7,1694.9
A,PYP_MNAC,P6_S2112,NL,,,,,,,,,,,,,,,,,,,,,,9103.0,11215.0,12650.0,14740.0,16566.0,16514.0,16474.0,14734.0,21782.0,24452.0,19968.0,36073.0,38438.0,33192.0,30820.0,34380.0,38387.0,46028.0,49610.0,54607.0,57099.0,55895.0,60180.0,62879.0,60768.0,66065.0,71339.0,83620.0,82081.0,86432.0
A,PYP_MNAC,P6_S2112,PL,,,,,,,,,,,,,,,,,,,,,,,,,,,,,,,,,,73404.0,65091.0,85004.0,91776.0,100785.0,109663.0,119733.0,132491.0,147248.0,158240.0,172122.0,182195.0,183691.0,211786.0,269318.0,284873.0,293838.0,295527.0
A,PYP_MNAC,P6_S2112,PT,,,,,,,,,,,,,,,,,,,,,,,,,,,,,,,,,,,2173.0,2330.3,2620.2,3091.4,3141.4,3221.4,3221.5,3602.7,3870.5,4061.6,4270.2,3880.1,4372.6,5388.5,6157.5,6698.1,7043.4
A,PYP_MNAC,P6_S2112,RO,,,,,,,,,,,,,,,,,,,,,,,,,,,,,,,,,19013.4,21655.1,23786.2,28849.9,35849.7,39763.1,48973.0,51255.4,56161.1,66910.5,66585.7,76434.9,86756.9,59653.7,72082.5,90130.4,92663.9,96531.2,103116.7
A,PYP_MNAC,P6_S2112,RS,,,,,,,,,,,,,,,,,,,,,,,,,,,,,,,,,,,,,,151160.1,201825.0,207523.3,233953.2,288764.4,347317.6,429988.5,466298.3,497182.2,562970.0,717727.4,878283.0,877612.8,898749.3
A,PYP_MNAC,P6_S2112,SE,,,,,,,,,,,,,,,,,,,,,,,,,,,,,,,,,,,,,,,175669.2,179573.4,194115.3,209736.8,213011.2,229400.0,252802.4,261646.2,298461.8,329953.0,382764.6,402956.1,435768.9
A,PYP_MNAC,P6_S2112,SI,,,,,,,,,,,,,,,,,,,,,,,,,,,,,,,,,,4295.8,2435.3,2834.1,3119.8,3199.8,3353.1,3586.5,3787.5,4043.9,4358.8,4786.0,5108.0,4831.1,5473.4,6064.2,7021.6,7580.4,7801.2
A,PYP_MNAC,P6_S2112,SK,,,,,,,,,,,,,,,,,,,,,4529.9,4382.6,4563.1,4200.6,4065.4,4407.1,5689.6,6112.5,6434.6,8565.8,10801.5,13649.6,15749.5,17094.4,14738.3,16955.5,20045.1,22776.0,23643.7,23196.9,23723.0,23742.5,24304.3,25724.6,26478.4,24757.3,29242.9,33317.9,36235.0,39665.0,38249.7
A,PYP_MNAC,P6_S2112,UK,,,,,,,,,,,,,,,,,,,,,,,,,12298.0,13538.0,14156.0,14982.0,14775.0,16151.0,17480.0,23454.0,21003.0,21010.0,20898.0,23750.0,26207.0,26225.0,27292.0,29053.0,28474.0,28122.0,29779.0,33026.0,33402.0,,,,,,
A,PYP_MNAC,P6_S212,BE,,,,,,,,,,,,,,,,,,,,,,1247.2,1263.4,1214.8,1070.8,1096.8,1356.7,1633.7,1154.3,1476.5,1747.7,2136.7,2375.4,2302.7,2536.4,2280.6,2496.3,2682.1,2829.0,2761.3,3026.9,3488.8,3629.0,3831.3,4239.4,4181.5,3295.9,3539.9,3468.3,4037.9,
A,PYP_MNAC,P6_S212,CY,,,,,,,,,,,,,,,,,,,,,,,,,,,,,,,,,,22.6,23.8,23.4,18.7,19.1,26.0,21.5,21.9,19.6,27.1,38.4,30.6,32.2,16.2,22.9,37.5,39.0,42.1
A,PYP_MNAC,P6_S212,EE,,,,,,,,,,,,,,,,,,,,,,,,,,,,,,,,,,8.2,5.2,5.7,8.0,7.6,7.1,9.6,9.0,10.1,10.3,15.9,8.9,13.3,20.9,18.3,16.7,16.9,19.7
A,PYP_MNAC,P6_S212,IE,,,,,,,,,,,,,,,,,,,,,,5.5,6.4,8.0,9.5,11.7,17.2,14.1,12.6,16.4,21.8,22.9,25.8,23.1,21.6,20.8,22.8,21.6,24.7,26.9,31.0,31.7,37.7,31.2,33.2,26.4,50.6,60.8,0.2,54.7,0.2
A,PYP_MNAC,P6_S212,IT,,,,,,,,,,,,,,,,,,,,,,,,,,,,,,,,,,,602.0,710.3,618.0,550.9,513.2,511.1,615.4,565.1,486.0,477.3,475.5,408.8,549.8,935.3,810.6,874.5,922.9
A,PYP_MNAC,P6_S212,LT,,,,,,,,,,,,,,,,,,,,,,,,,,,,,,,11.2,12.3,14.6,20.0,15.4,12.8,14.5,16.6,18.6,22.8,30.3,23.3,20.4,23.4,26.2,26.1,29.4,41.5,44.4,35.5,42.9
A,PYP_MNAC,P6_S212,LU,,,,,,,,,,,,,,,,,,,,,,370.2,378.2,399.4,299.7,320.6,390.0,402.3,437.6,424.0,410.0,472.1,629.5,673.5,693.8,569.1,612.6,624.8,597.2,651.5,664.9,807.9,777.4,880.8,900.8,1092.3,1207.6,1312.7,1360.0,1144.9,1219.6
A,PYP_MNAC,P6_S212,LV,,,,,,,,,,,,,,,,,,,,,,,,,,0.2,1.0,0.3,0.3,3.4,6.9,7.5,9.5,8.7,5.7,6.7,7.8,8.3,7.4,10.2,11.4,11.8,10.3,11.3,10.3,9.7,17.1,19.9,14.8,16.4,19.1
A,PYP_MNAC,P6_S212,ME,,,,,,,,,,,,,,,,,,,,,,,,,,,,,,,,,0.0,0.0,0.0,0.0,0.0,0.0,0.0,0.0,0.0,0.0,0.0,0.0,0.0,0.1,0.2,0.0,0.0,0.0,0.0
A,PYP_MNAC,P6_S212,NL,,,,,,,,,,,,,,,,,,,,,,87.0,99.0,108.0,120.0,130.0,140.0,144.0,147.0,151.0,161.0,170.0,184.0,195.0,193.0,203.0,222.0,234.0,251.0,282.0,333.0,320.0,349.0,385.0,418.0,393.0,412.0,471.0,510.0,551.0,576.0
A,PYP_MNAC,P6_S212,RO,,,,,,,,,,,,,,,,,,,,,,,,,,,,,,,,,0.2,0.0,0.0,0.7,0.0,0.0,7.0,5.6,2.1,1.2,5.5,8.8,13.3,9.1,7.9,19.9,17.1,21.6,20.6
A,PYP_MNAC,P6_S212,SE,,,,,,,,,,,,,,,,,,,,811.3,829.6,894.3,1023.6,1143.0,1077.6,1158.1,961.9,882.6,1399.0,1430.2,2335.9,1904.3,2816.7,2600.5,2499.8,3330.5,2624.1,2626.0,2960.0,3113.6,3467.7,1349.3,3055.7,2895.9,3142.5,2715.1,4771.3,5160.0,4226.5,4775.3,4285.5
A,PYP_MNAC,P6_S212,SI,,,,,,,,,,,,,,,,,,,,,,,,,,,,,,,,,,0.9,0.7,0.7,0.3,1.1,0.5,0.4,0.4,1.3,1.5,3.6,4.7,7.5,0.1,0.5,1.8,3.9,7.6
A,PYP_MNAC,P6_S22,AT,,,,,,,,,,,,,,,,,,,,,,,,,,,,,,,,,,,,,,46952.3,48242.3,43889.1,53588.2,54020.7,51717.3,56957.0,62468.9,57098.3,54582.9,70245.3,73488.2,74310.2,80373.0
A,PYP_MNAC,P6_S22,BE,,,,,,,,,,,,,,,,,,,,,,44760.9,48414.0,51070.0,52955.5,59455.8,63430.0,66287.6,66498.0,69627.9,75143.7,82072.8,88879.6,91594.6,85651.8,96216.4,108714.4,115709.0,120139.8,127469.6,127873.5,133276.4,139053.8,141278.4,145722.7,137787.7,162049.5,187848.2,191955.9,185787.0,174834.4
A,PYP_MNAC,P6_S22,BG,,,,,,,,,,,,,,,,,,,,,,,,,,,,,,,,,,,,,,,,10956.7,10931.8,11494.7,12346.6,12241.7,13259.4,12900.5,14412.1,18475.0,23383.3,22847.3,22165.2
A,PYP_MNAC,P6_S22,CY,,,,,,,,,,,,,,,,,,,,,,,,,,,,,,,,,,5818.4,5899.5,6256.5,6820.1,7197.8,7419.6,7736.9,8519.8,9250.4,10033.9,10823.1,10774.2,10984.7,13704.9,18003.8,19063.4,20349.4,21672.4
A,PYP_MNAC,P6_S22,CZ,,,,,,,,,,,,,,,,,,,,,,,,,,,,,,,,,,,,,605296.0,729556.0,753126.0,795383.0,887671.0,924616.0,979947.0,1012064.0,1021832.0,936570.0,1031179.0,1072897.0,1192558.0,1329788.0,1465674.0
A,PYP_MNAC,P6_S22,DE,,,,,,,,,,,,,,,,,,,,,,,,,,,,,,,,,,,,,,623203.0,639218.0,658718.0,691800.0,700038.0,718141.0,737667.0,750553.0,692155.0,760793.0,836990.0,906206.0,886040.0,866599.0
A,PYP_MNAC,P6_S22,DK,,,,,,,,,,,,,,,,,,,,,,,,,,,,,,,326722.5,389575.0,417697.1,448237.9,439633.5,421243.4,512974.6,545687.1,555248.1,579961.0,599937.5,621946.6,633511.4,686615.2,739227.4,707198.2,768139.0,905282.9,1188688.0,1189400.4,1221950.7
A,PYP_MNAC,P6_S22,EE,,,,,,,,,,,,,,,,,,,,,,,,,,,,,,,,,,2871.2,2332.4,2945.5,4145.3,4923.2,4437.2,4329.8,3847.0,4121.4,4484.8,4634.4,5560.7,6318.5,7433.8,7829.2,7784.2,8499.3,8785.5
A,PYP_MNAC,P6_S22,EL,,,,,,,,,,,,,,,,,,,,,,,,,,,,,,,,,,,,,,31636.7,32059.6,33439.7,34367.3,30358.0,32708.3,37268.4,40633.4,30724.0,33280.9,39641.4,54245.0,52607.3,50781.6
A,PYP_MNAC,P6_S22,ES,,,,,,,,,,,,,,,,,,,,,,,,,,,,,,,,,,,,,,141833.0,151257.0,156124.0,159436.0,166684.0,171854.0,178609.0,185874.0,141210.0,152764.0,190653.0,221690.0,233885.0,245958.0
A,PYP_MNAC,P6_S22,FI,,,,,,,,,,,,,,,,,,,,,,,,,,,,,,,,,,45781.0,37643.0,38300.0,39199.0,41301.0,40880.0,40079.0,38643.0,38895.0,40694.0,42744.0,46216.0,43699.0,43413.0,48472.0,55041.0,54160.0,54755.0
A,PYP_MNAC,P6_S22,FR,,,,,,,,,,,,,,,,,,,,,,,,,,,,,,,,,,266094.6,250916.8,265654.6,288421.7,313555.1,322980.0,333118.8,350954.4,358253.7,375478.7,388009.9,399107.0,322832.9,358218.7,423050.8,474017.1,485801.1,490931.2
A,PYP_MNAC,P6_S22,HR,,,,,,,,,,,,,,,,,,,,,,,,,,,,,,,,,,,,,,5858.7,5855.8,6120.2,6441.8,6827.0,7491.3,7704.1,8461.4,6213.7,7901.2,10644.5,12097.7,13696.8,13910.7
A,PYP_MNAC,P6_S22,HU,,,,,,,,,,,,,,,,,,,,,,,,,,,,,,,,,,5733850.0,5233805.0,6148159.0,6505076.0,6386114.0,7385801.0,7233681.0,8702521.0,8243359.0,8333560.0,8833789.0,9339154.0,8761598.0,10410341.0,11921374.0,15194808.0,16280216.0,15232835.0
A,PYP_MNAC,P6_S22,IE,,,,,,,,,,,,,,,,,,,,,,,,,,,,,,,,,,,,,,101065.8,123229.9,143709.0,220535.1,252627.3,284517.5,282102.0,328565.9,375350.3,401941.8,446941.4,461565.8,523684.2,593882.8
A,PYP_MNAC,P6_S22,IT,,,,,,,,,,,,,,,,,,,,,,,,,,,,,,,,,,,172457.9,192214.8,210163.6,232958.0,243300.5,244832.4,252557.8,254035.5,263146.9,267784.0,274656.3,234074.7,260594.7,299655.3,324394.8,337149.5,330322.7
A,PYP_MNAC,P6_S22,LT,,,,,,,,,,,,,,,,,,,,,,,,,,,,,,,4511.8,5627.0,5779.5,7338.5,6406.3,6983.8,8673.4,11281.7,12878.5,11560.4,10052.2,10172.1,11442.5,12373.1,13952.0,13614.5,14886.5,16132.0,17902.4,17360.4,17381.9
A,PYP_MNAC,P6_S22,LU,,,,,,,,,,,,,,,,,,,,,,4326.3,5410.1,6701.9,7516.7,9175.2,10826.0,9439.4,9255.4,10071.0,12292.7,16189.4,19168.5,20137.4,18624.2,23561.2,27092.5,26644.0,30181.2,34078.7,37973.7,40654.0,41297.1,43947.9,47931.4,49715.2,55789.1,59189.4,61769.1,55658.3,59288.3
A,PYP_MNAC,P6_S22,LV,,,,,,,,,,,,,,,,,,,,,,,,,,1347.5,1369.9,1423.1,1477.4,1733.2,2144.0,2492.9,3083.0,3512.3,3235.3,3754.8,4178.9,5210.8,5417.1,5503.7,5440.3,5495.0,5988.6,6187.7,5878.7,6407.0,6511.5,8062.7,8401.6,8423.3,7932.9
A,PYP_MNAC,P6_S22,ME,,,,,,,,,,,,,,,,,,,,,,,,,,,,,,,,,586.9,690.3,684.7,669.9,825.4,941.5,1003.3,982.1,1069.9,1138.0,1182.0,1272.0,1452.3,723.4,1374.3,1636.0,2172.4,2242.1,2160.8
A,PYP_MNAC,P6_S22,MT,,,,,,,,,,,,,,,,,,,,,,,,,,,1307.5,1443.7,1402.4,1441.3,1498.0,1879.5,2045.6,2230.2,2003.1,2392.3,2687.6,2941.8,3072.0,3360.6,4319.8,4741.5,5741.8,6501.2,7040.8,6779.7,7301.8,9094.0,8829.5,9852.5,10150.3
A,PYP_MNAC,P6_S22,NL,,,,,,,,,,,,,,,,,,,,,,65046.0,73917.0,80469.0,86644.0,98340.0,105292.0,110215.0,111466.0,115209.0,125307.0,137474.0,148509.0,150885.0,145859.0,159022.0,172493.0,194512.0,205018.0,216004.0,239799.0,234890.0,243044.0,253053.0,270253.0,274843.0,275938.0,303052.0,350664.0,357286.0,367379.0
A,PYP_MNAC,P6_S22,PL,,,,,,,,,,,,,,,,,,,,,,,,,,,,,,,,,,137433.0,123604.0,159192.0,179497.0,213487.0,239161.0,236727.0,242123.0,268900.0,295873.0,313314.0,340059.0,341042.0,378140.0,410474.0,563673.0,570624.0,558878.0
A,PYP_MNAC,P6_S22,PT,,,,,,,,,,,,,,,,,,,,,,,,,,,,,,,,,,,18248.1,17883.5,20415.8,23715.2,26739.7,27300.0,28045.0,27863.2,29958.5,30642.3,32745.1,24689.0,26641.5,35834.1,44943.1,45692.6,46249.0
A,PYP_MNAC,P6_S22,RO,,,,,,,,,,,,,,,,,,,,,,,,,,,,,,,,,30048.3,35378.5,35624.7,46572.5,56857.9,62052.5,78866.4,78072.6,74754.0,84425.8,81331.2,85222.3,93564.8,103996.6,123887.1,156086.5,174431.4,174517.7,188398.0
A,PYP_MNAC,P6_S22,RS,,,,,,,,,,,,,,,,,,,,,,,,,,,,,,,,,,,,,,526358.5,668426.6,687006.0,781191.2,863636.3,950520.4,1017299.7,1056158.0,1003380.1,1291352.1,1627750.9,1898465.3,2147722.6,2360065.9
A,PYP_MNAC,P6_S22,SE,,,,,,,,,,,,,,,,,,,,,,,,,,,,,,,,,,,,,,,816789.5,829407.5,901793.3,926778.6,949936.5,1027210.3,1182139.9,1155690.3,1222490.7,1340188.9,1540268.7,1654643.3,1740239.8
A,PYP_MNAC,P6_S22,SI,,,,,,,,,,,,,,,,,,,,,,,,,,,,,,,,,,7677.5,5406.7,5804.5,6219.2,6949.4,7181.1,7198.7,7523.3,8042.9,8531.9,8976.5,9614.5,9122.0,10016.8,11179.0,13131.2,14039.7,13785.9
A,PYP_MNAC,P6_S22,SK,,,,,,,,,,,,,,,,,,,,,1630.5,1747.5,2001.5,1591.3,1571.1,1668.2,2147.8,2613.5,3984.8,4945.9,5552.0,7469.8,9335.7,10363.2,8492.6,9752.6,10874.2,13254.5,15325.2,15076.4,15142.5,15584.5,15391.2,16495.1,16932.1,15817.1,15636.1,16094.5,21851.0,20535.4,26197.7
A,PYP_MNAC,P6_S22,UK,,,,,,,,,,,,,,,,,,,,,,,,,111607.0,124543.0,127257.0,130170.0,139517.0,151584.0,163422.0,177401.0,194216.0,199480.0,200999.0,226653.0,257352.0,277833.0,285169.0,293152.0,298957.0,303021.0,331386.0,354942.0,390097.0,,,,,,
A,PYP_MNAC,P7,AL,,,,,,,,,,,,,,,,,,,,,,109889.0,101589.3,133235.5,162893.4,226662.6,250277.5,279416.9,305363.8,338644.4,384244.1,418374.3,521125.3,557158.8,566828.7,567032.2,636885.5,629172.6,629973.4,664088.6,640900.3,676902.8,719543.1,735453.2,759171.7,610344.3,811154.0,925451.1,1023015.0,1100890.9,
A,PYP_MNAC,P7,AT,,,,,,,,,,,,,,,,,,,,,60529.0,63882.4,70168.0,75524.0,78821.0,87382.3,94405.0,94922.7,97697.7,104690.4,112258.8,122141.1,133668.5,138104.4,126361.8,135000.6,149737.1,160118.7,164345.8,169034.3,173254.2,176429.8,183103.7,197770.2,206619.3,187182.1,209603.3,239256.4,267158.5,263782.0,267108.2
A,PYP_MNAC,P7,BA,,,,,,,,,,,,,,,,,,,,,,,,,,,8024.0,8339.6,8853.6,9411.5,10472.2,10565.2,12633.6,14017.9,12965.6,12385.9,13384.6,14727.2,14622.6,15610.2,15750.7,16490.4,17051.2,18618.8,19411.2,16877.1,20073.3,22420.3,27882.5,29115.9,
A,PYP_MNAC,P7,BE,,,,,,,,,,,,,,,,,,,,,,125007.8,134528.1,143386.6,145568.5,165969.2,177300.5,181552.0,180912.3,190358.7,208529.1,228988.1,249788.4,264547.7,252195.7,253667.9,285445.8,302961.4,311529.7,327242.1,334094.8,345691.2,358628.6,378719.0,395413.4,368935.9,406849.2,459536.3,501642.8,494149.0,493148.0
A,PYP_MNAC,P7,BG,,,,,,,,,,,,,,,,,,,,,,147.5,415.5,3509.2,5531.5,5474.5,6721.7,7443.3,8348.7,10546.6,12551.8,15934.8,21532.9,24231.2,21111.0,18828.8,22363.4,25627.3,28050.2,28807.7,29602.9,30278.8,30834.6,34731.9,37321.6,35732.8,36938.6,48851.3,56045.1,56875.7,59741.6
A,PYP_MNAC,P7,CH,,,,,,,,,,,,,,,,,,,,,,158786.7,178618.6,192525.7,196447.4,211275.8,225353.1,219152.7,211564.9,220625.3,247183.1,263430.3,294859.0,322584.0,324781.0,340752.8,381674.0,371739.5,427688.5,381120.3,387668.8,379880.3,388243.5,400964.8,412547.9,404685.2,431880.8,473698.4,502426.0,498615.2,554135.5
A,PYP_MNAC,P7,CY,,,,,,,,,,,,,,,,,,,,,,5497.9,5695.5,5970.9,6173.2,6841.9,7176.3,7193.3,7236.8,7759.3,7979.3,8809.1,9886.0,11478.6,10115.7,11187.8,11102.4,10939.0,10618.4,11587.7,12259.7,13295.8,14892.2,15718.6,17461.7,18062.6,21678.6,28720.3,30310.9,32122.6,33800.8
A,PYP_MNAC,P7,CZ,,,,,,,,,,,,,,,,,,,,,,772111.0,831888.0,923554.0,961008.0,1114001.0,1327406.0,1358088.0,1364774.0,1710683.0,1954532.0,2178851.0,2477144.0,2535788.0,2185471.0,2472141.0,2662530.0,2795256.0,2900143.0,3207104.0,3501973.0,3531018.0,3617111.0,3829005.0,3856561.0,3559998.0,4043066.0,4466086.0,4987223.0,4889233.0,5297835.0
A,PYP_MNAC,P7,DE,,,,,,,,,,,,,,,,,,393928.0,354782.0,377140.0,401036.0,417219.0,455470.0,509313.0,538775.0,585500.0,633136.0,616859.0,633202.0,662127.0,704060.0,797689.0,868626.0,885205.0,818813.0,860742.0,959453.0,1006392.0,1044096.0,1064890.0,1105093.0,1126376.0,1143605.0,1233980.0,1301509.0,1193542.0,1275654.0,1481331.0,1697640.0,1636146.0,1688677.0
A,PYP_MNAC,P7,DK,,,,,,,,,,,,,,,,,,,,,328117.2,341020.0,373259.6,411897.1,414877.0,470795.3,518186.0,560430.2,542269.2,570291.3,645148.8,761369.1,833518.9,886546.0,802589.1,742894.2,857990.9,911242.6,946471.2,980794.1,996923.4,1044129.5,1045947.2,1131094.9,1198347.3,1171346.8,1259029.7,1437211.7,1776939.6,1751079.1,1772234.4
A,PYP_MNAC,P7,EA,,,,,,,,,,,,,,,,,,,,,,1504885.3,1658596.5,1826224.1,1916253.1,2144635.1,2403210.6,2409709.5,2424231.2,2545273.9,2742043.4,3058739.9,3395681.0,3452813.5,3236467.8,3316745.4,3649175.8,3808354.3,3963655.6,4110798.1,4396940.2,4490594.3,4612484.8,4928782.8,5291828.4,4873357.2,5173905.0,6051216.4,7008465.7,6842409.6,7068226.6
A,PYP_MNAC,P7,EA12,,,,,,,,,,,,,,,,,,,,,,1529653.3,1686644.4,1859362.2,1953978.6,2190719.2,2403210.6,2409709.5,2424231.2,2545273.9,2742043.4,3058739.9,3371761.9,3410268.6,3155906.6,3226242.6,3537099.2,3688776.8,3838067.4,3965903.9,4216290.8,4304337.8,4416332.4,4714120.5,5061922.2,4654111.8,4927384.5,5761548.2,6643517.6,6464316.6,6676100.8
A,PYP_MNAC,P7,EA19,,,,,,,,,,,,,,,,,,,,,,1563074.2,1725936.0,1902785.7,1996291.2,2234302.7,2456852.1,2468004.1,2487143.3,2618576.8,2826870.9,3162141.0,3494392.5,3545042.0,3269507.5,3352577.4,3682460.1,3846840.0,4005833.3,4137365.0,4396940.2,4490594.3,4612484.8,4928782.8,5291828.4,4873357.2,5173905.0,6051216.4,6965775.9,6795453.4,7019866.2
A,PYP_MNAC,P7,EA20,,,,,,,,,,,,,,,,,,,,,,1569919.5,1735030.5,1911110.9,2004251.9,2242889.6,2467304.0,2480966.9,2501679.3,2633564.7,2842906.5,3180117.7,3514200.3,3566167.2,3287332.7,3369302.4,3699973.0,3864591.4,4024510.7,4156571.4,4417649.8,4512503.5,4635986.3,4954844.8,5320099.3,4898247.5,5202613.3,6090112.9,7008465.7,6842409.6,7068226.6
A,PYP_MNAC,P7,EA21,,,,,,,,,,,,,,,,,,,,,,1573202.9,1738682.2,1914740.4,2009746.0,2248364.1,2474053.8,2488439.3,2510056.4,2644148.3,2855474.5,3196052.8,3535733.1,3590398.4,3308443.7,3388131.3,3722336.4,3890218.7,4052560.9,4185379.1,4447252.7,4542782.3,4666821.0,4989576.7,5357420.9,4933980.3,5239551.9,6138964.2,7064510.8,6899285.3,7127968.2
A,PYP_MNAC,P7,EE,,,,,,,,,,,,,,,,,,,,,2094.3,2258.8,3414.3,4168.3,4000.6,3799.8,4498.5,5161.2,5829.0,6663.4,7861.5,9653.1,11248.9,10987.7,8106.6,9579.0,12867.2,14778.6,15519.5,15956.8,15418.8,16149.7,16600.3,18210.7,19346.8,19619.1,23829.8,26717.6,29695.0,29572.5,31548.1
A,PYP_MNAC,P7,EL,,,,,,,,,,,,,,,,,,,,,,22023.3,25150.2,30085.0,36616.3,44056.7,48472.9,46732.0,50150.7,54057.8,55269.0,62787.2,73394.0,77579.2,65848.2,62022.2,58889.0,59584.7,59900.1,62087.6,64604.5,59255.3,60708.0,69323.2,75411.1,70436.4,76384.1,97785.3,121966.4,114486.8,111385.1
A,PYP_MNAC,P7,ES,,,,,,,,,,,,,,,,,,,,,,113419.0,128194.0,150987.0,167881.0,184626.0,211656.0,219017.0,226866.0,244899.0,267617.0,298881.0,336127.0,322805.0,275197.0,271785.0,287669.0,292986.0,302219.0,316723.0,329520.0,337924.0,354795.0,380057.0,394695.0,337123.0,376078.0,436134.0,533579.0,523956.0,557156.0
A,PYP_MNAC,P7,EU27_2020,,,,,,,,,,,,,,,,,,,,,,1761508.4,1957879.6,2163249.5,2264943.4,2540418.1,2799770.0,2830238.6,2871490.4,3034750.9,3287305.8,3711736.1,4141822.8,4239359.0,3893092.1,3974531.5,4396921.8,4598345.3,4791837.1,4966462.4,5251745.6,5387683.0,5537488.8,5941020.7,6359115.2,5890668.3,6287433.6,7356615.6,8502313.8,8328894.8,8611634.5
A,PYP_MNAC,P7,FI,,,,,,9023.0,10316.0,11793.0,12790.0,13838.0,15417.0,16473.0,16599.0,18379.0,20280.0,21265.0,18682.0,19443.0,21224.0,25897.0,27876.0,29916.0,33581.0,36592.0,37099.0,41744.0,45460.0,46024.0,46630.0,50429.0,57092.0,63731.0,72239.0,78833.0,66569.0,65768.0,74034.0,79449.0,81248.0,79124.0,79521.0,80351.0,81901.0,89827.0,94952.0,89447.0,90977.0,108358.0,119700.0,115795.0,116637.0
A,PYP_MNAC,P7,FR,42508.5,51117.6,57566.7,66777.5,74196.9,86887.9,102774.5,127049.1,139514.8,156125.1,179471.8,195729.7,184383.1,197521.8,216360.3,240878.6,243309.3,248336.0,233160.7,245747.1,263671.0,269967.3,295521.7,335197.8,347207.3,391636.1,422481.4,430024.4,419529.0,437875.2,472366.4,515488.9,563506.9,574860.2,543342.1,553303.7,607791.1,642761.4,671652.5,690378.6,716936.6,726907.2,742366.2,782142.8,813549.8,715917.4,760024.6,888886.6,1041478.1,1009988.0,1027856.6
A,PYP_MNAC,P7,HR,,,,,,,,,,,,,,,,,,,,,,6140.4,8211.8,7687.6,7544.2,8633.4,10599.7,12872.5,14301.6,15056.1,15955.1,17657.7,19256.2,20573.2,17090.4,16293.3,16942.5,17526.5,18645.7,19318.8,20984.1,22139.5,23497.8,25817.1,27834.5,24505.5,28723.2,38865.0,42692.1,46956.1,48360.4
A,PYP_MNAC,P7,HU,,,,,,,,,,,,,,,,,,,,,,2446952.0,3657558.0,5084024.0,6444401.0,8369605.0,9948092.0,11072985.0,11495899.0,13641032.0,14584441.0,17011195.0,20918724.0,21188681.0,18516880.0,20618014.0,21860409.0,22243652.0,24122494.0,26608970.0,28212526.0,28900152.0,30652852.0,33366288.0,37367661.0,36443332.0,40184364.0,49129779.0,60636975.0,57280813.0,59162594.0
A,PYP_MNAC,P7,IE,,,,,,,,,,,,,,,,,,,,,,38671.2,44874.1,57768.6,66528.0,82890.9,98861.1,102392.1,97236.6,97451.5,116450.3,127786.9,143541.8,139009.9,139370.7,136446.8,148933.1,143763.6,165908.1,188290.6,255761.9,310357.8,317831.6,316605.3,453884.2,460757.7,412288.3,487915.2,523006.2,555652.6,608323.5
A,PYP_MNAC,P7,IS,,,,,,,,,,,,,,,,,,,,,,166617.1,186350.1,229545.8,237698.6,258963.3,249181.5,294931.8,319406.7,357524.4,471647.3,490652.5,564614.2,462324.1,534532.9,676802.7,751368.2,859520.9,901902.0,979891.3,1056768.5,1167895.3,1152954.1,1095739.3,1114905.7,955033.4,1238647.5,1587775.4,1791695.1,1970824.5,2145018.1
A,PYP_MNAC,P7,IT,,,,,,,,,,,,,,,,,,,,,,205093.8,221600.0,243756.9,250264.7,279148.4,314926.4,320022.9,321719.8,332980.0,352067.2,398773.8,441574.2,428908.8,391115.2,405596.3,433355.1,424809.5,427399.4,434352.5,449302.3,454470.5,462431.0,492928.3,500278.4,438057.5,488236.9,605864.0,723808.1,673833.2,690528.3
A,PYP_MNAC,P7,LT,,,,,,,,,,,,,,,,,,,,,,4813.8,6439.8,6878.3,5633.5,5745.0,7158.4,8441.8,8833.4,10258.2,12172.4,14952.8,17910.9,20816.1,16131.3,16824.5,21115.3,24888.6,27438.8,26567.0,28180.0,27109.2,28914.0,31937.6,35426.9,33705.7,37955.4,48147.8,56789.0,54859.1,58664.8
A,PYP_MNAC,P7,LU,,,,,,,,,,,,,,,,,,,,,,13976.4,16309.7,19524.5,22338.4,26414.1,30637.9,29303.0,29636.4,32083.4,36353.5,43974.4,48419.4,53043.3,47554.6,51580.3,59277.5,62795.8,69478.6,76598.5,82474.9,89482.8,89103.5,96917.8,106486.6,111493.6,125172.1,136045.8,147002.5,131383.9,140136.0
A,PYP_MNAC,P7,LV,,,,,,,,,,,,,,,,,,,,,1223.1,2022.0,2419.0,3071.0,2925.9,2889.9,3552.2,3711.1,4385.3,5607.6,7038.4,9526.7,12196.2,11551.5,8800.5,9467.4,12271.1,13664.7,14623.5,15174.7,15302.4,15779.7,16330.6,17863.6,18488.2,18346.4,20601.2,24833.6,28234.4,27069.8,28556.5
A,PYP_MNAC,P7,ME,,,,,,,,,,,,,,,,,,,,,,,,,,,,,,,,,2416.0,2706.4,2080.7,1878.7,1951.0,2059.1,2098.8,2102.9,2171.2,2617.7,2704.3,3029.2,3196.5,2521.8,2963.3,3799.5,4766.2,5051.3,5187.5
A,PYP_MNAC,P7,MK,,,,,,,,,,,,,,,,,,,,,,,,,,,106023.4,115804.8,110045.3,141567.3,154475.5,172209.0,210828.7,242954.2,248798.6,248806.0,274309.5,331945.3,318709.4,352104.7,376343.5,403498.5,410134.7,472211.9,529920.0,470300.0,541426.4,673507.6,684248.9,716066.9,767683.7
A,PYP_MNAC,P7,MT,,,,,,,,,,,,,,,,,,,,,,,,,,,3468.7,3551.6,3713.0,3884.8,4197.4,4917.2,5345.3,5740.4,5118.7,5966.3,6482.7,7192.5,7173.6,7452.1,9969.0,10739.9,11882.7,14068.2,15840.7,16382.9,16663.6,20077.3,20509.8,22320.2,23970.0
A,PYP_MNAC,P7,NL,,,,,,,,,,,,,,,,,,,,,,174508.0,194676.0,214385.0,228771.0,252775.0,274466.0,271818.0,270497.0,285382.0,304728.0,337281.0,373832.0,377845.0,363333.0,365663.0,409044.0,449422.0,472834.0,486249.0,550820.0,521691.0,542961.0,589984.0,626429.0,599401.0,617506.0,713637.0,837091.0,815041.0,820800.0
A,PYP_MNAC,P7,NO,65282.0,80207.0,87477.0,80135.0,86797.0,100809.0,117241.0,135556.0,139776.0,157630.0,182877.0,216829.0,200015.0,208910.0,221937.0,242198.0,247227.0,250409.0,258299.0,276527.0,294143.0,323242.0,366829.0,401547.0,400619.0,406538.0,443509.0,444930.0,428425.0,474148.0,533851.0,589587.0,663513.0,716181.0,674858.0,729741.0,761491.0,811111.0,857098.0,892361.0,953504.0,1020570.0,1057450.0,1095563.0,1204169.0,1116226.0,1172636.0,1391702.0,1544721.0,1726823.0,1771371.0
A,PYP_MNAC,P7,PL,,,,,,,,,,,,,,,,,,,,,,91388.0,122911.0,168645.0,189042.0,233761.0,238932.0,248601.0,286596.0,330838.0,368778.0,419784.0,497520.0,549744.0,483433.0,599078.0,643131.0,691264.0,739677.0,798561.0,827383.0,879116.0,962430.0,1049581.0,1113038.0,1105207.0,1286902.0,1530297.0,1853168.0,1860392.0,1859206.0
A,PYP_MNAC,P7,PT,,,,,,,,,,,,,,,,,,,,,,31233.1,35075.2,41239.5,44377.4,46488.8,50974.6,51034.5,50123.4,52990.4,55267.6,61167.6,67063.1,69520.5,66154.1,64687.1,63552.4,63708.0,67462.2,71003.2,74931.2,75401.5,78862.7,85869.6,92732.6,81729.8,88597.8,106771.7,129506.0,130150.6,132559.3
A,PYP_MNAC,P7,RO,,,,,,,,,,,,,,,,,,,,,,2544.2,4318.6,9958.0,10918.8,15853.6,26898.9,38745.1,53560.1,76651.0,102205.1,126553.6,178770.2,183637.0,166810.5,194796.1,227134.8,236202.8,276430.8,282908.7,304104.8,350338.1,364493.5,415529.7,469847.1,447778.7,504377.0,600922.0,687763.7,730428.3,766853.0
A,PYP_MNAC,P7,RS,,,,,,,,,,,,,,,,,,,,,,8104.4,27915.2,29092.6,30059.6,43180.9,101736.7,393842.9,471925.0,642870.1,705498.4,984679.4,1212505.3,1343423.1,1138747.3,1244185.8,1572115.5,1679000.3,2026457.6,2081247.1,2229611.1,2396756.2,2655188.8,3005772.2,3304764.0,3190976.2,3677671.6,4579301.6,5235212.9,5658369.2,6122407.5
A,PYP_MNAC,P7,SE,,,,,,,,,,,,,,,,,,,,516143.0,570335.0,618360.0,668680.0,744632.0,777694.0,884505.0,908195.0,934552.0,965653.0,1010434.0,1087439.0,1229653.0,1382385.0,1424447.0,1277181.0,1435594.0,1524051.0,1526475.0,1520286.0,1576546.0,1692568.0,1808289.0,1857889.0,2009130.0,2166759.0,2091932.0,2284154.0,2595210.0,3052642.0,3299471.0,3432557.0
A,PYP_MNAC,P7,SI,,,,,,,,,,,,,,,,,,,,,,5156.0,6428.0,7416.1,8186.2,8896.2,10512.9,11791.3,12868.9,14981.1,16755.7,19779.9,23914.8,25273.8,21177.5,21659.1,24143.6,24769.7,25639.6,26308.1,27394.4,28548.4,30910.5,34152.6,36661.8,33125.2,38137.0,44391.9,50138.6,51246.4,51454.3
A,PYP_MNAC,P7,SK,,,,,,,,,,,,,,,,,,,,,10052.0,12582.1,15112.1,15382.7,14542.7,15540.1,20919.1,23403.7,25586.6,31935.3,37631.7,45540.6,51718.4,54742.9,45814.2,51689.7,57480.7,61897.8,66637.1,68386.4,72125.0,74633.9,76622.2,82711.0,86680.0,80003.5,87655.0,96779.7,106580.6,113946.4,115770.3
A,PYP_MNAC,P7,UA,,,,,,,,,,,,,,,,,,,,,,,,,,,98018.0,106727.0,125841.0,161900.0,197076.0,229922.0,316150.0,412638.0,305881.0,463363.0,636189.0,761388.0,764240.0,595682.0,688926.0,1199964.0,1514481.0,1713193.0,2031688.0,1835433.0,1944825.0,1891051.0,2964848.0,3670578.0,
A,PYP_MNAC,P7,UK,,,,,,,,,,,,,,,,,,,,,,,,,265375.0,288600.0,313891.0,329195.0,325606.0,349099.0,371272.0,422609.0,418896.0,413726.0,427321.0,467971.0,492738.0,535995.0,550954.0,575444.0,584252.0,573409.0,615231.0,670509.0,705872.0,,,,,,
A,PYP_MNAC,P7,XK,,,,,,,,,,,,,,,,,,,,,,,,,,,,,,,,,,,2164.2,2362.3,2812.1,2732.5,2669.3,2778.1,2769.6,3150.3,3259.3,3741.9,3992.3,3742.5,4798.3,5473.2,6648.6,7395.8,8113.8
A,PYP_MNAC,P7_S21,AT,,,,,,,,,,,,,,,,,,,,,,,,,,,,,,,,,,,,,,114593.5,120560.6,127932.9,125820.5,129968.4,135069.7,141577.9,148081.4,133687.4,146837.1,164511.6,182364.3,181875.5,184937.2
A,PYP_MNAC,P7_S21,BE,,,,,,,,,,,,,,,,,,,,,,74185.9,79874.4,85195.1,86863.6,98861.5,105772.3,108229.9,107898.1,113401.5,124072.1,136106.6,148382.3,167547.0,170195.4,170442.6,190344.3,204389.2,208851.4,220947.7,213695.1,231033.2,244456.3,256022.0,270336.2,254315.5,284187.3,301714.4,342943.9,346676.5,350103.1
A,PYP_MNAC,P7_S21,BG,,,,,,,,,,,,,,,,,,,,,,,,,,,,,,,,,,,,,,,,16958.9,18045.4,18985.9,18870.7,21168.8,22393.3,21490.9,22256.8,26943.1,33578.8,33350.4,34514.4
A,PYP_MNAC,P7_S21,CY,,,,,,,,,,,,,,,,,,,,,,,,,,,,,,,,,,5979.6,5330.2,5492.3,5246.3,5211.4,5029.2,5372.7,5436.9,6287.5,6933.0,7200.6,7671.6,7251.7,9707.5,12422.7,13292.1,14667.2,15436.5
A,PYP_MNAC,P7_S21,CZ,,,,,,,,,,,,,,,,,,,,,,,,,,,,,,,,,,,,,1728359.0,1802526.0,1875703.0,2133100.0,2234516.0,2325370.0,2367681.0,2515416.0,2542743.0,2314195.0,2600752.0,2797502.0,3167146.0,3137994.0,3364605.0
A,PYP_MNAC,P7_S21,DE,,,,,,,,,,,,,,,,,,,,,,,,,,,,,,,,,,,,,,505812.0,533176.0,551996.0,559146.0,580771.0,592428.0,658493.0,696053.0,633242.0,677630.0,758766.0,897656.0,870529.0,899589.0
A,PYP_MNAC,P7_S21,DK,,,,,,,,,,,,,,,,,,,,,,,,,,,,,,,379816.2,445905.3,491183.0,503883.6,447419.9,413589.5,467453.3,499426.0,523729.0,536804.0,550448.0,580335.6,577473.0,620201.7,658232.9,662993.6,704301.8,780874.0,982995.7,935122.3,986626.8
A,PYP_MNAC,P7_S21,EE,,,,,,,,,,,,,,,,,,,,,,,,,,,,,,,,,,9090.9,6756.3,7959.3,10759.5,12111.5,12794.6,13138.7,12671.4,13311.6,13658.1,14811.5,15623.8,15470.0,18195.5,20922.1,24132.8,23641.5,24848.5
A,PYP_MNAC,P7_S21,EL,,,,,,,,,,,,,,,,,,,,,,,,,,,,,,,,,,,,,,26808.5,25436.7,27663.7,26372.8,27176.5,29029.9,32434.5,34326.6,33223.5,38522.1,43762.1,50195.8,52262.5,55511.4
A,PYP_MNAC,P7_S21,ES,,,,,,,,,,,,,,,,,,,,,,,,,,,,,,,,,,,,,,141098.0,148178.0,160585.0,172901.0,182057.0,187297.0,198398.0,205907.0,180259.0,196094.0,207380.0,273804.0,268837.0,289263.0
A,PYP_MNAC,P7_S21,FI,,,,,,,,,,,,,,,,,,,,,,,,,,,,,,,,,,44902.0,40070.0,39057.0,43081.0,47838.0,45873.0,45134.0,47812.0,49290.0,49771.0,53988.0,56986.0,55147.0,55411.0,63794.0,73523.0,71408.0,72094.0
A,PYP_MNAC,P7_S21,FR,,,,,,,,,,,,,,,,,,,,,,,,,,,,,,,,,,316469.7,289224.5,299612.8,323889.2,341910.4,356424.4,363989.3,378988.7,390216.9,398494.2,419010.6,427927.0,384163.0,410080.9,463179.7,536742.0,519682.1,521110.1
A,PYP_MNAC,P7_S21,HR,,,,,,,,,,,,,,,,,,,,,,,,,,,,,,,,,,,,,,10621.6,13314.0,14277.9,15882.4,16752.1,17852.2,19250.0,21391.5,18863.3,21540.8,27159.6,32590.1,35642.9,36332.2
A,PYP_MNAC,P7_S21,HU,,,,,,,,,,,,,,,,,,,,,,,,,,,,,,,,,,14127507.0,12209121.0,13857788.0,14849237.0,15407024.0,16864269.0,19423577.0,20558395.0,21670414.0,22887170.0,24505731.0,26416627.0,25747300.0,29042007.0,35165780.0,41411598.0,39927226.0,41835515.0
A,PYP_MNAC,P7_S21,IE,,,,,,,,,,,,,,,,,,,,,,,,,,,,,,,,,,,,,,50537.2,56571.0,59180.1,68407.8,78890.7,83310.0,90981.6,100974.3,79095.5,90366.5,119772.6,126231.3,133426.0,142208.4
A,PYP_MNAC,P7_S21,IT,,,,,,,,,,,,,,,,,,,,,,,,,,,,,,,,,,,204470.7,221483.6,231214.4,223694.4,223369.0,232082.7,244284.3,252569.4,266302.2,279193.5,283969.0,252660.0,298386.0,356324.4,390107.3,390360.3,423984.9
A,PYP_MNAC,P7_S21,LT,,,,,,,,,,,,,,,,,,,,,,,,,,,,,,,6776.1,8805.2,11560.4,11413.9,9076.3,9077.5,11412.0,13596.5,15419.0,15520.3,17539.4,17859.3,18763.6,20481.1,22861.2,23277.1,25629.5,30755.9,40230.8,38714.2,41430.7
A,PYP_MNAC,P7_S21,LU,,,,,,,,,,,,,,,,,,,,,,10807.2,12026.1,14209.6,15421.6,18464.4,21529.5,20804.6,21641.5,23025.3,25168.9,29120.5,31452.3,35503.9,32345.8,32833.8,36370.6,41138.4,44505.2,48527.7,51759.1,56683.6,55932.4,60960.9,66688.2,67248.3,74189.5,84288.5,93237.7,81907.2,87363.4
A,PYP_MNAC,P7_S21,LV,,,,,,,,,,,,,,,,,,,,,,,,,,1909.6,2436.0,2581.7,3023.3,3865.0,4998.1,7000.8,9070.5,8444.1,6125.9,6491.0,8772.9,9765.9,10602.3,11313.5,11151.7,11520.1,11915.7,12939.6,13489.3,13805.6,15289.4,19169.8,22482.7,21730.2,23072.1
A,PYP_MNAC,P7_S21,ME,,,,,,,,,,,,,,,,,,,,,,,,,,,,,,,,,1054.2,1120.5,766.5,691.9,752.8,790.7,818.4,941.2,910.2,1221.7,1243.9,1426.5,1508.7,1123.6,1350.3,1718.8,2206.9,2312.3,2229.4
A,PYP_MNAC,P7_S21,MT,,,,,,,,,,,,,,,,,,,,,,,,,,,1883.9,1930.1,2018.3,2106.9,2267.8,2660.8,2878.7,3082.9,2736.5,3200.3,3457.4,3857.0,3778.3,3993.6,5097.1,5774.7,5985.5,7421.4,8331.8,8026.4,8384.4,9987.1,10672.9,11663.0,12511.6
A,PYP_MNAC,P7_S21,NL,,,,,,,,,,,,,,,,,,,,,,101158.0,110739.0,119409.0,123410.0,126546.0,136274.0,139332.0,138319.0,145668.0,151007.0,166457.0,190745.0,190640.0,184644.0,173960.0,193078.0,208407.0,224827.0,227362.0,255522.0,249813.0,264110.0,290888.0,316316.0,299816.0,304610.0,338658.0,419864.0,413461.0,421667.0
A,PYP_MNAC,P7_S21,PL,,,,,,,,,,,,,,,,,,,,,,,,,,,,,,,,,,383284.0,338457.0,416011.0,440583.0,462258.0,503537.0,545037.0,571710.0,618578.0,666723.0,714485.0,752062.0,753922.0,862899.0,992389.0,1263990.0,1273453.0,1274513.0
A,PYP_MNAC,P7_S21,PT,,,,,,,,,,,,,,,,,,,,,,,,,,,,,,,,,,,46422.9,46688.2,44955.8,43452.8,45147.1,49248.3,51534.7,54246.7,57758.9,62741.1,66106.4,58687.1,65468.9,77370.7,90671.8,94552.4,98244.3
A,PYP_MNAC,P7_S21,RO,,,,,,,,,,,,,,,,,,,,,,,,,,,,,,,,,124265.1,126021.0,119651.3,140677.3,165201.1,174180.0,211048.2,214965.3,234446.4,270947.3,281424.1,318169.7,361507.6,330805.1,370158.0,435968.3,513397.8,540772.0,565521.3
A,PYP_MNAC,P7_S21,RS,,,,,,,,,,,,,,,,,,,,,,,,,,,,,,,,,,,,,,1036920.3,1194697.5,1168543.0,1269487.2,1424147.3,1579473.5,1723342.0,1849751.9,1785774.4,1958644.2,2323428.4,2796083.2,3068944.8,3214614.3
A,PYP_MNAC,P7_S21,SE,,,,,,,,,,,,,,,,,,,,,,,,,,,,,,,,,,,,,,,929461.1,950197.6,1026870.9,1118046.3,1162600.2,1252465.4,1350744.3,1332320.8,1428388.5,1568274.8,1888977.6,2049843.3,2130087.0
A,PYP_MNAC,P7_S21,SI,,,,,,,,,,,,,,,,,,,,,,,,,,,,,,,,,,18949.9,16743.4,16865.3,18734.9,19266.6,19723.2,20267.3,21532.3,22506.1,24219.9,26548.3,28310.7,25443.2,29324.7,33119.3,38773.4,39547.3,39648.7
A,PYP_MNAC,P7_S21,SK,,,,,,,,,,,,,,,,,,,,,6728.4,8191.8,10327.5,11149.5,10534.7,10478.8,14482.5,16460.0,18474.4,21355.6,23047.9,26370.8,29124.9,29580.8,23813.0,25616.5,28515.0,29990.6,34321.0,36089.1,39157.3,41462.6,42720.5,46509.8,51031.0,45798.3,48422.6,48108.8,58541.3,62941.8,56755.5
A,PYP_MNAC,P7_S21,UK,,,,,,,,,,,,,,,,,,,,,,,,,150419.0,157023.0,174068.0,191021.0,185830.0,199129.0,214094.0,243724.0,227804.0,222281.0,219864.0,242917.0,254480.0,275094.0,281927.0,301873.0,309145.0,305486.0,328391.0,358679.0,367129.0,,,,,,
A,PYP_MNAC,P7_S2111,AT,,,,,,,,,,,,,,,,,,,,,,,,,,,,,,,,,,,,,,96000.0,99554.5,100538.0,103601.1,104742.3,110268.0,115695.2,120454.0,107892.9,118054.4,131985.3,146536.7,146638.6,149778.8
A,PYP_MNAC,P7_S2111,BE,,,,,,,,,,,,,,,,,,,,,,,,,83117.2,94670.2,101347.2,103688.3,103307.9,108512.4,118663.8,130124.4,142026.9,156425.2,157603.2,156445.1,173979.7,187074.6,191419.5,201544.1,193490.7,210068.0,221829.4,232890.8,243885.3,229524.3,256462.0,272364.7,307602.5,311953.2,314393.0
A,PYP_MNAC,P7_S2111,BG,,,,,,,,,,,,,,,,,,,,,,,,,,,,,,,,,,,,,,,,12235.3,12955.3,13497.0,13400.6,15162.2,15832.6,14887.6,15500.0,18923.9,23564.3,23089.2,23851.8
A,PYP_MNAC,P7_S2111,CY,,,,,,,,,,,,,,,,,,,,,,,,,,,,,,,,,,5435.9,4875.5,4985.4,4740.4,4715.8,4595.9,4903.7,4864.5,5765.6,6240.2,6305.8,6695.5,6310.5,8341.7,10600.7,11421.8,12659.3,13323.5
A,PYP_MNAC,P7_S2111,CZ,,,,,,,,,,,,,,,,,,,,,,,,,,,,,,,,,,,,,1392185.0,1461055.0,1498541.0,1694625.0,1762543.0,1837297.0,1867192.0,1934229.0,1957833.0,1794748.0,1996168.0,2146274.0,2411574.0,2416998.0,2589394.0
A,PYP_MNAC,P7_S2111,DE,,,,,,,,,,,,,,,,,,,,,,,,,,,,,,,,,,,,,,384266.0,403944.0,411467.0,411266.0,420961.0,426954.0,470389.0,500955.0,445411.0,473051.0,537635.0,636878.0,613051.0,632431.0
A,PYP_MNAC,P7_S2111,DK,,,,,,,,,,,,,,,,,,,,,,,,,,,,,,,280189.7,328663.3,360291.0,368391.4,327233.1,296527.1,335451.1,360729.0,379345.0,386467.0,398934.2,417349.5,414109.0,449839.8,477356.3,477980.9,506440.7,557437.9,707469.1,677634.8,714199.6
A,PYP_MNAC,P7_S2111,EE,,,,,,,,,,,,,,,,,,,,,,,,,,,,,,,,,,4733.6,3343.4,3899.7,5020.8,5873.5,7843.5,8141.2,8959.2,9420.7,9680.3,10514.2,11086.7,11953.6,14175.5,16361.0,18484.0,17937.2,18979.0
A,PYP_MNAC,P7_S2111,EL,,,,,,,,,,,,,,,,,,,,,,,,,,,,,,,,,,,,,,22480.5,21109.7,22898.6,21551.5,21866.8,23298.8,26104.3,27886.1,27295.8,31001.1,34508.1,40756.1,42511.9,45205.4
A,PYP_MNAC,P7_S2111,ES,,,,,,,,,,,,,,,,,,,,,,,,,,,,,,,,,,,,,,126641.0,131995.0,142222.0,152275.0,159589.0,164610.0,174402.0,180270.0,156836.0,171883.0,180646.0,237737.0,234340.0,252684.0
A,PYP_MNAC,P7_S2111,FI,,,,,,,,,,,,,,,,,,,,,,,,,,,,,,,,,,29698.0,26005.0,24866.0,27133.0,29997.0,28775.0,28500.0,30898.0,32237.0,32167.0,34868.0,36855.0,35617.0,35264.0,40208.0,47438.0,46197.0,46029.0
A,PYP_MNAC,P7_S2111,FR,,,,,,,,,,,,,,,,,,,,,,,,,,,,,,,,,,285368.3,260665.4,266033.3,288925.2,307648.2,320077.9,326039.1,339468.4,348501.5,354489.4,372083.0,378526.2,339351.2,360408.3,409205.9,475337.3,456379.7,457190.4
A,PYP_MNAC,P7_S2111,HR,,,,,,,,,,,,,,,,,,,,,,,,,,,,,,,,,,,,,,8866.5,10834.8,11690.6,12808.7,13513.9,14182.8,15186.0,16824.6,14758.8,16699.2,21205.4,25806.3,28013.5,28846.8
A,PYP_MNAC,P7_S2111,HU,,,,,,,,,,,,,,,,,,,,,,,,,,,,,,,,,,11658718.0,9967557.0,11292665.0,12084696.0,12661757.0,13557775.0,15540048.0,16355783.0,17348748.0,18473999.0,19532234.0,21019060.0,20288092.0,23822238.0,28749285.0,32655721.0,31464300.0,32897773.0
A,PYP_MNAC,P7_S2111,IE,,,,,,,,,,,,,,,,,,,,,,,,,,,,,,,,,,,,,,48230.2,53457.4,56022.9,64415.1,74553.6,78750.1,85513.3,94445.1,71829.6,82349.0,109910.2,115057.5,120392.1,127927.9
A,PYP_MNAC,P7_S2111,IT,,,,,,,,,,,,,,,,,,,,,,,,,,,,,,,,,,,177052.3,192961.2,200727.1,194884.5,194658.3,199907.8,209055.1,216079.3,226866.2,237319.3,240581.3,214098.0,252029.7,302319.6,330063.4,330231.7,351303.5
A,PYP_MNAC,P7_S2111,LT,,,,,,,,,,,,,,,,,,,,,,,,,,,,,,,4819.2,6231.0,8041.4,7791.1,6255.4,6343.5,7996.3,9223.6,10537.5,10608.0,12075.8,12129.4,12794.6,13843.9,15491.5,15712.6,17700.0,20377.1,27658.3,25981.3,28430.5
A,PYP_MNAC,P7_S2111,LU,,,,,,,,,,,,,,,,,,,,,,10540.8,11691.0,13765.1,14892.3,17842.9,20670.9,20165.2,21007.4,22303.7,24354.9,28095.5,30221.3,33831.5,31081.2,31491.4,34772.6,39169.9,42263.8,45982.7,48679.7,53084.4,51995.3,56543.6,62098.0,62199.2,68182.6,78307.8,86761.6,76259.4,81339.4
A,PYP_MNAC,P7_S2111,LV,,,,,,,,,,,,,,,,,,,,,,,,,,1476.9,1909.8,2025.0,2348.5,2983.1,3873.0,5384.8,7074.8,6563.1,4745.2,5088.6,6878.3,7669.1,8242.4,8683.2,8525.8,8745.8,9266.4,10018.4,10430.0,10511.0,11732.8,14833.8,17549.8,16849.9,17904.3
A,PYP_MNAC,P7_S2111,ME,,,,,,,,,,,,,,,,,,,,,,,,,,,,,,,,,863.5,941.7,645.0,598.7,636.8,672.1,675.7,689.6,652.4,904.6,895.4,1019.1,1070.3,785.9,995.2,1466.4,1872.0,1977.9,1885.4
A,PYP_MNAC,P7_S2111,MT,,,,,,,,,,,,,,,,,,,,,,,,,,,1743.9,1784.9,1866.7,1945.3,2086.8,2450.4,2640.0,2816.9,2489.0,2918.8,3146.7,3502.5,3410.1,3590.0,4559.6,5136.3,5258.7,6489.8,7384.6,6949.3,6751.4,8546.7,9119.4,9735.9,10524.0
A,PYP_MNAC,P7_S2111,NL,,,,,,,,,,,,,,,,,,,,,,94312.0,101775.0,110199.0,113717.0,113262.0,123578.0,128898.0,129352.0,133653.0,137776.0,151490.0,168053.0,166283.0,158259.0,148622.0,163938.0,174847.0,187268.0,192140.0,219672.0,214684.0,224371.0,245564.0,266275.0,254747.0,258841.0,286978.0,356692.0,351191.0,357429.0
A,PYP_MNAC,P7_S2111,PL,,,,,,,,,,,,,,,,,,,,,,,,,,,,,,,,,,327016.0,289180.0,352894.0,371855.0,388877.0,423511.0,458228.0,481264.0,520084.0,561194.0,600503.0,631548.0,635748.0,728522.0,831554.0,1048447.0,1044511.0,1048351.0
A,PYP_MNAC,P7_S2111,PT,,,,,,,,,,,,,,,,,,,,,,,,,,,,,,,,,,,44018.8,44272.1,42539.9,40999.8,42571.1,46491.5,48579.1,50996.3,54469.8,59016.9,61970.6,54648.2,60745.7,71968.2,84287.1,88094.7,91411.8
A,PYP_MNAC,P7_S2111,RO,,,,,,,,,,,,,,,,,,,,,,,,,,,,,,,,,91678.4,90849.1,83886.9,98262.3,114796.8,120969.5,149067.6,150119.0,166492.6,193337.3,198927.3,224304.7,247325.2,239492.0,267008.9,303998.5,374210.5,391505.2,406524.8
A,PYP_MNAC,P7_S2111,RS,,,,,,,,,,,,,,,,,,,,,,,,,,,,,,,,,,,,,,699943.4,812893.6,803372.9,887811.4,1009539.9,1123308.1,1233332.7,1296403.2,1246664.0,1412019.2,1649841.5,1952610.4,2155393.9,2246022.2
A,PYP_MNAC,P7_S2111,SE,,,,,,,,,,,,,,,,,,,,,,,,,,,,,,,,,,,,,,,725937.7,744963.8,800771.4,872383.0,908924.5,975299.4,1059264.4,1049899.5,1126536.4,1241283.0,1494243.9,1614097.5,1681148.8
A,PYP_MNAC,P7_S2111,SI,,,,,,,,,,,,,,,,,,,,,,,,,,,,,,,,,,15521.9,14556.5,14554.0,16085.9,16544.4,16802.0,17152.8,18157.2,19023.1,20443.9,22352.7,23781.2,21154.9,24459.5,27458.4,32261.9,33105.2,32939.1
A,PYP_MNAC,P7_S2111,SK,,,,,,,,,,,,,,,,,,,,,3238.8,4366.3,6142.0,7306.9,7137.7,7153.7,9790.4,11108.8,12527.7,14079.9,14673.3,16390.9,17935.1,18279.1,14054.7,15235.3,16911.8,18158.7,19461.2,20345.3,22120.3,24344.0,25007.9,27139.0,27429.1,26933.5,29312.9,27013.7,32010.0,34509.4,31020.1
A,PYP_MNAC,P7_S2111,UK,,,,,,,,,,,,,,,,,,,,,,,,,138879.0,144373.0,160012.0,175946.0,170088.0,180994.0,191856.0,215480.0,203354.0,196156.0,192993.0,210925.0,218368.0,235861.0,244657.0,263277.0,269790.0,267267.0,285246.0,308982.0,314661.0,,,,,,
A,PYP_MNAC,P7_S2112,AT,,,,,,,,,,,,,,,,,,,,,,,,,,,,,,,,,,,,,,18593.5,21006.1,27394.9,22219.4,25226.1,24801.7,25882.7,27627.4,25794.5,28782.8,32526.4,35827.6,35236.9,35158.4
A,PYP_MNAC,P7_S2112,BE,,,,,,,,,,,,,,,,,,,,,,,,,3746.4,4191.3,4425.1,4541.6,4590.2,4889.1,5408.3,5982.2,6355.4,11121.8,12592.2,13997.5,16364.6,17314.7,17431.9,19403.7,20204.4,20965.2,22626.9,23131.2,26450.8,24791.2,27725.3,29349.7,35341.4,34723.3,35710.1
A,PYP_MNAC,P7_S2112,BG,,,,,,,,,,,,,,,,,,,,,,,,,,,,,,,,,,,,,,,,4723.6,5090.1,5488.9,5470.1,6006.7,6560.8,6603.3,6756.8,8019.1,10014.5,10261.2,10662.6
A,PYP_MNAC,P7_S2112,CY,,,,,,,,,,,,,,,,,,,,,,,,,,,,,,,,,,543.7,454.7,506.9,505.9,495.6,433.2,469.1,572.4,521.9,692.8,894.7,976.1,941.2,1365.8,1822.0,1870.3,2007.9,2113.0
A,PYP_MNAC,P7_S2112,CZ,,,,,,,,,,,,,,,,,,,,,,,,,,,,,,,,,,,,,336174.0,341471.0,377162.0,438475.0,471973.0,488073.0,500489.0,581187.0,584910.0,519447.0,604584.0,651228.0,755572.0,720996.0,775211.0
A,PYP_MNAC,P7_S2112,DE,,,,,,,,,,,,,,,,,,,,,,,,,,,,,,,,,,,,,,121546.0,129232.0,140529.0,147880.0,159810.0,165474.0,188104.0,195098.0,187831.0,204579.0,221131.0,260778.0,257478.0,267158.0
A,PYP_MNAC,P7_S2112,DK,,,,,,,,,,,,,,,,,,,,,,,,,,,,,,,99626.5,117242.1,130892.0,135492.2,120186.8,117062.4,132002.2,138696.9,144384.1,150337.0,151513.8,162986.1,163364.0,170361.8,180876.6,185012.8,197861.0,223436.1,275526.6,257487.5,272427.2
A,PYP_MNAC,P7_S2112,EE,,,,,,,,,,,,,,,,,,,,,,,,,,,,,,,,,,4357.2,3412.8,4059.7,5738.8,6238.0,4951.1,4997.5,3712.2,3890.8,3977.8,4297.4,4537.1,3516.4,4020.0,4561.1,5648.8,5704.4,5869.5
A,PYP_MNAC,P7_S2112,EL,,,,,,,,,,,,,,,,,,,,,,,,,,,,,,,,,,,,,,4328.0,4327.1,4765.1,4821.3,5309.6,5731.1,6330.2,6440.4,5927.7,7521.0,9254.0,9439.7,9750.6,10306.0
A,PYP_MNAC,P7_S2112,ES,,,,,,,,,,,,,,,,,,,,,,,,,,,,,,,,,,,,,,14457.0,16183.0,18363.0,20626.0,22468.0,22687.0,23996.0,25637.0,23423.0,24211.0,26734.0,36067.0,34497.0,36579.0
A,PYP_MNAC,P7_S2112,FI,,,,,,,,,,,,,,,,,,,,,,,,,,,,,,,,,,15204.0,14065.0,14192.0,15948.0,17842.0,17097.0,16634.0,16914.0,17054.0,17603.0,19120.0,20131.0,19530.0,20147.0,23586.0,26085.0,25211.0,26065.0
A,PYP_MNAC,P7_S2112,FR,,,,,,,,,,,,,,,,,,,,,,,,,,,,,,,,,,31101.4,28559.1,33579.5,34964.0,34262.2,36346.5,37950.2,39520.3,41715.4,44004.8,46927.6,49400.8,44811.8,49672.6,53973.8,61404.7,63302.4,63919.7
A,PYP_MNAC,P7_S2112,HR,,,,,,,,,,,,,,,,,,,,,,,,,,,,,,,,,,,,,,1755.1,2479.2,2587.3,3073.7,3238.2,3669.4,4064.0,4567.0,4104.5,4841.7,5954.2,6783.8,7629.4,7485.3
A,PYP_MNAC,P7_S2112,HU,,,,,,,,,,,,,,,,,,,,,,,,,,,,,,,,,,2468789.0,2241564.0,2565123.0,2764541.0,2745267.0,3306494.0,3883529.0,4202612.0,4321666.0,4413171.0,4973497.0,5397567.0,5459208.0,5219769.0,6416495.0,8755877.0,8462926.0,8937742.0
A,PYP_MNAC,P7_S2112,IE,,,,,,,,,,,,,,,,,,,,,,,,,,,,,,,,,,,,,,2307.0,3113.6,3157.1,3992.7,4337.1,4559.9,5468.3,6529.2,7265.9,8017.5,9862.4,11173.8,13033.9,14280.5
A,PYP_MNAC,P7_S2112,IT,,,,,,,,,,,,,,,,,,,,,,,,,,,,,,,,,,,27418.4,28522.5,30487.4,28809.9,28710.7,32174.9,35229.3,36490.1,39435.9,41874.1,43387.7,38562.0,46356.3,54004.8,60043.9,60128.6,72681.3
A,PYP_MNAC,P7_S2112,LT,,,,,,,,,,,,,,,,,,,,,,,,,,,,,,,1956.9,2574.2,3519.0,3622.8,2820.9,2734.0,3415.7,4372.9,4881.5,4912.4,5463.6,5729.8,5969.0,6637.2,7369.6,7564.5,7929.4,10378.8,12572.5,12732.9,13000.2
A,PYP_MNAC,P7_S2112,LU,,,,,,,,,,,,,,,,,,,,,,266.4,335.0,444.5,529.3,621.6,858.6,639.4,634.1,721.5,814.0,1025.0,1231.0,1672.4,1264.6,1342.3,1598.0,1968.5,2241.4,2545.1,3079.4,3599.2,3937.1,4417.3,4590.2,5049.1,6006.9,5980.7,6476.0,5647.8,6024.0
A,PYP_MNAC,P7_S2112,LV,,,,,,,,,,,,,,,,,,,,,,,,,,432.7,526.2,556.7,674.8,881.9,1125.1,1616.0,1995.6,1881.0,1380.6,1402.4,1894.7,2096.8,2359.9,2630.4,2625.8,2774.4,2649.3,2921.1,3059.3,3294.7,3556.6,4336.0,4932.9,4880.3,5167.8
A,PYP_MNAC,P7_S2112,ME,,,,,,,,,,,,,,,,,,,,,,,,,,,,,,,,,190.7,178.8,121.5,93.3,116.1,118.6,142.7,251.6,257.8,317.2,348.5,407.4,438.4,337.7,355.1,252.4,334.9,334.4,344.0
A,PYP_MNAC,P7_S2112,MT,,,,,,,,,,,,,,,,,,,,,,,,,,,140.0,145.2,151.6,161.6,181.0,210.3,238.7,266.0,247.5,281.5,310.7,354.5,368.2,403.6,537.4,638.4,726.8,931.7,947.2,1077.0,1633.0,1440.4,1553.5,1927.1,1987.5
A,PYP_MNAC,P7_S2112,NL,,,,,,,,,,,,,,,,,,,,,,6846.0,8964.0,9210.0,9693.0,13284.0,12696.0,10434.0,8967.0,12015.0,13231.0,14967.0,22692.0,24357.0,26385.0,25338.0,29140.0,33560.0,37559.0,35222.0,35850.0,35129.0,39739.0,45324.0,50041.0,45069.0,45769.0,51680.0,63172.0,62270.0,64238.0
A,PYP_MNAC,P7_S2112,PL,,,,,,,,,,,,,,,,,,,,,,,,,,,,,,,,,,56268.0,49277.0,63117.0,68728.0,73381.0,80026.0,86809.0,90446.0,98494.0,105529.0,113982.0,120514.0,118174.0,134377.0,160835.0,215543.0,228942.0,226162.0
A,PYP_MNAC,P7_S2112,PT,,,,,,,,,,,,,,,,,,,,,,,,,,,,,,,,,,,2404.1,2416.1,2415.9,2452.9,2576.0,2756.8,2955.6,3250.4,3289.1,3724.2,4135.8,4038.9,4723.2,5402.5,6384.7,6457.8,6832.5
A,PYP_MNAC,P7_S2112,RO,,,,,,,,,,,,,,,,,,,,,,,,,,,,,,,,,32586.7,35171.9,35764.4,42415.0,50404.3,53210.5,61980.5,64846.3,67953.8,77610.0,82496.8,93865.0,114182.4,91313.1,103149.1,131969.8,139187.3,149266.8,158996.5
A,PYP_MNAC,P7_S2112,RS,,,,,,,,,,,,,,,,,,,,,,,,,,,,,,,,,,,,,,336976.9,381803.9,365170.1,381675.8,414607.4,456165.4,490009.3,553348.7,539110.4,546625.1,673586.9,843472.7,913550.8,968592.2
A,PYP_MNAC,P7_S2112,SE,,,,,,,,,,,,,,,,,,,,,,,,,,,,,,,,,,,,,,,203523.4,205233.7,226099.5,245663.2,253675.6,277166.0,291479.9,282421.3,301852.1,326991.8,394733.7,435745.9,448938.2
A,PYP_MNAC,P7_S2112,SI,,,,,,,,,,,,,,,,,,,,,,,,,,,,,,,,,,3428.1,2186.9,2311.3,2649.0,2722.1,2921.2,3114.5,3375.1,3483.0,3775.9,4195.6,4529.5,4288.3,4865.2,5661.0,6511.4,6442.0,6709.7
A,PYP_MNAC,P7_S2112,SK,,,,,,,,,,,,,,,,,,,,,3489.6,3825.5,4185.5,3842.5,3397.0,3325.1,4692.2,5351.2,5946.7,7275.7,8374.5,9979.9,11189.8,11301.7,9758.3,10381.3,11603.2,11831.9,14859.8,15743.9,17037.1,17118.6,17712.6,19370.8,23602.0,18864.7,19109.7,21095.1,26531.3,28432.4,25735.5
A,PYP_MNAC,P7_S2112,UK,,,,,,,,,,,,,,,,,,,,,,,,,11540.0,12650.0,14056.0,15075.0,15742.0,18135.0,22238.0,28244.0,24450.0,26125.0,26871.0,31992.0,36112.0,39233.0,37270.0,38596.0,39355.0,38219.0,43145.0,49697.0,52468.0,,,,,,
A,PYP_MNAC,P7_S212,BE,,,,,,,,,,,,,,,,,,,,,,49.2,5.7,4.3,79.5,48.6,65.5,70.1,27.7,79.7,22.6,26.3,86.6,127.3,137.2,143.9,159.3,108.3,182.8,210.2,245.6,263.9,254.3,244.3,261.9,240.1,229.8,327.0,325.4,355.6,
A,PYP_MNAC,P7_S212,CY,,,,,,,,,,,,,,,,,,,,,,,,,,,,,,,,,,0.0,-0.1,4.7,-2.0,-2.1,-11.1,-6.4,-15.7,-16.0,-9.2,-8.1,3.6,8.0,4.8,12.0,-4.9,-10.9,-11.5
A,PYP_MNAC,P7_S212,EE,,,,,,,,,,,,,,,,,,,,,,,,,,,,,,,,,,0.0,0.7,0.0,0.2,5.4,9.4,13.1,13.8,14.0,8.3,5.6,4.5,6.4,6.4,4.0,6.4,8.9,9.4
A,PYP_MNAC,P7_S212,FI,,,,,,,,,,,,,,,,,,,,,,,,,,,,,,,,,,,,,,,21.0,23.0,46.0,3.0,30.0,24.0,49.0,44.0,28.0,13.0,0.0,17.0,51.0
A,PYP_MNAC,P7_S212,IT,,,,,,,,,,,,,,,,,,,,,,,,,,,,,,,,,,,2.0,4.9,1.0,4.8,187.9,256.2,123.1,77.4,58.8,90.9,83.2,77.9,80.2,68.0,100.5,111.4,127.8
A,PYP_MNAC,P7_S212,LT,,,,,,,,,,,,,,,,,,,,,,,,,,,,,,,18.5,20.6,31.8,26.6,61.8,52.9,51.4,76.8,71.8,71.3,42.7,52.7,46.6,51.3,40.3,40.6,32.0,30.5,24.3,28.1,24.4
A,PYP_MNAC,P7_S212,LU,,,,,,,,,,,,,,,,,,,,,,2.0,7.3,4.0,24.9,33.3,34.6,14.3,2.8,3.6,3.1,3.3,3.7,5.9,6.9,5.6,13.2,8.6,9.1,10.6,14.1,22.4,16.4,18.1,14.4,16.8,15.4,15.3,8.1,5.6,5.9
A,PYP_MNAC,P7_S212,LV,,,,,,,,,,,,,,,,,,,,,,,,,,0.0,0.0,0.0,0.0,0.0,0.0,0.0,0.0,0.0,1.5,1.2,1.1,1.2,2.1,23.6,23.9,21.0,19.2,19.4,19.0,14.8,11.8,11.6,6.9,1.7,5.6
A,PYP_MNAC,P7_S212,ME,,,,,,,,,,,,,,,,,,,,,,,,,,,,,,,,,0.0,0.0,0.0,0.0,0.0,0.0,0.0,0.0,0.0,0.0,0.0,0.0,0.1,0.2,0.1,0.4,0.0,0.0,0.0
A,PYP_MNAC,P7_S212,NL,,,,,,,,,,,,,,,,,,,,,,4.0,4.0,4.0,4.0,4.0,4.0,4.0,4.0,4.0,4.0,4.0,4.0,4.0,4.0,4.0,4.0,4.0,4.0,4.0,4.0,4.0,4.0,4.0,4.0,4.0,4.0,4.0,4.0,4.0,4.0
A,PYP_MNAC,P7_S212,RO,,,,,,,,,,,,,,,,,,,,,,,,,,,,,,,,,0.0,0.9,4.6,82.8,120.7,202.8,316.6,136.8,107.7,67.9,92.4,443.4,329.5,389.7,314.5,55.0,26.6,134.9,744.9
A,PYP_MNAC,P7_S212,SE,,,,,,,,,,,,,,,,,,,,0.0,0.0,0.0,0.0,0.0,0.0,0.0,0.0,0.0,0.0,0.0,0.0,0.0,0.0,0.0,18.9,12.3,3.8,0.0,30.1,15.9,14.8,11.4,30.3,21.8,27.7,94.4,71.8,65.7,222.2,68.8,116.4
A,PYP_MNAC,P7_S212,SI,,,,,,,,,,,,,,,,,,,,,,,,,,,,,,,,,,3.8,12.1,10.2,10.1,9.1,10.8,16.4,17.5,20.5,22.1,18.9,12.2,9.2,9.7,4.0,1.0,3.0,-1.7
A,PYP_MNAC,P7_S22,AT,,,,,,,,,,,,,,,,,,,,,,,,,,,,,,,,,,,,,,45525.2,43785.1,41101.4,47433.7,46461.4,48034.0,56192.3,58537.9,53494.7,62766.2,74744.7,84794.2,81906.5,82171.0
A,PYP_MNAC,P7_S22,BE,,,,,,,,,,,,,,,,,,,,,,50821.9,54653.8,58191.5,58704.9,67107.6,71528.2,73322.1,73014.3,76957.2,84457.1,92881.5,101406.0,97000.6,82000.2,83225.4,95101.5,98572.1,102678.3,106294.3,120399.7,114658.0,114172.3,122697.0,125077.3,114620.4,122661.9,157821.8,158698.9,147472.5,143045.0
A,PYP_MNAC,P7_S22,BG,,,,,,,,,,,,,,,,,,,,,,,,,,,,,,,,,,,,,,,,11848.8,11557.6,11292.9,11964.0,13563.0,14928.3,14241.9,14681.8,21908.3,22466.3,23525.3,25227.2
A,PYP_MNAC,P7_S22,CY,,,,,,,,,,,,,,,,,,,,,,,,,,,,,,,,,,5499.0,4785.5,5695.4,5856.1,5727.6,5589.2,6215.0,6822.8,7008.3,7959.2,8518.0,9790.1,10810.9,11971.1,16297.7,17018.8,17455.4,18364.3
A,PYP_MNAC,P7_S22,CZ,,,,,,,,,,,,,,,,,,,,,,,,,,,,,,,,,,,,,934171.0,992730.0,1024440.0,1074004.0,1267457.0,1205648.0,1249430.0,1313589.0,1313818.0,1245803.0,1442314.0,1668584.0,1820077.0,1751239.0,1933230.0
A,PYP_MNAC,P7_S22,DE,,,,,,,,,,,,,,,,,,,,,,,,,,,,,,,,,,,,,,500580.0,510920.0,512894.0,545947.0,545605.0,551177.0,575487.0,605456.0,560300.0,598024.0,722565.0,799984.0,765617.0,789088.0
A,PYP_MNAC,P7_S22,DK,,,,,,,,,,,,,,,,,,,,,,,,,,,,,,,265332.6,315463.7,342335.9,382662.4,355169.2,329304.6,390537.6,411816.6,422742.2,443990.1,446475.4,463793.9,468474.2,510893.3,540114.3,508353.1,554727.9,656337.7,793943.9,815956.8,785607.6
A,PYP_MNAC,P7_S22,EE,,,,,,,,,,,,,,,,,,,,,,,,,,,,,,,,,,1896.9,1350.4,1619.7,2107.7,2667.1,2724.9,2818.2,2747.4,2838.1,2942.2,3399.2,3723.1,4149.1,5634.3,5795.5,5562.2,5930.9,6699.6
A,PYP_MNAC,P7_S22,EL,,,,,,,,,,,,,,,,,,,,,,,,,,,,,,,,,,,,,,32776.2,34463.3,34423.9,38231.7,32078.8,31678.0,36888.8,41084.5,37212.9,37862.1,54023.2,71770.6,62224.3,55873.7
A,PYP_MNAC,P7_S22,ES,,,,,,,,,,,,,,,,,,,,,,,,,,,,,,,,,,,,,,151888.0,154041.0,156138.0,156619.0,155867.0,167498.0,181659.0,188788.0,156864.0,179984.0,228754.0,259775.0,255119.0,267893.0
A,PYP_MNAC,P7_S22,FI,,,,,,,,,,,,,,,,,,,,,,,,,,,,,,,,,,33931.0,26499.0,26711.0,30953.0,31611.0,35375.0,33990.0,31709.0,31061.0,32130.0,35839.0,37966.0,34300.0,35566.0,44564.0,46177.0,44387.0,44543.0
A,PYP_MNAC,P7_S22,FR,,,,,,,,,,,,,,,,,,,,,,,,,,,,,,,,,,258390.5,254117.6,253690.9,283901.9,300851.0,315228.1,326389.3,337947.9,336690.3,343872.0,363132.2,385622.8,331754.4,349943.7,425706.9,504736.1,490305.9,506746.5
A,PYP_MNAC,P7_S22,HR,,,,,,,,,,,,,,,,,,,,,,,,,,,,,,,,,,,,,,6904.8,5331.7,5041.0,5101.8,5387.4,5645.6,6567.1,6443.0,5642.2,7182.4,11705.3,10102.0,11313.2,12028.3
A,PYP_MNAC,P7_S22,HU,,,,,,,,,,,,,,,,,,,,,,,,,,,,,,,,,,7061174.0,6307759.0,6760226.0,7011172.0,6836628.0,7258225.0,7185393.0,7654131.0,7229738.0,7765682.0,8860557.0,10951034.0,10696032.0,11142357.0,13963999.0,19225377.0,17353587.0,17327079.0
A,PYP_MNAC,P7_S22,IE,,,,,,,,,,,,,,,,,,,,,,,,,,,,,,,,,,,,,,93226.4,109337.0,129110.5,187354.1,231467.1,234521.6,225623.7,352910.0,381662.1,321921.7,368142.7,396775.0,422226.7,466115.0
A,PYP_MNAC,P7_S22,IT,,,,,,,,,,,,,,,,,,,,,,,,,,,,,,,,,,,186644.5,184112.7,202140.7,201115.1,204030.4,202269.8,205018.0,201901.1,196128.8,213734.9,216309.4,185397.5,189850.9,249539.6,333700.7,283472.9,266543.4
A,PYP_MNAC,P7_S22,LT,,,,,,,,,,,,,,,,,,,,,,,,,,,,,,,5396.3,6147.6,6350.6,9402.2,7055.0,7747.0,9703.2,11292.1,12019.9,11046.6,10640.6,9249.9,10150.4,11456.5,12565.7,10428.6,12325.9,17392.0,16558.2,16144.9,17234.1
A,PYP_MNAC,P7_S22,LU,,,,,,,,,,,,,,,,,,,,,,3169.2,4283.6,5314.9,6916.8,7949.7,9108.4,8498.4,7994.9,9058.2,11184.6,14854.0,16967.1,17539.4,15208.7,18746.5,22906.9,21657.4,24973.4,28070.8,30715.8,32799.2,33171.1,35956.9,39798.4,44245.3,50982.6,51757.4,53764.9,49476.7,52772.6
A,PYP_MNAC,P7_S22,LV,,,,,,,,,,,,,,,,,,,,,,,,,,980.3,1116.2,1129.4,1362.0,1742.6,2040.2,2525.9,3125.8,3107.4,2674.6,2976.4,3498.2,3898.7,4021.2,3861.2,4150.7,4259.6,4414.8,4924.0,4998.8,4540.7,5311.8,5663.8,5751.8,5339.5,5484.5
A,PYP_MNAC,P7_S22,ME,,,,,,,,,,,,,,,,,,,,,,,,,,,,,,,,,1361.8,1585.8,1314.2,1186.7,1198.2,1268.4,1280.4,1161.7,1261.0,1395.9,1460.4,1602.7,1687.9,1398.2,1613.0,2080.7,2559.4,2739.0,2958.1
A,PYP_MNAC,P7_S22,MT,,,,,,,,,,,,,,,,,,,,,,,,,,,1584.9,1621.5,1694.7,1777.9,1929.6,2256.4,2466.6,2657.4,2382.1,2765.9,3025.3,3335.5,3395.3,3458.5,4871.9,4965.2,5897.2,6646.8,7509.0,8356.5,8279.2,10090.2,9836.9,10657.2,11458.4
A,PYP_MNAC,P7_S22,NL,,,,,,,,,,,,,,,,,,,,,,73350.0,83937.0,94976.0,105361.0,126229.0,138192.0,132486.0,132178.0,139714.0,153721.0,170824.0,183087.0,187205.0,178689.0,191703.0,215966.0,241015.0,248007.0,258887.0,295298.0,271878.0,278851.0,299096.0,310113.0,299585.0,312896.0,374979.0,417227.0,401580.0,399133.0
A,PYP_MNAC,P7_S22,PL,,,,,,,,,,,,,,,,,,,,,,,,,,,,,,,,,,166460.0,144976.0,183067.0,202548.0,229006.0,236140.0,253524.0,255673.0,260538.0,295707.0,335096.0,360976.0,351285.0,424003.0,537908.0,589178.0,586939.0,584693.0
A,PYP_MNAC,P7_S22,PT,,,,,,,,,,,,,,,,,,,,,,,,,,,,,,,,,,,19731.2,17998.9,18596.6,20255.3,22315.0,21754.9,23396.5,21154.7,21103.8,23128.4,26626.2,23042.7,23128.8,29400.9,38834.2,35598.1,34315.0
A,PYP_MNAC,P7_S22,RO,,,,,,,,,,,,,,,,,,,,,,,,,,,,,,,,,54505.1,57616.0,47159.2,54118.8,61933.7,62022.8,65382.6,67943.4,69658.4,79390.8,83069.4,97360.0,108339.5,116973.6,134219.0,164953.7,174365.9,189656.3,201331.7
A,PYP_MNAC,P7_S22,RS,,,,,,,,,,,,,,,,,,,,,,,,,,,,,,,,,,,,,,642080.0,831760.1,912704.1,960123.9,972608.9,1075715.3,1282430.2,1455012.1,1405201.9,1719027.4,2255873.3,2439129.7,2589424.5,2907793.2
A,PYP_MNAC,P7_S22,SE,,,,,,,,,,,,,,,,,,,,,,,,,,,,,,,,,,,,,,,590824.9,626348.4,665697.1,690242.7,695288.8,756664.6,816014.7,759611.2,855765.5,1026935.2,1163664.4,1249627.7,1302470.0
A,PYP_MNAC,P7_S22,SI,,,,,,,,,,,,,,,,,,,,,,,,,,,,,,,,,,6323.9,4434.1,4793.7,5408.8,5503.1,5916.4,6040.8,5862.1,6042.3,6690.7,7604.3,8351.1,7682.0,8812.3,11272.5,11365.2,11699.1,11805.6
A,PYP_MNAC,P7_S22,SK,,,,,,,,,,,,,,,,,,,,,3323.7,4390.3,4784.6,4233.2,4008.0,5061.3,6436.6,6943.7,7112.1,10579.7,14583.8,19169.8,22593.6,25162.1,22001.2,26073.1,28965.7,31907.2,32316.1,32297.3,32967.7,33171.2,33901.6,36201.2,35649.0,34205.2,39232.4,48670.9,48039.3,51004.6,59014.7
A,PYP_MNAC,P7_S22,UK,,,,,,,,,,,,,,,,,,,,,,,,,114956.0,131577.0,139823.0,138174.0,139776.0,149970.0,157178.0,178885.0,191092.0,191445.0,207457.0,225054.0,238258.0,260901.0,269027.0,273571.0,275107.0,267923.0,286840.0,311830.0,338743.0,,,,,,
